{"type":"Topology","objects":{"data":{"geometries":[{"properties":{"GEOID":"10001-11-05","precinct":"Precinct 10001-11-05","total_population":3920,"latino_percentage":60.470147235964504,"black_percentage":19.080333264277343,"other_percentage":20.449519499758154},"type":"Polygon","arcs":[[-27,-26,-21,-10,0,-821,1,-819,2,-817,3,-815,4,-813,5,-811,6,-809,7,-807,8]],"id":0},{"properties":{"GEOID":"10001-11-06","precinct":"Precinct 10001-11-06","total_population":2856,"latino_percentage":35.956233373528406,"black_percentage":23.295082096203117,"other_percentage":40.74868453026848},"type":"Polygon","arcs":[[9,-23,-12,-13,-17,-153,-15,10]],"id":1},{"properties":{"GEOID":"10001-11-07","precinct":"Precinct 10001-11-07","total_population":4359,"latino_percentage":47.80115265581385,"black_percentage":0.7800615939543812,"other_percentage":51.41878575023177},"type":"Polygon","arcs":[[-22,-24,-125,-14,11]],"id":2},{"properties":{"GEOID":"10001-11-08","precinct":"Precinct 10001-11-08","total_population":1061,"latino_percentage":17.044324472325208,"black_percentage":74.79324435756689,"other_percentage":8.162431170107908},"type":"Polygon","arcs":[[-18,12,13,-124,-140,-19]],"id":3},{"properties":{"GEOID":"10001-11-09","precinct":"Precinct 10001-11-09","total_population":1289,"latino_percentage":65.30248783728527,"black_percentage":22.6622284531925,"other_percentage":12.03528370952223},"type":"Polygon","arcs":[[14,-152,15]],"id":4},{"properties":{"GEOID":"10001-11-10","precinct":"Precinct 10001-11-10","total_population":1694,"latino_percentage":8.929170169442227,"black_percentage":89.50190121416176,"other_percentage":1.5689286163960077},"type":"Polygon","arcs":[[16,17,-20,-146,-149]],"id":5},{"properties":{"GEOID":"10001-11-11","precinct":"Precinct 10001-11-11","total_population":1994,"latino_percentage":41.056387536549686,"black_percentage":21.72665686128195,"other_percentage":37.21695560216837},"type":"Polygon","arcs":[[18,-139,-143,19]],"id":6},{"properties":{"GEOID":"10001-11-12","precinct":"Precinct 10001-11-12","total_population":4210,"latino_percentage":57.36879450250893,"black_percentage":24.95397417173616,"other_percentage":17.677231325754907},"type":"Polygon","arcs":[[20,-25,21,22]],"id":7},{"properties":{"GEOID":"10001-11-13","precinct":"Precinct 10001-11-13","total_population":2001,"latino_percentage":45.24260433946563,"black_percentage":15.120878408959644,"other_percentage":39.63651725157473},"type":"Polygon","arcs":[[-126,23,24,25,-110,-123]],"id":8},{"properties":{"GEOID":"10001-11-14","precinct":"Precinct 10001-11-14","total_population":1211,"latino_percentage":75.12767938577456,"black_percentage":0.5156187487354698,"other_percentage":24.356701865489974},"type":"Polygon","arcs":[[-32,-111,26,27,-804,28,-802,29,-800,30]],"id":9},{"properties":{"GEOID":"10001-28-02","precinct":"Precinct 10001-28-02","total_population":1667,"latino_percentage":60.86136533161241,"black_percentage":12.987127281839369,"other_percentage":26.151507386548218},"type":"Polygon","arcs":[[-109,31,32,-797,33,-795,34,-851,35,-849,36,-847,37,-845,38,-843,39,-841,40,-839,41,-837,42,-835,43,-833,44,-831,45,-47,-66,-113]],"id":10},{"properties":{"GEOID":"10001-28-03","precinct":"Precinct 10001-28-03","total_population":1027,"latino_percentage":77.27729702496067,"black_percentage":2.9323480726615,"other_percentage":19.790354902377825},"type":"Polygon","arcs":[[-52,-67,46,47,-829,48,-827,49,50]],"id":11},{"properties":{"GEOID":"10001-28-04","precinct":"Precinct 10001-28-04","total_population":2840,"latino_percentage":52.03554160047396,"black_percentage":30.290984250263193,"other_percentage":17.673474149262844},"type":"Polygon","arcs":[[-73,-70,-68,51,52,-1455,53,-1453,54,-1451,55,-1449,56,-1447,57,-1445,58,-1443,59,-1441,60,-1439,61,-1437,62,-1435,63,-1433,64,-1431]],"id":12},{"properties":{"GEOID":"10001-28-05","precinct":"Precinct 10001-28-05","total_population":2203,"latino_percentage":4.725942252804236,"black_percentage":43.216248561056446,"other_percentage":52.05780918613932},"type":"Polygon","arcs":[[65,66,67,-69,-114]],"id":13},{"properties":{"GEOID":"10001-28-06","precinct":"Precinct 10001-28-06","total_population":3984,"latino_percentage":74.57777193122257,"black_percentage":19.024078967171576,"other_percentage":6.398149101605853},"type":"Polygon","arcs":[[-71,68,69,-72,-117]],"id":14},{"properties":{"GEOID":"10001-28-07","precinct":"Precinct 10001-28-07","total_population":3400,"latino_percentage":70.68601740218155,"black_percentage":8.305670095629266,"other_percentage":21.008312502189185},"type":"Polygon","arcs":[[70,-116,-115]],"id":15},{"properties":{"GEOID":"10001-28-08","precinct":"Precinct 10001-28-08","total_population":3140,"latino_percentage":66.57425094483627,"black_percentage":0.6302548339637418,"other_percentage":32.795494221199995},"type":"Polygon","arcs":[[-98,-118,71,72,73,-1429,74,-1427,75,-1425,76,-1423,77,-727,78,-725,79,-723,80,-721,81,-719,82,-717,83,-715,84,-713,85,-711,86,-709,87,-707,88,-705,89,-703,90,-701,91,-699,92,-697,93,-695,94,-693,95,-691,96,-100]],"id":16},{"properties":{"GEOID":"10001-28-09","precinct":"Precinct 10001-28-09","total_population":3702,"latino_percentage":29.976868901801062,"black_percentage":48.141227013014,"other_percentage":21.881904085184942},"type":"Polygon","arcs":[[-136,-129,97,-99]],"id":17},{"properties":{"GEOID":"10001-28-10","precinct":"Precinct 10001-28-10","total_population":2039,"latino_percentage":63.639072596757956,"black_percentage":18.758080772668706,"other_percentage":17.60284663057334},"type":"Polygon","arcs":[[-137,98,99,100,-105,-103]],"id":18},{"properties":{"GEOID":"10001-28-11","precinct":"Precinct 10001-28-11","total_population":4414,"latino_percentage":52.01563849965619,"black_percentage":35.97389499438206,"other_percentage":12.010466505961752},"type":"Polygon","arcs":[[-104,-215,-133,-102,-107,-248]],"id":19},{"properties":{"GEOID":"10001-28-12","precinct":"Precinct 10001-28-12","total_population":2466,"latino_percentage":2.598927867495524,"black_percentage":54.55096793540702,"other_percentage":42.85010419709746},"type":"Polygon","arcs":[[101,-132,102,-108]],"id":20},{"properties":{"GEOID":"10001-28-13","precinct":"Precinct 10001-28-13","total_population":1596,"latino_percentage":59.824877616057975,"black_percentage":29.112461391050726,"other_percentage":11.0626609928913},"type":"Polygon","arcs":[[-247,-246,-237,-216,103]],"id":21},{"properties":{"GEOID":"10001-28-14","precinct":"Precinct 10001-28-14","total_population":1704,"latino_percentage":24.951762444685748,"black_percentage":71.55174648814136,"other_percentage":3.496491067172883},"type":"Polygon","arcs":[[104,105,-259,-263,-277,-249,106,107]],"id":22},{"properties":{"GEOID":"10001-29-01","precinct":"Precinct 10001-29-01","total_population":3180,"latino_percentage":26.895859889271208,"black_percentage":47.56148286760813,"other_percentage":25.542657243120665},"type":"Polygon","arcs":[[108,-112,-120,109,110]],"id":23},{"properties":{"GEOID":"10001-29-02","precinct":"Precinct 10001-29-02","total_population":2581,"latino_percentage":24.069998882873158,"black_percentage":28.592122966947684,"other_percentage":47.33787815017915},"type":"Polygon","arcs":[[111,112,113,114,-119,-121]],"id":24},{"properties":{"GEOID":"10001-29-03","precinct":"Precinct 10001-29-03","total_population":3590,"latino_percentage":37.23096561911526,"black_percentage":45.239980328178916,"other_percentage":17.529054052705824},"type":"Polygon","arcs":[[115,116,117,-128,-122,118]],"id":25},{"properties":{"GEOID":"10001-29-04","precinct":"Precinct 10001-29-04","total_population":4383,"latino_percentage":2.5013685123860263,"black_percentage":30.4058870683738,"other_percentage":67.09274441924018},"type":"Polygon","arcs":[[119,120,121,-131,-127,122]],"id":26},{"properties":{"GEOID":"10001-29-05","precinct":"Precinct 10001-29-05","total_population":2837,"latino_percentage":24.478055282783355,"black_percentage":75.28109852580401,"other_percentage":0.2408461914126292},"type":"Polygon","arcs":[[123,124,125,126,-130,-134,-138]],"id":27},{"properties":{"GEOID":"10001-29-06","precinct":"Precinct 10001-29-06","total_population":1025,"latino_percentage":44.14887293211475,"black_percentage":20.427072908143657,"other_percentage":35.424054159741594},"type":"Polygon","arcs":[[127,128,-135,129,130]],"id":28},{"properties":{"GEOID":"10001-29-07","precinct":"Precinct 10001-29-07","total_population":2088,"latino_percentage":79.27663009413124,"black_percentage":5.261265265682309,"other_percentage":15.462104640186457},"type":"Polygon","arcs":[[131,132,-214,-142,133,134,135,136]],"id":29},{"properties":{"GEOID":"10001-29-08","precinct":"Precinct 10001-29-08","total_population":3095,"latino_percentage":14.049450749159504,"black_percentage":69.58604809654729,"other_percentage":16.364501154293208},"type":"Polygon","arcs":[[137,-141,-217,-223,-144,138,139]],"id":30},{"properties":{"GEOID":"10001-29-09","precinct":"Precinct 10001-29-09","total_population":4403,"latino_percentage":22.70144803656602,"black_percentage":68.4548743740003,"other_percentage":8.843677589433682},"type":"Polygon","arcs":[[140,141,-218]],"id":31},{"properties":{"GEOID":"10001-29-10","precinct":"Precinct 10001-29-10","total_population":3884,"latino_percentage":34.80629828486621,"black_percentage":21.296988995205655,"other_percentage":43.89671271992813},"type":"Polygon","arcs":[[-222,-229,-145,-147,142,143]],"id":32},{"properties":{"GEOID":"10001-29-11","precinct":"Precinct 10001-29-11","total_population":4714,"latino_percentage":17.923424956220515,"black_percentage":17.204814730154844,"other_percentage":64.87176031362463},"type":"Polygon","arcs":[[144,-228,-241,-148]],"id":33},{"properties":{"GEOID":"10001-29-12","precinct":"Precinct 10001-29-12","total_population":3557,"latino_percentage":54.61486226078777,"black_percentage":11.699610932660592,"other_percentage":33.68552680655164},"type":"Polygon","arcs":[[145,146,147,-240,-395,-156,-150]],"id":34},{"properties":{"GEOID":"10001-30-01","precinct":"Precinct 10001-30-01","total_population":3364,"latino_percentage":60.466057538079234,"black_percentage":13.522262615179224,"other_percentage":26.011679846741544},"type":"Polygon","arcs":[[148,149,-157,-159,-155,150,151,152]],"id":35},{"properties":{"GEOID":"10001-30-02","precinct":"Precinct 10001-30-02","total_population":4933,"latino_percentage":40.251320036886355,"black_percentage":15.87801932483917,"other_percentage":43.87066063827447},"type":"Polygon","arcs":[[-168,153,154,-158,-160]],"id":36},{"properties":{"GEOID":"10001-30-03","precinct":"Precinct 10001-30-03","total_population":3044,"latino_percentage":13.22455465834345,"black_percentage":55.276580043544,"other_percentage":31.49886529811255},"type":"Polygon","arcs":[[155,-394,-404,156]],"id":37},{"properties":{"GEOID":"10001-30-04","precinct":"Precinct 10001-30-04","total_population":2132,"latino_percentage":59.3221904258305,"black_percentage":2.0885566318689954,"other_percentage":38.589252942300504},"type":"Polygon","arcs":[[-161,157,158,-403,-162]],"id":38},{"properties":{"GEOID":"10001-30-05","precinct":"Precinct 10001-30-05","total_population":1773,"latino_percentage":15.652272490870835,"black_percentage":48.28311898112731,"other_percentage":36.06460852800185},"type":"Polygon","arcs":[[159,160,-165,-163,-172,-169]],"id":39},{"properties":{"GEOID":"10001-30-06","precinct":"Precinct 10001-30-06","total_population":3286,"latino_percentage":73.38996599096897,"black_percentage":10.262396212218075,"other_percentage":16.34763779681295},"type":"Polygon","arcs":[[161,-411,-279,-166]],"id":40},{"properties":{"GEOID":"10001-30-07","precinct":"Precinct 10001-30-07","total_population":4403,"latino_percentage":46.37883265094119,"black_percentage":1.754241854820032,"other_percentage":51.86692549423878},"type":"Polygon","arcs":[[-164,-173,162]],"id":41},{"properties":{"GEOID":"10001-30-08","precinct":"Precinct 10001-30-08","total_population":3331,"latino_percentage":51.170061917275156,"black_percentage":32.282015351457886,"other_percentage":16.547922731266958},"type":"Polygon","arcs":[[-291,-170,163,164,165,-287]],"id":42},{"properties":{"GEOID":"10001-30-09","precinct":"Precinct 10001-30-09","total_population":2294,"latino_percentage":71.55909753975506,"black_percentage":25.06462987142194,"other_percentage":3.376272588823003},"type":"Polygon","arcs":[[-171,-177,-174,166,167,168]],"id":43},{"properties":{"GEOID":"10001-30-10","precinct":"Precinct 10001-30-10","total_population":2152,"latino_percentage":31.234833339847494,"black_percentage":36.750489135043175,"other_percentage":32.01467752510933},"type":"Polygon","arcs":[[169,-293,-183,-181,-178,170,171,172]],"id":44},{"properties":{"GEOID":"10001-30-11","precinct":"Precinct 10001-30-11","total_population":2141,"latino_percentage":63.224749378646024,"black_percentage":0.7811478244609606,"other_percentage":35.99410279689302},"type":"Polygon","arcs":[[173,-176,-179,-184,174]],"id":45},{"properties":{"GEOID":"10001-30-12","precinct":"Precinct 10001-30-12","total_population":1667,"latino_percentage":78.60244098720484,"black_percentage":17.037541251471374,"other_percentage":4.360017761323782},"type":"Polygon","arcs":[[175,176,177,-180]],"id":46},{"properties":{"GEOID":"10001-30-13","precinct":"Precinct 10001-30-13","total_population":3371,"latino_percentage":43.010093976670774,"black_percentage":12.594532270492937,"other_percentage":44.39537375283629},"type":"Polygon","arcs":[[-190,-185,178,179,180,-182]],"id":47},{"properties":{"GEOID":"10001-30-14","precinct":"Precinct 10001-30-14","total_population":1933,"latino_percentage":62.54960202157282,"black_percentage":1.868974367576207,"other_percentage":35.581423610850976},"type":"Polygon","arcs":[[181,182,-294,-374,-201,-191]],"id":48},{"properties":{"GEOID":"10001-30-15","precinct":"Precinct 10001-30-15","total_population":4047,"latino_percentage":10.747812569758599,"black_percentage":27.193892269677438,"other_percentage":62.05829516056397},"type":"Polygon","arcs":[[183,184,-189,185,-1562,186,-1560,187]],"id":49},{"properties":{"GEOID":"10001-30-16","precinct":"Precinct 10001-30-16","total_population":1716,"latino_percentage":11.241996265358978,"black_percentage":56.159410079277436,"other_percentage":32.59859365536359},"type":"Polygon","arcs":[[188,189,190,-200,191,-1588,192,-1586,193,-1584,194,-1582,195,-1580,196,-1578,197,-1576,198]],"id":50},{"properties":{"GEOID":"10001-30-17","precinct":"Precinct 10001-30-17","total_population":1650,"latino_percentage":69.23036416907013,"black_percentage":16.30778695321542,"other_percentage":14.461848877714452},"type":"Polygon","arcs":[[199,200,-373,-391,201,-1651,202,-1649,203,-1647,204,-1645,205,-1602,206,-1600,207,-1598,208,-1596,209,-1594,210,-1592,211,-1590,212]],"id":51},{"properties":{"GEOID":"10001-31-01","precinct":"Precinct 10001-31-01","total_population":3194,"latino_percentage":39.511211689092974,"black_percentage":26.06290944563134,"other_percentage":34.425878865275685},"type":"Polygon","arcs":[[-233,-221,-219,213,214,215,-236]],"id":52},{"properties":{"GEOID":"10001-31-02","precinct":"Precinct 10001-31-02","total_population":4144,"latino_percentage":63.58657991797802,"black_percentage":18.33770091369887,"other_percentage":18.075719168323108},"type":"Polygon","arcs":[[216,217,218,-220,-224]],"id":53},{"properties":{"GEOID":"10001-31-03","precinct":"Precinct 10001-31-03","total_population":1308,"latino_percentage":73.86697055638534,"black_percentage":2.370054178680057,"other_percentage":23.762975264934603},"type":"Polygon","arcs":[[-225,219,220,-232,-227]],"id":54},{"properties":{"GEOID":"10001-31-04","precinct":"Precinct 10001-31-04","total_population":2957,"latino_percentage":5.118831179938166,"black_percentage":3.7559311880829154,"other_percentage":91.12523763197892},"type":"Polygon","arcs":[[221,222,223,224,-226,-230]],"id":55},{"properties":{"GEOID":"10001-31-05","precinct":"Precinct 10001-31-05","total_population":4699,"latino_percentage":19.040344772537424,"black_percentage":35.60318483328179,"other_percentage":45.35647039418079},"type":"Polygon","arcs":[[-243,-231,225,226,-234,-239]],"id":56},{"properties":{"GEOID":"10001-31-06","precinct":"Precinct 10001-31-06","total_population":3577,"latino_percentage":21.401025823096802,"black_percentage":66.15793519899147,"other_percentage":12.441038977911731},"type":"Polygon","arcs":[[227,228,229,230,-242]],"id":57},{"properties":{"GEOID":"10001-31-07","precinct":"Precinct 10001-31-07","total_population":1800,"latino_percentage":8.064753466577823,"black_percentage":0.2096632253036504,"other_percentage":91.72558330811852},"type":"Polygon","arcs":[[231,232,-235,233]],"id":58},{"properties":{"GEOID":"10001-31-08","precinct":"Precinct 10001-31-08","total_population":4155,"latino_percentage":51.52000610789653,"black_percentage":6.946840972881406,"other_percentage":41.53315291922207},"type":"Polygon","arcs":[[234,235,236,245,-245,-238]],"id":59},{"properties":{"GEOID":"10001-31-09","precinct":"Precinct 10001-31-09","total_population":4998,"latino_percentage":54.113719007898425,"black_percentage":24.029742858078592,"other_percentage":21.856538134022983},"type":"Polygon","arcs":[[237,-275,-250,-257,-252,-244,238]],"id":60},{"properties":{"GEOID":"10001-31-10","precinct":"Precinct 10001-31-10","total_population":4732,"latino_percentage":1.4831935512013494,"black_percentage":26.36267636590954,"other_percentage":72.15413008288911},"type":"Polygon","arcs":[[-396,239,240,241,242,243,-251,-253,-393]],"id":61},{"properties":{"GEOID":"10001-32-01","precinct":"Precinct 10001-32-01","total_population":4112,"latino_percentage":0.4228567667687866,"black_percentage":31.29548909932757,"other_percentage":68.28165413390364},"type":"Polygon","arcs":[[244,-246,245,246,247,248,-276]],"id":62},{"properties":{"GEOID":"10001-32-02","precinct":"Precinct 10001-32-02","total_population":1297,"latino_percentage":50.157136563530784,"black_percentage":32.534327136691175,"other_percentage":17.30853629977804},"type":"Polygon","arcs":[[-262,-258,249,-274]],"id":63},{"properties":{"GEOID":"10001-32-03","precinct":"Precinct 10001-32-03","total_population":4955,"latino_percentage":23.94022291937531,"black_percentage":24.28378745504239,"other_percentage":51.7759896255823},"type":"Polygon","arcs":[[250,251,-256,-254]],"id":64},{"properties":{"GEOID":"10001-32-04","precinct":"Precinct 10001-32-04","total_population":1069,"latino_percentage":16.54043620165133,"black_percentage":65.80356071757168,"other_percentage":17.656003080776983},"type":"Polygon","arcs":[[-392,252,253,-255]],"id":65},{"properties":{"GEOID":"10001-32-05","precinct":"Precinct 10001-32-05","total_population":3951,"latino_percentage":69.28179220590606,"black_percentage":16.721233966243656,"other_percentage":13.996973827850287},"type":"Polygon","arcs":[[-415,254,255,256,257,-261,-268,-417]],"id":66},{"properties":{"GEOID":"10001-32-06","precinct":"Precinct 10001-32-06","total_population":1887,"latino_percentage":75.30076283862142,"black_percentage":11.538020068880773,"other_percentage":13.161217092497804},"type":"Polygon","arcs":[[-264,258,259,-334,-284,-270,-267,-266]],"id":67},{"properties":{"GEOID":"10001-32-07","precinct":"Precinct 10001-32-07","total_population":2705,"latino_percentage":33.38713130694319,"black_percentage":64.14637387456592,"other_percentage":2.4664948184908866},"type":"Polygon","arcs":[[260,261,-278,262,263,-265]],"id":68},{"properties":{"GEOID":"10001-32-08","precinct":"Precinct 10001-32-08","total_population":4481,"latino_percentage":75.60624374803672,"black_percentage":20.731977182937154,"other_percentage":3.661779069026128},"type":"Polygon","arcs":[[264,265,266,-269,-418,267]],"id":69},{"properties":{"GEOID":"10001-32-09","precinct":"Precinct 10001-32-09","total_population":1945,"latino_percentage":32.00282309226648,"black_percentage":39.94741907486635,"other_percentage":28.049757832867165},"type":"Polygon","arcs":[[-273,-271,-419,268,269,-283,-281]],"id":70},{"properties":{"GEOID":"10001-32-10","precinct":"Precinct 10001-32-10","total_population":2378,"latino_percentage":10.807422852776547,"black_percentage":21.743520469797136,"other_percentage":67.44905667742633},"type":"Polygon","arcs":[[-420,270,-272,-427]],"id":71},{"properties":{"GEOID":"10001-32-11","precinct":"Precinct 10001-32-11","total_population":4085,"latino_percentage":16.68314322929192,"black_percentage":30.773526432945054,"other_percentage":52.54333033776303},"type":"Polygon","arcs":[[271,272,-280,-428]],"id":72},{"properties":{"GEOID":"10001-32-12","precinct":"Precinct 10001-32-12","total_population":2052,"latino_percentage":21.581372471463,"black_percentage":62.16587293531477,"other_percentage":16.252754593222228},"type":"Polygon","arcs":[[273,274,275,276,277]],"id":73},{"properties":{"GEOID":"10001-33-01","precinct":"Precinct 10001-33-01","total_population":4308,"latino_percentage":76.4079254002899,"black_percentage":22.007791718384784,"other_percentage":1.5842828813253185},"type":"Polygon","arcs":[[-285,-288,278,-410]],"id":74},{"properties":{"GEOID":"10001-33-02","precinct":"Precinct 10001-33-02","total_population":1406,"latino_percentage":73.32379913234571,"black_percentage":17.04079141078981,"other_percentage":9.635409456864476},"type":"Polygon","arcs":[[-429,279,280,-282,-433]],"id":75},{"properties":{"GEOID":"10001-33-03","precinct":"Precinct 10001-33-03","total_population":2910,"latino_percentage":44.72452125574594,"black_percentage":4.291273221539363,"other_percentage":50.984205522714696},"type":"Polygon","arcs":[[-409,-434,281,282,283,-333,-290,-286,284]],"id":76},{"properties":{"GEOID":"10001-33-04","precinct":"Precinct 10001-33-04","total_population":3497,"latino_percentage":78.58519468755202,"black_percentage":8.977652934435783,"other_percentage":12.437152378012199},"type":"Polygon","arcs":[[285,-289,286,287]],"id":77},{"properties":{"GEOID":"10001-33-05","precinct":"Precinct 10001-33-05","total_population":4762,"latino_percentage":67.75921953818329,"black_percentage":21.199257087637182,"other_percentage":11.04152337417953},"type":"Polygon","arcs":[[-292,288,289,-332,-368]],"id":78},{"properties":{"GEOID":"10001-33-06","precinct":"Precinct 10001-33-06","total_population":1313,"latino_percentage":68.69166132318539,"black_percentage":21.847260022084463,"other_percentage":9.461078654730152},"type":"Polygon","arcs":[[290,291,-295,292]],"id":79},{"properties":{"GEOID":"10001-33-07","precinct":"Precinct 10001-33-07","total_population":3335,"latino_percentage":39.36076151186836,"black_percentage":27.221731286215455,"other_percentage":33.41750720191618},"type":"Polygon","arcs":[[-375,293,294,-372,-377]],"id":80},{"properties":{"GEOID":"10001-33-08","precinct":"Precinct 10001-33-08","total_population":4309,"latino_percentage":1.5464070431446775,"black_percentage":42.2556742430932,"other_percentage":56.197918713762114},"type":"Polygon","arcs":[[-379,-371,-367,295,-1756,296,-1754,297,-1752,298,-1750,299,-1748,300,-1746,301,-1744,302,-1742,303,-1740,304,-1738,305,-1736,306,-1734,307,-1732,308,-1730,309,-1728,310,-1726,311,-1724,312,-1722,313,-1720,314,-1718,315,-1716,316,-1714,317,-1712,318,-1641,319,-1639,320,-1637,321,-1635,322,-1633,323,-1631,324,-1629,325,-1627,326,-1625,327,-1623,328,-1621,329,-1619,330]],"id":81},{"properties":{"GEOID":"10001-33-09","precinct":"Precinct 10001-33-09","total_population":1737,"latino_percentage":16.61406922280755,"black_percentage":10.188058223673517,"other_percentage":73.19787255351892},"type":"Polygon","arcs":[[331,332,333,334,-1688,335,-1686,336,-1684,337,-1682,338,-1810,339,-1808,340,-1806,341,-1804,342,-1802,343,-1800,344,-1798,345,-1796,346,-1794,347,-1792,348,-1790,349,-1788,350,-1786,351,-1784,352,-1782,353,-1780,354,-1778,355,-1776,356,-1774,357,-1772,358,-1770,359,-1768,360,-1766,361,-1764,362,-1762,363,-1760,364,-1758,365,366,-370,-369]],"id":82},{"properties":{"GEOID":"10001-33-10","precinct":"Precinct 10001-33-10","total_population":1965,"latino_percentage":66.10567397284865,"black_percentage":21.663323283525912,"other_percentage":12.231002743625439},"type":"Polygon","arcs":[[367,368,369,370,-378,371]],"id":83},{"properties":{"GEOID":"10001-33-11","precinct":"Precinct 10001-33-11","total_population":1756,"latino_percentage":1.243801205771442,"black_percentage":21.890537302074463,"other_percentage":76.86566149215409},"type":"Polygon","arcs":[[372,373,374,-376]],"id":84},{"properties":{"GEOID":"10001-33-12","precinct":"Precinct 10001-33-12","total_population":2861,"latino_percentage":56.16565215089559,"black_percentage":16.000798962862277,"other_percentage":27.833548886242134},"type":"Polygon","arcs":[[375,376,377,378,379,-1671,380,-1669,381,-1667,382,-1665,383,-1663,384,-1661,385,-1659,386,-1657,387,-1655,388,-1653,389,390]],"id":85},{"properties":{"GEOID":"10001-34-01","precinct":"Precinct 10001-34-01","total_population":4255,"latino_percentage":72.53610138936384,"black_percentage":10.157175789770653,"other_percentage":17.30672282086551},"type":"Polygon","arcs":[[391,-414,-423,-402,-397,392]],"id":86},{"properties":{"GEOID":"10001-34-02","precinct":"Precinct 10001-34-02","total_population":2573,"latino_percentage":62.25049587888088,"black_percentage":23.185476835861756,"other_percentage":14.56402728525736},"type":"Polygon","arcs":[[-405,393,394,395,396,397,398,-407]],"id":87},{"properties":{"GEOID":"10001-34-03","precinct":"Precinct 10001-34-03","total_population":4325,"latino_percentage":10.164138369295106,"black_percentage":14.84591001290189,"other_percentage":74.989951617803},"type":"Polygon","arcs":[[-422,-408,399,400,401]],"id":88},{"properties":{"GEOID":"10001-34-04","precinct":"Precinct 10001-34-04","total_population":2770,"latino_percentage":24.815074652098332,"black_percentage":37.50820714331429,"other_percentage":37.67671820458738},"type":"Polygon","arcs":[[402,403,404,-406,-412]],"id":89},{"properties":{"GEOID":"10001-34-05","precinct":"Precinct 10001-34-05","total_population":1796,"latino_percentage":4.336510730272538,"black_percentage":7.406354200649638,"other_percentage":88.25713506907783},"type":"Polygon","arcs":[[-431,-413,405,406,407,-421,-430]],"id":90},{"properties":{"GEOID":"10001-34-06","precinct":"Precinct 10001-34-06","total_population":2149,"latino_percentage":36.33245264716124,"black_percentage":22.710958215370635,"other_percentage":40.95658913746813},"type":"Polygon","arcs":[[408,409,410,411,412,-435]],"id":91},{"properties":{"GEOID":"10001-34-07","precinct":"Precinct 10001-34-07","total_population":2507,"latino_percentage":47.35835722742123,"black_percentage":48.385061346664656,"other_percentage":4.2565814259141135},"type":"Polygon","arcs":[[-424,413,414,-416]],"id":92},{"properties":{"GEOID":"10001-34-08","precinct":"Precinct 10001-34-08","total_population":2703,"latino_percentage":71.64524096981548,"black_percentage":18.16540378583181,"other_percentage":10.189355244352715},"type":"Polygon","arcs":[[415,416,417,418,419,-426,-425]],"id":93},{"properties":{"GEOID":"10001-34-09","precinct":"Precinct 10001-34-09","total_population":3323,"latino_percentage":4.342222907523681,"black_percentage":12.652570733732455,"other_percentage":83.00520635874386},"type":"Polygon","arcs":[[420,421,422,423,424]],"id":94},{"properties":{"GEOID":"10001-34-10","precinct":"Precinct 10001-34-10","total_population":2478,"latino_percentage":24.497824531322124,"black_percentage":41.00843486097084,"other_percentage":34.49374060770704},"type":"Polygon","arcs":[[425,426,427,428,-432,429]],"id":95},{"properties":{"GEOID":"10001-34-11","precinct":"Precinct 10001-34-11","total_population":1966,"latino_percentage":36.61924685274273,"black_percentage":54.86630013811012,"other_percentage":8.514453009147154},"type":"Polygon","arcs":[[430,431,432,433,434]],"id":96},{"properties":{"GEOID":"10003-01-01","precinct":"Precinct 10003-01-01","total_population":3671,"latino_percentage":58.37933125798703,"black_percentage":9.82858775656932,"other_percentage":31.792080985443647},"type":"Polygon","arcs":[[-600,-447,-436,-456,-573,-467]],"id":97},{"properties":{"GEOID":"10003-01-02","precinct":"Precinct 10003-01-02","total_population":1887,"latino_percentage":34.02235251793914,"black_percentage":23.619661096872296,"other_percentage":42.35798638518857},"type":"Polygon","arcs":[[-437,435,-449,-457,-453]],"id":98},{"properties":{"GEOID":"10003-01-03","precinct":"Precinct 10003-01-03","total_population":3400,"latino_percentage":66.2165182146141,"black_percentage":20.33410802174338,"other_percentage":13.449373763642523},"type":"Polygon","arcs":[[436,-452,-443,-438,-454]],"id":99},{"properties":{"GEOID":"10003-01-04","precinct":"Precinct 10003-01-04","total_population":1095,"latino_percentage":75.92065895540522,"black_percentage":20.030990631103432,"other_percentage":4.048350413491352},"type":"Polygon","arcs":[[-441,437,-442,-444,-488,438]],"id":100},{"properties":{"GEOID":"10003-01-05","precinct":"Precinct 10003-01-05","total_population":2286,"latino_percentage":41.55197450716596,"black_percentage":45.47160318410422,"other_percentage":12.976422308729823},"type":"Polygon","arcs":[[439,-469,-473,-446,-912,-899,-611,-455,440]],"id":101},{"properties":{"GEOID":"10003-01-06","precinct":"Precinct 10003-01-06","total_population":1369,"latino_percentage":55.26613655629785,"black_percentage":42.65606540561234,"other_percentage":2.07779803808981},"type":"Polygon","arcs":[[441,442,-451,-445]],"id":102},{"properties":{"GEOID":"10003-01-07","precinct":"Precinct 10003-01-07","total_population":4546,"latino_percentage":27.350487149769968,"black_percentage":29.432180303207566,"other_percentage":43.21733254702246},"type":"Polygon","arcs":[[443,444,-450,-480,-489]],"id":103},{"properties":{"GEOID":"10003-01-08","precinct":"Precinct 10003-01-08","total_population":1854,"latino_percentage":77.79365829151415,"black_percentage":10.406797054264358,"other_percentage":11.799544654221494},"type":"Polygon","arcs":[[-472,-465,-913,445]],"id":104},{"properties":{"GEOID":"10003-01-09","precinct":"Precinct 10003-01-09","total_population":3212,"latino_percentage":66.75309419253294,"black_percentage":20.466824328579143,"other_percentage":12.780081478887915},"type":"Polygon","arcs":[[446,-599,447,-463,-458,448]],"id":105},{"properties":{"GEOID":"10003-01-10","precinct":"Precinct 10003-01-10","total_population":4606,"latino_percentage":9.310582509003229,"black_percentage":46.8531959806195,"other_percentage":43.83622151037727},"type":"Polygon","arcs":[[449,450,451,452,-460,-485,-468]],"id":106},{"properties":{"GEOID":"10003-01-11","precinct":"Precinct 10003-01-11","total_population":2938,"latino_percentage":15.872321167132792,"black_percentage":1.64247556277625,"other_percentage":82.48520327009095},"type":"Polygon","arcs":[[453,454,-574,455]],"id":107},{"properties":{"GEOID":"10003-01-12","precinct":"Precinct 10003-01-12","total_population":3596,"latino_percentage":11.235006824041758,"black_percentage":43.17823271403086,"other_percentage":45.586760461927376},"type":"Polygon","arcs":[[456,457,-462,458,-486,459]],"id":108},{"properties":{"GEOID":"10003-01-13","precinct":"Precinct 10003-01-13","total_population":3612,"latino_percentage":77.6931749013094,"black_percentage":0.39516618404065496,"other_percentage":21.91165891464994},"type":"Polygon","arcs":[[460,461,462,463,-609,-607,-577,-580]],"id":109},{"properties":{"GEOID":"10003-01-14","precinct":"Precinct 10003-01-14","total_population":3846,"latino_percentage":14.049621682341877,"black_percentage":74.74967854739235,"other_percentage":11.200699770265771},"type":"Polygon","arcs":[[-466,-909,464,-471,-495,-497]],"id":110},{"properties":{"GEOID":"10003-01-15","precinct":"Precinct 10003-01-15","total_population":4691,"latino_percentage":35.837259520375106,"black_percentage":43.80759335330745,"other_percentage":20.355147126317434},"type":"Polygon","arcs":[[-869,465,-496,-553,-551]],"id":111},{"properties":{"GEOID":"10003-01-16","precinct":"Precinct 10003-01-16","total_population":3380,"latino_percentage":64.22073405676572,"black_percentage":10.332819994995637,"other_percentage":25.44644594823864},"type":"Polygon","arcs":[[-572,-601,466]],"id":112},{"properties":{"GEOID":"10003-02-01","precinct":"Precinct 10003-02-01","total_population":3251,"latino_percentage":12.542473911444114,"black_percentage":66.98099620554223,"other_percentage":20.476529883013654},"type":"Polygon","arcs":[[467,-484,-481]],"id":113},{"properties":{"GEOID":"10003-02-02","precinct":"Precinct 10003-02-02","total_population":2994,"latino_percentage":38.75032588496418,"black_percentage":50.49351126867496,"other_percentage":10.756162846360866},"type":"Polygon","arcs":[[-504,-474,468,469,-476,-519]],"id":114},{"properties":{"GEOID":"10003-02-03","precinct":"Precinct 10003-02-03","total_population":2639,"latino_percentage":9.803809393538554,"black_percentage":25.433833617943694,"other_percentage":64.76235698851775},"type":"Polygon","arcs":[[-494,470,471,472,473,-503]],"id":115},{"properties":{"GEOID":"10003-02-04","precinct":"Precinct 10003-02-04","total_population":4403,"latino_percentage":45.85587328053702,"black_percentage":11.373281080659067,"other_percentage":42.77084563880391},"type":"Polygon","arcs":[[-534,-478,-475]],"id":116},{"properties":{"GEOID":"10003-02-05","precinct":"Precinct 10003-02-05","total_population":4850,"latino_percentage":39.976708859040144,"black_percentage":46.92790165217764,"other_percentage":13.095389488782217},"type":"Polygon","arcs":[[-1023,-477,-944,474,-479,-989]],"id":117},{"properties":{"GEOID":"10003-02-06","precinct":"Precinct 10003-02-06","total_population":1358,"latino_percentage":43.676141172447494,"black_percentage":5.458528823500401,"other_percentage":50.865330004052105},"type":"Polygon","arcs":[[-518,475,-492,-482,-505]],"id":118},{"properties":{"GEOID":"10003-02-07","precinct":"Precinct 10003-02-07","total_population":2467,"latino_percentage":22.654619602585804,"black_percentage":18.879342861251462,"other_percentage":58.466037536162744},"type":"Polygon","arcs":[[-921,-917,-945,476,-1022]],"id":119},{"properties":{"GEOID":"10003-02-08","precinct":"Precinct 10003-02-08","total_population":1647,"latino_percentage":77.93280173168445,"black_percentage":9.728377850821946,"other_percentage":12.338820417493604},"type":"Polygon","arcs":[[477,-533,-521,-506,-507,-510,-1002,-990,478]],"id":120},{"properties":{"GEOID":"10003-02-09","precinct":"Precinct 10003-02-09","total_population":3341,"latino_percentage":32.917918271567615,"black_percentage":66.95995954764152,"other_percentage":0.12212218079086767},"type":"Polygon","arcs":[[-490,479,480,-483]],"id":121},{"properties":{"GEOID":"10003-02-10","precinct":"Precinct 10003-02-10","total_population":2293,"latino_percentage":18.14673726978164,"black_percentage":35.302668678672774,"other_percentage":46.55059405154559},"type":"Polygon","arcs":[[-509,-512,-516,481,-491,482,483,484,485,486,-1004]],"id":122},{"properties":{"GEOID":"10003-02-11","precinct":"Precinct 10003-02-11","total_population":4324,"latino_percentage":68.73690593252981,"black_percentage":29.844449836112627,"other_percentage":1.4186442313575647},"type":"Polygon","arcs":[[487,488,489,490,491,492]],"id":123},{"properties":{"GEOID":"10003-02-12","precinct":"Precinct 10003-02-12","total_population":1762,"latino_percentage":24.437399718867773,"black_percentage":42.06482079993411,"other_percentage":33.49777948119812},"type":"Polygon","arcs":[[493,-502,-525,-499,-498,494]],"id":124},{"properties":{"GEOID":"10003-02-13","precinct":"Precinct 10003-02-13","total_population":1615,"latino_percentage":58.76535736416916,"black_percentage":16.659024998799058,"other_percentage":24.57561763703178},"type":"Polygon","arcs":[[495,496,497,-500]],"id":125},{"properties":{"GEOID":"10003-02-14","precinct":"Precinct 10003-02-14","total_population":1218,"latino_percentage":27.751378062111137,"black_percentage":21.800269782626426,"other_percentage":50.44835215526243},"type":"Polygon","arcs":[[498,-524,-554,499]],"id":126},{"properties":{"GEOID":"10003-02-15","precinct":"Precinct 10003-02-15","total_population":4487,"latino_percentage":67.61806017903649,"black_percentage":25.57939386415699,"other_percentage":6.802545956806519},"type":"Polygon","arcs":[[-527,-501,-523]],"id":127},{"properties":{"GEOID":"10003-02-16","precinct":"Precinct 10003-02-16","total_population":3352,"latino_percentage":78.84818666389991,"black_percentage":18.20319189749945,"other_percentage":2.9486214386006395},"type":"Polygon","arcs":[[500,-526,501,502,503,504,-515,-508,505]],"id":128},{"properties":{"GEOID":"10003-02-17","precinct":"Precinct 10003-02-17","total_population":1933,"latino_percentage":69.23317115710466,"black_percentage":8.044448718867628,"other_percentage":22.72238012402771},"type":"Polygon","arcs":[[506,507,-514,-511]],"id":129},{"properties":{"GEOID":"10003-02-18","precinct":"Precinct 10003-02-18","total_population":2823,"latino_percentage":45.668678731596195,"black_percentage":2.3621917922086455,"other_percentage":51.96912947619516},"type":"Polygon","arcs":[[-513,508,-1003,509,510]],"id":130},{"properties":{"GEOID":"10003-02-19","precinct":"Precinct 10003-02-19","total_population":4480,"latino_percentage":4.209695296038571,"black_percentage":62.53781849580733,"other_percentage":33.252486208154096},"type":"Polygon","arcs":[[-517,511,512,513]],"id":131},{"properties":{"GEOID":"10003-02-20","precinct":"Precinct 10003-02-20","total_population":1836,"latino_percentage":33.11194347585527,"black_percentage":36.22133160987214,"other_percentage":30.666724914272592},"type":"Polygon","arcs":[[514,515,516]],"id":132},{"properties":{"GEOID":"10003-02-21","precinct":"Precinct 10003-02-21","total_population":1350,"latino_percentage":32.70532679258104,"black_percentage":27.44419931847482,"other_percentage":39.85047388894414},"type":"Polygon","arcs":[[517,518]],"id":133},{"properties":{"GEOID":"10003-03-01","precinct":"Precinct 10003-03-01","total_population":3889,"latino_percentage":14.495648908942549,"black_percentage":84.05390487482994,"other_percentage":1.450446216227519},"type":"Polygon","arcs":[[-541,-529,-522,-530]],"id":134},{"properties":{"GEOID":"10003-03-02","precinct":"Precinct 10003-03-02","total_population":1631,"latino_percentage":44.45179923447804,"black_percentage":45.17483559039923,"other_percentage":10.373365175122728},"type":"Polygon","arcs":[[-940,-922,-520,-547,-871,-545,-539,-536,-915,-946]],"id":135},{"properties":{"GEOID":"10003-03-03","precinct":"Precinct 10003-03-03","total_population":2873,"latino_percentage":1.6570008855736695,"black_percentage":55.83682389545009,"other_percentage":42.506175218976246},"type":"Polygon","arcs":[[-548,519,-924,-950,-875,-902,-543]],"id":136},{"properties":{"GEOID":"10003-03-04","precinct":"Precinct 10003-03-04","total_population":4307,"latino_percentage":27.88431594923818,"black_percentage":8.415458357594343,"other_percentage":63.70022569316747},"type":"Polygon","arcs":[[520,-532,-531,521,-528,522]],"id":137},{"properties":{"GEOID":"10003-03-05","precinct":"Precinct 10003-03-05","total_population":2526,"latino_percentage":61.38938901666428,"black_percentage":25.38156687358229,"other_percentage":13.229044109753428},"type":"Polygon","arcs":[[-540,-546,-555,523,524,525,526,527,528]],"id":138},{"properties":{"GEOID":"10003-03-06","precinct":"Precinct 10003-03-06","total_population":1918,"latino_percentage":32.35987189555299,"black_percentage":52.44129914632051,"other_percentage":15.19882895812649},"type":"Polygon","arcs":[[-542,529,530,-535]],"id":139},{"properties":{"GEOID":"10003-03-07","precinct":"Precinct 10003-03-07","total_population":4243,"latino_percentage":38.76921890862228,"black_percentage":2.526302020036898,"other_percentage":58.70447907134082},"type":"Polygon","arcs":[[531,532,533,-943,-960,-537,534]],"id":140},{"properties":{"GEOID":"10003-03-08","precinct":"Precinct 10003-03-08","total_population":1652,"latino_percentage":68.5620256083407,"black_percentage":18.17508400341096,"other_percentage":13.262890388248337},"type":"Polygon","arcs":[[-959,-942,-916,535,-538,536]],"id":141},{"properties":{"GEOID":"10003-03-09","precinct":"Precinct 10003-03-09","total_population":4769,"latino_percentage":25.246326801170305,"black_percentage":51.64489550512631,"other_percentage":23.10877769370338},"type":"Polygon","arcs":[[537,538,-544,539,540,541]],"id":142},{"properties":{"GEOID":"10003-03-10","precinct":"Precinct 10003-03-10","total_population":4069,"latino_percentage":29.53943136832472,"black_percentage":24.642609047583157,"other_percentage":45.817959584092115},"type":"Polygon","arcs":[[-901,-886,-549,542]],"id":143},{"properties":{"GEOID":"10003-03-11","precinct":"Precinct 10003-03-11","total_population":3261,"latino_percentage":66.60597769725241,"black_percentage":11.313373229106272,"other_percentage":22.080649073641315},"type":"Polygon","arcs":[[543,544,-550,-556,545]],"id":144},{"properties":{"GEOID":"10003-03-12","precinct":"Precinct 10003-03-12","total_population":1082,"latino_percentage":67.96169029271672,"black_percentage":18.82378604119633,"other_percentage":13.214523666086947},"type":"Polygon","arcs":[[546,547,548,-872]],"id":145},{"properties":{"GEOID":"10003-03-13","precinct":"Precinct 10003-03-13","total_population":3717,"latino_percentage":52.37833627589212,"black_percentage":40.15513976651253,"other_percentage":7.466523957595356},"type":"Polygon","arcs":[[-552,549,-870,550]],"id":146},{"properties":{"GEOID":"10003-03-14","precinct":"Precinct 10003-03-14","total_population":1286,"latino_percentage":49.25787062874372,"black_percentage":42.929362033680945,"other_percentage":7.8127673375753375},"type":"Polygon","arcs":[[551,552,553,554,555]],"id":147},{"properties":{"GEOID":"10003-05-01","precinct":"Precinct 10003-05-01","total_population":1148,"latino_percentage":55.77393710897357,"black_percentage":33.30965641533249,"other_percentage":10.91640647569394},"type":"Polygon","arcs":[[-971,-564,-1086,-1107,-1088,-565,-557,-1039,-1038,-1034]],"id":148},{"properties":{"GEOID":"10003-05-02","precinct":"Precinct 10003-05-02","total_population":1673,"latino_percentage":19.1404591326069,"black_percentage":73.72579888550088,"other_percentage":7.133741981892214},"type":"Polygon","arcs":[[-558,-1077,-1040,556,-567]],"id":149},{"properties":{"GEOID":"10003-05-03","precinct":"Precinct 10003-05-03","total_population":3014,"latino_percentage":30.339265776232605,"black_percentage":13.923728746211864,"other_percentage":55.73700547755553},"type":"Polygon","arcs":[[-1069,-1068,557,-566,-569,1068]],"id":150},{"properties":{"GEOID":"10003-05-04","precinct":"Precinct 10003-05-04","total_population":1156,"latino_percentage":41.31084684027894,"black_percentage":14.321052818685777,"other_percentage":44.36810034103528},"type":"Polygon","arcs":[[-1094,-1103,-559]],"id":151},{"properties":{"GEOID":"10003-05-05","precinct":"Precinct 10003-05-05","total_population":3984,"latino_percentage":62.89037423924289,"black_percentage":34.30152556414338,"other_percentage":2.8081001966137293},"type":"Polygon","arcs":[[-1102,-562,-560,-1346,-1345,-1095,558]],"id":152},{"properties":{"GEOID":"10003-05-06","precinct":"Precinct 10003-05-06","total_population":3089,"latino_percentage":35.271755160859655,"black_percentage":1.706093739599631,"other_percentage":63.022151099540714},"type":"Polygon","arcs":[[-1364,-1353,559,-561]],"id":153},{"properties":{"GEOID":"10003-05-07","precinct":"Precinct 10003-05-07","total_population":3875,"latino_percentage":71.53132164886446,"black_percentage":6.664930161067946,"other_percentage":21.80374819006759},"type":"Polygon","arcs":[[-563,-967,-570,560,561]],"id":154},{"properties":{"GEOID":"10003-05-08","precinct":"Precinct 10003-05-08","total_population":1666,"latino_percentage":45.521909052521266,"black_percentage":30.73527683787902,"other_percentage":23.742814109599713},"type":"Polygon","arcs":[[-968,562,-1109,-1085,563,-970]],"id":155},{"properties":{"GEOID":"10003-05-09","precinct":"Precinct 10003-05-09","total_population":3518,"latino_percentage":39.04570027461385,"black_percentage":51.132056809304615,"other_percentage":9.822242916081535},"type":"Polygon","arcs":[[564,-1087,-568,565,566]],"id":156},{"properties":{"GEOID":"10003-05-10","precinct":"Precinct 10003-05-10","total_population":1366,"latino_percentage":56.632379540380384,"black_percentage":35.04756511843922,"other_percentage":8.320055341180392},"type":"Polygon","arcs":[[567,-1091,-1079,-1070,-1069,568]],"id":157},{"properties":{"GEOID":"10003-05-11","precinct":"Precinct 10003-05-11","total_population":3692,"latino_percentage":13.06870126360935,"black_percentage":34.42485377547002,"other_percentage":52.506444960920625},"type":"Polygon","arcs":[[-983,-979,-1365,569]],"id":158},{"properties":{"GEOID":"10003-06-01","precinct":"Precinct 10003-06-01","total_population":1264,"latino_percentage":17.84035002305704,"black_percentage":53.26358806132817,"other_percentage":28.896061915614787},"type":"Polygon","arcs":[[570,-589,-628,-613,-623,-584,-586,-576,604]],"id":159},{"properties":{"GEOID":"10003-06-02","precinct":"Precinct 10003-06-02","total_population":1820,"latino_percentage":65.31521761857452,"black_percentage":32.93526585560318,"other_percentage":1.749516525822301},"type":"Polygon","arcs":[[-602,571,572,573,-612,-897,-575,-591,-594,-585]],"id":160},{"properties":{"GEOID":"10003-06-03","precinct":"Precinct 10003-06-03","total_population":3777,"latino_percentage":45.183563234262884,"black_percentage":13.261345714249279,"other_percentage":41.555091051487835},"type":"Polygon","arcs":[[-896,-865,-854,574]],"id":161},{"properties":{"GEOID":"10003-06-04","precinct":"Precinct 10003-06-04","total_population":1971,"latino_percentage":8.720975693378419,"black_percentage":63.28992946664972,"other_percentage":27.989094839971862},"type":"Polygon","arcs":[[-606,-605,575,-588,-583,-578,576]],"id":162},{"properties":{"GEOID":"10003-06-05","precinct":"Precinct 10003-06-05","total_population":1955,"latino_percentage":25.64289777024615,"black_percentage":33.49457346751279,"other_percentage":40.86252876224106},"type":"Polygon","arcs":[[577,-582,578,579]],"id":163},{"properties":{"GEOID":"10003-06-06","precinct":"Precinct 10003-06-06","total_population":4959,"latino_percentage":56.78450280718012,"black_percentage":4.694981129079864,"other_percentage":38.52051606374002},"type":"Polygon","arcs":[[-627,580,581,582,-587,583]],"id":164},{"properties":{"GEOID":"10003-06-07","precinct":"Precinct 10003-06-07","total_population":4015,"latino_percentage":73.43304680161908,"black_percentage":6.724131224283257,"other_percentage":19.84282197409766},"type":"Polygon","arcs":[[-590,-603,584,-597]],"id":165},{"properties":{"GEOID":"10003-06-08","precinct":"Precinct 10003-06-08","total_population":2972,"latino_percentage":29.605292917421757,"black_percentage":0.1404364615414788,"other_percentage":70.25427062103675},"type":"Polygon","arcs":[[585,586,587]],"id":166},{"properties":{"GEOID":"10003-06-09","precinct":"Precinct 10003-06-09","total_population":3729,"latino_percentage":67.75817313822013,"black_percentage":21.312125188057184,"other_percentage":10.929701673722686},"type":"Polygon","arcs":[[-596,-592,-616,-614,-629,588,589]],"id":167},{"properties":{"GEOID":"10003-06-10","precinct":"Precinct 10003-06-10","total_population":3763,"latino_percentage":78.87237331665112,"black_percentage":2.993997957810923,"other_percentage":18.133628725537957},"type":"Polygon","arcs":[[590,-853,-856,-593,-768,591,-595]],"id":168},{"properties":{"GEOID":"10003-06-11","precinct":"Precinct 10003-06-11","total_population":3890,"latino_percentage":20.577315995511984,"black_percentage":79.21804714245835,"other_percentage":0.20463686202967324},"type":"Polygon","arcs":[[-750,592,-855,-860,-746,-754]],"id":169},{"properties":{"GEOID":"10003-06-12","precinct":"Precinct 10003-06-12","total_population":4722,"latino_percentage":20.75394564390838,"black_percentage":27.859675093523403,"other_percentage":51.38637926256821},"type":"Polygon","arcs":[[593,594,595,596]],"id":170},{"properties":{"GEOID":"10003-06-13","precinct":"Precinct 10003-06-13","total_population":2529,"latino_percentage":23.004370382589194,"black_percentage":16.12258528579488,"other_percentage":60.873044331615915},"type":"Polygon","arcs":[[-608,597,598,599,600,601,602,603,604,605,606]],"id":171},{"properties":{"GEOID":"10003-06-14","precinct":"Precinct 10003-06-14","total_population":2403,"latino_percentage":1.9778748631634624,"black_percentage":11.788326799469303,"other_percentage":86.23379833736723},"type":"Polygon","arcs":[[607,608,609]],"id":172},{"properties":{"GEOID":"10003-06-15","precinct":"Precinct 10003-06-15","total_population":3234,"latino_percentage":23.01859086670836,"black_percentage":70.18833577156455,"other_percentage":6.793073361727082},"type":"Polygon","arcs":[[610,-898,611]],"id":173},{"properties":{"GEOID":"10003-07-01","precinct":"Precinct 10003-07-01","total_population":4919,"latino_percentage":55.46119446508898,"black_percentage":11.708608661885487,"other_percentage":32.830196873025535},"type":"Polygon","arcs":[[612,-634,-618,-624]],"id":174},{"properties":{"GEOID":"10003-07-02","precinct":"Precinct 10003-07-02","total_population":4535,"latino_percentage":12.90467466152137,"black_percentage":44.20201769592601,"other_percentage":42.89330764255262},"type":"Polygon","arcs":[[-635,-648,-619,-622,-615]],"id":175},{"properties":{"GEOID":"10003-07-03","precinct":"Precinct 10003-07-03","total_population":4296,"latino_percentage":60.843916917033795,"black_percentage":3.6187407230560615,"other_percentage":35.53734235991014},"type":"Polygon","arcs":[[-617,-630,613]],"id":176},{"properties":{"GEOID":"10003-07-04","precinct":"Precinct 10003-07-04","total_population":3005,"latino_percentage":68.0627510419391,"black_percentage":21.69367000861229,"other_percentage":10.243578949448615},"type":"Polygon","arcs":[[-621,-641,-636,614]],"id":177},{"properties":{"GEOID":"10003-07-05","precinct":"Precinct 10003-07-05","total_population":2602,"latino_percentage":67.75544806231952,"black_percentage":21.769579467181043,"other_percentage":10.474972470499441},"type":"Polygon","arcs":[[615,-767,-772,-645,-782,-781,-620,-631,616]],"id":178},{"properties":{"GEOID":"10003-07-06","precinct":"Precinct 10003-07-06","total_population":4645,"latino_percentage":35.316425882925145,"black_percentage":11.32570876325813,"other_percentage":53.35786535381673},"type":"Polygon","arcs":[[617,-633,618,-647,-625]],"id":179},{"properties":{"GEOID":"10003-07-07","precinct":"Precinct 10003-07-07","total_population":3404,"latino_percentage":78.57472619421169,"black_percentage":13.732186042242489,"other_percentage":7.693087763545819},"type":"Polygon","arcs":[[619,-780,-642,620,621,-632]],"id":180},{"properties":{"GEOID":"10003-07-08","precinct":"Precinct 10003-07-08","total_population":3490,"latino_percentage":62.85899250321539,"black_percentage":1.6638410990481474,"other_percentage":35.47716639773646},"type":"Polygon","arcs":[[622,623,624,-646,-638,625,626]],"id":181},{"properties":{"GEOID":"10003-07-09","precinct":"Precinct 10003-07-09","total_population":1702,"latino_percentage":71.23285283203563,"black_percentage":15.746991235442366,"other_percentage":13.020155932522002},"type":"Polygon","arcs":[[627,628,629,630,631,632,633]],"id":182},{"properties":{"GEOID":"10003-07-10","precinct":"Precinct 10003-07-10","total_population":3801,"latino_percentage":57.476377951904055,"black_percentage":6.651770873682027,"other_percentage":35.87185117441392},"type":"Polygon","arcs":[[634,635,-640,636,637,-649]],"id":183},{"properties":{"GEOID":"10003-07-11","precinct":"Precinct 10003-07-11","total_population":3097,"latino_percentage":14.229375543122318,"black_percentage":27.333141285602565,"other_percentage":58.43748317127512},"type":"Polygon","arcs":[[-779,-643,638,639,640,641]],"id":184},{"properties":{"GEOID":"10003-07-12","precinct":"Precinct 10003-07-12","total_population":2746,"latino_percentage":17.663249480840193,"black_percentage":39.8598580987116,"other_percentage":42.47689242044821},"type":"Polygon","arcs":[[642,-778,643]],"id":185},{"properties":{"GEOID":"10003-07-13","precinct":"Precinct 10003-07-13","total_population":4422,"latino_percentage":42.64556261907556,"black_percentage":45.923317668285165,"other_percentage":11.431119712639273},"type":"Polygon","arcs":[[-774,-782,644,-771]],"id":186},{"properties":{"GEOID":"10003-07-14","precinct":"Precinct 10003-07-14","total_population":1125,"latino_percentage":61.57308937896037,"black_percentage":17.73965475301008,"other_percentage":20.687255868029553},"type":"Polygon","arcs":[[645,646,647,648]],"id":187},{"properties":{"GEOID":"10003-08-01","precinct":"Precinct 10003-08-01","total_population":3888,"latino_percentage":33.407531549511276,"black_percentage":7.868097481953154,"other_percentage":58.72437096853557},"type":"Polygon","arcs":[[-1404,-1413,-657,-669,649]],"id":188},{"properties":{"GEOID":"10003-08-02","precinct":"Precinct 10003-08-02","total_population":3010,"latino_percentage":72.46570642323383,"black_percentage":25.767907808417878,"other_percentage":1.7663857683482966},"type":"Polygon","arcs":[[-651,-652,-671]],"id":189},{"properties":{"GEOID":"10003-08-03","precinct":"Precinct 10003-08-03","total_population":2413,"latino_percentage":68.1614445450154,"black_percentage":10.88171392051279,"other_percentage":20.95684153447181},"type":"Polygon","arcs":[[650,-670,-656,-660,-663,-653]],"id":190},{"properties":{"GEOID":"10003-08-04","precinct":"Precinct 10003-08-04","total_population":3681,"latino_percentage":65.71210053786758,"black_percentage":25.408661304392833,"other_percentage":8.879238157739582},"type":"Polygon","arcs":[[651,652,-667,-654,-658,-672]],"id":191},{"properties":{"GEOID":"10003-08-05","precinct":"Precinct 10003-08-05","total_population":4599,"latino_percentage":29.950745303699282,"black_percentage":12.068634443911455,"other_percentage":57.980620252389265},"type":"Polygon","arcs":[[-678,-677,-685,-785,-655,-665,-662]],"id":192},{"properties":{"GEOID":"10003-08-06","precinct":"Precinct 10003-08-06","total_population":4793,"latino_percentage":23.037332268832316,"black_percentage":13.95222565385615,"other_percentage":63.01044207731154},"type":"Polygon","arcs":[[-659,653,-666,654]],"id":193},{"properties":{"GEOID":"10003-08-07","precinct":"Precinct 10003-08-07","total_population":4526,"latino_percentage":52.328697050945166,"black_percentage":41.67315693459898,"other_percentage":5.998146014455855},"type":"Polygon","arcs":[[-1410,-684,-737,-661,655,656]],"id":194},{"properties":{"GEOID":"10003-08-08","precinct":"Precinct 10003-08-08","total_population":1004,"latino_percentage":65.24032083114784,"black_percentage":2.9499998227272015,"other_percentage":31.80967934612496},"type":"Polygon","arcs":[[-673,657,658,-784]],"id":195},{"properties":{"GEOID":"10003-08-09","precinct":"Precinct 10003-08-09","total_population":1112,"latino_percentage":11.6697599798706,"black_percentage":9.144881842798439,"other_percentage":79.18535817733095},"type":"Polygon","arcs":[[659,660,-736,-679,661,-664]],"id":196},{"properties":{"GEOID":"10003-08-10","precinct":"Precinct 10003-08-10","total_population":3270,"latino_percentage":17.87099841988896,"black_percentage":51.343997347079686,"other_percentage":30.78500423303135},"type":"Polygon","arcs":[[662,663,664,665,666]],"id":197},{"properties":{"GEOID":"10003-08-11","precinct":"Precinct 10003-08-11","total_population":3662,"latino_percentage":73.23508796518153,"black_percentage":4.1431494840953045,"other_percentage":22.62176255072316},"type":"Polygon","arcs":[[-783,667,668,669,670,671,672]],"id":198},{"properties":{"GEOID":"10003-09-01","precinct":"Precinct 10003-09-01","total_population":3494,"latino_percentage":51.959326880950286,"black_percentage":0.4698682899681824,"other_percentage":47.57080482908153},"type":"Polygon","arcs":[[-741,-688,-961,-1032,673,-732]],"id":199},{"properties":{"GEOID":"10003-09-02","precinct":"Precinct 10003-09-02","total_population":4804,"latino_percentage":28.080552011642787,"black_percentage":71.74040098782325,"other_percentage":0.17904700053395572},"type":"Polygon","arcs":[[-730,-676]],"id":200},{"properties":{"GEOID":"10003-09-03","precinct":"Precinct 10003-09-03","total_population":4188,"latino_percentage":16.05753006417391,"black_percentage":71.95807295772234,"other_percentage":11.98439697810376},"type":"Polygon","arcs":[[674,-689,-731,675,-790,-686,676,-680,-683]],"id":201},{"properties":{"GEOID":"10003-09-04","precinct":"Precinct 10003-09-04","total_population":4165,"latino_percentage":35.568079614773104,"black_percentage":53.08444238143532,"other_percentage":11.34747800379158},"type":"Polygon","arcs":[[677,678,-735,-681,679]],"id":202},{"properties":{"GEOID":"10003-09-05","precinct":"Precinct 10003-09-05","total_population":3711,"latino_percentage":73.15874456888035,"black_percentage":22.52811688301619,"other_percentage":4.31313854810346},"type":"Polygon","arcs":[[680,-740,-734,681,682]],"id":203},{"properties":{"GEOID":"10003-09-06","precinct":"Precinct 10003-09-06","total_population":4729,"latino_percentage":22.654973734948438,"black_percentage":47.59956461923487,"other_percentage":29.74546164581669},"type":"Polygon","arcs":[[-1391,-966,-687,-743,-738,683,-1409]],"id":204},{"properties":{"GEOID":"10003-09-07","precinct":"Precinct 10003-09-07","total_population":1970,"latino_percentage":57.734132251593536,"black_percentage":1.9867400748718664,"other_percentage":40.279127673534596},"type":"Polygon","arcs":[[-789,-786,684,685]],"id":205},{"properties":{"GEOID":"10003-09-08","precinct":"Precinct 10003-09-08","total_population":2195,"latino_percentage":26.157573396491482,"black_percentage":61.961869152482684,"other_percentage":11.88055745102583},"type":"Polygon","arcs":[[686,-965,-962,687,-744]],"id":206},{"properties":{"GEOID":"10003-09-09","precinct":"Precinct 10003-09-09","total_population":3317,"latino_percentage":32.97628876992778,"black_percentage":24.982390680024864,"other_percentage":42.04132055004736},"type":"Polygon","arcs":[[-1421,-825,-729,688,689,690,691,692,693,694,695,696,697,698,699,700,701,702,703,704,705,706,707,708,709,710,711,712,713,714,715,716,717,718,719,720,721,722,723,724,725,726,727]],"id":207},{"properties":{"GEOID":"10003-09-10","precinct":"Precinct 10003-09-10","total_population":2998,"latino_percentage":31.456068742068062,"black_percentage":32.007350907231704,"other_percentage":36.53658035070024},"type":"Polygon","arcs":[[728,-824,-791,729,730]],"id":208},{"properties":{"GEOID":"10003-09-11","precinct":"Precinct 10003-09-11","total_population":2882,"latino_percentage":75.29455622897214,"black_percentage":24.287538094247303,"other_percentage":0.41790567678055623},"type":"Polygon","arcs":[[-739,731,732,733]],"id":209},{"properties":{"GEOID":"10003-09-12","precinct":"Precinct 10003-09-12","total_population":3182,"latino_percentage":28.867599020951708,"black_percentage":4.989750942503271,"other_percentage":66.14265003654504},"type":"Polygon","arcs":[[734,735,736,737,-742,738,739]],"id":210},{"properties":{"GEOID":"10003-09-13","precinct":"Precinct 10003-09-13","total_population":1925,"latino_percentage":21.903782358983257,"black_percentage":57.01224539557628,"other_percentage":21.08397224544047},"type":"Polygon","arcs":[[740,741,742,743]],"id":211},{"properties":{"GEOID":"10003-10-01","precinct":"Precinct 10003-10-01","total_population":3298,"latino_percentage":58.987818242905526,"black_percentage":38.38185326473089,"other_percentage":2.6303284923635815},"type":"Polygon","arcs":[[-756,-759,744,-747,-751]],"id":212},{"properties":{"GEOID":"10003-10-02","precinct":"Precinct 10003-10-02","total_population":3315,"latino_percentage":37.45556628417275,"black_percentage":40.64226383773621,"other_percentage":21.902169878091044},"type":"Polygon","arcs":[[-859,-761,-755,745]],"id":213},{"properties":{"GEOID":"10003-10-03","precinct":"Precinct 10003-10-03","total_population":3209,"latino_percentage":12.66230404989038,"black_percentage":25.84484333429514,"other_percentage":61.492852615814485},"type":"Polygon","arcs":[[746,747,-763,-752]],"id":214},{"properties":{"GEOID":"10003-10-04","precinct":"Precinct 10003-10-04","total_population":2833,"latino_percentage":62.21124290351042,"black_percentage":29.089028221189796,"other_percentage":8.699728875299787},"type":"Polygon","arcs":[[-765,748,-776]],"id":215},{"properties":{"GEOID":"10003-10-05","precinct":"Precinct 10003-10-05","total_population":4920,"latino_percentage":70.51679588448452,"black_percentage":27.024933166181533,"other_percentage":2.4582709493339436},"type":"Polygon","arcs":[[-758,-753,-766,749]],"id":216},{"properties":{"GEOID":"10003-10-06","precinct":"Precinct 10003-10-06","total_population":1327,"latino_percentage":39.82642655915179,"black_percentage":48.36658423426408,"other_percentage":11.806989206584127},"type":"Polygon","arcs":[[750,751,-769,752,-757]],"id":217},{"properties":{"GEOID":"10003-10-07","precinct":"Precinct 10003-10-07","total_population":1829,"latino_percentage":65.49904770198252,"black_percentage":15.377465343288536,"other_percentage":19.123486954728946},"type":"Polygon","arcs":[[753,754,-760,755,756,757]],"id":218},{"properties":{"GEOID":"10003-10-08","precinct":"Precinct 10003-10-08","total_population":1420,"latino_percentage":60.27923295767965,"black_percentage":11.337869472335276,"other_percentage":28.38289756998507},"type":"Polygon","arcs":[[758,759,760,-858,-892,-866,761]],"id":219},{"properties":{"GEOID":"10003-10-09","precinct":"Precinct 10003-10-09","total_population":4714,"latino_percentage":70.27130288340496,"black_percentage":6.71547048435682,"other_percentage":23.013226632238222},"type":"Polygon","arcs":[[762,763,764,-770]],"id":220},{"properties":{"GEOID":"10003-10-10","precinct":"Precinct 10003-10-10","total_population":2530,"latino_percentage":62.7791552242966,"black_percentage":30.544607053553506,"other_percentage":6.676237722149892},"type":"Polygon","arcs":[[765,-773,766,767]],"id":221},{"properties":{"GEOID":"10003-10-11","precinct":"Precinct 10003-10-11","total_population":4534,"latino_percentage":29.214857534584446,"black_percentage":52.177370896637626,"other_percentage":18.607771568777935},"type":"Polygon","arcs":[[768,769,-775,770,771,772]],"id":222},{"properties":{"GEOID":"10003-10-12","precinct":"Precinct 10003-10-12","total_population":4743,"latino_percentage":57.15277671142214,"black_percentage":26.052602932905042,"other_percentage":16.794620355672816},"type":"Polygon","arcs":[[773,774,775,776,777,778,779,780,781]],"id":223},{"properties":{"GEOID":"10003-11-01","precinct":"Precinct 10003-11-01","total_population":4258,"latino_percentage":49.502601201627144,"black_percentage":8.624135272084649,"other_percentage":41.873263526288206},"type":"Polygon","arcs":[[782,783,784,785,-788,786]],"id":224},{"properties":{"GEOID":"10003-11-02","precinct":"Precinct 10003-11-02","total_population":1084,"latino_percentage":21.559811347787992,"black_percentage":28.42674487099735,"other_percentage":50.01344378121466},"type":"Polygon","arcs":[[787,788,789,790,-823,-793,791]],"id":225},{"properties":{"GEOID":"10003-11-03","precinct":"Precinct 10003-11-03","total_population":4040,"latino_percentage":76.73679802489914,"black_percentage":19.722266563253616,"other_percentage":3.54093541184724},"type":"Polygon","arcs":[[792,-852,793,794,795,796,797,798,799,800,801,802,803,804,805,806,807,808,809,810,811,812,813,814,815,816,817,818,819,820,821]],"id":226},{"properties":{"GEOID":"10003-11-04","precinct":"Precinct 10003-11-04","total_population":2167,"latino_percentage":29.854242142687557,"black_percentage":45.663931209254585,"other_percentage":24.48182664805786},"type":"Polygon","arcs":[[822,823,824,-1420,825,826,827,828,829,830,831,832,833,834,835,836,837,838,839,840,841,842,843,844,845,846,847,848,849,850,851]],"id":227},{"properties":{"GEOID":"10003-12-01","precinct":"Precinct 10003-12-01","total_population":2793,"latino_percentage":48.188320687097466,"black_percentage":12.695921678056068,"other_percentage":39.11575763484647},"type":"Polygon","arcs":[[-864,-857,852,853]],"id":228},{"properties":{"GEOID":"10003-12-02","precinct":"Precinct 10003-12-02","total_population":4288,"latino_percentage":55.719052817194374,"black_percentage":15.805200135987755,"other_percentage":28.475747046817872},"type":"Polygon","arcs":[[-863,-861,854,855,856]],"id":229},{"properties":{"GEOID":"10003-12-03","precinct":"Precinct 10003-12-03","total_population":2967,"latino_percentage":16.837057955687172,"black_percentage":75.49060297012015,"other_percentage":7.672339074192678},"type":"Polygon","arcs":[[-862,-893,857,858,859,860]],"id":230},{"properties":{"GEOID":"10003-12-04","precinct":"Precinct 10003-12-04","total_population":4650,"latino_percentage":74.4179811889033,"black_percentage":14.210746345696727,"other_percentage":11.371272465399976},"type":"Polygon","arcs":[[-867,-890,-904,-874,-873,-953,-1143,-887,-876,-880]],"id":231},{"properties":{"GEOID":"10003-12-05","precinct":"Precinct 10003-12-05","total_population":4155,"latino_percentage":36.31170154626776,"black_percentage":36.13834564707976,"other_percentage":27.549952806652477},"type":"Polygon","arcs":[[-894,861,862,863,864,-895]],"id":232},{"properties":{"GEOID":"10003-12-06","precinct":"Precinct 10003-12-06","total_population":3971,"latino_percentage":36.87620227905618,"black_percentage":29.761693367955022,"other_percentage":33.362104352988794},"type":"Polygon","arcs":[[865,-891,866,-879,867]],"id":233},{"properties":{"GEOID":"10003-12-07","precinct":"Precinct 10003-12-07","total_population":4446,"latino_percentage":35.77960072284297,"black_percentage":0.5572867420218773,"other_percentage":63.66311253513515},"type":"Polygon","arcs":[[-1212,-877,-888,-1217]],"id":234},{"properties":{"GEOID":"10003-12-08","precinct":"Precinct 10003-12-08","total_population":4010,"latino_percentage":16.525196907402126,"black_percentage":57.35641400797306,"other_percentage":26.118389084624823},"type":"Polygon","arcs":[[868,869,870,871,-885,-906]],"id":235},{"properties":{"GEOID":"10003-12-09","precinct":"Precinct 10003-12-09","total_population":4714,"latino_percentage":19.660131543204216,"black_percentage":58.417841148585566,"other_percentage":21.922027308210218},"type":"Polygon","arcs":[[872,873,-903,874,-949,-954]],"id":236},{"properties":{"GEOID":"10003-12-10","precinct":"Precinct 10003-12-10","total_population":1180,"latino_percentage":51.800716742273906,"black_percentage":34.08445150567157,"other_percentage":14.114831752054528},"type":"Polygon","arcs":[[875,-889,876,-1211,-1195,-1189,877,-883,881,-881]],"id":237},{"properties":{"GEOID":"10003-12-11","precinct":"Precinct 10003-12-11","total_population":2248,"latino_percentage":26.091978017095272,"black_percentage":66.04645112446023,"other_percentage":7.8615708584444945},"type":"Polygon","arcs":[[878,879,880,881,882,883]],"id":238},{"properties":{"GEOID":"10003-12-12","precinct":"Precinct 10003-12-12","total_population":1712,"latino_percentage":69.13881236822473,"black_percentage":4.269185451682234,"other_percentage":26.592002180093033},"type":"Polygon","arcs":[[-900,-907,884,885]],"id":239},{"properties":{"GEOID":"10003-12-13","precinct":"Precinct 10003-12-13","total_population":4604,"latino_percentage":73.81835036997471,"black_percentage":16.148729068795976,"other_percentage":10.032920561229314},"type":"Polygon","arcs":[[886,-1142,-1218,887,888]],"id":240},{"properties":{"GEOID":"10003-12-14","precinct":"Precinct 10003-12-14","total_population":1772,"latino_percentage":21.24520489172817,"black_percentage":5.5382451973913165,"other_percentage":73.2165499108805},"type":"Polygon","arcs":[[-905,889,890,891,892,893]],"id":241},{"properties":{"GEOID":"10003-12-15","precinct":"Precinct 10003-12-15","total_population":2141,"latino_percentage":50.55284925289229,"black_percentage":1.079248243742304,"other_percentage":48.36790250336541},"type":"Polygon","arcs":[[894,895,896,897,898,-911,-908,899,900,901,902,903,904]],"id":242},{"properties":{"GEOID":"10003-12-16","precinct":"Precinct 10003-12-16","total_population":3412,"latino_percentage":2.930565740022164,"black_percentage":65.33969242262914,"other_percentage":31.729741837348698},"type":"Polygon","arcs":[[905,906,907,-910,908]],"id":243},{"properties":{"GEOID":"10003-12-17","precinct":"Precinct 10003-12-17","total_population":3565,"latino_percentage":53.604648790465966,"black_percentage":19.0457291726473,"other_percentage":27.349622036886736},"type":"Polygon","arcs":[[909,910,911,912]],"id":244},{"properties":{"GEOID":"10003-13-01","precinct":"Precinct 10003-13-01","total_population":2251,"latino_percentage":73.96727698571337,"black_percentage":20.70274403888779,"other_percentage":5.329978975398841},"type":"Polygon","arcs":[[-914,-956,-952,-923,-928,-932]],"id":245},{"properties":{"GEOID":"10003-13-02","precinct":"Precinct 10003-13-02","total_population":1932,"latino_percentage":76.04111522674958,"black_percentage":5.393041479311923,"other_percentage":18.565843293938496},"type":"Polygon","arcs":[[-1125,-957,913,-931]],"id":246},{"properties":{"GEOID":"10003-13-03","precinct":"Precinct 10003-13-03","total_population":2273,"latino_percentage":47.6896452606427,"black_percentage":35.06822447721453,"other_percentage":17.242130262142773},"type":"Polygon","arcs":[[-947,914,915,-941]],"id":247},{"properties":{"GEOID":"10003-13-04","precinct":"Precinct 10003-13-04","total_population":1418,"latino_percentage":38.613445913828805,"black_percentage":2.908577086613707,"other_percentage":58.47797699955749},"type":"Polygon","arcs":[[-1140,-935,-927,-918,-919,-1111,-1110]],"id":248},{"properties":{"GEOID":"10003-13-05","precinct":"Precinct 10003-13-05","total_population":3759,"latino_percentage":69.12504694800957,"black_percentage":0.5982939072598568,"other_percentage":30.276659144730573},"type":"Polygon","arcs":[[-926,-936,916,-920,917]],"id":249},{"properties":{"GEOID":"10003-13-06","precinct":"Precinct 10003-13-06","total_population":2284,"latino_percentage":2.6254788814837138,"black_percentage":22.49992608464286,"other_percentage":74.87459503387342},"type":"Polygon","arcs":[[918,919,920,-1021,-1050,-1112]],"id":250},{"properties":{"GEOID":"10003-13-07","precinct":"Precinct 10003-13-07","total_population":1099,"latino_percentage":36.02572312597325,"black_percentage":32.38883727073162,"other_percentage":31.58543960329513},"type":"Polygon","arcs":[[921,-939,-929,922,-951,923]],"id":251},{"properties":{"GEOID":"10003-13-08","precinct":"Precinct 10003-13-08","total_population":3692,"latino_percentage":37.535805298949725,"black_percentage":6.865051275753914,"other_percentage":55.59914342529636},"type":"Polygon","arcs":[[924,-937,925,926,-934,-933]],"id":252},{"properties":{"GEOID":"10003-13-09","precinct":"Precinct 10003-13-09","total_population":4501,"latino_percentage":40.65422215798078,"black_percentage":16.819662126963447,"other_percentage":42.52611571505577},"type":"Polygon","arcs":[[927,928,-938,929,-933]],"id":253},{"properties":{"GEOID":"10003-13-10","precinct":"Precinct 10003-13-10","total_population":3853,"latino_percentage":32.03289102301211,"black_percentage":40.06218380401757,"other_percentage":27.904925172970316},"type":"Polygon","arcs":[[-1139,930,931,932,933,934]],"id":254},{"properties":{"GEOID":"10003-13-11","precinct":"Precinct 10003-13-11","total_population":1430,"latino_percentage":34.43148108338943,"black_percentage":51.72414300990723,"other_percentage":13.844375906703341},"type":"Polygon","arcs":[[935,936,937,938,939,-948,940,941,-958,942,943,944]],"id":255},{"properties":{"GEOID":"10003-13-12","precinct":"Precinct 10003-13-12","total_population":1549,"latino_percentage":64.97527878068655,"black_percentage":6.40798443298129,"other_percentage":28.616736786332158},"type":"Polygon","arcs":[[945,946,947]],"id":256},{"properties":{"GEOID":"10003-13-13","precinct":"Precinct 10003-13-13","total_population":3542,"latino_percentage":41.83696200136171,"black_percentage":1.6130017780867387,"other_percentage":56.55003622055155},"type":"Polygon","arcs":[[948,949,950,951,-955]],"id":257},{"properties":{"GEOID":"10003-13-14","precinct":"Precinct 10003-13-14","total_population":4162,"latino_percentage":52.07094079132446,"black_percentage":21.249062741164398,"other_percentage":26.679996467511142},"type":"Polygon","arcs":[[-1144,952,953,954,955,956]],"id":258},{"properties":{"GEOID":"10003-13-15","precinct":"Precinct 10003-13-15","total_population":2178,"latino_percentage":59.82883201890626,"black_percentage":11.66164925738623,"other_percentage":28.509518723707508},"type":"Polygon","arcs":[[957,958,959]],"id":259},{"properties":{"GEOID":"10003-15-01","precinct":"Precinct 10003-15-01","total_population":3182,"latino_percentage":36.99179800668944,"black_percentage":9.926941755327476,"other_percentage":53.08126023798308},"type":"Polygon","arcs":[[-978,-972,-1029,960,961,-964]],"id":260},{"properties":{"GEOID":"10003-15-02","precinct":"Precinct 10003-15-02","total_population":4605,"latino_percentage":56.46865900241943,"black_percentage":2.030981389994381,"other_percentage":41.50035960758619},"type":"Polygon","arcs":[[-976,-963,-980,-974,-973]],"id":261},{"properties":{"GEOID":"10003-15-03","precinct":"Precinct 10003-15-03","total_population":4891,"latino_percentage":57.336417219314335,"black_percentage":41.684093688358594,"other_percentage":0.9794890923270714},"type":"Polygon","arcs":[[-981,962,-975,963,964,965,-1390]],"id":262},{"properties":{"GEOID":"10003-15-04","precinct":"Precinct 10003-15-04","total_population":2376,"latino_percentage":25.088806874074308,"black_percentage":40.454059156605595,"other_percentage":34.4571339693201},"type":"Polygon","arcs":[[966,967,-969,-984]],"id":263},{"properties":{"GEOID":"10003-15-05","precinct":"Precinct 10003-15-05","total_population":3483,"latino_percentage":12.396954153653521,"black_percentage":66.59913682502585,"other_percentage":21.003909021320624},"type":"Polygon","arcs":[[-985,968,969,970,-1033,-1030,971,-977,972]],"id":264},{"properties":{"GEOID":"10003-15-06","precinct":"Precinct 10003-15-06","total_population":3550,"latino_percentage":28.838826369146034,"black_percentage":2.520566133876938,"other_percentage":68.64060749697703},"type":"Polygon","arcs":[[-982,-986,973,-1382,-1379]],"id":265},{"properties":{"GEOID":"10003-15-07","precinct":"Precinct 10003-15-07","total_population":3716,"latino_percentage":42.94377906256127,"black_percentage":33.19423447839751,"other_percentage":23.86198645904122},"type":"Polygon","arcs":[[974,975,976,977]],"id":266},{"properties":{"GEOID":"10003-15-08","precinct":"Precinct 10003-15-08","total_population":3972,"latino_percentage":27.17597514927401,"black_percentage":54.88677056067233,"other_percentage":17.93725429005366},"type":"Polygon","arcs":[[-1366,978,-988]],"id":267},{"properties":{"GEOID":"10003-15-09","precinct":"Precinct 10003-15-09","total_population":2409,"latino_percentage":74.00359691736585,"black_percentage":1.9259841486984761,"other_percentage":24.07041893393567},"type":"Polygon","arcs":[[-1383,979,980,-1389,-1400]],"id":268},{"properties":{"GEOID":"10003-15-10","precinct":"Precinct 10003-15-10","total_population":4199,"latino_percentage":34.84659346844155,"black_percentage":16.483129444799882,"other_percentage":48.670277086758574},"type":"Polygon","arcs":[[-1367,-1334,-1361,-987,981]],"id":269},{"properties":{"GEOID":"10003-15-11","precinct":"Precinct 10003-15-11","total_population":4969,"latino_percentage":63.68163625286542,"black_percentage":29.982620655555635,"other_percentage":6.335743091578948},"type":"Polygon","arcs":[[982,983,984,985,986,987]],"id":270},{"properties":{"GEOID":"10003-16-01","precinct":"Precinct 10003-16-01","total_population":1868,"latino_percentage":75.12168749381857,"black_percentage":7.91643294061789,"other_percentage":16.961879565563542},"type":"Polygon","arcs":[[-1065,-1055,-993,-998,-1016,-1005,-1008,-1007,1006,-1006,-1060]],"id":271},{"properties":{"GEOID":"10003-16-02","precinct":"Precinct 10003-16-02","total_population":2188,"latino_percentage":0.6667104751035868,"black_percentage":71.20179534238973,"other_percentage":28.131494182506685},"type":"Polygon","arcs":[[-1017,-997,-996,-995,-992,-1024,988,989,-1001,990]],"id":272},{"properties":{"GEOID":"10003-16-03","precinct":"Precinct 10003-16-03","total_population":3899,"latino_percentage":15.967414064430017,"black_percentage":64.76619802006043,"other_percentage":19.266387915509554},"type":"Polygon","arcs":[[-1025,991,-994]],"id":273},{"properties":{"GEOID":"10003-16-04","precinct":"Precinct 10003-16-04","total_population":4106,"latino_percentage":46.21422724438263,"black_percentage":25.448027423982907,"other_percentage":28.337745331634466},"type":"Polygon","arcs":[[-999,992,-1054,-1027]],"id":274},{"properties":{"GEOID":"10003-16-05","precinct":"Precinct 10003-16-05","total_population":3640,"latino_percentage":22.3706764715795,"black_percentage":43.74128252241822,"other_percentage":33.88804100600228},"type":"Polygon","arcs":[[-1026,993,994,995,996,997,998]],"id":275},{"properties":{"GEOID":"10003-16-06","precinct":"Precinct 10003-16-06","total_population":1943,"latino_percentage":37.77707208382206,"black_percentage":31.128337725437152,"other_percentage":31.094590190740785},"type":"Polygon","arcs":[[999,1000,1001,1002,1003]],"id":276},{"properties":{"GEOID":"10003-16-07","precinct":"Precinct 10003-16-07","total_population":4126,"latino_percentage":42.31913750229132,"black_percentage":13.873808838110866,"other_percentage":43.80705365959781},"type":"Polygon","arcs":[[-1010,-1012,-1009,1004,-1015,-1019]],"id":277},{"properties":{"GEOID":"10003-16-08","precinct":"Precinct 10003-16-08","total_population":1372,"latino_percentage":61.83593348019208,"black_percentage":30.370420186681105,"other_percentage":7.793646333126812},"type":"Polygon","arcs":[[-1011,-1048,-1061,1005,-1007,1006,1007,1008]],"id":278},{"properties":{"GEOID":"10003-16-09","precinct":"Precinct 10003-16-09","total_population":4493,"latino_percentage":11.243548656847526,"black_percentage":85.64832870918391,"other_percentage":3.108122633968563},"type":"Polygon","arcs":[[-1058,-1013,1009,-1018,-1041]],"id":279},{"properties":{"GEOID":"10003-16-10","precinct":"Precinct 10003-16-10","total_population":1459,"latino_percentage":54.72159108016986,"black_percentage":18.389213109710163,"other_percentage":26.88919581011998},"type":"Polygon","arcs":[[-1049,1010,1011,1012,-1057]],"id":280},{"properties":{"GEOID":"10003-16-11","precinct":"Precinct 10003-16-11","total_population":1011,"latino_percentage":1.8530936891781558,"black_percentage":81.14890308827789,"other_percentage":16.998003222543957},"type":"Polygon","arcs":[[1013,-1044,-1043,1042,-1020,1014,1015,1016]],"id":281},{"properties":{"GEOID":"10003-16-12","precinct":"Precinct 10003-16-12","total_population":3940,"latino_percentage":32.98320475575893,"black_percentage":42.843161678898404,"other_percentage":24.173633565342662},"type":"Polygon","arcs":[[1017,1018,1019,-1043,-1042]],"id":282},{"properties":{"GEOID":"10003-16-13","precinct":"Precinct 10003-16-13","total_population":1252,"latino_percentage":35.70975823329973,"black_percentage":52.18094643161823,"other_percentage":12.109295335082031},"type":"Polygon","arcs":[[-1051,1020,1021,1022,1023,1024,1025,1026,-1053,-1073,1027]],"id":283},{"properties":{"GEOID":"10003-17-01","precinct":"Precinct 10003-17-01","total_population":1075,"latino_percentage":53.54060979444257,"black_percentage":13.657495112631631,"other_percentage":32.801895092925804},"type":"Polygon","arcs":[[1028,1029,-1036,1030,1031]],"id":284},{"properties":{"GEOID":"10003-17-02","precinct":"Precinct 10003-17-02","total_population":4797,"latino_percentage":16.469569578015406,"black_percentage":29.59619045694749,"other_percentage":53.9342399650371},"type":"Polygon","arcs":[[1032,1033,-1037,-1046,1034,1035]],"id":285},{"properties":{"GEOID":"10003-17-03","precinct":"Precinct 10003-17-03","total_population":2866,"latino_percentage":68.37683857575615,"black_percentage":1.070007301008404,"other_percentage":30.553154123235444},"type":"Polygon","arcs":[[1036,1037,-1047]],"id":286},{"properties":{"GEOID":"10003-17-04","precinct":"Precinct 10003-17-04","total_population":2581,"latino_percentage":50.32464124745203,"black_percentage":31.509734702831874,"other_percentage":18.165624049716097},"type":"Polygon","arcs":[[1038,1039,-1059,1040,1041,1042,1043,1044,1045,1046]],"id":287},{"properties":{"GEOID":"10003-17-05","precinct":"Precinct 10003-17-05","total_population":2856,"latino_percentage":50.004156428961764,"black_percentage":3.2562670866660564,"other_percentage":46.73957648437218},"type":"Polygon","arcs":[[-1067,-1062,1047,1048,-1056]],"id":288},{"properties":{"GEOID":"10003-17-06","precinct":"Precinct 10003-17-06","total_population":3405,"latino_percentage":43.59956089964706,"black_percentage":5.455427209104055,"other_percentage":50.94501189124888},"type":"Polygon","arcs":[[-1071,-1084,-1081,-1116,-1119,-1113,1049,1050,1051]],"id":289},{"properties":{"GEOID":"10003-17-07","precinct":"Precinct 10003-17-07","total_population":1624,"latino_percentage":11.628534348575839,"black_percentage":27.24376221559692,"other_percentage":61.12770343582724},"type":"Polygon","arcs":[[1052,1053,1054,-1064,-1074]],"id":290},{"properties":{"GEOID":"10003-17-08","precinct":"Precinct 10003-17-08","total_population":4361,"latino_percentage":20.925531204221652,"black_percentage":34.35754040987914,"other_percentage":44.7169283858992},"type":"Polygon","arcs":[[-1076,-1063,1055,1056,1057,1058]],"id":291},{"properties":{"GEOID":"10003-17-09","precinct":"Precinct 10003-17-09","total_population":4946,"latino_percentage":34.92856923721878,"black_percentage":39.77669755584038,"other_percentage":25.29473320694084},"type":"Polygon","arcs":[[-1066,1059,1060,1061]],"id":292},{"properties":{"GEOID":"10003-17-10","precinct":"Precinct 10003-17-10","total_population":3987,"latino_percentage":20.503302026409614,"black_percentage":72.63945623961042,"other_percentage":6.857241733979961},"type":"Polygon","arcs":[[1062,-1075,1063,1064,1065,1066]],"id":293},{"properties":{"GEOID":"10003-17-11","precinct":"Precinct 10003-17-11","total_population":1390,"latino_percentage":40.453580945412455,"black_percentage":46.540872434378336,"other_percentage":13.00554662020921},"type":"Polygon","arcs":[[1067,1068,1069,-1078,1070,1071,1072,1073,1074,1075,1076]],"id":294},{"properties":{"GEOID":"10003-17-12","precinct":"Precinct 10003-17-12","total_population":3688,"latino_percentage":41.60197957959949,"black_percentage":15.682046656659503,"other_percentage":42.71597376374101},"type":"Polygon","arcs":[[-1080,-1082,1077,1078]],"id":295},{"properties":{"GEOID":"10003-17-13","precinct":"Precinct 10003-17-13","total_population":2942,"latino_percentage":25.18539930398047,"black_percentage":53.289022494098894,"other_percentage":21.52557820192063},"type":"Polygon","arcs":[[1079,-1090]],"id":296},{"properties":{"GEOID":"10003-18-01","precinct":"Precinct 10003-18-01","total_population":1515,"latino_percentage":4.620690648320016,"black_percentage":24.92229682275436,"other_percentage":70.45701252892562},"type":"Polygon","arcs":[[-1274,-1092,1080,-1083,-1096,-1265,-1275]],"id":297},{"properties":{"GEOID":"10003-18-02","precinct":"Precinct 10003-18-02","total_population":2520,"latino_percentage":67.20212272608147,"black_percentage":23.484682880582305,"other_percentage":9.313194393336225},"type":"Polygon","arcs":[[1081,-1089,-1098,-1359,-1340,-1267,-1097,1082,1083]],"id":298},{"properties":{"GEOID":"10003-18-03","precinct":"Precinct 10003-18-03","total_population":1817,"latino_percentage":20.400033762789693,"black_percentage":64.40192494910822,"other_percentage":15.19804128810209},"type":"Polygon","arcs":[[1084,-1108,1085]],"id":299},{"properties":{"GEOID":"10003-18-04","precinct":"Precinct 10003-18-04","total_population":3247,"latino_percentage":15.254055414433996,"black_percentage":9.72764807587527,"other_percentage":75.01829650969074},"type":"Polygon","arcs":[[1086,1087,-1106,-1099,1088,1089,1090]],"id":300},{"properties":{"GEOID":"10003-18-05","precinct":"Precinct 10003-18-05","total_population":4483,"latino_percentage":66.17128422859841,"black_percentage":12.991912711392366,"other_percentage":20.836803060009224},"type":"Polygon","arcs":[[-1172,-1149,-1117,1091,-1273]],"id":301},{"properties":{"GEOID":"10003-18-06","precinct":"Precinct 10003-18-06","total_population":3387,"latino_percentage":13.803791138828352,"black_percentage":55.71146818291582,"other_percentage":30.484740678255818},"type":"Polygon","arcs":[[1092,-1356,-1101,-1100,-1104,1093,1094,1344]],"id":302},{"properties":{"GEOID":"10003-18-07","precinct":"Precinct 10003-18-07","total_population":1619,"latino_percentage":2.6718563819924412,"black_percentage":68.69956154387971,"other_percentage":28.62858207412785},"type":"Polygon","arcs":[[1095,1096,-1266]],"id":303},{"properties":{"GEOID":"10003-18-08","precinct":"Precinct 10003-18-08","total_population":2330,"latino_percentage":42.24280402485206,"black_percentage":30.805142341987665,"other_percentage":26.952053633160272},"type":"Polygon","arcs":[[-1360,1097,1098,-1105,1099,1100]],"id":304},{"properties":{"GEOID":"10003-18-09","precinct":"Precinct 10003-18-09","total_population":3030,"latino_percentage":58.79950192599152,"black_percentage":9.839482588333935,"other_percentage":31.361015485674542},"type":"Polygon","arcs":[[1101,1102,1103,1104,1105,1106,1107,1108]],"id":305},{"properties":{"GEOID":"10003-19-01","precinct":"Precinct 10003-19-01","total_population":4680,"latino_percentage":55.96359052057946,"black_percentage":10.626942916790114,"other_percentage":33.40946656263043},"type":"Polygon","arcs":[[-1141,1109,-1114]],"id":306},{"properties":{"GEOID":"10003-19-02","precinct":"Precinct 10003-19-02","total_population":2103,"latino_percentage":67.51292202913822,"black_percentage":3.2196451533886705,"other_percentage":29.267432817473107},"type":"Polygon","arcs":[[1110,1111,1112,-1118,-1134,1113]],"id":307},{"properties":{"GEOID":"10003-19-03","precinct":"Precinct 10003-19-03","total_population":3834,"latino_percentage":62.23323716146831,"black_percentage":11.258309925498764,"other_percentage":26.508452913032926},"type":"Polygon","arcs":[[-1127,-1115,-1128,-1162,-1220,-1146]],"id":308},{"properties":{"GEOID":"10003-19-04","precinct":"Precinct 10003-19-04","total_population":2818,"latino_percentage":27.674919535321976,"black_percentage":66.73091287204969,"other_percentage":5.594167592628338},"type":"Polygon","arcs":[[-1129,1114,-1126,-1137,-1123]],"id":309},{"properties":{"GEOID":"10003-19-05","precinct":"Precinct 10003-19-05","total_population":2964,"latino_percentage":9.935707943462813,"black_percentage":26.554316223644584,"other_percentage":63.5099758328926},"type":"Polygon","arcs":[[-1148,-1133,-1120,1115,1116]],"id":310},{"properties":{"GEOID":"10003-19-06","precinct":"Precinct 10003-19-06","total_population":2703,"latino_percentage":58.53804164293244,"black_percentage":33.575877700871615,"other_percentage":7.886080656195944},"type":"Polygon","arcs":[[-1124,-1135,1117,1118,1119,-1132,-1121]],"id":311},{"properties":{"GEOID":"10003-19-07","precinct":"Precinct 10003-19-07","total_population":3532,"latino_percentage":65.59270381885005,"black_percentage":16.372439040262424,"other_percentage":18.03485714088752},"type":"Polygon","arcs":[[-1131,-1130,-1122,1120]],"id":312},{"properties":{"GEOID":"10003-19-08","precinct":"Precinct 10003-19-08","total_population":3374,"latino_percentage":6.245273676075547,"black_percentage":89.59256924494603,"other_percentage":4.162157078978424},"type":"Polygon","arcs":[[1121,1122,-1136,1123]],"id":313},{"properties":{"GEOID":"10003-19-09","precinct":"Precinct 10003-19-09","total_population":4757,"latino_percentage":40.563259964957794,"black_percentage":34.500657673216935,"other_percentage":24.93608236182527},"type":"Polygon","arcs":[[-1145,1124,-1138,1125,1126]],"id":314},{"properties":{"GEOID":"10003-19-10","precinct":"Precinct 10003-19-10","total_population":2712,"latino_percentage":47.66191697472565,"black_percentage":46.1014147969613,"other_percentage":6.23666822831305},"type":"Polygon","arcs":[[-1163,1127,1128,1129,-1180]],"id":315},{"properties":{"GEOID":"10003-19-11","precinct":"Precinct 10003-19-11","total_population":2208,"latino_percentage":77.31329394737487,"black_percentage":15.31552984080363,"other_percentage":7.371176211821497},"type":"Polygon","arcs":[[-1182,-1178,1130,1131,1132,-1147]],"id":316},{"properties":{"GEOID":"10003-19-12","precinct":"Precinct 10003-19-12","total_population":2529,"latino_percentage":42.00342341858851,"black_percentage":45.86769572267002,"other_percentage":12.128880858741468},"type":"Polygon","arcs":[[1133,1134,1135,1136,1137,1138,1139,1140]],"id":317},{"properties":{"GEOID":"10003-19-13","precinct":"Precinct 10003-19-13","total_population":1261,"latino_percentage":33.91892363127178,"black_percentage":46.79137656693873,"other_percentage":19.28969980178949},"type":"Polygon","arcs":[[1141,1142,1143,1144,1145,-1219]],"id":318},{"properties":{"GEOID":"10003-21-01","precinct":"Precinct 10003-21-01","total_population":3363,"latino_percentage":56.28291728166686,"black_percentage":29.865689343253546,"other_percentage":13.851393375079592},"type":"Polygon","arcs":[[-1155,-1176,-1207,-1203,-1166,-1161]],"id":319},{"properties":{"GEOID":"10003-21-02","precinct":"Precinct 10003-21-02","total_population":3134,"latino_percentage":36.3654270833145,"black_percentage":40.79534370143927,"other_percentage":22.839229215246228},"type":"Polygon","arcs":[[-1153,-1150,-1183,1146,1147,1148,-1171]],"id":320},{"properties":{"GEOID":"10003-21-03","precinct":"Precinct 10003-21-03","total_population":2827,"latino_percentage":69.34417347565847,"black_percentage":11.702260394270287,"other_percentage":18.95356613007125},"type":"Polygon","arcs":[[-1156,-1159,-1164,-1179,1149,-1152]],"id":321},{"properties":{"GEOID":"10003-21-04","precinct":"Precinct 10003-21-04","total_population":3243,"latino_percentage":73.96189753473257,"black_percentage":3.129410629159543,"other_percentage":22.908691836107884},"type":"Polygon","arcs":[[-1158,-1151,-1169]],"id":322},{"properties":{"GEOID":"10003-21-05","precinct":"Precinct 10003-21-05","total_population":2336,"latino_percentage":11.173663766167499,"black_percentage":1.1664678686842391,"other_percentage":87.65986836514827},"type":"Polygon","arcs":[[1150,-1154,1151,1152,-1170]],"id":323},{"properties":{"GEOID":"10003-21-06","precinct":"Precinct 10003-21-06","total_population":4923,"latino_percentage":38.93151485028267,"black_percentage":12.199987351390634,"other_percentage":48.8684977983267},"type":"Polygon","arcs":[[1153,-1157,-1177,1154,-1160,1155]],"id":324},{"properties":{"GEOID":"10003-21-07","precinct":"Precinct 10003-21-07","total_population":2999,"latino_percentage":62.48857931233327,"black_percentage":1.985677970548285,"other_percentage":35.52574271711844},"type":"Polygon","arcs":[[-1231,-1234,-1243,-1167]],"id":325},{"properties":{"GEOID":"10003-21-08","precinct":"Precinct 10003-21-08","total_population":3996,"latino_percentage":33.24759181898795,"black_percentage":28.457989826798368,"other_percentage":38.294418354213676},"type":"Polygon","arcs":[[-1259,-1173,-1174,1156,1157,-1168]],"id":326},{"properties":{"GEOID":"10003-21-09","precinct":"Precinct 10003-21-09","total_population":4033,"latino_percentage":59.52802651660279,"black_percentage":26.748002575348178,"other_percentage":13.72397090804903},"type":"Polygon","arcs":[[-1165,1158,1159,1160]],"id":327},{"properties":{"GEOID":"10003-21-10","precinct":"Precinct 10003-21-10","total_population":4678,"latino_percentage":12.555533130178969,"black_percentage":23.164196162773475,"other_percentage":64.28027070704755},"type":"Polygon","arcs":[[1161,1162,1163,1164,1165,-1209]],"id":328},{"properties":{"GEOID":"10003-21-11","precinct":"Precinct 10003-21-11","total_population":1976,"latino_percentage":23.34651052419006,"black_percentage":31.318456987686353,"other_percentage":45.335032488123595},"type":"Polygon","arcs":[[-1232,1166,-1242,-1262,-1261,1260,-1260,1167,1168,1169,1170,1171,-1272]],"id":329},{"properties":{"GEOID":"10003-21-12","precinct":"Precinct 10003-21-12","total_population":3422,"latino_percentage":2.8499942811397005,"black_percentage":76.58824497543814,"other_percentage":20.561760743422155},"type":"Polygon","arcs":[[-1258,-1253,-1175,1172]],"id":330},{"properties":{"GEOID":"10003-21-13","precinct":"Precinct 10003-21-13","total_population":4779,"latino_percentage":3.3604829399550873,"black_percentage":51.02538587495085,"other_percentage":45.61413118509406},"type":"Polygon","arcs":[[1173,1174,-1194,1175,1176]],"id":331},{"properties":{"GEOID":"10003-21-14","precinct":"Precinct 10003-21-14","total_population":1704,"latino_percentage":60.58730259667996,"black_percentage":2.3373972645514582,"other_percentage":37.07530013876858},"type":"Polygon","arcs":[[1177,-1181,1178,1179]],"id":332},{"properties":{"GEOID":"10003-21-15","precinct":"Precinct 10003-21-15","total_population":4285,"latino_percentage":43.93030287970994,"black_percentage":15.10897995065411,"other_percentage":40.96071716963595},"type":"Polygon","arcs":[[1180,1181,1182]],"id":333},{"properties":{"GEOID":"10003-22-01","precinct":"Precinct 10003-22-01","total_population":4711,"latino_percentage":11.080214961981332,"black_percentage":53.42942394624726,"other_percentage":35.49036109177141},"type":"Polygon","arcs":[[-1251,-1191,-1184,-1199,-1204,-1193]],"id":334},{"properties":{"GEOID":"10003-22-02","precinct":"Precinct 10003-22-02","total_population":2894,"latino_percentage":7.170386877408603,"black_percentage":70.28157273200253,"other_percentage":22.548040390588866},"type":"Polygon","arcs":[[-1196,-1200,1183,-1185]],"id":335},{"properties":{"GEOID":"10003-22-03","precinct":"Precinct 10003-22-03","total_population":4114,"latino_percentage":25.67554421484988,"black_percentage":68.86286972653676,"other_percentage":5.4615860586133635},"type":"Polygon","arcs":[[-1187,-1197,1184,-1190,1185]],"id":336},{"properties":{"GEOID":"10003-22-04","precinct":"Precinct 10003-22-04","total_population":4849,"latino_percentage":53.081727485106356,"black_percentage":10.4646172489847,"other_percentage":36.45365526590894},"type":"Polygon","arcs":[[1186,1187,1188,-1198]],"id":337},{"properties":{"GEOID":"10003-22-05","precinct":"Precinct 10003-22-05","total_population":3182,"latino_percentage":75.09107280912329,"black_percentage":19.477742387448917,"other_percentage":5.431184803427794},"type":"Polygon","arcs":[[1189,1190,-1250,-1240,1191]],"id":338},{"properties":{"GEOID":"10003-22-06","precinct":"Precinct 10003-22-06","total_population":4255,"latino_percentage":47.144184625198974,"black_percentage":18.832054494291974,"other_percentage":34.02376088050905},"type":"Polygon","arcs":[[-1252,1192,-1208,1193]],"id":339},{"properties":{"GEOID":"10003-22-07","precinct":"Precinct 10003-22-07","total_population":1962,"latino_percentage":55.23746242410514,"black_percentage":16.076912988591392,"other_percentage":28.68562458730347},"type":"Polygon","arcs":[[1194,-1215,-1201,1195,1196,1197]],"id":340},{"properties":{"GEOID":"10003-22-08","precinct":"Precinct 10003-22-08","total_population":2562,"latino_percentage":11.053142544794134,"black_percentage":36.760704465912774,"other_percentage":52.1861529892931},"type":"Polygon","arcs":[[1198,1199,1200,-1214,-1202,-1205]],"id":341},{"properties":{"GEOID":"10003-22-09","precinct":"Precinct 10003-22-09","total_population":3033,"latino_percentage":59.64000643521713,"black_percentage":24.421381667171246,"other_percentage":15.938611897611622},"type":"Polygon","arcs":[[1201,-1210,1202,-1206]],"id":342},{"properties":{"GEOID":"10003-22-10","precinct":"Precinct 10003-22-10","total_population":2747,"latino_percentage":7.612586766548155,"black_percentage":33.790711409317154,"other_percentage":58.59670182413468},"type":"Polygon","arcs":[[1203,1204,1205,1206,1207]],"id":343},{"properties":{"GEOID":"10003-22-11","precinct":"Precinct 10003-22-11","total_population":2809,"latino_percentage":68.59714085937759,"black_percentage":1.0912245534577185,"other_percentage":30.311634587164693},"type":"Polygon","arcs":[[-1221,1208,1209,-1213]],"id":344},{"properties":{"GEOID":"10003-22-12","precinct":"Precinct 10003-22-12","total_population":1226,"latino_percentage":40.629192910545385,"black_percentage":12.120234636638294,"other_percentage":47.25057245281632},"type":"Polygon","arcs":[[1210,1211,-1216,1212,1213,1214]],"id":345},{"properties":{"GEOID":"10003-22-13","precinct":"Precinct 10003-22-13","total_population":1716,"latino_percentage":40.65967872215281,"black_percentage":12.231486361795326,"other_percentage":47.10883491605186},"type":"Polygon","arcs":[[1215,1216,1217,1218,1219,1220]],"id":346},{"properties":{"GEOID":"10003-23-01","precinct":"Precinct 10003-23-01","total_population":4348,"latino_percentage":76.54010846653154,"black_percentage":9.114117633873315,"other_percentage":14.34577389959515},"type":"Polygon","arcs":[[-1236,-1245,-1233,-1288,-1294,-1301,-1300]],"id":347},{"properties":{"GEOID":"10003-23-02","precinct":"Precinct 10003-23-02","total_population":2955,"latino_percentage":79.57421205489881,"black_percentage":4.635526009201533,"other_percentage":15.790261935899657},"type":"Polygon","arcs":[[-1227,-1226,-1223,1221,-1247,-1238]],"id":348},{"properties":{"GEOID":"10003-23-03","precinct":"Precinct 10003-23-03","total_population":2537,"latino_percentage":28.916951863709556,"black_percentage":53.12470139130003,"other_percentage":17.958346744990415},"type":"Polygon","arcs":[[1222,-1225,-1229,1223]],"id":349},{"properties":{"GEOID":"10003-23-04","precinct":"Precinct 10003-23-04","total_population":4104,"latino_percentage":36.09576826307024,"black_percentage":21.320286486869314,"other_percentage":42.583945250060445},"type":"Polygon","arcs":[[-1230,1224,1225]],"id":350},{"properties":{"GEOID":"10003-23-05","precinct":"Precinct 10003-23-05","total_population":4015,"latino_percentage":63.98022471153784,"black_percentage":8.75287396661234,"other_percentage":27.266901321849815},"type":"Polygon","arcs":[[1226,-1237,-1298,-1304,-1249,1227,1228,1229]],"id":351},{"properties":{"GEOID":"10003-23-06","precinct":"Precinct 10003-23-06","total_population":1908,"latino_percentage":22.041000685213177,"black_percentage":13.44614174694494,"other_percentage":64.51285756784188},"type":"Polygon","arcs":[[-1235,1230,1231,-1271,-1289,1232]],"id":352},{"properties":{"GEOID":"10003-23-07","precinct":"Precinct 10003-23-07","total_population":3708,"latino_percentage":62.865979633827145,"black_percentage":20.561396418930943,"other_percentage":16.57262394724191},"type":"Polygon","arcs":[[1233,1234,-1244]],"id":353},{"properties":{"GEOID":"10003-23-08","precinct":"Precinct 10003-23-08","total_population":4920,"latino_percentage":58.60349702129397,"black_percentage":26.792369632240845,"other_percentage":14.604133346465186},"type":"Polygon","arcs":[[-1246,1235,-1299,1236,1237]],"id":354},{"properties":{"GEOID":"10003-23-09","precinct":"Precinct 10003-23-09","total_population":1185,"latino_percentage":69.2856327059196,"black_percentage":9.045457209563926,"other_percentage":21.668910084516476},"type":"Polygon","arcs":[[1238,1239,1240,-1256,-1255,1241,1242,1243,1244,1245,1246]],"id":355},{"properties":{"GEOID":"10003-23-10","precinct":"Precinct 10003-23-10","total_population":3261,"latino_percentage":56.254640097499866,"black_percentage":16.284786937841023,"other_percentage":27.46057296465911},"type":"Polygon","arcs":[[1247,1248,-1308]],"id":356},{"properties":{"GEOID":"10003-23-11","precinct":"Precinct 10003-23-11","total_population":1023,"latino_percentage":76.45936017799853,"black_percentage":13.089070970617929,"other_percentage":10.451568851383538},"type":"Polygon","arcs":[[1249,1250,1251,1252,-1257,-1256,1253]],"id":357},{"properties":{"GEOID":"10003-23-12","precinct":"Precinct 10003-23-12","total_population":3335,"latino_percentage":4.452114228689181,"black_percentage":76.14979609006068,"other_percentage":19.39808968125014},"type":"Polygon","arcs":[[1254,1255,1256,1257,1258,1259,-1261,1260,1261]],"id":358},{"properties":{"GEOID":"10003-24-01","precinct":"Precinct 10003-24-01","total_population":3064,"latino_percentage":36.38099230680959,"black_percentage":24.047869986505116,"other_percentage":39.57113770668529},"type":"Polygon","arcs":[[-1315,-1297,-1283,-1263,-1270,-1336]],"id":359},{"properties":{"GEOID":"10003-24-02","precinct":"Precinct 10003-24-02","total_population":2520,"latino_percentage":60.05464509915075,"black_percentage":10.740691394532117,"other_percentage":29.204663506317136},"type":"Polygon","arcs":[[-1285,-1279,-1264,-1268,1262,-1282]],"id":360},{"properties":{"GEOID":"10003-24-03","precinct":"Precinct 10003-24-03","total_population":4259,"latino_percentage":55.75010548081292,"black_percentage":30.854533662603522,"other_percentage":13.395360856583558},"type":"Polygon","arcs":[[1263,-1276,1264,1265,1266,-1339,-1269]],"id":361},{"properties":{"GEOID":"10003-24-04","precinct":"Precinct 10003-24-04","total_population":4982,"latino_percentage":35.950962079769724,"black_percentage":18.745542974742,"other_percentage":45.303494945488275},"type":"Polygon","arcs":[[1267,1268,-1338,-1342,1269]],"id":362},{"properties":{"GEOID":"10003-24-05","precinct":"Precinct 10003-24-05","total_population":4656,"latino_percentage":16.868324637151435,"black_percentage":21.340238352749953,"other_percentage":61.79143701009862},"type":"Polygon","arcs":[[-1290,1270,1271,1272,1273,-1277]],"id":363},{"properties":{"GEOID":"10003-24-06","precinct":"Precinct 10003-24-06","total_population":3507,"latino_percentage":8.72903500974929,"black_percentage":51.24020651295479,"other_percentage":40.03075847729591},"type":"Polygon","arcs":[[1274,1275,-1281,-1278,-1291,1276]],"id":364},{"properties":{"GEOID":"10003-24-07","precinct":"Precinct 10003-24-07","total_population":1101,"latino_percentage":12.752442686780148,"black_percentage":54.08923358993422,"other_percentage":33.15832372328564},"type":"Polygon","arcs":[[-1292,1277,-1280,-1287]],"id":365},{"properties":{"GEOID":"10003-24-08","precinct":"Precinct 10003-24-08","total_population":4786,"latino_percentage":49.112024979727174,"black_percentage":21.88092228263517,"other_percentage":29.007052737637657},"type":"Polygon","arcs":[[1278,-1284,1279,1280]],"id":366},{"properties":{"GEOID":"10003-24-09","precinct":"Precinct 10003-24-09","total_population":3789,"latino_percentage":76.65803948817143,"black_percentage":2.0172023242155572,"other_percentage":21.324758187613018},"type":"Polygon","arcs":[[-1293,-1286,1281,1282,-1296]],"id":367},{"properties":{"GEOID":"10003-24-10","precinct":"Precinct 10003-24-10","total_population":2575,"latino_percentage":43.35852206501066,"black_percentage":44.54042871079682,"other_percentage":12.101049224192522},"type":"Polygon","arcs":[[1283,1284,1285,1286]],"id":368},{"properties":{"GEOID":"10003-24-11","precinct":"Precinct 10003-24-11","total_population":2206,"latino_percentage":22.31714786832785,"black_percentage":71.65822684150844,"other_percentage":6.024625290163712},"type":"Polygon","arcs":[[1287,1288,1289,1290,1291,1292,-1295]],"id":369},{"properties":{"GEOID":"10003-24-12","precinct":"Precinct 10003-24-12","total_population":4904,"latino_percentage":53.255972822190074,"black_percentage":30.220798505973274,"other_percentage":16.52322867183665},"type":"Polygon","arcs":[[1300,1293,1294,1295,1296,-1314,-1310,-1302,-1301]],"id":370},{"properties":{"GEOID":"10003-25-01","precinct":"Precinct 10003-25-01","total_population":4389,"latino_percentage":68.70601482771582,"black_percentage":21.664000377295917,"other_percentage":9.629984794988264},"type":"Polygon","arcs":[[-1305,1297,1298,1299,1300,1301,-1309,-1303]],"id":371},{"properties":{"GEOID":"10003-25-02","precinct":"Precinct 10003-25-02","total_population":4488,"latino_percentage":6.437807766350883,"black_percentage":80.12629323998799,"other_percentage":13.435898993661127},"type":"Polygon","arcs":[[-1306,1302,-1311,-1321]],"id":372},{"properties":{"GEOID":"10003-25-03","precinct":"Precinct 10003-25-03","total_population":2807,"latino_percentage":8.624738091457429,"black_percentage":57.43694124062412,"other_percentage":33.93832066791845},"type":"Polygon","arcs":[[1303,1304,1305,-1320,1306,1307]],"id":373},{"properties":{"GEOID":"10003-25-04","precinct":"Precinct 10003-25-04","total_population":3487,"latino_percentage":44.1122298721698,"black_percentage":49.595394976380284,"other_percentage":6.292375151449917},"type":"Polygon","arcs":[[1308,1309,-1313,-1317,1310]],"id":374},{"properties":{"GEOID":"10003-25-05","precinct":"Precinct 10003-25-05","total_population":3487,"latino_percentage":70.1203893385418,"black_percentage":6.985288073385435,"other_percentage":22.894322588072768},"type":"Polygon","arcs":[[-1327,-1325,1311,-1318,1312,1313,1314,-1335,-1330,-1323,-1316]],"id":375},{"properties":{"GEOID":"10003-25-06","precinct":"Precinct 10003-25-06","total_population":3723,"latino_percentage":72.07590936799002,"black_percentage":1.0583665921907544,"other_percentage":26.865724039819224},"type":"Polygon","arcs":[[1315,-1322,-1332,-1328]],"id":376},{"properties":{"GEOID":"10003-25-07","precinct":"Precinct 10003-25-07","total_population":3366,"latino_percentage":76.08839751099268,"black_percentage":23.70721651207742,"other_percentage":0.20438597692990257},"type":"Polygon","arcs":[[1316,1317,1318,1319,1320]],"id":377},{"properties":{"GEOID":"10003-25-08","precinct":"Precinct 10003-25-08","total_population":1144,"latino_percentage":44.496485417556364,"black_percentage":4.6634043318858565,"other_percentage":50.84011025055778},"type":"Polygon","arcs":[[1321,1322,-1329]],"id":378},{"properties":{"GEOID":"10003-25-09","precinct":"Precinct 10003-25-09","total_population":1747,"latino_percentage":55.83287526208605,"black_percentage":43.536486417541155,"other_percentage":0.6306383203727961},"type":"Polygon","arcs":[[-1371,1323,1324,-1326,-1375]],"id":379},{"properties":{"GEOID":"10003-25-10","precinct":"Precinct 10003-25-10","total_population":4336,"latino_percentage":78.73104773359199,"black_percentage":20.068745471990155,"other_percentage":1.200206794417852},"type":"Polygon","arcs":[[-1331,-1376,1325,1326,1327]],"id":380},{"properties":{"GEOID":"10003-25-11","precinct":"Precinct 10003-25-11","total_population":3622,"latino_percentage":13.474252507917894,"black_percentage":81.5467972404638,"other_percentage":4.978950251618301},"type":"Polygon","arcs":[[1328,1329,-1333,-1368,-1372,1330,1331]],"id":381},{"properties":{"GEOID":"10003-26-01","precinct":"Precinct 10003-26-01","total_population":1660,"latino_percentage":52.7442679188617,"black_percentage":0.012966608444071234,"other_percentage":47.242765472694224},"type":"Polygon","arcs":[[-1369,1332,-1337,-1351,-1354,-1362,1333]],"id":382},{"properties":{"GEOID":"10003-26-02","precinct":"Precinct 10003-26-02","total_population":1291,"latino_percentage":17.329315594779764,"black_percentage":36.599531602704346,"other_percentage":46.0711528025159},"type":"Polygon","arcs":[[1334,1335,-1341,-1348,1336]],"id":383},{"properties":{"GEOID":"10003-26-03","precinct":"Precinct 10003-26-03","total_population":1419,"latino_percentage":78.03651667509281,"black_percentage":14.430397903631809,"other_percentage":7.533085421275379},"type":"Polygon","arcs":[[1337,1338,1339,-1358,-1343]],"id":384},{"properties":{"GEOID":"10003-26-04","precinct":"Precinct 10003-26-04","total_population":1000,"latino_percentage":33.50082520625118,"black_percentage":20.724774799749163,"other_percentage":45.77439999399966},"type":"Polygon","arcs":[[-1349,1340,1341,1342,-1347]],"id":385},{"properties":{"GEOID":"10003-26-05","precinct":"Precinct 10003-26-05","total_population":3967,"latino_percentage":73.98721421801069,"black_percentage":19.193198672428636,"other_percentage":6.819587109560672},"type":"Polygon","arcs":[[-1357,1343,1344,1345,-1352,-1350,1346]],"id":386},{"properties":{"GEOID":"10003-26-06","precinct":"Precinct 10003-26-06","total_population":3295,"latino_percentage":45.235496493346645,"black_percentage":11.93852284464129,"other_percentage":42.825980662012064},"type":"Polygon","arcs":[[1347,1348,1349,-1355,1350]],"id":387},{"properties":{"GEOID":"10003-26-07","precinct":"Precinct 10003-26-07","total_population":2694,"latino_percentage":34.24068487087639,"black_percentage":6.372047980437297,"other_percentage":59.38726714868631},"type":"Polygon","arcs":[[1351,1352,-1363,1353,1354]],"id":388},{"properties":{"GEOID":"10003-26-08","precinct":"Precinct 10003-26-08","total_population":3248,"latino_percentage":43.52424939122895,"black_percentage":45.01779082769734,"other_percentage":11.457959781073711},"type":"Polygon","arcs":[[1355,1356,1357,1358,1359]],"id":389},{"properties":{"GEOID":"10003-26-09","precinct":"Precinct 10003-26-09","total_population":1788,"latino_percentage":47.86946106697215,"black_percentage":9.867977345140547,"other_percentage":42.262561587887305},"type":"Polygon","arcs":[[1360,1361,1362,1363,1364,1365]],"id":390},{"properties":{"GEOID":"10003-27-01","precinct":"Precinct 10003-27-01","total_population":3450,"latino_percentage":57.68320579511092,"black_percentage":1.5550518583754946,"other_percentage":40.761742346513586},"type":"Polygon","arcs":[[-1388,-1406,-1419,-1394]],"id":391},{"properties":{"GEOID":"10003-27-02","precinct":"Precinct 10003-27-02","total_population":2043,"latino_percentage":10.149700276514375,"black_percentage":20.387790837877894,"other_percentage":69.46250888560772},"type":"Polygon","arcs":[[1366,-1378,-1377,-1373,-1372,1371,1367,1368]],"id":392},{"properties":{"GEOID":"10003-27-03","precinct":"Precinct 10003-27-03","total_population":4650,"latino_percentage":22.896461614658605,"black_percentage":74.99248729561116,"other_percentage":2.111051089730239},"type":"Polygon","arcs":[[-1385,-1395,1369,1370,-1374]],"id":393},{"properties":{"GEOID":"10003-27-04","precinct":"Precinct 10003-27-04","total_population":1535,"latino_percentage":48.724127566865754,"black_percentage":11.956691314893861,"other_percentage":39.31918111824039},"type":"Polygon","arcs":[[1371,1372,-1386,1373,1374,1375]],"id":394},{"properties":{"GEOID":"10003-27-05","precinct":"Precinct 10003-27-05","total_population":3676,"latino_percentage":32.22450912503824,"black_percentage":39.5276118788945,"other_percentage":28.247878996067264},"type":"Polygon","arcs":[[-1393,-1387,1376,-1380,-1384,-1403]],"id":395},{"properties":{"GEOID":"10003-27-06","precinct":"Precinct 10003-27-06","total_population":4807,"latino_percentage":55.86356313664406,"black_percentage":33.61955933429518,"other_percentage":10.516877529060757},"type":"Polygon","arcs":[[1377,1378,-1381,1379]],"id":396},{"properties":{"GEOID":"10003-27-07","precinct":"Precinct 10003-27-07","total_population":4017,"latino_percentage":62.30576667449195,"black_percentage":10.154782256974373,"other_percentage":27.53945106853368},"type":"Polygon","arcs":[[1380,1381,1382,-1399,1383]],"id":397},{"properties":{"GEOID":"10003-27-08","precinct":"Precinct 10003-27-08","total_population":1776,"latino_percentage":46.219710278639155,"black_percentage":23.111190452291474,"other_percentage":30.66909926906937},"type":"Polygon","arcs":[[-1396,1384,1385,1386,-1392]],"id":398},{"properties":{"GEOID":"10003-27-09","precinct":"Precinct 10003-27-09","total_population":2573,"latino_percentage":2.205755033676704,"black_percentage":20.935455710201413,"other_percentage":76.85878925612188},"type":"Polygon","arcs":[[-1407,1387,-1401,1388,1389,1390,-1408]],"id":399},{"properties":{"GEOID":"10003-27-10","precinct":"Precinct 10003-27-10","total_population":2293,"latino_percentage":42.16411300441899,"black_percentage":36.64878974294204,"other_percentage":21.18709725263897},"type":"Polygon","arcs":[[-1418,-1397,1391,1392,-1402,1393]],"id":400},{"properties":{"GEOID":"10003-27-11","precinct":"Precinct 10003-27-11","total_population":1179,"latino_percentage":2.9482020394684127,"black_percentage":46.44077109086722,"other_percentage":50.611026869664364},"type":"Polygon","arcs":[[1394,1395,1396,-1417,1397]],"id":401},{"properties":{"GEOID":"10003-27-12","precinct":"Precinct 10003-27-12","total_population":1867,"latino_percentage":65.22873940116355,"black_percentage":12.380253112845368,"other_percentage":22.391007485991082},"type":"Polygon","arcs":[[1398,1399,1400,1401,1402]],"id":402},{"properties":{"GEOID":"10003-27-13","precinct":"Precinct 10003-27-13","total_population":1802,"latino_percentage":68.43720917969242,"black_percentage":10.276222457884575,"other_percentage":21.286568362423008},"type":"Polygon","arcs":[[-1414,1403,1404,-1415,1405,1406,-1411]],"id":403},{"properties":{"GEOID":"10003-27-14","precinct":"Precinct 10003-27-14","total_population":2364,"latino_percentage":55.666388918058715,"black_percentage":26.14285309466048,"other_percentage":18.190757987280804},"type":"Polygon","arcs":[[1407,1408,1409,-1412,1410]],"id":404},{"properties":{"GEOID":"10003-27-15","precinct":"Precinct 10003-27-15","total_population":3107,"latino_percentage":9.456497643064417,"black_percentage":21.79255215932461,"other_percentage":68.75095019761098},"type":"Polygon","arcs":[[1411,1412,1413]],"id":405},{"properties":{"GEOID":"10003-27-16","precinct":"Precinct 10003-27-16","total_population":2862,"latino_percentage":30.573737910442553,"black_percentage":16.25790107668982,"other_percentage":53.16836101286762},"type":"Polygon","arcs":[[1414,1415,1416,1417,1418]],"id":406},{"properties":{"GEOID":"10003-28-01","precinct":"Precinct 10003-28-01","total_population":4600,"latino_percentage":18.119952319704822,"black_percentage":37.36778525756005,"other_percentage":44.51226242273513},"type":"Polygon","arcs":[[1419,1420,1421,1422,1423,1424,1425,1426,1427,1428,1429,1430,1431,1432,1433,1434,1435,1436,1437,1438,1439,1440,1441,1442,1443,1444,1445,1446,1447,1448,1449,1450,1451,1452,1453,1454,1455]],"id":407},{"properties":{"GEOID":"10005-04-01","precinct":"Precinct 10005-04-01","total_population":4475,"latino_percentage":26.586447574443916,"black_percentage":67.82719182627874,"other_percentage":5.5863605992773415},"type":"Polygon","arcs":[[-1531,-1506,-1486,-1485,-1457,-1458,-1460,-1847]],"id":408},{"properties":{"GEOID":"10005-04-02","precinct":"Precinct 10005-04-02","total_population":1115,"latino_percentage":70.61799428989691,"black_percentage":21.234285315868643,"other_percentage":8.147720394234444},"type":"Polygon","arcs":[[-1463,-1459,1456,-1484,-1508,-1468]],"id":409},{"properties":{"GEOID":"10005-04-03","precinct":"Precinct 10005-04-03","total_population":3440,"latino_percentage":60.839148058848764,"black_percentage":6.750714998920338,"other_percentage":32.4101369422309},"type":"Polygon","arcs":[[-1461,1457,1458,-1462]],"id":410},{"properties":{"GEOID":"10005-04-04","precinct":"Precinct 10005-04-04","total_population":2439,"latino_percentage":66.45420063827315,"black_percentage":28.054329207462256,"other_percentage":5.491470154264594},"type":"Polygon","arcs":[[-1829,-1854,-1843,-1840,-1848,1459,1460,-1464,-1472,-1482,-1478]],"id":411},{"properties":{"GEOID":"10005-04-05","precinct":"Precinct 10005-04-05","total_population":2784,"latino_percentage":63.38658792625468,"black_percentage":5.0730738534467745,"other_percentage":31.540338220298548},"type":"Polygon","arcs":[[1461,1462,-1467,-1466,-1465,-1473,1463]],"id":412},{"properties":{"GEOID":"10005-04-06","precinct":"Precinct 10005-04-06","total_population":4224,"latino_percentage":34.95836381008211,"black_percentage":34.854209607017346,"other_percentage":30.187426582900535},"type":"Polygon","arcs":[[-1507,-1864,-1476,-1469,-1470,1464,1465,1466,1467]],"id":413},{"properties":{"GEOID":"10005-04-07","precinct":"Precinct 10005-04-07","total_population":2810,"latino_percentage":55.16040033279974,"black_percentage":38.83833460663503,"other_percentage":6.001265060565231},"type":"Polygon","arcs":[[1468,-1475,-1471]],"id":414},{"properties":{"GEOID":"10005-04-08","precinct":"Precinct 10005-04-08","total_population":1983,"latino_percentage":43.32613788340788,"black_percentage":6.284100804094058,"other_percentage":50.38976131249806},"type":"Polygon","arcs":[[1469,1470,-1474,-1483,1471,1472]],"id":415},{"properties":{"GEOID":"10005-04-09","precinct":"Precinct 10005-04-09","total_population":2555,"latino_percentage":76.12731544662361,"black_percentage":11.002431652523214,"other_percentage":12.870252900853174},"type":"Polygon","arcs":[[-1480,1473,1474,1475,-1862,-2000,-1477]],"id":416},{"properties":{"GEOID":"10005-04-10","precinct":"Precinct 10005-04-10","total_population":1803,"latino_percentage":35.39781774255738,"black_percentage":19.48383567757638,"other_percentage":45.11834657986624},"type":"Polygon","arcs":[[-1481,1476,-1999,-1479]],"id":417},{"properties":{"GEOID":"10005-04-11","precinct":"Precinct 10005-04-11","total_population":3771,"latino_percentage":26.878382281471467,"black_percentage":0.9814468011616706,"other_percentage":72.14017091736687},"type":"Polygon","arcs":[[-1998,-1994,-2008,-1834,-1830,1477,1478]],"id":418},{"properties":{"GEOID":"10005-04-12","precinct":"Precinct 10005-04-12","total_population":3335,"latino_percentage":22.871053169448714,"black_percentage":75.96326528884741,"other_percentage":1.1656815417038757},"type":"Polygon","arcs":[[1479,1480,1481,1482]],"id":419},{"properties":{"GEOID":"10005-14-01","precinct":"Precinct 10005-14-01","total_population":4988,"latino_percentage":75.58092494875334,"black_percentage":12.950759875593134,"other_percentage":11.468315175653531},"type":"MultiPolygon","arcs":[[[-1519,-1500,-1537,-1533]],[[-1515,-1521,-1872]],[[-1517,-1487,-1501]]],"id":420},{"properties":{"GEOID":"10005-14-02","precinct":"Precinct 10005-14-02","total_population":3322,"latino_percentage":15.563103924631498,"black_percentage":77.05450169530229,"other_percentage":7.382394380066216},"type":"Polygon","arcs":[[-1499,-1503,-1530,-1539]],"id":421},{"properties":{"GEOID":"10005-14-03","precinct":"Precinct 10005-14-03","total_population":2723,"latino_percentage":38.628568097642464,"black_percentage":36.95851741139181,"other_percentage":24.412914490965726},"type":"Polygon","arcs":[[-1498,-1497,-1494,-1488,-1516]],"id":422},{"properties":{"GEOID":"10005-14-04","precinct":"Precinct 10005-14-04","total_population":3813,"latino_percentage":56.86327601238335,"black_percentage":41.24766386296774,"other_percentage":1.889060124648907},"type":"Polygon","arcs":[[-1509,1483,1484,1485,-1505,-1502,1486,1487,-1493,-1492,-1491,-1490,-1489,-1495]],"id":423},{"properties":{"GEOID":"10005-14-05","precinct":"Precinct 10005-14-05","total_population":2984,"latino_percentage":35.16912986752229,"black_percentage":8.501100221812333,"other_percentage":56.32976991066538},"type":"Polygon","arcs":[[1488,1489,1490,-1492,1492,1493,-1496]],"id":424},{"properties":{"GEOID":"10005-14-06","precinct":"Precinct 10005-14-06","total_population":4052,"latino_percentage":3.991843415834948,"black_percentage":63.0180447722642,"other_percentage":32.99011181190085},"type":"Polygon","arcs":[[1494,1495,1496,-1510]],"id":425},{"properties":{"GEOID":"10005-14-07","precinct":"Precinct 10005-14-07","total_population":4404,"latino_percentage":50.58190489036227,"black_percentage":4.083356398652828,"other_percentage":45.33473871098491},"type":"Polygon","arcs":[[-1514,-1513,-1512,-1511,1497,-1525,-1524,-1523]],"id":426},{"properties":{"GEOID":"10005-14-08","precinct":"Precinct 10005-14-08","total_population":4800,"latino_percentage":66.96700121882331,"black_percentage":32.48293991233407,"other_percentage":0.5500588688426191},"type":"Polygon","arcs":[[-1504,1498,-1538,1499,-1518,1500,1501]],"id":427},{"properties":{"GEOID":"10005-14-09","precinct":"Precinct 10005-14-09","total_population":3564,"latino_percentage":43.21582958968151,"black_percentage":27.910476471827447,"other_percentage":28.87369393849104},"type":"Polygon","arcs":[[1502,1503,1504,1505]],"id":428},{"properties":{"GEOID":"10005-14-10","precinct":"Precinct 10005-14-10","total_population":4705,"latino_percentage":35.913384856242985,"black_percentage":39.884537670010765,"other_percentage":24.20207747374625},"type":"Polygon","arcs":[[1506,1507,1508,1509,1510,1511,1512,1513,-1522,1514,-1871,-1865]],"id":429},{"properties":{"GEOID":"10005-14-11","precinct":"Precinct 10005-14-11","total_population":3855,"latino_percentage":10.462678387408237,"black_percentage":67.88392664044407,"other_percentage":21.653394972147694},"type":"Polygon","arcs":[[1515,1516,1517,1518,-1555,1519,-1873,1520,1521,1522,1523,1524]],"id":430},{"properties":{"GEOID":"10005-20-01","precinct":"Precinct 10005-20-01","total_population":2089,"latino_percentage":33.72799463105045,"black_percentage":36.266146572695064,"other_percentage":30.005858796254486},"type":"Polygon","arcs":[[-1528,-1526,-1691,-1703]],"id":431},{"properties":{"GEOID":"10005-20-02","precinct":"Precinct 10005-20-02","total_population":1669,"latino_percentage":12.01549526610191,"black_percentage":62.06996341618539,"other_percentage":25.914541317712704},"type":"Polygon","arcs":[[-1545,-1547,-1692,1525,-1527,-1541]],"id":432},{"properties":{"GEOID":"10005-20-03","precinct":"Precinct 10005-20-03","total_population":1049,"latino_percentage":78.02934749850766,"black_percentage":9.873371579121198,"other_percentage":12.09728092237114},"type":"Polygon","arcs":[[-1702,-1696,-1532,-1534,-1552,-1529,-1542,1526,1527]],"id":433},{"properties":{"GEOID":"10005-20-04","precinct":"Precinct 10005-20-04","total_population":3271,"latino_percentage":46.25336848398309,"black_percentage":29.829688283959598,"other_percentage":23.916943232057314},"type":"Polygon","arcs":[[1528,-1551,-1543]],"id":434},{"properties":{"GEOID":"10005-20-05","precinct":"Precinct 10005-20-05","total_population":3668,"latino_percentage":38.119130276666496,"black_percentage":16.032496601445466,"other_percentage":45.84837312188804},"type":"Polygon","arcs":[[-1549,-1540,1529,1530,-1846,-1839,-1544]],"id":435},{"properties":{"GEOID":"10005-20-06","precinct":"Precinct 10005-20-06","total_population":3190,"latino_percentage":70.19080488498403,"black_percentage":19.72629179546492,"other_percentage":10.082903319551047},"type":"Polygon","arcs":[[1531,-1700,-1558,-1535]],"id":436},{"properties":{"GEOID":"10005-20-07","precinct":"Precinct 10005-20-07","total_population":1038,"latino_percentage":9.690572115723679,"black_percentage":89.72197561640624,"other_percentage":0.5874522678700771},"type":"Polygon","arcs":[[-1536,-1556,1532]],"id":437},{"properties":{"GEOID":"10005-20-08","precinct":"Precinct 10005-20-08","total_population":1556,"latino_percentage":57.9178967180237,"black_percentage":27.48110007674579,"other_percentage":14.601003205230512},"type":"Polygon","arcs":[[-1553,1533,1534,-1557,1535,1536,1537,1538,1539]],"id":438},{"properties":{"GEOID":"10005-20-09","precinct":"Precinct 10005-20-09","total_population":4191,"latino_percentage":21.919144349665125,"black_percentage":0.06573359472274402,"other_percentage":78.01512205561214},"type":"Polygon","arcs":[[-1546,1540,1541,1542,-1550,1543,-1838,-1841,-1858]],"id":439},{"properties":{"GEOID":"10005-20-10","precinct":"Precinct 10005-20-10","total_population":1914,"latino_percentage":21.427124794129195,"black_percentage":68.1864623080501,"other_percentage":10.386412897820705},"type":"Polygon","arcs":[[-1708,-1548,1544,1545,-1857,-1828,-1819]],"id":440},{"properties":{"GEOID":"10005-20-11","precinct":"Precinct 10005-20-11","total_population":1664,"latino_percentage":20.65019632620297,"black_percentage":31.145838588514117,"other_percentage":48.20396508528291},"type":"Polygon","arcs":[[-1707,-1693,1546,1547]],"id":441},{"properties":{"GEOID":"10005-20-12","precinct":"Precinct 10005-20-12","total_population":4212,"latino_percentage":4.329259055548,"black_percentage":13.159785046411507,"other_percentage":82.51095589804049},"type":"Polygon","arcs":[[1548,1549,1550,1551,1552]],"id":442},{"properties":{"GEOID":"10005-20-13","precinct":"Precinct 10005-20-13","total_population":3421,"latino_percentage":23.569630496345262,"black_percentage":60.2018116530068,"other_percentage":16.22855785064793},"type":"Polygon","arcs":[[1553,1554,1555,1556,1557,-1699]],"id":443},{"properties":{"GEOID":"10005-35-01","precinct":"Precinct 10005-35-01","total_population":4803,"latino_percentage":4.686066482234992,"black_percentage":78.4711721391186,"other_percentage":16.842761378646415},"type":"Polygon","arcs":[[-1574,-1566,-1604,-1565,1558,1559,1560,1561,1562]],"id":444},{"properties":{"GEOID":"10005-35-02","precinct":"Precinct 10005-35-02","total_population":2180,"latino_percentage":52.75910846695692,"black_percentage":36.54407937626178,"other_percentage":10.696812156781306},"type":"Polygon","arcs":[[-1606,-1946,1563,1564]],"id":445},{"properties":{"GEOID":"10005-35-03","precinct":"Precinct 10005-35-03","total_population":2029,"latino_percentage":65.64536263274005,"black_percentage":14.288086745153878,"other_percentage":20.066550622106078},"type":"Polygon","arcs":[[-1567,-1611,-1927,-1944,-1948,-1605,1565,-1573,-1568]],"id":446},{"properties":{"GEOID":"10005-35-04","precinct":"Precinct 10005-35-04","total_population":3645,"latino_percentage":69.82717778540051,"black_percentage":25.56460271661126,"other_percentage":4.60821949798823},"type":"Polygon","arcs":[[-1607,-1612,1566,-1569]],"id":447},{"properties":{"GEOID":"10005-35-05","precinct":"Precinct 10005-35-05","total_population":2984,"latino_percentage":13.585366171786974,"black_percentage":48.985489236292636,"other_percentage":37.42914459192039},"type":"Polygon","arcs":[[-1959,-1941,-1929,-1615,-1609,-1844]],"id":448},{"properties":{"GEOID":"10005-35-06","precinct":"Precinct 10005-35-06","total_population":4650,"latino_percentage":39.04727353934887,"black_percentage":36.59939343814611,"other_percentage":24.35333302250502},"type":"Polygon","arcs":[[1567,-1572,-1570,-1694,-1608,1568]],"id":449},{"properties":{"GEOID":"10005-35-07","precinct":"Precinct 10005-35-07","total_population":4698,"latino_percentage":59.07180232849743,"black_percentage":8.244501393173156,"other_percentage":32.68369627832942},"type":"Polygon","arcs":[[-1617,-1695,1569,-1571]],"id":450},{"properties":{"GEOID":"10005-35-08","precinct":"Precinct 10005-35-08","total_population":3493,"latino_percentage":73.02711863638064,"black_percentage":7.785361342441528,"other_percentage":19.187520021177836},"type":"Polygon","arcs":[[1570,1571,1572,1573,1574,1575,1576,1577,1578,1579,1580,1581,1582,1583,1584,1585,1586,1587,1588,1589,1590,1591,1592,1593,1594,1595,1596,1597,1598,1599,1600,1601,1602,-1643,-1616]],"id":451},{"properties":{"GEOID":"10005-35-09","precinct":"Precinct 10005-35-09","total_population":3471,"latino_percentage":55.98838785127324,"black_percentage":4.4097944119835075,"other_percentage":39.60181773674326},"type":"Polygon","arcs":[[1603,1604,-1947,1605]],"id":452},{"properties":{"GEOID":"10005-35-10","precinct":"Precinct 10005-35-10","total_population":3604,"latino_percentage":68.6760746451671,"black_percentage":11.683700413850607,"other_percentage":19.640224940982286},"type":"Polygon","arcs":[[-1613,1606,1607,-1705,-1824,-1610]],"id":453},{"properties":{"GEOID":"10005-35-11","precinct":"Precinct 10005-35-11","total_population":1262,"latino_percentage":44.785539840794186,"black_percentage":31.45789245917797,"other_percentage":23.756567700027844},"type":"Polygon","arcs":[[1608,-1614,1609,-1823,-1822,-1821,-1820,-1826,-1835]],"id":454},{"properties":{"GEOID":"10005-35-12","precinct":"Precinct 10005-35-12","total_population":2983,"latino_percentage":36.57483724717316,"black_percentage":33.547787586946775,"other_percentage":29.877375165880068},"type":"Polygon","arcs":[[-1928,1610,1611,1612,1613,1614]],"id":455},{"properties":{"GEOID":"10005-35-13","precinct":"Precinct 10005-35-13","total_population":1787,"latino_percentage":43.316665728921734,"black_percentage":25.178269981720142,"other_percentage":31.505064289358124},"type":"Polygon","arcs":[[1615,-1674,-1680,1616]],"id":456},{"properties":{"GEOID":"10005-36-01","precinct":"Precinct 10005-36-01","total_population":3959,"latino_percentage":12.394738329177102,"black_percentage":16.308180137300003,"other_percentage":71.2970815335229},"type":"Polygon","arcs":[[-1710,-1675,-1678,-1677,-1673,1617,1618,1619,1620,1621,1622,1623,1624,1625,1626,1627,1628,1629,1630,1631,1632,1633,1634,1635,1636,1637,1638,1639,1640,1641]],"id":457},{"properties":{"GEOID":"10005-36-02","precinct":"Precinct 10005-36-02","total_population":3296,"latino_percentage":11.701512580040738,"black_percentage":73.33352518942768,"other_percentage":14.964962230531583},"type":"Polygon","arcs":[[1642,1643,1644,1645,1646,1647,1648,1649,1650,1651,1652,1653,1654,1655,1656,1657,1658,1659,1660,1661,1662,1663,1664,1665,1666,1667,1668,1669,1670,1671,1672,-1676,1673]],"id":458},{"properties":{"GEOID":"10005-36-03","precinct":"Precinct 10005-36-03","total_population":3689,"latino_percentage":20.6714186743047,"black_percentage":14.771390063906972,"other_percentage":64.55719126178832},"type":"Polygon","arcs":[[-1709,-1814,-1679,-1678,1677,1674]],"id":459},{"properties":{"GEOID":"10005-36-04","precinct":"Precinct 10005-36-04","total_population":3680,"latino_percentage":24.573400436341224,"black_percentage":33.02926677400456,"other_percentage":42.39733278965422},"type":"Polygon","arcs":[[1675,1676,1677,1678,-1813,-1690,1679]],"id":460},{"properties":{"GEOID":"10005-36-05","precinct":"Precinct 10005-36-05","total_population":4974,"latino_percentage":35.92506841490194,"black_percentage":43.62171810227119,"other_percentage":20.453213482826868},"type":"Polygon","arcs":[[-1697,-1816,-1812,1680,1681,1682,1683,1684,1685,1686,1687,1688]],"id":461},{"properties":{"GEOID":"10005-36-06","precinct":"Precinct 10005-36-06","total_population":1157,"latino_percentage":58.283693967538724,"black_percentage":31.655700061701783,"other_percentage":10.060605970759493},"type":"Polygon","arcs":[[1689,-1818,-1704,1690,1691,1692,-1706,1693,1694]],"id":462},{"properties":{"GEOID":"10005-36-07","precinct":"Precinct 10005-36-07","total_population":1599,"latino_percentage":44.99634345345651,"black_percentage":54.229062413581,"other_percentage":0.7745941329624912},"type":"Polygon","arcs":[[1695,-1701,1696,1697,1698,1699]],"id":463},{"properties":{"GEOID":"10005-36-08","precinct":"Precinct 10005-36-08","total_population":4476,"latino_percentage":15.257963372608296,"black_percentage":47.09703256009887,"other_percentage":37.64500406729283},"type":"Polygon","arcs":[[-1817,1700,1701,1702,1703]],"id":464},{"properties":{"GEOID":"10005-36-09","precinct":"Precinct 10005-36-09","total_population":2291,"latino_percentage":48.12793566189461,"black_percentage":49.29345511367901,"other_percentage":2.57860922442638},"type":"Polygon","arcs":[[-1825,1704,1705,1706,1707]],"id":465},{"properties":{"GEOID":"10005-36-10","precinct":"Precinct 10005-36-10","total_population":1429,"latino_percentage":76.6765017447232,"black_percentage":21.200716523673208,"other_percentage":2.1227817316035953},"type":"Polygon","arcs":[[-1815,1708,1709,1710,1711,1712,1713,1714,1715,1716,1717,1718,1719,1720,1721,1722,1723,1724,1725,1726,1727,1728,1729,1730,1731,1732,1733,1734,1735,1736,1737,1738,1739,1740,1741,1742,1743,1744,1745,1746,1747,1748,1749,1750,1751,1752,1753,1754,1755,1756,1757,1758,1759,1760,1761,1762,1763,1764,1765,1766,1767,1768,1769,1770,1771,1772,1773,1774,1775,1776,1777,1778,1779,1780,1781,1782,1783,1784,1785,1786,1787,1788,1789,1790,1791,1792,1793,1794,1795,1796,1797,1798,1799,1800,1801,1802,1803,1804,1805,1806,1807,1808,1809,1810,1811]],"id":466},{"properties":{"GEOID":"10005-36-11","precinct":"Precinct 10005-36-11","total_population":3925,"latino_percentage":8.559684237176963,"black_percentage":1.6731131039107279,"other_percentage":89.76720265891231},"type":"Polygon","arcs":[[1812,1813,1814,1815,1816,1817]],"id":467},{"properties":{"GEOID":"10005-37-01","precinct":"Precinct 10005-37-01","total_population":2793,"latino_percentage":12.893261144145987,"black_percentage":86.6686273561879,"other_percentage":0.43811149966612106},"type":"Polygon","arcs":[[1818,-1827,1819,1820,1821,1822,1823,1824]],"id":468},{"properties":{"GEOID":"10005-37-02","precinct":"Precinct 10005-37-02","total_population":1128,"latino_percentage":70.23949144025721,"black_percentage":23.356418342787368,"other_percentage":6.404090216955421},"type":"Polygon","arcs":[[-1836,1825,1826,1827,-1856,-1831,-1832]],"id":469},{"properties":{"GEOID":"10005-37-03","precinct":"Precinct 10005-37-03","total_population":2540,"latino_percentage":12.388192783984922,"black_percentage":23.105420777069934,"other_percentage":64.50638643894514},"type":"Polygon","arcs":[[-1855,1828,1829,-1833,1830,-1861]],"id":470},{"properties":{"GEOID":"10005-37-04","precinct":"Precinct 10005-37-04","total_population":2583,"latino_percentage":37.52179259615825,"black_percentage":45.69646365143712,"other_percentage":16.78174375240463},"type":"Polygon","arcs":[[1831,1832,1833,-2007,-1851,-1837]],"id":471},{"properties":{"GEOID":"10005-37-05","precinct":"Precinct 10005-37-05","total_population":3830,"latino_percentage":47.332397898340794,"black_percentage":32.595746471275746,"other_percentage":20.07185563038346},"type":"Polygon","arcs":[[1834,1835,1836,-1850,-1845]],"id":472},{"properties":{"GEOID":"10005-37-06","precinct":"Precinct 10005-37-06","total_population":1749,"latino_percentage":5.694658649631359,"black_percentage":33.573298353656874,"other_percentage":60.73204299671176},"type":"Polygon","arcs":[[1837,1838,-1849,1839,-1842]],"id":473},{"properties":{"GEOID":"10005-37-07","precinct":"Precinct 10005-37-07","total_population":3004,"latino_percentage":66.09922121212976,"black_percentage":13.682325683830715,"other_percentage":20.218453104039522},"type":"Polygon","arcs":[[1840,1841,1842,-1853,-1859]],"id":474},{"properties":{"GEOID":"10005-37-08","precinct":"Precinct 10005-37-08","total_population":2753,"latino_percentage":9.139312334998655,"black_percentage":44.76763875866574,"other_percentage":46.09304890633561},"type":"Polygon","arcs":[[1843,1844,-1852,-1978,-1960]],"id":475},{"properties":{"GEOID":"10005-37-09","precinct":"Precinct 10005-37-09","total_population":2525,"latino_percentage":68.74015205170795,"black_percentage":27.7083652959489,"other_percentage":3.5514826523431466},"type":"Polygon","arcs":[[1845,1846,1847,1848]],"id":476},{"properties":{"GEOID":"10005-37-10","precinct":"Precinct 10005-37-10","total_population":4330,"latino_percentage":67.65172776726692,"black_percentage":0.33452680535887097,"other_percentage":32.01374542737421},"type":"Polygon","arcs":[[1849,1850,-2006,-1979,1851]],"id":477},{"properties":{"GEOID":"10005-37-11","precinct":"Precinct 10005-37-11","total_population":3284,"latino_percentage":47.73474044188763,"black_percentage":44.4300131858653,"other_percentage":7.83524637224707},"type":"Polygon","arcs":[[1852,1853,1854,-1860]],"id":478},{"properties":{"GEOID":"10005-37-12","precinct":"Precinct 10005-37-12","total_population":4053,"latino_percentage":43.637732185128115,"black_percentage":54.819278176862774,"other_percentage":1.5429896380091108},"type":"Polygon","arcs":[[1855,1856,1857,1858,1859,1860]],"id":479},{"properties":{"GEOID":"10005-38-01","precinct":"Precinct 10005-38-01","total_population":1753,"latino_percentage":3.975533296349578,"black_percentage":24.30585521512849,"other_percentage":71.71861148852193},"type":"Polygon","arcs":[[1861,-1863,-1886,-2001]],"id":480},{"properties":{"GEOID":"10005-38-02","precinct":"Precinct 10005-38-02","total_population":1268,"latino_percentage":29.367190515503694,"black_percentage":41.55358203271233,"other_percentage":29.07922745178398},"type":"Polygon","arcs":[[-1887,1862,1863,1864,-1870,-1868,-1867,-1866]],"id":481},{"properties":{"GEOID":"10005-38-03","precinct":"Precinct 10005-38-03","total_population":2526,"latino_percentage":56.46046065725002,"black_percentage":23.945429943958267,"other_percentage":19.594109398791716},"type":"Polygon","arcs":[[-1869,-1892,-1888,1865,1866,1867]],"id":482},{"properties":{"GEOID":"10005-38-04","precinct":"Precinct 10005-38-04","total_population":1530,"latino_percentage":11.6256052794074,"black_percentage":62.08669753134827,"other_percentage":26.287697189244334},"type":"Polygon","arcs":[[1868,1869,1870,1871,1872,1873,-1876,-1875,-1878,-1889]],"id":483},{"properties":{"GEOID":"10005-38-05","precinct":"Precinct 10005-38-05","total_population":4141,"latino_percentage":1.8917836661901077,"black_percentage":0.46486351545662485,"other_percentage":97.64335281835326},"type":"Polygon","arcs":[[-1914,-1884,-1883,1882,-1882,-1881,-1880,-1879,1874,1875,1876,-1906,-1905,-1904,-1903,-1902,-1901,-1900]],"id":484},{"properties":{"GEOID":"10005-38-06","precinct":"Precinct 10005-38-06","total_population":4157,"latino_percentage":10.003607784187984,"black_percentage":87.47670291677683,"other_percentage":2.5196892990351927},"type":"Polygon","arcs":[[-1885,-1918,-1917,-1897,-1896,1895,-1895]],"id":485},{"properties":{"GEOID":"10005-38-07","precinct":"Precinct 10005-38-07","total_population":1925,"latino_percentage":62.03158266805694,"black_percentage":18.16116019368813,"other_percentage":19.80725713825493},"type":"Polygon","arcs":[[-2027,-2024,-1922,-1890,1877,1878,1879,1880,1881,-1883,1882,1883,-1913,1884,-1894]],"id":486},{"properties":{"GEOID":"10005-38-08","precinct":"Precinct 10005-38-08","total_population":1653,"latino_percentage":26.937759901702726,"black_percentage":28.00817200567161,"other_percentage":45.05406809262567},"type":"Polygon","arcs":[[-1898,-1919,-2032,-2002,1885,1886,1887,-1891]],"id":487},{"properties":{"GEOID":"10005-38-09","precinct":"Precinct 10005-38-09","total_population":1972,"latino_percentage":17.72791537997856,"black_percentage":19.607428642351792,"other_percentage":62.66465597766965},"type":"Polygon","arcs":[[1888,1889,-1899,1890,1891]],"id":488},{"properties":{"GEOID":"10005-38-10","precinct":"Precinct 10005-38-10","total_population":3427,"latino_percentage":20.99484543269927,"black_percentage":62.118796736781015,"other_percentage":16.88635783051972},"type":"Polygon","arcs":[[-1916,-1912,-1911,-1910,-1909,-1908,1892,-2018,-2028,1893,1894,-1896,1895,1896]],"id":489},{"properties":{"GEOID":"10005-38-11","precinct":"Precinct 10005-38-11","total_population":3761,"latino_percentage":7.1900468247585,"black_percentage":48.267970984099236,"other_percentage":44.54198219114227},"type":"Polygon","arcs":[[1897,1898,-1921,-1920]],"id":490},{"properties":{"GEOID":"10005-38-12","precinct":"Precinct 10005-38-12","total_population":4526,"latino_percentage":41.7328385152491,"black_percentage":36.36367281671726,"other_percentage":21.90348866803364},"type":"Polygon","arcs":[[-1915,1899,1900,1901,1902,1903,1904,1905,1906,1907,1908,1909,1910,1911]],"id":491},{"properties":{"GEOID":"10005-38-13","precinct":"Precinct 10005-38-13","total_population":2064,"latino_percentage":76.53394866896036,"black_percentage":11.715520230832192,"other_percentage":11.750531100207445},"type":"Polygon","arcs":[[1912,1913,1914,1915,1916,1917]],"id":492},{"properties":{"GEOID":"10005-38-14","precinct":"Precinct 10005-38-14","total_population":1803,"latino_percentage":75.82502383902472,"black_percentage":11.190047673664191,"other_percentage":12.984928487311086},"type":"Polygon","arcs":[[-2033,1918,1919,1920,1921,-2023]],"id":493},{"properties":{"GEOID":"10005-39-01","precinct":"Precinct 10005-39-01","total_population":3282,"latino_percentage":10.397338338471327,"black_percentage":28.606274882040136,"other_percentage":60.99638677948853},"type":"Polygon","arcs":[[-1952,-1951,-1926,-1925,1924,-1924,-1933,1922]],"id":494},{"properties":{"GEOID":"10005-39-02","precinct":"Precinct 10005-39-02","total_population":3615,"latino_percentage":54.84881033061548,"black_percentage":5.322369144701701,"other_percentage":39.82882052468282},"type":"Polygon","arcs":[[-1951,-1950,-1943,-1931,-1934,1923,-1925,1924,1925,1950]],"id":495},{"properties":{"GEOID":"10005-39-03","precinct":"Precinct 10005-39-03","total_population":2878,"latino_percentage":74.61839238174856,"black_percentage":4.393481038814365,"other_percentage":20.988126579437072},"type":"Polygon","arcs":[[-1938,-1930,-1945,1926,1927,1928,-1940]],"id":496},{"properties":{"GEOID":"10005-39-04","precinct":"Precinct 10005-39-04","total_population":2740,"latino_percentage":79.4810836195483,"black_percentage":8.34879664556718,"other_percentage":12.17011973488452},"type":"Polygon","arcs":[[-1942,1929,-1937,-1935,1930]],"id":497},{"properties":{"GEOID":"10005-39-05","precinct":"Precinct 10005-39-05","total_population":2534,"latino_percentage":79.23563851655557,"black_percentage":11.155303330623584,"other_percentage":9.609058152820849},"type":"Polygon","arcs":[[-1936,-1954,-1962,1931,1932,1933,1934]],"id":498},{"properties":{"GEOID":"10005-39-06","precinct":"Precinct 10005-39-06","total_population":4595,"latino_percentage":30.196912968554727,"black_percentage":4.679181949011606,"other_percentage":65.12390508243367},"type":"Polygon","arcs":[[1935,1936,1937,-1939,-1955]],"id":499},{"properties":{"GEOID":"10005-39-07","precinct":"Precinct 10005-39-07","total_population":1184,"latino_percentage":69.23220508142163,"black_percentage":3.616936918319444,"other_percentage":27.150858000258932},"type":"Polygon","arcs":[[-1956,1938,1939,1940,-1958]],"id":500},{"properties":{"GEOID":"10005-39-08","precinct":"Precinct 10005-39-08","total_population":1610,"latino_percentage":49.63749994978662,"black_percentage":35.57615721123772,"other_percentage":14.786342838975656},"type":"Polygon","arcs":[[1941,1942,-1949,1943,1944]],"id":501},{"properties":{"GEOID":"10005-39-09","precinct":"Precinct 10005-39-09","total_population":4405,"latino_percentage":34.576480211396486,"black_percentage":7.287465867535559,"other_percentage":58.136053921067955},"type":"Polygon","arcs":[[1945,1946,1947,1948,1949,1950,1951,1952]],"id":502},{"properties":{"GEOID":"10005-40-01","precinct":"Precinct 10005-40-01","total_population":1933,"latino_percentage":61.727451983543176,"black_percentage":24.764075418533604,"other_percentage":13.50847259792322},"type":"Polygon","arcs":[[1953,1954,1955,-1957,-1968,-1961,-1963]],"id":503},{"properties":{"GEOID":"10005-40-02","precinct":"Precinct 10005-40-02","total_population":4535,"latino_percentage":58.69817692426305,"black_percentage":28.95253903786166,"other_percentage":12.34928403787529},"type":"Polygon","arcs":[[1956,1957,1958,1959,-1977,-1986,-1971,-1970,-1969]],"id":504},{"properties":{"GEOID":"10005-40-03","precinct":"Precinct 10005-40-03","total_population":3166,"latino_percentage":39.07914877597845,"black_percentage":55.15698265364575,"other_percentage":5.763868570375799},"type":"Polygon","arcs":[[-1964,1960,-1967]],"id":505},{"properties":{"GEOID":"10005-40-04","precinct":"Precinct 10005-40-04","total_population":4110,"latino_percentage":46.37132657328686,"black_percentage":31.977660302538343,"other_percentage":21.6510131241748},"type":"Polygon","arcs":[[1961,1962,1963,-1966,-1981,-1976,1964]],"id":506},{"properties":{"GEOID":"10005-40-05","precinct":"Precinct 10005-40-05","total_population":2123,"latino_percentage":7.859392520473474,"black_percentage":74.82481036974393,"other_percentage":17.315797109782594},"type":"Polygon","arcs":[[-1982,1965,1966,1967,1968,1969,1970,-1972]],"id":507},{"properties":{"GEOID":"10005-40-06","precinct":"Precinct 10005-40-06","total_population":3854,"latino_percentage":20.920312299853432,"black_percentage":11.625471296126834,"other_percentage":67.45421640401973},"type":"Polygon","arcs":[[-1974,-1983,1971,-1985,1972]],"id":508},{"properties":{"GEOID":"10005-40-07","precinct":"Precinct 10005-40-07","total_population":1960,"latino_percentage":29.79285949636563,"black_percentage":48.055857194135555,"other_percentage":22.151283309498822},"type":"Polygon","arcs":[[1973,1974,1975,-1980]],"id":509},{"properties":{"GEOID":"10005-40-08","precinct":"Precinct 10005-40-08","total_population":2343,"latino_percentage":25.44526289509176,"black_percentage":20.75071095668793,"other_percentage":53.804026148220316},"type":"Polygon","arcs":[[-2005,-1987,1976,1977,1978]],"id":510},{"properties":{"GEOID":"10005-40-09","precinct":"Precinct 10005-40-09","total_population":2309,"latino_percentage":17.531414149807453,"black_percentage":33.52824705309153,"other_percentage":48.940338797101006},"type":"Polygon","arcs":[[1979,1980,1981,1982]],"id":511},{"properties":{"GEOID":"10005-41-01","precinct":"Precinct 10005-41-01","total_population":1255,"latino_percentage":30.05924298845664,"black_percentage":63.746356137289474,"other_percentage":6.19440087425388},"type":"Polygon","arcs":[[1983,1984,1985,-1988,-1990]],"id":512},{"properties":{"GEOID":"10005-41-02","precinct":"Precinct 10005-41-02","total_population":3294,"latino_percentage":16.25508393191387,"black_percentage":0.544846839632604,"other_percentage":83.20006922845353},"type":"Polygon","arcs":[[1986,-2010,-2011,-1993,-1991,1987]],"id":513},{"properties":{"GEOID":"10005-41-03","precinct":"Precinct 10005-41-03","total_population":2043,"latino_percentage":50.45020237884424,"black_percentage":11.884141425893525,"other_percentage":37.66565619526224},"type":"Polygon","arcs":[[1988,1989,1990,-1992,-2014,-2004]],"id":514},{"properties":{"GEOID":"10005-41-04","precinct":"Precinct 10005-41-04","total_population":2461,"latino_percentage":38.90804138533926,"black_percentage":8.453108916271894,"other_percentage":52.638849698388846},"type":"Polygon","arcs":[[-1995,-1996,-2015,1991]],"id":515},{"properties":{"GEOID":"10005-41-05","precinct":"Precinct 10005-41-05","total_population":4204,"latino_percentage":0.48372119447164685,"black_percentage":31.13818927574365,"other_percentage":68.37808952978472},"type":"Polygon","arcs":[[1992,-2013,-2009,1993,-1997,1994]],"id":516},{"properties":{"GEOID":"10005-41-06","precinct":"Precinct 10005-41-06","total_population":3234,"latino_percentage":59.52056989770318,"black_percentage":28.54159031095572,"other_percentage":11.937839791341098},"type":"Polygon","arcs":[[1995,1996,1997,1998,1999,2000,2001,-2031,-2016]],"id":517},{"properties":{"GEOID":"10005-41-07","precinct":"Precinct 10005-41-07","total_population":4051,"latino_percentage":3.4804950931547474,"black_percentage":44.204454076971345,"other_percentage":52.31505082987391},"type":"Polygon","arcs":[[-2017,-2021,-2025,-2020,2002,2003]],"id":518},{"properties":{"GEOID":"10005-41-08","precinct":"Precinct 10005-41-08","total_population":2690,"latino_percentage":58.30901523021932,"black_percentage":38.94852718842224,"other_percentage":2.742457581358437},"type":"Polygon","arcs":[[2004,2005,2006,2007,2008,-2012,2009]],"id":519},{"properties":{"GEOID":"10005-41-09","precinct":"Precinct 10005-41-09","total_population":2033,"latino_percentage":18.532810752263515,"black_percentage":32.00009887958533,"other_percentage":49.467090368151155},"type":"Polygon","arcs":[[2010,2011,2012]],"id":520},{"properties":{"GEOID":"10005-41-10","precinct":"Precinct 10005-41-10","total_population":1987,"latino_percentage":41.63814132665601,"black_percentage":23.07038287778535,"other_percentage":35.29147579555864},"type":"Polygon","arcs":[[2013,2014,2015,-2030,-2022,2016]],"id":521},{"properties":{"GEOID":"10005-41-11","precinct":"Precinct 10005-41-11","total_population":1786,"latino_percentage":72.37899167107416,"black_percentage":22.405286496383088,"other_percentage":5.2157218325427515},"type":"Polygon","arcs":[[-2029,2017,2018,2019]],"id":522},{"properties":{"GEOID":"10005-41-12","precinct":"Precinct 10005-41-12","total_population":4470,"latino_percentage":26.48745687851923,"black_percentage":59.24909405225801,"other_percentage":14.263449069222766},"type":"Polygon","arcs":[[2020,2021,-2034,2022,2023,-2026]],"id":523},{"properties":{"GEOID":"10005-41-13","precinct":"Precinct 10005-41-13","total_population":2821,"latino_percentage":27.227903337892442,"black_percentage":38.349529392637734,"other_percentage":34.42256726946982},"type":"Polygon","arcs":[[2024,2025,2026,2027,2028]],"id":524},{"properties":{"GEOID":"10005-41-14","precinct":"Precinct 10005-41-14","total_population":3124,"latino_percentage":51.827759477470785,"black_percentage":14.274252354689324,"other_percentage":33.89798816783989},"type":"Polygon","arcs":[[2029,2030,2031,2032,2033]],"id":525}],"type":"GeometryCollection"}},"bbox":[-75.78902359395984,38.45113974966796,-74.9841668261624,39.83951462822273],"transform":{"scale":[8.048648164456106e-06,1.3883887624423953e-05],"translate":[-75.78902359395984,38.45113974966796]},"arcs":[[[4290,55913],[-5,36],[-6,45],[-3,23],[-24,165],[-122,878],[-8,58],[-20,137],[-116,845],[-3,20],[-4,27],[-100,719],[-39,282],[-3,22],[-41,301],[0,1],[-20,140],[-15,111],[-65,469],[-69,498],[-30,221],[8,0],[465,18],[264,10],[29,1],[47,2],[40,1],[18,1],[10,0],[54,2],[94,4],[150,5],[25,1],[47,2],[85,1],[73,1],[26,1],[56,0],[46,1],[205,0],[27,1],[134,5],[36,1],[39,1],[254,8],[139,4],[167,5]],[[6139,60988],[28,1],[305,11],[261,9],[52,2],[93,2],[496,15],[104,3],[130,4],[111,6],[164,5],[395,14]],[[8619,61070],[306,12],[152,6],[132,6],[24,-1],[20,-1],[312,-15],[138,-6],[291,-14],[351,-16],[299,-15],[231,-11],[641,-28],[512,-23],[434,-19],[79,-3],[3,0],[3,1]],[[12637,60940],[251,-9],[7,-1],[6,0],[16,-3],[1,0],[11,-5],[12,-6],[50,-29],[2,-1],[40,-28],[1,-4],[0,-1],[1,0],[8,-6],[55,-51],[6,-4],[24,-15],[17,-16],[13,-12],[8,-4],[16,-7],[14,-6],[67,-26],[10,-4]],[[13311,60686],[41,-23],[22,-13],[2,-1],[4,-1],[6,-2],[4,-1],[14,-2],[63,-23],[4,-2],[42,-18],[3,-1],[5,-1],[18,-2],[24,0],[1,1],[17,4],[8,3],[5,0],[30,3],[46,7]],[[13699,60614],[31,-7],[27,-7],[24,0],[5,-1],[3,-1],[33,-13],[7,-5],[30,-23],[12,-4],[15,-6],[10,-7],[1,0],[2,-5],[0,-2],[12,-4],[27,-7],[17,-4],[29,-16],[35,-11],[29,-9],[11,-4],[4,-1],[34,-10],[23,-6],[22,-6],[18,-3],[9,-1],[21,-1]],[[14201,60450],[8,2],[6,1],[23,27],[13,3],[11,2],[60,-1],[31,2],[3,1],[4,1],[15,6],[52,-4],[19,0],[75,-8],[37,-2],[9,0],[44,1],[61,-2],[53,3],[26,2],[6,2],[7,8],[0,1],[4,5]],[[14799,60510],[30,7],[5,2],[44,1],[15,-2],[24,-5],[15,-2],[29,-2],[20,-3],[9,-1],[1,0],[65,-15],[4,-2],[5,-2],[31,-22],[31,-14],[20,-5],[18,-4],[25,0],[18,-1]],[[15262,60443],[23,11],[7,4],[17,3]],[[4290,55913],[23,20],[3,3],[11,8],[72,65],[18,17],[7,6],[0,2],[128,0],[108,1],[245,2],[55,3],[46,6],[52,9],[44,9],[26,8],[30,10],[19,6],[68,25],[58,18],[24,6],[20,4],[36,8],[34,5],[56,6],[83,5],[64,5],[19,1],[162,10],[11,0],[56,2],[8,-1],[67,0],[14,-1],[33,-3],[36,-4],[68,-11],[30,-6],[26,-7],[28,-8],[145,-45],[20,-7],[15,-6],[13,-6],[1,-1],[7,-4],[18,-11],[20,-13],[17,-15],[24,-18],[26,-32],[2,-6],[7,-19],[6,-12],[1,-1],[0,-1],[19,-33],[23,-31],[5,-5],[11,-12],[7,-6],[14,-8],[14,-7],[16,-6],[19,-6],[20,-5],[22,-4],[23,-3],[31,-3],[56,-1],[63,-1],[48,-1],[21,-1],[22,-4],[15,-5],[59,-24],[55,-19],[25,-9],[26,-10],[26,-4],[30,-4],[22,-2],[37,-2],[37,-1],[39,-1],[31,0],[29,3],[29,-2],[30,-2],[30,-3],[23,-4],[27,-6],[25,-7],[29,-10],[25,-9],[36,-15],[59,-27],[29,-18],[14,-11],[5,-3],[2,-1],[10,-10],[14,-18],[2,-2],[13,-18],[4,-8],[4,-7],[3,-3],[11,-8],[9,-11],[1,-1],[28,-25],[13,-10],[15,-8],[20,-11],[16,-6],[19,-6],[18,-5],[23,-5],[48,-8],[412,-57],[14,-4]],[[5127,49857],[-10,64],[-21,152],[-62,452],[-38,271],[-77,555],[-15,111],[0,1],[-4,25],[-48,352],[-14,103],[-3,29],[-17,115],[-9,68],[-15,109],[-1,3],[-5,35],[-5,37],[-26,188],[-7,52],[0,1],[-3,21],[-3,20],[-3,22],[-2,15],[-14,102],[-6,46],[-3,15],[-8,58],[-114,825],[-9,72],[-17,123],[-3,25],[-35,251],[-96,700],[-55,403],[-2,11],[-61,432],[-23,171],[-2,20],[-1,1]],[[11008,53397],[10,8],[14,12],[22,15],[16,9],[160,96],[8,4],[35,22],[67,42],[59,36],[21,13],[3,2],[157,90],[59,35],[47,27],[137,80],[46,26]],[[17336,50619],[-14,4],[-25,4],[-4,1],[-40,4],[-45,5],[-47,9],[-1,1],[-41,12],[-3,1],[-49,18],[-39,17],[-24,15],[-3,1],[-9,7],[-45,36],[-55,51],[-1,1],[-78,67],[-83,73],[-17,12],[-12,9],[-5,3],[-1,1],[-23,13],[-80,30],[-43,12],[-30,6],[-7,1],[-6,1],[-1248,190],[-87,15],[-59,11],[-42,9],[-44,10],[-50,11],[-138,38],[-95,26],[-22,6],[-94,26],[-29,7],[-30,7],[-27,4],[-55,7],[-30,1],[-28,2],[-29,0],[-34,1],[-139,-1],[-22,1],[-77,0],[-89,1],[-70,-1],[-72,0],[-54,-1],[-24,1],[-185,0],[-44,2],[-38,1],[-36,3],[-44,3],[-49,5],[-38,3],[-59,6],[-52,5],[-23,2],[-68,7],[-59,5],[-22,2],[-29,2],[-38,3],[-48,4],[-59,3],[-61,3],[-51,3],[-45,1],[-68,1],[-83,2],[-116,4],[-15,0],[-137,2],[-9,1],[-89,1],[-57,1],[-78,2],[-147,4],[-111,2],[-101,2],[-57,0],[-47,1],[-42,0],[-82,2],[-247,6],[-12,0],[-20,1],[-51,2],[-28,1],[-149,4],[-159,5],[-145,5],[-177,4],[-54,2],[-51,2],[-44,2],[-82,2],[-1,0],[-43,1],[-16,1],[-83,1],[-33,1],[-18,1],[-25,1],[-1,0],[-1,1],[-1,3],[-14,20],[0,1],[-5,5],[0,1],[-3,17],[0,1],[-12,-3],[-10,-2],[-16,-3],[-16,12],[-65,-16],[-10,-3],[-59,-3],[-35,-1],[-1,0],[3,2],[0,1],[-13,1],[-1,0],[-14,2],[-15,3],[-11,4],[-42,18],[-123,56],[-60,27],[-18,7],[-52,13],[-1,0],[8,50],[3,20],[2,7],[1,12],[0,2],[2,18],[3,17],[1,8],[1,3],[1,14],[2,15],[5,20],[5,11],[-10,3],[-4,2],[-3,2],[-3,1],[-20,12],[-14,8],[-6,3],[-11,3],[-1,1],[12,13],[12,11],[6,5],[5,3],[19,11],[20,11],[18,9],[20,8],[55,18],[16,6],[35,11],[41,13],[50,17],[76,25],[40,14],[1,0],[150,50],[449,152],[26,9],[27,11],[38,23],[14,9],[15,14],[2,2],[12,9],[10,11],[11,13],[12,27],[2,5],[1,7],[1,5],[10,71],[21,128],[7,38],[3,33],[19,71],[7,32],[7,20],[1,3],[36,61],[5,16],[52,121],[1,2],[1,4],[54,115],[16,30],[10,20],[29,60],[31,63],[2,4],[6,7],[24,34],[1,0],[9,11],[1,0]],[[11008,53397],[1,0],[19,-6],[127,-33],[77,-20],[7,-2],[266,-68],[93,-26],[146,-39],[1,-1],[207,-57],[112,-30],[148,-40],[178,-49],[128,-34],[60,-16],[76,-21],[94,-26],[38,-10],[42,-11],[60,-17],[75,-21],[231,-64],[102,-28],[168,-45],[358,-98],[144,-39],[168,-44],[36,-10],[46,-13],[92,-25],[110,-30],[40,-10],[7,-2],[56,-15],[19,-4],[17,13],[62,38],[20,14],[45,29],[47,34],[36,26],[49,41],[75,65],[15,12],[65,56],[17,16],[1,0],[3,3],[1,0],[1,1],[19,18],[23,20],[4,7],[3,5],[4,11],[5,14],[0,2],[1,10],[0,1],[1,1],[-3,10],[0,2],[-7,11],[-7,12],[-7,8],[-6,6],[0,1],[-3,2],[-10,10],[-19,18],[-75,59],[-24,20],[-3,2],[-13,12],[0,1],[-7,11],[-1,3],[-3,8],[1,12],[3,11],[2,1],[0,1],[9,13],[10,11],[10,9],[16,9],[16,7],[20,6],[18,5],[80,17],[27,6],[22,6],[23,10],[14,8],[12,9],[15,14],[1,1],[8,13],[5,11],[6,16],[23,84],[4,15],[28,100],[13,50],[8,31],[14,52],[40,148],[3,19],[1,12],[0,14],[-1,7],[-2,7],[-2,5],[-7,14],[-1,1],[-2,3],[-6,7],[-16,16],[-75,65],[33,10],[28,10],[33,11],[108,34],[51,19],[36,12],[15,3],[9,2],[14,2],[12,2],[24,3],[25,3],[15,1],[10,1],[58,2],[31,-1],[27,-3],[22,-4],[50,-10],[33,-9],[34,-5],[32,-1],[42,-2],[17,1],[18,2],[21,3],[75,13],[77,18],[20,5],[23,4],[30,4],[80,10],[175,12],[14,1],[434,38],[380,34],[34,4],[30,4],[1,0],[156,90],[58,33],[16,10],[12,5],[13,6],[27,11],[31,11],[27,7],[33,6],[468,67],[380,52],[265,37],[45,9],[19,5]],[[5127,49857],[114,36],[115,35],[187,57],[28,7],[26,8],[90,19],[-1,-1],[-38,-151],[-15,-56],[-17,-56],[-7,-24],[-94,-318],[-3,-11],[0,-1],[-1,-3],[-1,-4],[2,-8],[4,-3],[2,-1],[1,-1],[4,-3],[13,-3],[20,-6],[28,-5],[27,-3],[106,-9],[112,-10],[68,-7],[24,-4],[1,0],[7,-2],[8,-6],[3,-2],[0,-1],[29,-52],[21,-37],[12,-22],[10,-25],[13,-33],[6,-13],[1,-3],[0,-1],[1,-3],[2,-3],[16,-30],[1,-2],[14,-27],[6,-9],[3,-4],[8,-12],[11,-14],[44,-36],[38,-33],[6,-4],[19,-14],[5,-5],[1,0],[8,-7],[31,-24],[14,-10],[60,-46],[13,-11],[33,-22],[31,-18],[38,-20],[66,-34],[189,-99],[47,-24],[112,-58],[295,-155],[41,-19],[17,-5],[22,-4],[50,-12],[234,-57],[127,-30],[5,-1],[62,-15],[231,-56],[150,-34],[18,-4],[128,-32],[58,-15],[172,-42],[23,-5]],[[5757,45278],[-1,9],[-13,95],[-13,99],[-4,30],[-2,17],[-5,34],[-3,22],[-11,80],[-86,627],[-46,336],[-6,41],[-6,43],[-28,203],[-1,6],[-2,13],[-7,54],[-7,46],[-1,12],[-33,238],[0,2],[-16,110],[-7,56],[-8,52],[-2,8],[0,11],[-2,11],[-1,3],[-12,100],[-6,39],[-4,34],[-1,3],[-1,4],[-5,39],[0,2],[-5,33],[-3,23],[-2,9],[-17,130],[-18,126],[-9,66],[0,3],[-2,13],[-3,18],[-4,30],[-1,6],[0,6],[-17,118],[-5,39],[-46,326],[-5,42],[-2,12],[0,1],[-10,79],[-17,121],[-20,141],[-9,67],[-81,586],[-14,104],[0,1]],[[11963,49416],[12,3],[47,13],[167,45],[209,58],[61,17],[204,58],[497,141],[57,15],[70,19],[154,42],[125,35],[126,35],[5,1],[76,21],[39,10],[328,78],[17,4],[52,12],[19,5],[34,8],[64,14],[10,2],[61,13],[61,14],[78,18],[32,5],[41,7],[18,2],[24,3],[35,4],[45,5],[3,0],[104,7],[87,4],[239,10],[345,18],[17,0],[178,9],[192,10],[14,1],[155,8],[239,11],[105,6],[58,3],[51,5],[8,1],[7,1],[45,7],[39,8],[34,8],[28,8],[23,8],[14,6],[23,10],[14,6],[25,13],[26,16],[20,12],[54,34],[80,51],[81,51],[53,34],[45,28],[94,60],[22,11],[25,12],[12,5],[21,7],[23,6],[1,0],[1,1]],[[17336,50619],[51,11],[6,2],[32,3],[1,0],[10,2],[115,9],[54,5]],[[17605,50651],[-1,3],[-3,5],[-27,53],[-6,12],[-33,64],[-51,100],[-29,57],[-1,2],[-1,1],[-7,13],[-28,57],[-1,1],[-8,16],[-16,30],[-16,32],[-9,17],[-10,21],[-11,20],[-90,175],[-5,9],[-7,14],[-1,1],[0,1],[-2,5],[-13,28],[-24,58],[-8,22],[-8,24],[-3,12],[-1,2],[-1,8],[-1,2],[-1,10],[-26,148],[-28,173],[-7,45],[-1,0],[0,8],[-2,13],[-2,10],[1,13],[0,7],[5,29],[1,6],[6,17],[8,22],[6,9],[0,1],[35,58],[5,8],[128,197],[41,65],[1,1],[7,11],[173,265],[10,16],[1,0],[5,8],[74,118],[15,15],[30,23],[34,18],[39,21],[41,17],[13,4],[1,1],[36,11],[58,14],[18,3],[1,1],[23,4],[148,22],[53,8],[68,10],[169,24],[145,22],[92,13],[31,4],[54,4],[54,1],[53,0],[50,-1],[37,-1],[52,-5],[72,-6],[251,-29],[324,-34],[31,-4],[134,-18],[125,-13],[58,-4],[36,-1],[38,-1],[42,2],[73,7],[45,4],[32,6]],[[21890,50747],[-118,0],[-23,1],[-211,-1],[-1227,0],[-516,-1],[-326,0],[-251,-2],[-209,-2],[-165,-1],[-40,-1],[-41,-2],[-46,-3],[-59,-4],[-650,-50],[-126,-10],[-238,-17],[-38,-3],[-1,0]],[[8425,55381],[293,86],[-32,98],[-30,96],[-20,66],[-3,12],[-10,35],[-33,102],[-23,74],[-4,11],[-40,126],[-10,34],[-19,60],[-6,19],[-64,189],[0,1],[221,35],[26,6],[21,5],[43,8],[25,9],[24,11],[26,13],[83,57],[102,77],[88,60],[43,30],[21,8],[25,8],[28,6],[20,2],[40,2],[84,3],[374,10],[274,8],[316,8],[171,6],[118,5],[126,9],[117,8],[335,24],[36,3],[4,0],[179,14],[36,3],[51,5],[43,5],[35,4],[31,5],[11,1],[28,4],[104,18],[44,8],[36,7],[66,10],[32,5],[34,4],[49,3],[51,4],[92,9],[82,7],[189,17],[103,10],[36,2],[27,3],[29,5],[61,12],[80,19],[11,2],[131,29],[236,55],[1,0],[53,12],[93,22],[66,15],[53,13]],[[14839,55640],[-13,-6],[-20,-9],[-13,-5],[-14,-6],[-22,-9],[-12,-5],[-21,-9],[-3,-1],[-42,-16],[-23,-5],[-26,-6],[-3,-1],[-23,-5],[-27,-6],[-55,-8],[-2,0],[-26,-2],[-38,-3],[-40,-2],[-140,-8],[-93,-5],[-77,-4],[-4,-1],[-13,-2],[-17,-3],[-35,-8],[-3,-1],[-13,-3],[-27,-8],[-17,-6],[-58,-26],[-70,-32],[-2,-1],[-59,-27],[-146,-67],[-16,-8],[-45,-22],[-28,-17],[-50,-36],[-29,-26],[-104,-99],[-93,-96],[-103,-104],[-2,-2],[-45,-48],[-139,-147],[-46,-49],[-43,-46],[-115,-121],[-21,-21],[-40,-37],[-2,-2],[-31,-26],[-7,-7],[-9,-7],[-38,-32],[-35,-28],[-39,-29],[-1,0],[-45,-30],[-4,-3],[-10,-7],[-3,-2],[-6,-3],[-17,-10],[-6,-3],[-67,-39],[-8,-6],[-187,-108],[-40,-24],[-76,-44],[-44,-26],[-134,-79],[-45,-26]],[[11869,53914],[-112,29],[-41,10],[-78,20],[-101,23],[-55,10],[-66,11],[-3,0],[-50,9],[-70,10],[-40,5],[-17,3],[-6,1],[-18,2],[-16,2],[-28,0],[-21,-2],[-23,-2],[-33,-5],[-32,-3],[-3,0],[-56,-6],[-36,-3],[-7,-1],[-93,-9],[-39,-3],[-44,-4],[-43,-5],[-172,-19],[-48,-5],[-42,-3],[-26,1],[-22,2],[-31,3],[-28,4],[-36,7],[-62,16],[-101,24],[-114,30],[-107,30],[-22,6],[-110,28],[-67,17],[-1,0],[9,37],[13,60],[5,36],[5,26],[0,2],[-1,4],[-7,12],[-8,8],[-14,9],[-26,13],[-58,17],[-45,11],[-64,15],[-93,19],[-161,26],[-219,33],[-61,9],[-16,2],[-64,12],[-12,2],[-9,3],[-7,1],[-5,2],[-14,6],[-12,8],[-16,12],[0,1],[-2,1],[-10,10],[-42,35],[-1,2],[-12,10],[-1,1],[-13,12],[-6,5],[-1,1],[-45,38],[-128,111],[-7,6],[-46,37],[-1,1],[-3,2],[-13,17],[-4,6],[-1,3],[-15,31],[-3,6],[-6,21],[-7,28],[-19,57],[-8,17],[-1,2],[-1,0],[-1,10],[-3,18],[0,7],[1,37],[-2,46],[-1,40],[0,8],[2,70],[0,53],[1,18],[3,42],[-5,11],[-6,10],[-11,9],[-11,5],[-14,4],[-1,0]],[[19798,55081],[-93,16],[-153,26],[-23,4],[-247,42],[-271,48],[-291,47],[-18,3],[-168,30],[-83,14],[-123,19],[-321,55],[-125,21],[-343,59],[-347,58],[-415,72],[-99,17],[-51,9],[-10,1],[-126,22],[-5,0],[-24,4],[-73,15],[-54,14],[-26,5],[-29,8],[-25,6],[-11,4],[-1,0],[-15,4],[-19,6],[-69,23],[-32,11],[-16,5],[-2,1],[-16,5],[-5,2],[-2,0],[-12,-3],[-40,-25],[-6,-2],[-141,-66],[-173,68],[-229,17],[-138,10],[-122,-47],[-99,-39],[-2,2],[-1,0],[-67,-30],[-123,-56],[-54,-24],[0,6],[-4,5],[-3,11],[0,12],[3,7],[12,16],[4,6],[-33,15]],[[14839,55640],[97,45],[33,15],[20,9],[6,3],[15,6],[-145,67],[-46,22],[-1,0],[54,44],[5,5],[1,0],[8,7],[157,129],[-31,7],[-7,-6],[-71,18],[-1,0],[84,79],[1,1],[-23,5],[-8,3],[-17,4],[-16,4],[-88,23],[-61,18],[-137,39],[-190,62],[-154,50],[-94,31],[-62,22],[-5,2],[-55,24],[-40,25],[-26,19],[-22,19],[-21,20],[0,1],[-5,6],[-11,13],[0,1],[-2,3],[-8,14],[-2,3],[-11,24],[-38,92],[-80,189],[-5,9],[-11,23],[-15,23],[-1,1],[-16,22],[-3,4],[-11,13],[-20,18],[-30,24],[-27,18],[-5,4],[-23,14],[-38,22],[-68,38],[-118,68],[-4,2],[-54,31],[-4,2],[-1,0]],[[13388,57143],[31,7],[101,21],[42,10],[31,7],[57,12],[33,9],[32,12],[37,13],[50,24],[40,23],[78,47],[30,20],[30,22],[20,24],[37,43],[5,6],[11,13],[95,114],[13,9],[14,7],[19,7],[23,4],[22,3],[38,2],[113,7],[21,4],[18,6],[13,6],[14,6],[12,8],[8,10],[6,12],[-1,4],[0,10],[1,3],[0,32],[2,10],[1,3],[0,5],[2,50],[0,5],[1,19],[1,26],[0,5],[3,37],[4,61],[3,25],[0,2],[2,29],[0,5],[2,17],[7,17],[9,17],[8,13],[12,17],[11,13],[17,15],[16,14],[42,28],[31,18],[165,92],[160,90],[86,51],[20,10],[20,8],[21,7],[20,4],[27,6],[19,3],[22,2],[21,1],[26,0],[75,2],[54,-1],[48,2],[45,1],[24,2],[25,4],[23,5],[36,14],[16,6],[143,56],[176,68],[16,7],[263,100],[55,21],[200,76],[5,3],[56,22],[88,36],[99,41],[1,0]],[[16711,58900],[-132,87],[-53,35],[-61,41],[-13,9],[-204,140],[-56,38],[-5,3],[-2,2],[-10,7],[-1,0],[-118,80],[-23,15],[-12,9],[-5,2],[-8,6],[-42,29],[-69,48],[-39,27],[-31,21],[-1,0],[-14,10],[-40,29],[-34,24],[-3,3],[-10,7],[-4,3],[-6,7],[-3,2],[0,1],[-1,1],[-1,3],[-1,0],[-2,6],[-5,8],[-1,4],[-5,9],[-20,67],[0,1],[-18,57],[-19,61],[-27,87],[-12,39],[-12,38],[0,1],[-29,94],[0,1],[-37,-2],[-99,-3],[-1,0],[-18,102],[-29,160],[-4,17],[-2,11],[-1,8],[-1,2],[-8,32],[-5,25],[-9,16],[-1,2],[-19,19],[-16,10]],[[15309,60461],[11,1],[31,5],[51,-4],[20,-2],[13,2],[49,9],[42,7],[5,0],[13,4],[75,20]],[[15664,60514],[6,1],[123,13],[108,9],[32,1],[28,1],[10,1],[94,1],[35,-2],[11,-1],[10,-1],[84,-3],[120,-3]],[[16482,60533],[21,1],[7,1],[21,-1],[27,-1],[1,0],[23,-6],[27,-7],[16,-5]],[[16676,60504],[3,-1],[3,0],[24,1],[13,1],[10,3],[50,10],[1,0],[3,3],[24,18],[64,7],[22,9],[13,5],[32,0],[6,-1],[9,-1],[8,-2],[14,-3],[11,-3],[4,-1],[11,-1],[22,-1],[26,-1],[30,-6],[26,-6],[24,1],[3,0],[3,1],[43,15],[6,2],[1,1],[9,6],[17,9],[1,1],[7,3],[16,5],[34,10],[13,8],[34,26],[18,13],[11,3],[30,9],[9,19],[1,20],[18,29],[26,23],[4,4],[0,1],[1,0],[13,29],[4,10]],[[19383,60132],[-47,10],[-49,10],[-17,4],[-96,20],[-181,39],[-107,25],[-94,23],[-1,0],[-31,-3],[-26,-3],[-89,-7],[-86,-7],[-39,-3],[-19,-2],[-6,0],[-15,-2],[-7,0],[-7,-1],[-2,0],[9,12],[28,36],[9,12],[8,8],[23,25],[7,9],[5,4],[10,12],[4,4],[0,1],[1,0],[24,28],[1,1],[-125,7],[-99,34],[-110,16],[-118,49],[-520,219],[-143,59],[-27,11]],[[17451,60782],[3,9],[1,0],[1,3],[10,17],[27,21],[4,4],[1,0],[16,5],[7,0],[7,-1],[19,0],[8,2],[5,1],[16,5],[8,4],[9,3],[9,5],[132,54],[26,10],[153,57],[69,26],[2,0],[20,6],[77,27],[63,21],[10,4],[26,11],[10,5],[2,2],[5,3],[6,8],[4,6]],[[18219,61118],[1,0],[17,29],[26,38],[12,19],[40,14],[14,6],[78,4],[-2,1],[-8,6],[14,10]],[[18507,61244],[80,-1],[49,3],[5,0]],[[18661,61244],[16,-2],[67,1],[40,-1],[67,-2],[22,0],[21,-1],[24,-1]],[[18975,61238],[58,-1],[50,3],[27,3],[12,3],[1,1],[14,4],[36,8],[34,3],[18,1],[15,-2],[18,-2],[13,-4]],[[19272,61254],[23,-12],[1,-1],[2,0],[36,-5],[23,-8],[38,1],[27,1],[5,0],[9,2],[2,1],[7,3],[10,4],[21,10],[3,1],[7,3],[11,6],[4,3],[1,0],[0,1],[2,3],[1,8],[15,16],[10,1],[17,-1],[20,-5],[2,0]],[[19590,61289],[9,3],[5,4],[6,9]],[[19610,61308],[-1,0],[0,1],[-4,4],[-6,4],[-6,5]],[[19593,61326],[6,5],[6,4],[10,2],[13,2],[12,0],[15,1]],[[19669,61339],[6,-1],[5,-1],[7,-2]],[[19693,61334],[12,-2],[8,0],[22,1],[14,0],[22,6],[42,14],[157,67],[45,19],[50,21]],[[20097,61466],[2,0],[51,-2],[16,-4],[11,-3],[17,-6],[33,-11],[9,-2],[2,-1],[20,-2]],[[20284,61439],[21,10],[9,4],[16,11],[8,9],[13,13],[7,19],[0,2],[3,32],[2,3],[16,11],[22,8],[31,11],[65,27],[25,14]],[[20550,61633],[3,2],[8,6],[19,44],[15,33],[7,7],[7,6],[6,2],[4,3],[7,6],[3,3],[3,0],[48,14],[36,3],[32,2],[4,-2],[2,0],[67,7],[5,1],[3,1],[11,2],[10,2],[22,4],[7,1],[5,3],[39,22],[5,5],[4,5],[5,3],[15,8],[51,17],[28,16],[8,3],[7,2],[6,1],[8,1],[33,1],[14,-1],[8,-1],[30,-4],[36,-3],[2,0],[4,1],[38,1],[50,-10],[64,1],[5,0],[7,-1],[78,-5],[20,-2],[11,0],[27,-2]],[[21494,60843],[-91,-14],[-34,-4],[-1,0],[11,12],[66,65],[26,25],[3,3],[40,39],[-61,26],[-35,15],[-2,1],[-7,-3],[-11,4],[0,1],[-57,21],[-32,11],[-73,28],[-77,6],[-67,6],[-53,6],[-112,14],[-1,0],[-44,5],[-52,6],[-1,0],[29,50],[19,49],[0,1],[1,6],[4,36],[8,126],[3,16],[1,2],[0,1],[9,14],[22,12],[12,15],[1,1],[59,32],[11,9],[15,13],[17,24],[31,43],[26,30],[11,12],[16,13],[4,3],[4,2],[1,0],[1,2],[8,7],[13,13],[14,12],[1,1],[14,10],[22,24],[18,19],[24,18],[33,16],[95,39],[22,10],[20,12],[39,27],[30,5]],[[21487,61841],[3,0],[31,-16],[26,-16],[10,-5],[16,-10],[27,-12],[1,-1]],[[21657,61756],[5,-2],[52,-16],[50,-4],[2,-1],[37,2],[48,6],[16,4],[26,7],[68,23],[11,4],[5,3],[7,1],[9,2],[64,24],[16,3]],[[22094,61812],[1,0],[12,-2],[29,-2],[18,-4],[22,-5],[21,-7],[17,-6],[58,-15],[24,2],[23,1]],[[22319,61774],[1,0]],[[23008,61326],[-21,14],[-62,41],[-21,14],[-1,0],[-17,11],[-8,6],[-15,9],[-63,42],[-25,17],[-1,0],[-28,19],[-116,76],[-60,39],[-81,53],[-56,35],[-39,25],[-11,7],[-41,26],[-12,8],[-10,6]],[[22320,61774],[16,2],[4,1],[30,4],[22,1],[1,-1],[8,0],[20,-6],[7,-1],[22,-10],[36,-15],[7,-2],[9,-2],[8,-2],[11,-3],[4,0],[4,-2],[17,-6],[50,-10],[31,-2],[20,1],[18,2],[18,6],[30,20]],[[22748,61786],[1,0],[2,2],[5,4],[20,9],[48,15],[10,6],[21,12],[8,9],[2,4],[10,17],[17,21],[11,14],[6,4],[5,3],[23,15],[10,7],[32,14],[18,2],[11,1],[14,-1],[15,-1],[10,-2],[1,0],[8,-3],[6,-2],[11,-7],[9,-8],[3,-4],[8,-12]],[[23093,61904],[0,-2],[1,-1],[-32,-48],[-9,-14]],[[23049,61831],[-2,-21],[10,-15],[25,-17],[24,-12],[17,-8],[18,-7],[29,-10],[25,-6],[23,-6],[14,-5],[4,0],[17,-3],[3,0],[14,-3],[6,-1],[9,-1],[18,-1],[47,-2],[44,0],[9,1],[6,1],[14,1],[13,1],[26,4]],[[23476,61724],[62,24],[16,15]],[[23565,61786],[5,15],[9,32],[2,4],[1,4],[6,2],[8,3],[40,7],[3,0],[4,1]],[[23655,61854],[22,-2],[27,-2],[62,-16],[22,-2],[19,-2],[4,-1],[3,-1],[31,0],[13,4],[39,10],[17,5]],[[23922,61849],[17,2],[9,3],[5,2],[7,2],[11,3],[6,1],[9,1],[7,1],[11,2]],[[24056,61866],[0,-1],[2,0],[15,-2],[1,0],[17,-3],[20,-5],[8,-4],[7,-5],[5,-4],[1,-2],[5,-5],[3,-7],[1,0],[3,-9],[1,-9]],[[24145,61800],[2,-11],[1,-2]],[[24148,61776],[1,-3],[1,-1],[2,-5],[3,-2],[5,-4],[12,-6],[13,-4],[6,-1],[12,-3],[16,-1],[6,0]],[[24233,61746],[22,0],[20,-1],[16,7],[9,4],[3,2],[4,2],[9,9],[4,3],[10,17],[4,4],[15,12],[60,30],[10,8],[17,13],[1,1],[6,7],[6,8],[1,1],[4,14],[1,3],[0,1],[-1,15],[-1,8]],[[24453,61918],[8,23],[4,3],[1,2],[2,1],[5,3],[25,14],[21,7],[42,7],[116,8],[49,0],[62,-5],[149,-19],[3,-1],[32,-8],[35,-10],[7,-4],[25,-6],[10,-7],[11,-11],[5,-10],[0,-7],[-10,-27],[-1,-7],[-1,-2],[0,-1],[2,-5],[2,-9],[3,-8],[18,-10],[14,-5],[5,-2],[1,0],[36,-7],[35,-4],[51,-6],[35,-8],[28,-11],[25,-10],[5,0],[25,-10],[4,-1],[1,0],[35,-3],[52,6],[32,12],[30,17],[12,6],[17,9],[29,17],[1,0],[1,2],[23,8],[4,2],[13,9],[33,15],[18,7],[185,70],[38,9],[30,6],[13,4],[17,2],[171,39],[85,12],[21,6],[26,7],[10,1],[7,0],[23,5],[94,22],[4,1],[83,7],[6,1],[16,0],[14,2],[1,0],[26,5],[43,12],[25,6]],[[20470,60554],[50,32],[13,8],[4,4],[40,26],[15,11],[6,4],[1,0],[7,5],[16,6],[5,3],[19,10],[44,18],[24,10],[1,0],[18,-6],[54,-19],[18,-6],[17,-6],[37,-13],[34,-12],[1,0],[38,-13],[9,-3],[1,0],[0,-1],[5,-1],[2,-1],[3,-1],[7,-2],[8,-3],[9,-3],[72,-25],[36,-12],[2,-1],[1,0],[3,-1],[4,-1],[5,-2],[18,-6],[14,-6],[3,-1],[19,-6],[12,-4],[8,-3],[1,-1],[1,1],[3,1],[29,13],[98,45],[32,15],[36,16],[105,48],[34,16],[1,0],[33,16],[89,42],[7,3],[32,16],[-13,6],[-34,14],[-1,0],[-4,-1],[-3,-2],[-28,-13],[-16,7],[-12,5],[-7,3],[-1,1],[1,0],[12,6],[17,8],[4,2],[1,0],[-2,2],[-9,3],[-17,8],[-6,3],[-45,19],[-16,7],[-1,1]],[[21494,60843],[34,5],[9,2],[15,2],[171,30],[3,1],[8,1],[49,10],[1,0],[42,5],[132,16],[42,5],[8,3],[16,5],[7,1],[18,2],[17,3],[10,3],[8,2],[32,11],[14,4],[37,15],[31,14],[11,3],[24,10],[5,2],[1,0],[18,8],[52,22],[17,8],[1,0],[17,8],[52,21],[2,1],[16,7],[13,6],[41,18],[13,6],[1,1],[16,7],[64,32],[26,11],[76,36],[25,11],[1,1],[6,2],[30,12],[4,3],[23,11],[45,20],[52,20],[25,11],[40,15],[3,1],[34,12],[32,10],[23,7],[1,0]],[[23008,61326],[5,-3],[1,0],[4,-3],[2,-2],[12,-8],[2,-2],[21,-14],[48,-34],[23,-17],[9,-7],[28,-22],[3,-3],[22,-18],[19,-14],[11,-9],[20,-17],[3,-2],[4,-4],[8,-7],[4,-3],[9,-7],[26,-19],[4,-4],[2,-3],[8,-8],[3,-2],[22,-17],[4,-4],[5,-4],[12,-11],[39,-34],[21,-21],[23,-24],[5,-4],[11,-11],[3,-4],[8,-7],[16,-16],[4,-5],[3,-2],[5,-5],[11,-10],[0,-1],[10,-12],[23,-24],[7,-9],[3,-3],[9,-10],[4,-4],[0,-1],[6,-6],[46,-40],[16,-15],[29,-26],[31,-27],[49,-43],[7,-6],[2,-2],[1,0],[15,-14],[10,-10]],[[22911,59904],[27,9],[100,29],[1,0],[19,6],[28,7],[28,10],[32,12],[10,3],[11,5],[18,10],[2,1],[1,1],[1,0],[15,8],[20,12],[1,1],[7,4],[10,8],[28,28],[21,23],[7,8],[14,18],[1,1],[6,7],[7,8],[0,1],[3,7],[15,17],[13,15],[9,10],[5,7],[3,3],[23,28],[7,9],[23,29],[69,86],[24,29],[26,32],[77,96],[26,32],[3,4],[10,11],[2,4],[6,7],[10,13],[8,10],[53,68],[5,8],[2,2],[4,3],[16,8],[1,0]],[[23769,60662],[13,-15],[39,-46],[13,-16],[12,-14],[2,-2],[48,-56],[4,0],[14,2],[4,0],[4,1],[2,0],[9,1],[50,5],[42,3],[51,2],[43,3],[19,0],[17,1],[37,1],[19,0],[9,1],[50,0],[9,1],[32,0]],[[22911,59904],[1,0],[169,-62],[90,-34],[50,-17],[44,-12],[1,0],[93,-21],[48,-13],[130,-33],[54,-14],[66,-16],[1,0],[58,-14],[212,-50],[-1,-1],[-2,-1],[-104,-91],[-1,-1],[-61,-43],[-1,0],[-62,-47],[-2,0],[-61,-46],[-1,0],[-56,-46],[21,-5],[29,-8],[11,-3],[-1,0],[-6,-5],[-48,-36],[1,-1],[97,-29],[16,-4],[73,-17],[19,-5],[-1,0],[-10,-8],[-36,-28],[-83,-63],[1,0],[85,-32],[40,-13],[14,-1],[17,-1],[24,0],[37,1],[32,-1],[31,-3],[33,-4],[38,-4],[25,-7],[11,-12],[0,-1],[4,-10],[-2,-11],[-1,-6],[-1,0],[-93,-51],[-29,-16],[54,-23],[33,-19],[27,-20],[29,-28],[7,-9],[27,-36]],[[24858,58957],[6,1],[17,4],[5,2],[58,13],[96,22],[430,106],[27,7],[151,38],[4,0],[8,3],[4,0],[20,5],[1,0],[12,3],[37,8],[13,3],[82,19],[64,15],[67,17],[114,29],[6,1],[68,17],[7,2],[4,1],[32,7],[17,5],[13,5],[11,5],[20,11],[181,112],[80,46],[102,60],[378,214],[2,1],[176,105],[5,4],[2,0],[-9,1],[-167,27],[-7,1],[-32,4],[-196,29],[-33,6],[-52,9],[-39,7],[-29,6],[-26,6],[-68,15],[-31,6],[-27,7],[-52,13],[-31,8],[-8,2],[-32,9],[-15,4],[-105,30],[-98,30],[-48,15],[-27,11],[-14,6],[-17,8],[-28,14],[-20,12],[-110,64],[-5,3],[-287,168],[-30,16],[-7,3],[-24,10],[-2,1],[-21,7],[-31,11],[-30,8],[-44,10],[-32,8],[-19,3],[-77,11],[-5,1],[-15,1],[-20,3],[-12,1],[-3,0],[-25,2],[-83,8],[-1,1],[-29,2],[-7,1],[-21,2],[-7,1],[-10,1],[-27,2],[-9,1],[-6,1],[-8,0],[-33,3],[-58,6],[-28,3],[-50,6],[-6,0],[-26,2],[-2,0],[-5,1],[-20,0],[-3,1],[-19,0],[-6,1],[-20,0],[-7,1],[-66,7],[-42,5],[-26,2],[-60,4],[-28,1],[-44,3],[-22,1],[-44,1],[-9,0],[-18,1],[-7,0]],[[24311,60534],[-7,40],[-2,15],[-1,13],[-3,25],[0,6],[-2,21],[0,89],[1,42],[0,8],[1,24],[2,21],[0,8],[1,6],[6,57],[1,2],[0,9],[8,45],[5,28],[1,6],[1,3],[3,1],[133,21],[73,32],[81,36],[54,17],[108,46],[46,6],[28,4],[49,-6],[35,-7],[41,2],[-6,26],[-1,5],[-2,13],[-6,34],[3,14],[23,8],[54,-5],[58,-6],[88,11],[42,1],[49,-8],[35,-4],[34,-4],[32,5],[34,12],[23,6],[37,1],[54,-1],[55,-3],[54,0],[45,-10],[9,-26],[0,-21],[-1,-14],[4,-17],[1,-5],[19,-14],[21,-5],[43,0],[28,11],[40,2],[47,-2],[61,12],[53,6],[28,6],[51,3],[65,-1],[42,3],[10,2],[12,4],[9,4],[6,29],[1,5],[1,0],[11,15],[20,10],[26,6],[61,4],[70,8],[49,2],[40,0],[41,-8],[31,-5],[31,-6],[80,-10],[50,32],[37,37],[39,16],[30,3],[15,3],[16,2],[7,1],[46,6],[40,6],[29,7],[36,43],[1,0],[1,6],[6,16],[0,14],[-24,16],[-42,10],[-58,7],[-69,15],[-69,14],[-70,9],[-71,8],[-65,20],[-2,2],[-11,12],[-5,18],[0,2],[-1,2],[0,1],[3,11],[2,7],[3,12],[-10,20],[-4,7],[-53,41],[-4,7],[-7,13],[-6,16],[-5,15],[-2,5],[7,44],[18,19],[96,31],[106,15],[51,14],[20,18],[-15,17],[-11,14],[-74,46],[-32,36],[-3,3],[-2,5],[-12,36],[0,36],[17,44],[0,1]],[[26638,62108],[1,0],[23,12],[16,13],[3,2],[6,6],[44,40],[142,108],[4,8],[14,12],[13,11],[59,52],[52,46],[4,5],[3,2],[31,30],[5,8],[19,19],[17,15],[47,73],[64,70],[34,38],[7,5],[15,14],[35,36]],[[27317,62754],[11,9],[24,33],[13,26],[7,12],[-7,16],[-6,13],[-2,3],[-26,34],[-53,69],[-6,5],[-30,50],[-3,12],[-4,18]],[[27235,63055],[3,29],[2,16],[3,29],[10,11],[15,18],[10,9],[20,16],[30,21],[8,6],[81,42],[11,8],[1,0],[9,4],[16,8],[6,5],[25,10],[9,4],[4,1],[6,4],[8,8],[9,3],[18,9],[7,4],[59,21],[82,39],[13,5],[32,13]],[[27751,63409],[11,3],[52,17],[44,11],[12,2],[10,1],[42,6],[21,2],[12,1],[52,2],[15,0],[93,-2],[1,0],[36,4],[60,11],[22,5],[139,33],[34,9],[58,8],[52,7],[15,2],[22,4],[30,4],[14,2],[5,2],[20,7],[4,0],[10,2],[117,40],[111,58],[22,12],[17,10],[3,4],[19,8],[10,9],[3,3],[28,25],[16,22],[4,13],[4,15],[1,1],[-1,2]],[[28991,63777],[-1,6],[-3,27],[-49,43],[-26,16],[-41,15],[-8,1],[-11,4],[-1,1],[-17,6],[-97,30],[-45,20],[-30,20],[-1,0],[0,2],[-2,2],[-1,3],[-1,2],[-2,5],[-1,3],[3,7],[1,1],[5,7],[16,19],[72,47],[1,0],[3,4]],[[28768,64086],[2,6],[14,37],[-2,14],[-1,6],[0,3],[-1,6],[-3,6],[-2,5],[-3,5],[-10,16]],[[28757,64195],[-3,4],[-25,18],[-7,4],[-36,11],[-66,13],[-75,9],[-32,5],[-32,6],[-24,6],[-29,16],[-14,12],[-2,2],[-11,24],[-1,1],[-5,19],[-5,20]],[[28390,64386],[21,32],[10,8]],[[28461,64445],[68,21],[16,5],[1,0],[58,22],[14,9],[13,8],[21,21],[19,17],[32,43],[6,7],[6,4],[1,5],[10,15],[1,2],[7,9],[8,9],[0,1]],[[28789,64678],[2,0],[16,-2],[26,-6],[1,0],[2,-1],[37,-10],[12,-4],[8,-5],[14,-9],[22,-23],[2,-6],[3,-7],[0,-1],[2,-18],[-8,-13],[1,0],[1,-2],[16,-42],[5,-6],[8,-8],[7,-8],[24,-18]],[[28994,64486],[17,-12],[7,-5],[42,-25],[18,-8],[11,-3],[24,-9],[60,-14],[200,-18],[68,-3],[21,-1],[37,1],[6,1],[16,2],[27,11],[0,1]],[[29568,64422],[8,17],[3,7],[0,16],[-7,71],[-3,12],[-3,11],[-1,24],[7,24],[9,28],[0,1]],[[29575,64682],[-5,8],[-9,15],[-7,6],[-34,23],[-30,11],[-30,5],[-41,3],[-49,-3],[-12,-2],[-23,-2],[-35,-8],[-20,-2],[-21,0],[-39,1],[-11,3],[-32,9],[-7,4],[-18,14],[-10,9],[-5,8],[-1,2],[-3,4],[-1,3],[-8,15],[-2,6],[-3,8],[-2,11],[-1,12],[-1,4],[8,16],[8,7],[11,8],[56,35],[44,18],[18,12],[19,13],[75,30],[77,23],[4,1],[61,13],[29,3],[62,4],[36,-2],[32,-1],[86,-10],[10,-1],[1,0],[1,-1],[20,-3],[41,-8],[56,-18],[20,-8],[16,-8],[3,-1],[20,-19],[4,-22],[-5,-47],[1,-5],[3,-13],[2,-1],[3,-5],[0,-1]],[[29951,64844],[1,0],[9,-7],[9,-4],[33,-12],[9,-1],[10,-1],[45,-10],[80,-9],[132,-3],[12,-1],[9,1],[8,0],[18,2],[33,2],[19,5],[8,1],[4,2],[3,2],[22,15],[21,13],[30,35]],[[30466,64876],[14,22],[22,33],[33,43],[21,18],[25,21],[17,7],[33,13],[42,11],[18,4],[16,2],[36,6],[29,-1],[23,0],[11,-1],[31,-3],[42,-5],[24,-4],[25,-8],[1,0],[0,-1],[27,-12],[3,-1],[26,-17],[0,-1],[3,-3],[8,-10],[4,-6],[5,-6],[1,-2],[15,-29],[4,-9],[12,-22],[1,-1],[20,-25],[7,-7],[18,-10],[20,-10],[29,-11],[37,-13],[20,-6],[1,0],[9,-3],[34,-9],[26,-5]],[[31260,64815],[15,-5],[12,-3],[6,-1],[47,-9],[10,-2],[54,-8],[21,-1],[30,0],[50,5],[55,15],[18,7],[10,4],[11,5],[5,2],[0,1],[8,6],[6,5],[7,5],[0,1]],[[31625,64844],[12,26],[2,3],[1,4],[2,7],[5,17],[-2,53],[0,8],[3,13],[3,6],[27,21],[7,4],[34,16],[22,11],[39,12],[39,10],[18,5],[26,6],[81,6],[66,-6],[1,0],[44,-11],[45,-16],[57,-20],[3,0],[2,-1],[17,-5],[9,-3],[2,-1],[50,-13],[58,-8],[46,0],[41,9],[12,5]],[[32504,65056],[12,14],[7,8],[4,20],[-4,13],[-1,2],[-1,5],[-3,5],[-1,1],[-1,2]],[[32514,65128],[-5,7],[-26,26],[-20,9],[-64,26],[-21,11],[-31,23],[-2,2],[-4,5],[-9,20],[-1,1]],[[32331,65280],[5,11],[1,1],[6,12],[7,11],[14,15],[2,2],[9,7],[25,15],[28,15],[32,19],[63,19],[73,14],[40,6],[58,9],[127,11],[19,1],[44,3]],[[32941,65451],[38,-3],[42,-7],[60,-20],[28,-13],[27,-12],[40,-12],[23,-9],[3,-1],[6,-1],[13,-4],[27,-8],[10,-1],[15,-2],[12,-1],[21,3],[8,1],[2,1],[11,3],[48,22],[8,3],[26,16],[15,18],[47,42],[36,18],[17,6],[42,7],[10,2],[118,12],[43,7],[5,1],[23,3],[46,11],[26,10],[24,19],[7,9],[5,5],[6,17],[3,7],[9,41],[5,26],[3,22],[1,8],[3,23],[1,4],[8,27],[11,22],[2,3],[13,7],[12,7]],[[34024,65814],[109,18],[169,23],[27,5],[19,3],[32,8],[16,7],[30,12],[13,4],[8,2]],[[34888,66078],[102,42],[194,80],[398,164],[434,178]],[[38225,67446],[1,0],[559,-400],[162,-115],[398,-284],[145,-103],[2,-2],[13,-8],[16,-11],[2,-1],[24,-14],[20,-13],[70,-43],[71,-44],[98,-41],[67,-29],[31,-13],[8,-3],[131,-55],[4,-2],[5,-2],[137,-59],[446,-189],[220,-94],[227,-96],[782,-331],[783,-332],[63,-27],[54,-23],[10,-4],[154,-77],[25,-12],[129,-65],[122,-60],[635,-317],[290,-144],[470,-234],[250,-124],[250,-125],[205,-102],[206,-103],[298,-148],[32,-17],[1200,-594],[1068,-529],[306,-150],[61,-30],[43,-21],[64,-32],[436,-214],[315,-153],[306,-150],[137,-67],[169,-82],[377,-184],[356,-173],[184,-88],[65,-30],[244,-116],[500,-238],[261,-124],[1021,-485],[1264,-600],[762,-362],[5,-2],[85,-41],[273,-129],[35,-17],[55,-26],[261,-125],[25,-12],[759,-364],[262,-125],[197,-95],[84,-41],[306,-148],[539,-260],[169,-80],[113,-55],[119,-87],[358,-263],[119,-87]],[[24963,57109],[5,1],[2,0],[20,2],[6,1],[31,3],[24,-11],[37,-28],[47,-23],[21,-10],[111,-35],[75,-30],[40,-14],[41,-3],[33,2],[39,12],[14,17],[24,3],[23,-2],[35,-11],[17,-2],[37,-3],[91,-7],[19,0],[16,-2],[2,0],[5,-1],[46,-8],[24,4],[14,7],[9,5],[22,10],[18,4],[19,0],[21,-5],[13,-3],[38,-1],[48,7],[50,13],[54,6],[50,2],[114,0],[19,3],[42,15],[43,17],[17,17],[4,10],[17,7],[2,1],[27,3],[4,0],[64,2],[120,3],[74,4],[103,0],[49,-14],[41,-9],[75,5],[70,12],[71,1],[43,2],[32,19],[35,47],[5,13],[38,18],[47,6],[31,-2],[3,-1],[20,-5],[20,-7],[7,-3],[37,-17],[82,-31],[63,-10],[44,-1],[45,0],[66,3],[92,9],[52,5],[40,0],[52,-7],[48,-11],[48,-8],[41,0],[70,2],[7,1],[21,1],[52,5]],[[29614,54869],[29,29],[-25,11],[-35,31],[-1,0],[0,2],[-10,26],[1,4],[2,10],[0,1],[15,21],[2,4],[11,17],[28,44],[17,31],[9,17],[5,10],[17,35],[14,33],[12,42],[6,24],[0,1],[1,1],[2,17],[1,5],[4,28],[9,59],[0,2],[5,24],[5,13],[9,13],[14,13],[40,36],[47,49],[111,115],[9,9],[14,13],[16,11],[12,9],[90,59],[33,22],[14,10],[9,7],[18,15],[11,10],[23,23],[3,2],[118,114],[175,170],[11,11],[21,19],[27,32],[11,12],[8,14],[10,17],[11,15],[13,15],[48,41],[34,29],[96,80],[91,75],[62,52],[16,14],[13,11],[8,9],[3,5],[2,7],[0,7],[-2,11],[-3,10],[-13,72],[-9,49],[-2,6],[-7,37],[-3,13],[-4,22],[-6,12],[-3,5],[0,1],[-35,-5],[-10,-1],[-41,-4],[-95,-9],[-45,-3],[-163,-15],[-490,-43],[-77,-7],[-86,-8],[-87,-10],[-11,-2],[-53,-6],[-338,-67],[-212,-45],[-11,-2],[-76,-11],[-49,-5],[-17,-2],[-667,-76],[0,3],[1,3],[10,25],[40,46],[11,8],[52,24],[5,4],[20,11],[6,8],[-12,13],[-1,0],[0,1],[2,9],[10,10],[9,6],[9,5],[13,5],[11,2],[14,2],[9,3],[11,4],[10,7],[10,9],[3,7],[1,0],[-1,1],[-1,4],[-2,3],[-1,1],[-12,9],[-11,11],[-6,4],[-15,5],[-16,5],[-6,5],[-1,1],[1,2],[0,3],[14,13],[2,4],[0,1],[-4,3],[-5,1],[-13,0],[-14,-3],[-10,1],[-10,4],[-11,14],[-6,5],[-17,6],[-17,5],[-16,12],[-8,11],[-16,8],[-25,11],[-20,8],[-9,7],[-3,5],[-7,9],[-11,9],[-24,16],[-49,50],[-18,23],[-6,8],[-3,39],[12,30],[29,22],[19,16],[0,14]],[[28301,57114],[15,4],[34,10],[134,28],[74,8],[117,-6],[112,-18],[64,-13],[34,-7],[59,-4],[69,4],[39,8],[38,21],[3,1],[51,38],[45,68],[10,15],[33,36],[23,17],[36,14],[54,7],[94,-13],[49,13],[67,27],[29,31],[34,49],[4,6],[0,1],[4,14],[1,4],[10,41],[-2,6],[-14,31],[-1,2],[0,1],[5,0],[24,18],[30,21],[37,18],[53,13],[72,10],[94,7],[87,-2],[99,1],[98,-1],[49,-7],[59,-14],[66,-13],[56,-4],[62,14],[64,21],[106,15],[101,-10],[129,11],[89,-9],[1,-1],[29,-46],[-13,-77],[80,-43],[154,-1],[71,-7],[146,-12],[121,31],[62,45],[79,92],[222,56],[2,0],[213,-14],[248,-90],[19,-7],[148,-29],[103,-20],[101,-9],[69,-2],[31,-15],[1,0],[9,-25],[14,-39],[-1,0],[-74,-48],[-27,-35],[4,-13],[8,-23],[0,-2],[12,-25],[1,0],[42,-23],[87,-22],[206,-12],[206,0],[24,3],[165,17],[-1,-1],[-13,-15],[-3,-3],[-28,-33],[-34,-43],[-35,-40],[-19,-23],[-15,-17],[-19,-23],[-58,-70],[-2,-2],[-14,-18],[-5,-8],[-2,-2],[-1,-17],[-2,-16],[1,-8],[2,-24],[8,-75],[84,-37],[8,-3],[228,-96],[38,1],[166,4],[206,6],[2,0],[10,1],[12,-3],[15,0],[149,5],[11,1],[35,1],[269,8],[35,1],[-5,23],[-6,31],[-10,62],[0,4],[-10,56],[-6,36],[-1,1],[-11,63],[-12,58],[0,1],[-10,-2],[-7,36],[-6,34],[-3,22],[29,9],[40,11],[52,14],[106,27],[260,44],[204,24],[197,14],[64,16],[38,44],[13,91],[46,23],[75,12],[63,-11],[54,-19],[10,-25],[20,-48],[19,-40],[1,-2],[-2,-13],[0,-1],[13,-13],[4,0],[191,-1],[70,-2],[70,13],[55,21],[58,15],[55,4],[4,1],[43,-12],[28,-14],[62,-79],[29,-17],[1,0],[68,-1],[36,4],[76,31],[54,27],[66,18],[59,7],[114,3],[66,6],[23,8],[12,9],[-2,5],[-5,12],[-2,6],[-24,21],[-1,1],[-14,40],[5,30],[23,29],[1,0],[0,1],[43,17],[102,20],[64,3],[90,-9],[68,-18],[77,-22],[141,-35],[165,-5],[529,5],[207,11],[157,10],[12,1],[101,24],[38,24],[15,22],[9,21],[13,21],[44,24],[42,2],[43,-17],[38,-9],[66,-19],[43,-5],[46,2],[36,7],[127,18],[75,19],[101,-4],[59,-13],[195,-92],[186,-49],[115,-32],[130,-55],[206,-60],[165,-55],[195,-61],[68,-30],[120,-11],[148,19],[97,3],[76,-5],[100,-12],[89,12],[104,31],[75,14],[47,2],[200,-14],[91,-16],[63,-28],[24,-27],[5,-5],[33,-32],[16,-15],[1,0],[23,-14],[44,-24],[71,-17],[92,-8],[147,2],[157,4],[222,9],[156,10],[227,24],[306,27],[286,11],[156,10],[69,21],[28,24],[1,0],[4,83],[1,4],[10,16],[3,4],[1,0],[40,13],[77,8],[204,-5],[160,-12],[56,-11],[153,-40],[67,-38],[48,-51],[53,-47],[83,-48],[101,-65],[69,-66],[48,-65],[29,-39],[70,-95],[16,-15],[2,-1],[81,-76],[122,-88],[78,-38],[63,-22],[101,-11],[113,-1],[146,38],[106,51],[85,47],[65,50],[24,49],[0,8],[12,114],[-12,40],[-4,12],[-14,22],[-25,40],[-17,22],[-9,11],[-8,10],[0,1],[-12,26],[-12,29],[-13,57],[8,26],[2,6],[3,11],[2,2],[5,9],[14,22],[54,35],[87,35],[104,32],[109,22],[102,16],[437,8],[14,-1],[24,-1],[23,0],[1725,-78],[529,12],[1158,23],[785,17],[1297,-8],[3893,-24],[1297,-8],[158,-1],[474,0],[157,-1],[1,0]],[[58743,57201],[390,-289],[300,-222],[871,-644],[388,-287]],[[35612,52267],[-38,15],[-65,26],[-47,18],[-37,14],[-2,1],[-292,114],[-86,33],[-589,228],[-92,37],[-154,61],[-298,119],[-39,16],[-11,4],[-161,64],[-166,65],[-114,45],[-41,16],[-1,0],[-194,77],[-107,41],[-114,43],[-1,0],[-1,1],[-5,1],[-14,6],[-5,2],[-26,9],[-75,29],[-26,10],[-9,4],[-18,6],[-10,4],[-8,3],[-1,1],[-69,27],[-33,13],[-174,67],[-3,1],[0,1],[-66,25],[-16,6],[-49,19],[-16,6],[-56,24],[-30,12],[-4,2],[-256,103],[-87,35],[-35,12],[-57,20],[-35,12],[-231,91],[-6,2],[-27,11],[-57,20],[-15,7],[-46,19],[-15,6],[-125,51],[-5,3],[-45,19],[-92,41],[-3,1],[-4,2],[-53,25],[-46,22],[-40,19],[-13,7],[-56,30],[-29,16],[-31,18],[-49,28],[-6,3],[-34,19],[-35,20],[-49,30],[-33,21],[-38,25],[-3,2],[-13,7],[-4,2]],[[30090,54658],[10,3],[33,12],[9,3],[0,1],[30,10],[11,4],[35,12],[11,4],[1,0],[43,-21],[102,-49],[29,-13],[46,-19],[15,-6],[47,-19],[15,-6],[0,-1],[1,0],[28,-14],[84,-46],[29,-15],[188,-76],[23,-7],[177,-48],[59,3],[41,2],[51,0],[115,-9],[542,-32],[60,-4],[180,-11],[60,-4],[10,6],[17,9],[20,13],[38,19],[13,9],[14,6],[25,12],[41,25],[25,15],[69,42],[88,59],[32,24],[12,8],[13,14],[17,16],[36,38],[33,33],[30,26],[23,16],[22,11],[82,45],[64,31],[25,13],[157,81],[13,7],[40,22],[1,1],[9,3],[140,45],[141,46],[873,283],[35,11],[226,75],[24,9],[4,2],[0,-1],[64,-40],[3,-1],[202,-115],[69,-39],[37,-22],[35,-19],[49,-28],[20,-12],[18,-12],[22,-18],[20,-19],[24,-25],[2,-2],[21,-26],[40,-50],[1,0],[2,-3],[1,0],[2,-4],[2,-2],[11,-13],[25,-29],[6,-7],[9,-9],[32,-30],[25,-24],[47,-37],[67,-52],[64,-48],[21,-16],[2,-1],[17,-14],[73,-57],[84,-65],[18,-15],[6,-4],[28,-17],[23,-18],[22,-13],[42,-22],[16,-7],[74,-27],[92,-34],[43,-16],[116,-43]],[[32625,52354],[5,2],[12,5],[3,1],[1,0],[31,-1],[13,1],[15,4],[13,5],[13,9],[12,9],[2,2],[6,9],[11,21],[2,1],[8,8],[1,0],[0,1],[12,9],[6,3],[21,9],[4,1],[17,6],[11,3],[10,2],[12,-1],[13,-3],[3,-1],[9,-4],[0,-1],[2,0],[9,-5],[29,-15],[45,-22],[44,-23],[29,-16],[7,-4],[21,-11],[7,-4],[52,31],[22,13],[132,72],[6,3],[9,3],[19,6],[20,5],[20,3],[24,3],[3,0],[26,4],[20,5],[16,7],[6,2],[13,7],[59,-19],[12,-3],[7,-2],[23,-2],[26,0],[36,3],[30,2],[83,4],[30,-1],[6,0],[25,-2],[21,-3],[17,-4],[13,-4],[3,0],[11,-6],[12,-6],[0,-1],[3,-1],[7,-5],[8,-10],[0,-2],[9,-13],[6,-23],[0,-2],[2,-6],[1,-4],[3,-7],[2,-7],[3,-6],[1,-1],[0,-1],[3,-6],[5,-6],[10,-5],[15,-6],[12,-4],[4,-1],[17,-7],[6,-2],[17,-7],[10,-4],[47,-19],[25,-15],[4,-2],[15,-9],[8,-5],[37,-17],[7,-3],[9,-4],[16,-8],[5,-2],[24,-12],[19,-10],[14,-6],[3,-2],[12,-5],[53,-30],[195,-107],[5,-4],[12,-7],[25,-25],[8,-6],[6,-5],[4,-4],[23,-18],[1,0],[12,-11],[8,-7],[32,-18],[20,-8]],[[36174,54331],[33,-12],[100,-36],[32,-13],[200,-73],[2,0],[351,-128],[246,-91],[198,-74],[1,0],[25,-9],[74,-27],[24,-9],[13,-5],[37,-13],[11,-5],[18,-6],[4,-1],[61,-23],[21,-7],[17,-7],[37,-13],[13,-4],[17,-5],[20,-6],[32,-9],[32,-6],[1,0],[29,-5],[2,0],[33,-4],[54,-4],[151,-7],[92,-5],[244,-12],[35,-2],[26,-1],[1,0],[46,-1],[47,-3],[69,-6],[37,-4],[40,-6],[38,-6],[51,-9],[99,-26],[191,-47],[54,-14],[96,-23],[0,1],[6,8],[7,22],[19,30],[17,18],[21,21],[20,16],[18,11],[19,8],[7,7],[17,20],[24,31],[6,10],[7,20],[7,8],[25,16],[8,9],[5,2],[18,3],[12,4],[10,4],[5,4],[2,10],[12,3],[6,1],[18,-1],[6,2],[5,2],[7,13],[3,2],[6,1],[17,-3],[15,1],[6,1],[33,14],[8,7],[3,4],[1,5],[-2,4],[1,3],[8,10],[7,5],[2,4],[-2,4],[-7,7],[-1,3],[-1,2],[1,6],[3,3],[16,10],[6,5],[5,9],[22,10],[3,2],[16,9],[41,10],[6,1],[27,0],[7,2],[6,1],[8,6],[4,13],[5,3],[7,1],[9,2],[14,0],[5,-1],[19,-8],[9,-1],[6,0],[4,1],[3,3],[1,9],[0,1],[2,1],[5,1],[7,-1],[23,-7],[6,2],[13,7],[8,2],[10,1],[23,-3],[7,1],[36,12],[34,3],[13,4],[8,5],[8,7],[7,8],[11,11],[21,2],[36,-1],[26,4],[33,12],[14,3],[8,1],[53,3],[29,5],[23,4],[16,5],[72,25],[27,8],[30,5],[29,4],[47,4],[91,28],[32,11],[8,2],[22,3],[19,2],[49,0],[19,2],[14,1],[24,8],[12,5],[29,19],[6,3],[67,16],[133,18],[147,29],[172,35],[85,19],[89,6],[169,-7],[14,-3],[27,-2],[28,-2],[249,-13],[119,-2],[38,0],[85,17],[16,3],[63,4],[76,-5],[43,-4],[85,-6],[40,-1],[17,0],[65,3],[54,-5],[64,-11],[78,-22],[39,-5],[50,4],[34,6],[26,1],[12,-2],[43,-14],[19,-10],[32,-4],[38,0],[20,8],[1,1],[-4,30],[0,1],[29,30],[58,19],[52,10],[25,5],[82,18],[52,-2],[59,-8],[43,-2],[43,4],[126,83],[84,49],[24,9],[58,-9],[83,-16],[14,-2],[43,-7],[24,-2],[59,7],[60,11],[32,4],[27,14],[-1,43],[-14,24],[-13,21],[-12,17],[-1,0],[-1,25],[0,1],[20,50],[50,37],[27,11],[1,0],[335,-47],[169,-1],[234,13],[153,17],[8,3],[5,4],[1,1],[3,6],[4,6],[3,9],[14,43],[4,5],[12,9],[7,4],[96,29],[11,5],[51,25],[18,10],[49,37],[8,5],[13,7],[14,6],[77,25],[44,18],[21,11],[118,66],[33,20],[32,25],[97,81],[68,44],[10,8],[9,7],[20,24],[6,5],[7,5],[24,10],[19,10],[14,8],[23,15],[21,8],[5,3],[16,18],[9,7],[15,6],[24,8],[3,2],[13,20],[13,7],[13,5],[9,8],[13,10],[11,4],[43,14],[27,12],[43,22],[24,11],[31,12],[50,14],[11,3],[21,1],[26,2],[31,-1],[45,5],[42,4],[36,2],[32,1],[58,-1],[134,2],[35,-1],[6,1],[25,0],[86,-5],[106,-4],[0,67],[427,6],[1434,19],[386,4],[1206,13],[631,7],[66,1],[66,0],[1835,17],[5507,47],[1234,11],[600,2]],[[60692,55759],[2,-1],[635,-475],[267,-198],[311,-232],[58,-43],[9,-7],[69,-51],[424,-317],[429,-320],[929,-694],[62,-46],[384,-286],[444,-332],[1099,-821],[91,-68],[351,-262],[836,-626],[0,-5],[22,-16],[65,-48],[21,-15]],[[35574,52259],[7,1],[17,4],[6,1],[7,2],[1,0]],[[35612,52267],[47,9],[11,2],[58,10],[72,12],[14,2],[33,6],[77,13],[230,41],[76,14],[1,0],[71,13],[9,2],[11,4],[15,4],[33,14],[19,10],[113,67],[60,35],[25,15],[74,44],[26,14],[14,9],[42,25],[14,9],[12,6],[23,13],[10,7],[2,1],[8,5],[1,0],[7,4],[27,16],[30,18],[-18,7],[-188,68],[-10,-4],[-19,15],[-25,21],[-77,66],[-81,70],[-7,6],[-8,6],[0,1],[1,0],[91,50],[1,0],[-97,91],[-47,35],[-160,59],[-77,-45],[-331,123],[-50,4],[-562,2],[-297,2],[-66,1],[-117,-39],[-39,21],[-165,88],[-125,66],[-79,43],[-1,11],[-2,54],[-178,10],[-2,0],[122,44],[88,31],[493,181],[64,23],[5,2],[64,23],[207,77],[0,1],[29,10],[1,0],[16,6],[72,26],[29,11],[47,18],[106,38],[38,15],[11,3],[29,12],[7,3],[34,15],[15,7],[86,36],[34,15],[32,14],[98,42],[32,14],[55,23],[18,8],[146,66],[53,24],[1,0]],[[19383,60132],[153,-32],[139,-28],[1,0],[19,-4],[15,-3],[42,-10],[18,-4],[6,5],[21,17],[7,5]],[[18465,57697],[-9,3],[-9,4],[-124,83],[-413,280],[-82,55],[-56,37],[-53,35],[-98,65],[-58,40],[-52,35],[-2,2],[-12,8],[-61,43],[-69,49],[-237,168],[-154,109],[-130,93],[-27,18],[-49,35],[-31,22],[-27,18],[-1,1]],[[16711,58900],[59,23],[44,18],[1,0],[-111,81],[-1,1],[98,28],[-38,22],[-1,1],[55,15],[1,1],[-45,24],[-14,7],[526,206],[-66,100],[0,1],[89,20],[16,3],[26,4],[18,3],[147,14],[31,4],[95,13],[25,5],[33,6],[51,16],[28,11],[45,22],[29,23],[22,19],[16,17],[40,45],[31,20],[13,7],[5,2],[24,4],[76,13],[111,12],[153,19],[62,5],[75,6],[82,-4],[31,-5],[47,-6],[26,0],[48,10],[9,2],[72,17],[85,18],[84,16],[35,5],[14,0],[56,47],[15,13],[73,60],[155,149],[51,49],[20,20]],[[21009,58922],[-506,485],[-18,18],[-2,1],[-4,5],[-3,2],[0,1],[-5,4],[-8,8],[-21,20],[-410,393],[-30,29],[-50,48],[-28,27],[-120,114],[0,1]],[[19804,60078],[5,4],[14,11],[4,4],[118,93],[53,37],[198,138],[26,18],[60,40],[7,4],[77,55],[28,19],[43,30],[33,23]],[[20470,60554],[2,0],[10,-2],[17,-5],[12,-4],[13,-3],[11,-4],[9,-2],[9,-3],[9,-2],[9,-3],[4,-1],[43,-14],[25,-6],[24,-8],[7,-1],[125,-34],[51,-15],[303,-91],[22,-6],[92,47],[118,61],[1,1],[13,-5],[21,-6],[24,-8],[1,-1],[4,-1],[3,-1],[5,-2],[56,-18],[73,-25],[33,-11],[92,-31],[15,-5],[232,-84],[1,0],[22,-8],[26,-10],[62,-24],[9,-4],[4,-1],[12,-5],[14,-5],[10,-4],[47,-17],[7,-3],[2,-1],[4,-1],[15,-6],[16,-6],[209,-78],[62,-23],[40,-15],[64,-23],[54,-21],[11,-4],[29,-11],[1,0],[44,-17],[1,-1],[95,-34],[46,-17],[8,-4],[26,-9],[12,-5]],[[22911,59904],[-2,0],[-4,-2],[-4,-1],[-2,0],[-80,-24],[-199,-58],[-25,-7],[-18,-5],[-6,-2],[-13,-4],[-6,-3],[-10,-3],[-15,-6],[-9,-4],[-1,0],[-9,-4],[-2,0],[-1,-1],[-8,-5],[-15,-7],[-1,-1],[-5,-3],[0,-1],[-1,0],[-6,-4],[-1,-1],[-9,-6],[-16,-12],[-57,-43],[-68,-48],[-21,-15],[-17,-13],[-1,0],[-98,-73],[-45,-34],[-41,-30],[-1,-1],[-112,-79],[-12,-6],[-224,-113],[-63,-32],[104,-41],[60,-25],[158,-67],[64,-26],[127,-51],[237,-93],[4,-2],[13,-5],[1,0],[156,-66],[146,-63],[101,-42],[0,-1],[13,-6],[37,-16],[27,-12],[108,-49],[1,-1],[72,-28],[55,-21],[17,-7],[26,-11],[18,-7],[12,-5],[46,-20],[22,-10],[3,-1]],[[23311,58577],[60,26],[180,79],[21,9],[39,17],[19,9],[28,12],[26,11],[1,1],[2,0],[19,8],[9,3],[19,6],[28,10],[2,0],[28,7],[57,10],[61,11],[91,13],[99,14],[1,0]],[[24101,58823],[73,11],[79,13],[97,16],[28,4],[190,34],[46,8],[28,5],[6,2],[54,10],[6,1],[128,25],[15,3],[6,2],[1,0]],[[24858,58957],[0,-1],[6,-8],[6,-7],[1,-2],[10,-14],[30,-39],[13,-18],[0,-1],[47,-61],[14,-20],[125,-168],[11,-15],[3,-4],[7,-12],[2,-3],[7,-11],[4,-11],[2,-5],[0,-1],[1,-2],[7,-22],[2,-14],[0,-3],[5,-120],[2,-40],[1,-40],[5,-119],[1,-11],[0,-29],[1,0],[0,-10],[2,-29],[2,-34],[4,-75],[1,-8],[0,-2],[1,-21],[1,-16],[0,-8],[1,-4],[0,-6],[-1,-19],[-2,-20],[0,-7],[-1,-5],[-1,-9],[-2,-9],[-10,-43],[-3,-15],[-1,-3],[-12,-45],[-1,-6],[-13,-41],[-13,-28],[-2,-5],[-5,-12],[-14,-36],[-4,-11],[-20,-62],[-8,-16],[-24,-49],[-9,-16],[0,-1],[-12,-30],[-39,-93],[-13,-30],[-20,-45],[-10,-22],[-10,-27],[-4,-28],[0,-18],[4,-21],[3,-16],[0,-1],[1,-2],[3,-7],[0,-2],[3,-8],[5,-5],[4,-7],[5,-6],[2,-3],[2,-2],[2,-3]],[[21972,57964],[4,2],[5,1],[33,11],[29,11],[60,20],[17,6],[28,12],[64,34],[6,3],[34,15],[0,1],[22,10],[13,7],[229,109],[63,31],[35,18],[24,13],[6,3],[1,1],[49,26],[3,2],[116,52],[1,0],[6,3],[142,70],[60,29],[29,12],[26,11],[78,31],[2,1],[7,3],[17,7],[8,3],[19,9],[77,34],[26,12]],[[18465,57697],[40,36],[115,117],[19,19],[23,18],[20,17],[38,26],[71,46],[390,225],[63,37],[78,45],[28,16],[50,32],[36,31],[8,9],[1,0],[37,-1],[82,0],[91,2],[8,0],[44,3],[18,2],[22,4],[56,11],[104,24],[4,1],[60,16],[43,12],[40,13],[32,13],[346,168],[165,81],[83,40],[247,121],[82,41]],[[21009,58922],[199,-190],[44,-42],[313,-307],[23,-22],[25,-25],[11,-16],[31,-44],[139,-136],[164,-163],[14,-13]],[[21972,57964],[23,-22],[62,-57],[68,-67],[105,-104],[73,-69],[70,-67],[144,-140],[227,-215],[52,-50],[4,-4],[23,-24],[4,-4]],[[20209,55543],[7,13],[4,15],[7,14],[1,3],[0,2],[2,7],[2,10],[3,24],[0,1],[1,22],[0,4],[-1,29],[0,14],[-1,11],[0,6],[-2,4],[-1,1],[-1,5],[-5,9],[-6,7],[-3,5],[-7,10],[-35,41],[-10,10],[-17,20],[-45,59],[-8,10],[-34,44],[-16,19],[-30,37],[-13,12],[-15,12],[-6,4],[-2,2],[-5,3],[-1,1],[-27,19],[-44,27],[-13,8],[-15,10],[-8,5],[-47,27],[-19,13],[-56,39],[-7,4],[-48,33],[-60,36],[-22,9],[-27,10],[-23,7],[-9,1],[-23,5],[-50,6],[-10,2],[-1,0],[-37,6],[-46,6],[-42,8],[-38,14],[-30,10],[-42,19],[-30,20],[-26,18],[-20,20],[-1,0],[-12,21],[-3,7],[-1,2],[-1,1],[-7,21],[-2,4],[-6,21],[-30,98],[-14,44],[-17,55],[0,1],[-153,-10],[-460,-30],[-73,-5],[-54,-2],[-45,0],[-32,1],[-107,7],[-40,3],[-49,5],[-28,2],[-12,1],[-63,6],[-14,1],[-29,2],[-9,0],[-22,2],[-8,0],[-54,3],[-39,2],[-77,3],[-46,2],[-54,3],[-56,2],[-53,1],[-83,3],[-98,4],[-21,1],[-124,3],[-65,2],[-43,1],[-1,0],[35,27],[106,81],[35,27],[45,34],[134,103],[14,11],[30,23],[17,13],[152,96],[21,14],[506,302],[71,43],[50,34],[31,22],[15,11],[21,17],[13,13],[80,82],[11,11],[7,8],[9,7],[15,15],[1,0]],[[21097,53799],[-96,20],[-289,60],[-62,12],[-16,4],[-11,3],[-4,2],[-1,0],[-4,1],[-49,25],[-2,1],[-14,6],[-12,3],[-14,3],[-19,1],[-16,1],[-118,5],[-56,3],[-91,2],[-15,1],[-18,2],[-22,4],[-119,36],[-122,36],[-14,4],[-52,14],[-31,14],[-19,12],[-8,6],[-3,3],[-1,0],[-1,1],[-1,2],[-9,9],[-1,0],[-2,3],[-11,14],[-39,60],[-23,35],[-11,14],[-1,0],[-11,7],[-16,8],[-34,10],[-34,9],[-81,20],[-12,3],[-44,10],[-1,0],[-99,23],[-35,8],[-68,17],[-16,5],[-17,6],[-30,15],[-193,99],[-81,43],[-1,0]],[[18927,54504],[33,10],[9,5],[7,3],[70,36],[78,48],[61,39],[330,197],[17,12],[20,12],[40,35],[61,51],[115,97],[30,31],[0,1]],[[19798,55081],[6,8],[10,12],[11,13],[7,9],[28,31],[83,93],[28,31],[39,42],[117,125],[39,43],[9,10],[29,30],[5,15]],[[20209,55543],[1,0],[103,13],[25,4],[186,26],[195,31],[33,5],[95,14],[1,0],[244,36],[72,10],[134,18],[428,64],[22,4],[145,20],[127,18],[94,13],[86,12],[25,4],[5,0],[1,1],[40,5],[12,2],[91,13],[12,2],[45,7],[2,0],[10,1],[15,3],[39,6],[8,1],[6,0],[9,2],[116,17],[7,1],[4,1],[7,1],[83,12],[73,12],[6,0],[1,1],[7,0],[28,5],[4,0],[2,1],[4,0],[18,3],[377,56],[188,28],[4,0],[5,1],[75,11],[2,1],[126,18],[3,0],[22,4],[5,1],[10,1],[26,4],[244,35],[1,0]],[[22827,57141],[122,-23],[1,0],[194,-12],[360,-21],[270,15],[259,12],[286,2],[297,2],[293,2],[4,0],[0,-2],[-1,-5],[-1,-1],[10,-1],[42,0]],[[24963,57109],[0,-1],[1,0],[2,-1],[1,-2],[10,-11],[10,-10],[1,-2],[2,-1],[4,-4],[83,-81],[19,-19],[10,-9],[0,-1],[178,-168],[41,-39],[24,-24],[242,-241],[59,-59],[26,-25],[43,-41],[35,-32],[52,-49],[182,-171],[6,-5],[0,-2],[1,0],[8,-8],[7,-8],[9,-11],[10,-10],[6,-7],[5,-5],[30,-33],[4,-5],[16,-18],[30,-33],[16,-19],[3,-3],[11,-13],[27,-32],[30,-36],[7,-7],[8,-10],[7,-8],[14,-19],[43,-55],[14,-18],[3,-3],[20,-25],[3,-4],[11,-15],[4,-5],[3,-3],[7,-10],[21,-27],[10,-12],[4,-5],[6,-8]],[[26336,54579],[-296,189],[-1,1],[-449,290],[-1,0],[-75,46],[-1,0],[-338,218],[-1,1],[-12,-4],[-6,-1],[-8,8],[-43,29],[-161,110],[-37,25],[-5,4],[-1,0],[-2,2],[-6,4],[-2,1],[-1,1],[-8,5],[-11,9],[-14,9],[-12,8],[-2,2],[-4,2],[-28,18],[-22,13],[-4,3],[-14,9],[-5,3],[-160,101],[-282,177],[-41,25],[-157,103],[-121,79],[-36,23],[-1,0]],[[23968,56092],[3,1],[11,1],[2,0],[1,1],[-2,1],[-45,24],[-106,69],[-69,49],[-29,21],[-88,73],[-99,99],[-38,35],[-1,1],[-29,28],[-89,86],[-2,2],[-14,21],[-2,1],[-545,536]],[[30090,54658],[1,-1],[82,-48],[147,-102],[30,-21],[4,-2],[5,-4],[26,-18],[33,-23],[68,-48],[2,-2],[16,-11],[20,-13],[8,-5],[2,-2],[7,-4],[25,-15],[10,-7]],[[30576,54332],[-8,0],[-3,1],[-33,0],[-70,2],[-42,2],[-36,1],[-76,0],[-29,-2],[-32,-3],[-34,-3],[-45,-6],[-1,0],[-27,-4],[-30,-5],[-34,-8],[-19,-5],[-17,-4],[-55,-16],[-246,-72],[-161,-49],[-42,-13],[-41,-12],[-209,-61],[-61,-20],[-54,-20],[-52,-24],[-49,-25],[-65,-27],[-8,-5],[-11,-5],[-1,0],[-9,-3],[-11,-6]],[[27064,53293],[2,2],[11,3],[3,2],[67,24],[73,26],[119,46],[6,3],[30,12],[37,13],[19,7],[6,1],[56,16],[15,4],[5,2],[2,0],[14,4],[17,4],[31,7],[11,2],[5,1],[6,1],[13,2],[3,1],[6,1],[14,2],[36,7],[6,1],[1,0],[13,2],[1,1],[6,0],[19,3],[6,1],[6,0],[11,2],[1,0],[10,2],[35,4],[49,8],[26,5],[23,6],[3,1],[17,4],[1,0],[14,5],[3,0],[2,2],[7,3],[0,1],[4,2],[1,0],[3,3],[2,1],[4,3],[0,2],[10,12],[0,1],[4,7],[1,1],[1,2],[4,14],[-3,6],[-1,4],[-3,5],[-3,4],[-3,3],[-30,5],[-12,0],[-35,-5],[-10,-2],[-1,0],[-10,-6],[-344,223],[-479,307],[-1,0],[-2,-1],[-11,-3],[-3,-1],[-12,7],[-9,6],[-2,1],[-68,42],[-23,15],[-27,17],[-24,16],[-152,98],[-50,33],[-66,43],[-143,91],[-48,30],[-4,3],[-5,3],[-64,43],[-1,1],[8,2],[12,4]],[[26336,54579],[9,3],[42,18],[11,4],[82,32],[42,13],[19,5],[31,8],[20,4],[1,0],[38,6],[66,11],[279,45],[28,5],[0,1],[6,1],[5,0],[91,16],[-5,5],[-8,7],[-13,12],[-23,25],[-4,3],[-1,2],[-12,12],[-3,4],[0,1],[-1,0],[-4,4],[-8,9],[-2,4],[-5,5],[-2,3],[-3,3],[-7,10],[-71,92],[-40,51],[-2,3],[-91,107],[-2,3],[-15,17],[-11,14],[-53,69],[-7,9],[-27,36],[-1,0],[-4,6],[-8,9],[-5,7],[-12,15],[0,1],[-1,1],[-9,11],[-4,6],[-6,6],[0,1],[-15,20],[-3,3],[-2,4],[-1,0],[-10,13],[-2,4],[-52,65],[-1,2],[-1,1],[-5,7],[-3,3],[-12,15],[-13,18],[-5,5],[-3,5],[-2,2],[-5,7],[-7,9],[-9,12],[-70,88],[-16,20],[-7,8],[0,1]],[[26392,55636],[3,1],[2,0],[13,6],[4,2],[1,0],[102,47],[57,25],[50,24],[111,61],[30,17],[57,31],[33,20],[29,17],[1,1],[5,3],[14,8],[5,3],[1,0],[38,-21],[62,-31],[19,-10],[49,-24],[9,-4],[18,-9],[88,-43],[28,-14],[70,-31],[64,-28],[95,-42],[190,-76],[12,-5],[60,-24],[29,-10],[61,-23],[49,-18],[874,-307],[406,-144],[331,-116],[152,-53]],[[29614,54869],[1,0],[5,-3],[17,-6],[6,-2],[15,-6],[51,-20],[29,-11],[52,-19],[80,-33],[39,-19],[33,-14],[30,-15],[36,-19],[9,-5],[36,-18],[24,-13],[13,-8]],[[21097,53799],[48,46],[10,11],[26,22],[18,15],[20,14],[42,25],[67,34],[11,6],[58,29],[1,1],[1,-1],[3,0],[55,-16],[33,-8],[127,-22],[4,-1],[28,0],[39,2],[72,-3],[47,-10],[53,-2],[30,-7],[14,-4],[42,-8],[19,0],[41,7],[9,0],[62,-12],[36,-10],[31,-9],[54,-11],[28,1],[39,5],[4,0],[4,-1],[14,-8],[35,-17],[0,-2],[1,-1],[-1,-4],[-4,-27],[5,-5],[2,-1],[6,-5],[1,0],[9,-4],[48,-13],[8,-3],[4,-3],[13,-13],[43,-22],[8,-3],[17,-4],[40,-10],[48,-5],[101,-14],[23,-2],[45,-5],[73,-14],[17,-3],[55,-1],[59,5],[65,-4],[56,2],[25,-2],[36,-6],[19,-4],[21,1],[49,7],[159,7],[119,9],[86,9],[19,2],[69,7],[185,27],[44,-1],[1,0],[83,-1],[46,4],[50,10],[13,2],[34,2],[47,2],[42,7],[80,19],[30,5],[13,0],[55,2],[27,5],[110,14],[57,3],[44,5],[20,6],[20,14],[2,3],[1,11],[14,7],[45,18],[13,2],[43,0],[24,2],[23,11],[44,15],[15,13],[7,11],[0,1],[11,6],[45,3],[13,6],[8,1],[18,1],[116,-10],[26,0],[21,2],[10,2],[23,7],[7,1],[39,0],[29,3],[19,5],[45,14],[36,17],[23,6],[31,17],[37,16],[8,2],[1,1],[19,5],[52,5],[61,7],[3,0],[6,1],[10,0],[25,-1],[35,-3],[1,0],[67,-14],[19,-3],[8,0],[14,2],[26,7],[12,4],[29,3],[42,-4],[2,0],[16,-2],[59,-9],[2,0],[22,-13],[23,-11],[22,-11],[9,-5],[21,-16],[2,0],[2,-2],[17,-16],[20,-24],[12,-6],[65,-28],[1,0],[2,-2],[13,-8],[12,-11],[42,-35],[11,-7],[-1,0],[-22,-8],[-68,-24],[-22,-8],[-2,-2],[-6,-4],[-6,-5],[-5,-5],[-4,-6],[-5,-13],[-1,-6],[4,-12],[9,-12],[11,-8],[7,-4],[12,-8],[191,-86],[53,-24],[16,-8],[79,-38],[116,-55],[18,-9],[3,-1],[0,-1],[27,-13],[2,-1],[11,-5],[4,-1],[2,-2],[8,-4],[5,-2],[8,-4],[7,-4],[8,-3],[21,-11],[1,0],[54,-27],[15,-8],[69,-36],[104,-55],[22,-12],[7,-4],[26,-16],[14,-7],[4,-3]],[[22959,51416],[-37,52],[0,1],[-7,9],[-25,34],[-4,6],[-45,62],[-9,12],[-10,15],[-2,5],[-8,12],[-2,5],[0,1],[-1,0],[-6,23],[0,2],[2,8],[4,14],[0,1],[2,7],[0,1],[1,3],[11,18],[19,36],[17,28],[9,20],[0,9],[-2,4],[-1,6],[0,3],[-11,21],[-5,8],[0,1],[-19,33],[-7,14],[-35,64],[-4,6],[-2,5],[-7,15],[-1,4],[-3,15],[0,2],[2,11],[1,10],[1,9],[1,17],[3,32],[3,31],[2,12],[5,58],[7,72],[4,43],[-127,15],[-49,5],[-204,20],[-132,14],[-7,0],[-121,14],[-283,30],[-49,2],[-51,-1],[-13,0],[-9,-1],[-10,0],[-83,-9],[-43,-4],[-47,-2],[-60,2],[-128,7],[-135,7],[-42,1],[-13,6],[-37,14],[-13,5],[-121,63],[-69,36],[-222,114],[-272,142],[-73,40],[-187,99],[-1,1]],[[20199,52916],[42,8],[37,9],[5,2],[12,3],[8,3],[53,16],[54,25],[24,13],[49,39],[2,1],[23,23],[20,23],[1,2],[13,25],[17,36],[26,45],[16,27],[37,71],[7,15],[0,1],[4,7],[17,31],[7,14],[11,19],[12,25],[16,25],[14,16],[14,17],[30,32],[139,129],[69,69],[1,0],[118,112]],[[26109,51998],[-40,34],[-22,22],[-16,17],[-14,15],[-15,14],[-13,14],[-8,9],[-10,10],[-3,4],[-5,5],[-23,25],[-2,2],[-11,10],[-9,9],[-12,11],[-30,25],[-43,29],[-11,7],[-14,11],[-31,17],[-1,0],[-31,17],[-38,20],[-52,22],[-42,18],[-68,27],[-109,46],[-39,16],[-40,18],[-23,11],[-3,1],[-3,2],[-5,2],[-7,5],[-23,13],[-30,22],[-16,12],[-1,0],[-6,7],[-8,8],[-14,13],[-14,20],[-6,9],[-1,3],[-1,0],[0,1],[-2,2],[1,0],[277,97],[16,6],[308,109],[104,37],[59,23],[7,3],[19,9],[10,7],[6,5],[4,6],[12,14],[10,14],[2,6],[3,4],[4,6],[15,12],[14,10],[27,14],[44,12],[8,3],[1,0],[49,12],[6,1],[51,13],[44,10],[73,15],[18,5],[38,8],[9,2],[3,2],[12,2],[14,3],[8,2],[11,3],[23,6],[26,7],[62,21],[11,4],[38,14],[121,46],[175,69],[77,29],[6,3],[32,12],[3,1],[6,3],[3,0]],[[27064,53293],[12,-7],[9,-4],[69,-36],[23,-11],[1,-1],[77,-40],[34,-16],[38,-16],[55,-16],[49,-12],[53,-15],[29,-8]],[[21890,50747],[28,19],[85,58],[21,14],[7,5],[78,53],[234,160],[22,15],[56,38],[62,43],[37,25],[84,56],[83,57],[54,37],[47,32],[3,3],[23,17],[6,2],[14,8],[34,10],[21,4],[70,13]],[[22959,51416],[92,16],[4,1],[128,23],[86,15],[22,4],[26,3],[27,3],[6,0],[44,6],[49,4],[4,0],[13,1],[3,0],[66,3],[14,1],[11,0],[61,-1],[79,0],[38,3],[49,3],[14,1],[65,4],[12,1],[10,1],[27,6],[2,0],[10,2],[10,3],[5,2],[44,13],[15,5],[270,85],[15,5],[18,5],[23,6],[40,6],[24,2],[54,2],[565,-3],[175,0],[307,-2],[180,-1],[19,0],[518,-1],[50,0],[88,2],[36,1],[5,1]],[[23165,50748],[579,0],[794,1],[441,0],[34,-1],[10,0],[80,1],[94,1],[32,-1],[31,1],[44,2],[17,1],[41,2],[52,3],[27,2],[24,3],[12,1],[15,2],[43,6],[15,2]],[[19094,48292],[21,12],[56,36],[66,52],[20,16],[67,54],[77,61],[8,5],[0,1],[41,29],[61,38],[60,31],[45,20],[25,12],[23,9],[64,29],[50,19],[66,18],[67,17],[166,37],[207,49],[22,5],[28,4],[72,10],[9,1],[194,23],[37,2],[30,2],[18,0],[32,5],[9,2],[128,17],[43,6],[1,0],[-184,112],[-14,4],[-196,121],[-40,27],[-9,10],[-1,1],[-8,14],[-1,4],[-1,3],[-5,28],[0,28],[7,75],[-2,39],[0,8],[-1,7],[-3,53],[-1,31],[-1,27],[-1,23],[-3,18],[0,6],[-2,13],[-2,10],[-5,26],[-3,22],[0,28],[3,14],[7,12],[2,4],[6,10],[11,15],[11,17],[24,36],[5,6],[7,8],[0,1],[7,9],[6,6],[7,6],[14,11],[8,5],[93,62],[31,21],[131,88],[6,5],[92,64],[401,280],[154,109],[27,19],[96,68],[110,78],[28,21],[38,26],[16,11],[33,23],[18,12],[51,36],[15,11],[1,1]],[[21890,50747],[217,0],[648,1],[410,0]],[[23165,50748],[4,-7],[22,-50],[4,-10],[12,-34],[5,-19],[5,-27],[1,-5],[3,-32],[3,-36],[1,-11],[4,-42],[1,-16],[7,-69],[-4,-26],[0,-3],[-10,-30],[-9,-18],[-24,-37],[-12,-21],[-1,-3],[-14,-33],[-1,-2],[-4,-31],[-1,-6],[-1,-9],[0,-26],[2,-34],[8,-27],[2,-9],[16,-57],[9,-29],[7,-21],[1,-4],[1,-2],[3,-9],[3,-6],[3,-4],[5,-4],[6,-4],[11,-7],[11,-4],[15,-4],[5,-1],[21,-4],[15,-3],[1,0],[4,-1],[13,-3],[11,-4],[15,-7],[0,-1],[2,-1],[9,-7],[5,-4],[6,-6],[52,-73],[3,-6],[14,-22],[3,-3],[2,-4],[5,-7],[3,-4],[3,-5],[12,-18],[13,-20],[14,-20],[32,-47],[7,-11],[27,-38],[25,-38],[4,-6],[3,-4],[47,-69],[9,-13],[3,-4],[7,-7],[16,-14],[28,-22],[15,-10],[4,-3],[5,-4],[36,-25],[10,-7],[39,-24],[0,-1],[1,0],[172,-225],[92,-143],[26,-41],[-44,-24],[-3,-7],[-378,-23],[0,-1],[24,-67],[158,-66],[129,-40],[22,-28],[4,-6],[1,-2],[5,-5],[17,-10],[39,-20],[65,-65],[69,-53],[94,-78],[2,-3],[3,0],[49,-4],[7,-1],[24,-1],[48,3],[13,1],[49,-3],[30,-2],[13,-5],[0,-3],[2,-3],[0,-1],[-6,-7],[-41,-17],[-29,-21],[-27,-20],[-26,-21],[-32,-55],[2,1],[5,7],[34,43],[16,15],[10,11],[33,23],[36,19],[27,13],[18,7],[32,11],[35,12],[8,1],[25,3],[50,3],[45,1],[119,2],[8,0]],[[11963,49416],[1,0],[38,-20],[11,-6],[63,-36],[34,-20],[32,-24],[7,-4],[32,-24],[8,-7],[23,-19],[34,-24],[44,-29],[79,-42],[28,-16],[149,-76],[295,-147],[246,-127],[14,-7],[211,-114],[84,9],[61,5],[147,17],[46,5],[77,8],[7,1],[146,24],[87,14],[41,7],[114,20],[94,20],[45,15],[31,12],[24,11],[20,12],[20,15],[22,16],[64,59],[24,19],[8,7],[1,0],[8,6],[24,13],[21,9],[4,2],[27,10],[29,8],[23,3],[20,2],[32,2],[27,1],[21,-2],[37,-4],[11,-2],[7,0],[22,-3],[84,-12],[2,0],[48,-6],[31,-2],[34,-3],[29,-1],[24,0],[47,3],[9,0],[9,1],[170,18],[164,19],[209,23],[42,4],[154,19],[115,15],[68,9],[76,11],[77,12],[14,1],[19,-1],[25,-3],[21,-3],[67,-19],[1,0],[198,-54],[27,-8],[119,-34],[64,-18],[98,-27],[55,-15],[44,-11],[66,-15],[5,-2],[14,-2],[252,-54],[52,-12],[87,-22],[173,-47],[357,-100],[78,-24],[80,-26],[78,-26],[408,-110],[141,-38],[48,-15],[31,-10],[27,-11],[122,-57],[102,-49],[41,-21]],[[19094,48292],[1,-1],[65,-32],[59,-28],[23,-10],[36,-16],[30,-14],[34,-14],[36,-14],[21,-6],[19,-5],[17,-3],[22,-2],[23,-2],[76,-3],[119,-5],[131,-7],[96,-6],[176,-12],[55,-3],[13,-2],[10,-3],[12,-4],[7,-5],[4,-5],[4,-8],[0,-13],[-6,-31],[-2,-16],[-2,-13],[-1,-5],[-1,-3],[-5,-25],[-2,-8],[-8,-41],[-2,-9],[-17,-75],[-8,-40],[-6,-24],[0,-2],[-4,-15],[-7,-37],[-21,-95],[-5,-15],[-9,-37],[74,0],[32,-1],[15,0],[95,-1],[40,0],[249,-2],[96,-1],[113,0],[50,-1],[129,1],[92,3],[70,4],[113,5],[1,0],[192,11],[38,3],[41,3],[70,6],[58,7],[71,11],[71,13],[25,4],[142,28],[192,35],[172,31],[50,9],[117,21],[25,5],[70,12],[60,8],[54,6],[50,4],[56,4],[43,1],[67,3],[55,-1],[9,0],[63,-2],[19,-2],[60,-6],[85,-10],[124,-14],[44,-4],[46,-6],[98,-11],[27,-3],[170,-20],[96,-12],[97,-11],[47,-6],[76,-9],[64,-7],[47,-5]],[[5809,44903],[-52,375]],[[5757,45278],[1,0],[41,24],[85,50],[26,13],[38,21],[23,13],[80,40],[75,33],[45,21],[93,41],[30,10],[26,9],[96,29],[123,35],[57,19],[106,35],[0,1],[189,64],[277,94],[66,25],[23,11],[67,38],[87,58],[31,20],[86,60],[25,16],[1,0],[16,12],[5,3],[31,21],[19,9],[23,5],[30,4],[82,5],[85,5],[43,4],[11,1],[35,4],[54,9],[25,5],[28,5],[32,4],[29,2],[42,2],[58,1],[68,-1],[47,1],[20,0],[38,10],[18,8],[77,39],[39,19],[108,46],[171,73],[15,6],[58,21],[62,14],[42,7],[17,1],[13,0],[86,-3],[26,0],[-4,5],[-3,4],[-31,35],[-21,23],[-50,56],[-22,24],[-27,30],[-15,16],[-2,3],[-4,5],[-20,19],[-28,28],[-84,83],[-11,11],[-18,16],[-13,11],[-20,18],[-33,30],[-64,59],[-30,28],[-3,2],[-9,8],[-35,32],[-91,82],[-29,27],[-11,11],[-44,39],[-2,2],[-24,22],[-60,54],[0,1],[-17,16],[-26,24],[-46,41],[-138,126],[-45,41],[-12,0],[-69,-5],[-2,-1],[-63,-9],[-118,1],[-28,-1],[-17,2],[-19,3],[-6,2],[-22,8],[-27,14],[-4,2],[-2,2],[-3,2],[-1,1],[-2,1],[-2,2],[-3,2],[-17,13],[-23,22],[-7,9],[-9,18],[-16,29],[-20,39],[-16,32],[-10,17],[-23,34],[-4,7],[-22,27],[-16,19],[-1,1],[33,8],[33,10],[155,51],[37,12],[63,21],[100,32],[47,16],[158,52],[145,49],[66,23],[45,16],[19,8],[58,24],[78,31],[1,0],[1,1]],[[8482,48079],[59,29],[63,30],[70,34],[11,6],[68,36],[116,62],[59,33],[27,16],[34,22],[35,28],[15,10],[15,12],[1,0],[0,1],[4,3],[14,11],[2,1],[1,0],[4,4],[36,27],[22,15],[44,24],[13,6],[12,6],[64,26],[58,24],[281,115],[139,58],[79,33],[236,100],[78,34],[1,0],[6,2],[192,78],[25,10],[500,206],[36,14],[29,10],[2,1],[30,8],[33,8],[40,11],[122,24],[109,25],[50,10],[487,90],[99,19],[60,15]],[[6255,41671],[-1,10],[-2,12],[-46,333],[-11,73],[-4,38],[-4,19],[-1,9],[-1,5],[-3,20],[-11,85],[-3,21],[-2,10],[0,6],[-5,31],[-5,39],[-21,154],[-5,39],[-2,8],[-8,60],[-4,31],[-51,370],[-34,244],[0,9],[-18,124],[-7,54],[-9,62],[-1,7],[-1,9],[0,1],[-26,190],[-17,122],[-104,753],[0,7],[-2,12],[-1,8],[0,1],[-2,6],[0,4],[-1,1],[0,5],[-3,29],[-21,149],[-9,62]],[[5809,44903],[33,-17],[40,-22],[21,-14],[7,-7],[1,0],[9,-14],[1,-22],[-1,-12],[0,-1],[1,-1],[1,-4],[2,-4],[9,-9],[19,-10],[-1,-1],[-1,0],[-8,-3],[-1,-3],[1,-2],[0,-1],[5,-2],[7,-1],[33,0],[7,2],[14,9],[6,2],[12,2],[16,3],[21,1],[20,1],[8,0],[7,-2],[7,-3],[7,-4],[6,-6],[-3,-2],[-14,-5],[0,-1],[2,-3],[0,-1],[2,-3],[5,-2],[21,-7],[6,-3],[18,-12],[48,-39],[10,-6],[6,-2],[15,0],[14,5],[12,8],[7,3],[17,2],[30,-7],[3,-2],[0,-2],[-7,-14],[-2,-12],[2,-7],[7,-7],[8,-6],[15,-5],[32,-4],[90,-17],[37,-10],[37,-13],[40,-9],[44,-15],[12,-3],[1,0],[14,-13],[7,-4],[12,-3],[15,-3],[15,-1],[16,2],[49,9],[4,-2],[1,-3],[-2,-4],[-10,-11],[-1,-1],[-18,-12],[-14,-7],[-34,-11],[-4,-2],[0,-2],[-6,-7],[11,0],[23,2],[15,4],[9,3],[5,1],[14,5],[18,6],[1,5],[0,3],[6,7],[6,4],[19,16],[6,10],[1,4],[1,3],[0,1],[-2,3],[0,2],[-4,5],[-14,14],[-10,6],[-12,5],[-6,1],[-10,2],[-23,0],[-12,-1],[-5,1],[-7,4],[-9,6],[-1,2],[0,1],[3,7],[5,8],[12,14],[7,7],[11,9],[20,12],[22,12],[8,4],[16,7],[21,9],[16,8],[13,5],[8,3],[13,5],[33,15],[19,9],[23,12],[13,5],[15,4],[21,3],[16,3],[11,1],[74,7],[28,1],[12,0],[11,-1],[15,-3],[20,-6],[11,-5],[8,-4],[4,-5],[2,-2],[1,0],[2,-7],[1,-1],[0,-1],[1,-9],[1,-8],[1,-2],[1,-7],[1,-2],[1,-6],[1,-3],[2,-2],[3,-2],[1,0],[3,-2],[23,-8],[9,-3],[11,-2],[16,-3],[2,0],[9,-1],[23,0],[138,-19],[117,-14],[18,-1],[78,-7],[20,-3],[5,0],[17,-2],[11,-2],[22,-2],[4,0],[12,-1],[21,-4],[11,-1],[27,-3],[10,-2],[33,-4],[11,-2],[10,-1],[20,-3],[30,-4],[6,0],[16,-1],[59,-1],[16,0],[17,2],[16,2],[51,12],[9,3],[38,11],[10,2],[28,9],[10,2],[9,3],[14,4],[4,2],[38,11],[5,1],[9,3],[32,11],[4,1],[9,3],[4,1],[28,9],[7,4],[15,4],[8,3],[10,3],[21,8],[9,3],[5,1],[13,5],[33,11],[53,19],[9,3],[6,1],[13,4],[10,3],[4,2],[15,3],[6,1],[9,2],[17,3],[11,1],[5,1],[45,2],[23,1],[74,4],[90,5],[11,1],[17,1],[28,3],[6,1],[21,3],[2,0],[14,3],[25,5],[46,10],[10,3],[20,4],[30,7],[18,5],[20,5],[32,11],[9,2],[38,12],[74,24],[9,3],[42,13],[18,6],[19,6],[31,10],[14,5],[4,1],[27,6],[22,3],[34,1],[74,-3],[11,0],[5,-1],[33,-1],[6,0],[67,-4],[6,0],[28,-1],[54,0],[23,1],[6,0],[23,2],[21,2],[23,3],[44,6],[11,2],[28,0],[5,1],[18,0],[44,-2],[12,-1],[11,1],[23,-2],[22,0],[11,-1],[35,-1],[11,-1],[10,0],[18,-1],[6,0],[44,-2],[28,0],[23,-1],[44,-2],[28,-1],[23,-1],[45,-2],[5,0],[11,-1],[11,0],[23,-1],[45,-1],[34,0],[5,1],[12,1],[22,2],[12,0],[22,4],[26,4],[2,0],[4,1],[8,1],[10,3],[19,3],[42,8],[11,2],[48,8],[43,6],[34,4],[22,2],[11,0],[6,1],[22,0],[23,-1],[40,-4],[22,-2],[39,0],[16,1],[11,-1],[23,1],[5,-1],[6,1],[11,0],[23,1],[22,0],[34,2],[16,1],[27,5],[107,18],[182,32],[21,3],[17,1],[6,0],[11,1],[16,0],[11,-1],[12,-1],[5,0],[22,-3],[32,-5],[10,-2],[53,-10],[20,-5],[52,-10],[11,-3],[88,-17],[11,-2],[16,-2],[17,1],[17,0],[11,2],[28,3],[31,7],[10,3],[21,8],[16,7],[11,6],[8,4],[7,3],[11,6],[7,4],[15,7],[3,2],[8,4],[38,21],[7,4],[7,5],[56,47],[7,4],[3,2],[8,3],[9,3],[9,4],[23,7],[19,5],[6,1],[24,6],[24,7],[118,31],[9,3],[19,4],[31,8],[58,15],[20,5],[43,8],[37,7],[22,2],[17,1],[17,0],[23,-1],[28,-2],[62,-5],[11,0],[45,-4],[11,-1],[12,-1],[1,0],[15,-1],[28,-2],[27,-3],[17,-1],[34,-4],[21,-4],[10,-1],[119,-21],[32,-6],[16,-1],[11,-2],[6,-1],[17,-1],[16,-2],[35,1],[34,2],[39,4],[61,7],[11,2],[21,3],[15,2],[6,2],[15,3],[11,1],[25,6],[11,2],[16,4],[9,1],[10,2],[11,2],[15,3],[10,3],[5,0],[11,3],[40,8],[11,2],[31,6],[5,2],[4,1],[1,0],[18,4],[20,4],[30,8],[84,21],[10,2],[16,2],[17,3],[5,0],[11,1],[41,1],[97,1],[29,0],[22,1],[46,0],[145,2],[18,0],[11,2],[6,0],[16,3],[9,2],[11,2],[18,6],[55,20],[8,4],[75,31],[8,3],[18,7],[11,5],[8,4],[16,7],[9,4],[12,5],[10,-1],[6,0],[23,1],[34,-1],[85,-2],[11,0],[5,-1],[21,0],[34,-1],[31,-2],[88,-4],[45,-2],[85,-4],[12,0],[11,-2],[11,-1],[6,-1],[4,-1],[10,-3],[9,-3],[43,-17],[14,-4],[20,-5],[15,-4],[26,-4],[38,-5],[5,-1],[22,-4],[32,-4],[23,-1],[23,0],[11,1],[5,1],[15,4],[21,12],[3,2],[4,3],[5,4],[3,2],[11,9],[16,13],[25,11],[8,3],[14,5],[26,7],[7,2],[10,2],[9,3],[5,1],[19,6],[9,2],[30,8],[20,4],[5,2],[4,1],[30,7],[5,1],[10,3],[40,9],[16,3],[11,2],[11,1],[4,-2],[11,-1],[23,-2],[11,-2],[23,0],[10,1],[7,0],[16,1],[11,2],[22,3],[21,3],[17,2],[17,0],[135,-8],[59,-3],[12,0],[12,2],[9,1],[17,2],[5,1],[43,7],[11,1],[5,1],[12,0],[4,1],[7,0],[22,2],[5,0],[17,1],[6,0],[11,1],[39,2],[22,2],[28,1],[11,0],[22,2],[17,1],[6,-1],[10,2],[17,0],[35,2],[10,1],[17,0],[22,1],[23,1],[103,0],[103,-1],[62,0],[104,-1],[33,0],[28,1],[23,0],[45,1],[17,1],[22,1],[11,2],[38,6],[16,2],[28,2],[5,0],[22,2],[23,3],[25,5],[15,4],[5,1],[16,7],[13,5],[8,4],[23,11],[14,8],[8,3],[9,4],[14,4],[7,4],[4,2],[29,22],[7,4],[3,2],[17,10],[8,4],[6,4],[4,2],[14,8],[17,10],[7,3],[7,4],[4,2],[10,6],[3,2],[29,15],[4,2],[9,3],[11,2],[15,3],[11,2],[16,2],[6,0],[23,1],[98,-2],[10,-1],[52,-1],[12,1],[16,1],[10,1],[46,10],[56,13],[20,5],[10,2],[100,25],[33,9],[5,2],[9,3],[12,6],[4,4],[5,2],[1,2],[0,1],[14,14],[1,2],[64,67],[17,19],[5,13],[13,25],[16,28],[9,-1],[164,18],[138,15],[171,19],[39,5],[19,3],[11,3],[94,30],[24,9],[7,2],[5,3],[120,69],[1,0],[9,6],[30,17],[10,6],[173,-15],[519,-47],[173,-15],[-6,12],[-4,6],[-4,13],[-12,34],[-6,16],[-16,46],[0,1],[72,106],[76,78],[20,20],[44,40],[21,3],[57,4],[169,15],[55,5],[2,0],[38,-68],[28,-49],[7,-13],[22,-40],[33,-41],[123,-139],[89,-103],[97,-111],[21,-24],[1,-1],[64,-73],[4,-5],[18,-19],[1,-1],[64,-74],[1,-2],[14,-14],[24,-20],[220,-165],[35,-25],[29,-24],[19,-10],[11,-4],[12,-2],[15,-1],[23,1],[20,1],[22,1],[17,2],[170,13],[69,5],[81,6],[66,6],[46,3],[12,0],[40,2],[51,1],[41,-2],[27,-4],[37,-9],[91,-33],[77,-26],[104,-35],[30,-12],[22,-12],[38,-30],[65,-54]],[[24137,47681],[29,-4],[90,-10],[6,-1],[24,-3],[38,-3],[48,-3],[41,-2],[77,0],[43,1],[30,2],[95,6],[49,8],[52,8],[135,23],[42,7],[159,27],[1,0]],[[24296,45665],[-3,24],[0,140],[2,22],[1,2],[-1,1],[-2,8],[-4,10],[0,1],[-12,9],[-26,13],[-1,0],[-2,1],[-4,0],[-31,3],[-15,1],[-10,3],[-9,4],[-17,9],[-28,33],[-14,9],[-16,8],[-20,9],[-19,6],[-20,6],[-27,6],[-9,1],[-2,0],[-25,3],[-150,17],[-68,9],[-13,2],[-40,10],[-4,2],[-23,9],[-28,14],[-9,6],[-7,4],[-3,3],[-8,7],[-12,12],[-1,0],[-46,79],[-73,124],[-5,10],[-1,1],[-5,6],[-9,6],[-11,5],[-14,4],[-18,6],[-14,2],[-19,0],[-22,-2],[-83,-11],[-107,-14],[-148,-20],[-1,0],[-28,123],[0,3],[-47,199],[0,5],[-1,4],[0,5],[-16,104],[0,3],[-5,45],[0,7],[-1,18],[4,39],[1,19],[0,11],[2,14],[3,9],[4,8],[5,6],[11,11],[14,9],[138,87],[72,48],[110,72],[594,382],[9,5],[153,100],[51,33],[13,7],[5,3],[2,3],[4,10],[0,1]],[[24131,42458],[0,1],[10,5],[101,30],[40,12],[66,19],[58,17],[130,39],[141,44],[140,42],[149,45],[104,30],[128,38],[38,11],[277,83],[16,4],[3,2],[29,8],[22,7],[138,42],[13,2],[22,6],[17,2],[13,1],[2,0],[-19,52],[-56,157],[-10,25],[-8,22],[0,2],[-2,3],[0,1],[-1,2],[-3,10],[-4,11],[-17,47],[-9,26],[-2,7],[-6,17],[-1,1],[-3,10],[-9,29],[-2,6],[-2,4],[-2,10],[-5,14],[-5,19],[-7,22],[-1,4],[-1,2],[0,4],[-8,16],[-2,5],[0,1],[-4,9],[-11,13],[0,1],[-1,0],[-10,8],[-27,15],[-21,10],[-18,10],[-11,6],[-11,7],[-1,1],[-11,9],[-49,47],[-59,56],[-3,3],[-8,9],[-17,18],[-10,12],[-1,1],[-9,17],[-3,9],[-7,17],[-12,36],[-4,21],[-2,8],[0,1],[-5,25],[-3,9],[0,1],[-3,3],[-3,5],[-27,24],[-16,11],[-97,62],[-16,13],[-32,28],[-12,14],[-64,81],[-13,8],[-11,7],[-39,21],[-135,67],[-190,94],[-68,35],[-20,9],[-1,1],[-7,3],[-5,6],[-12,23],[-2,3],[-4,9],[-5,14],[-11,31],[-41,134],[0,1],[-11,20],[-3,6],[-17,20],[-41,36],[-11,11],[-63,45],[-35,22],[-43,23],[-42,16],[-82,15],[-102,16],[-14,2],[-220,35],[-406,66],[-211,35],[-5,1],[-232,35],[-71,12],[-217,36],[-119,16],[-42,5],[-66,9],[-28,8],[-55,23],[-1,1],[63,24],[48,16],[86,30],[160,50],[97,33],[114,37],[0,1]],[[22882,45268],[188,62],[40,13],[66,20],[26,8],[28,8],[82,18],[141,21],[157,22],[69,11],[75,12],[104,17],[28,6],[12,3],[36,11],[34,11],[8,3],[34,12],[55,26],[90,44],[62,31],[78,38],[1,0]],[[8687,41951],[294,39],[122,17],[137,17],[409,55],[136,18],[43,6],[92,12],[35,6],[44,5],[266,35],[292,39],[355,46],[88,16],[14,3],[24,6],[18,5],[17,5],[41,12],[40,14],[34,12],[70,25],[34,12],[17,7],[18,9],[48,18],[1,0],[9,4],[139,54],[100,42],[43,15],[85,32],[103,35],[34,11],[44,12],[134,32],[49,10],[61,13],[88,14],[47,5],[58,8],[59,6],[57,6],[62,5],[62,4],[46,3],[10,0],[103,4],[68,1],[107,4],[65,0],[43,1],[59,-1],[72,-3],[72,-4],[35,-3],[28,-3],[113,-11],[178,-19],[137,-14],[77,-8],[40,-3],[34,-2],[42,-2],[41,-1],[53,1],[57,2],[39,4],[118,10],[161,16],[53,5],[101,11],[59,6],[53,6],[44,4],[107,12],[23,2],[44,5],[178,16],[42,4],[216,26],[227,35],[40,8],[63,12],[110,19],[28,5],[93,17],[28,5],[136,25],[93,15],[78,14],[70,12],[74,9],[49,7],[57,6],[41,4],[7,1],[6,0],[32,3],[64,4],[76,4],[35,2],[108,8],[155,11],[90,8],[41,5],[31,6],[8,1],[59,10],[4,1],[27,5],[26,6],[107,29],[1,0],[300,-146],[33,-15],[122,-55],[85,-37],[52,-18],[58,-22],[161,-61],[72,-24],[24,-7],[29,-7],[62,-9],[73,-7],[89,-8],[47,-5],[67,-10],[73,-10],[54,-7],[41,-2],[31,-1],[29,0],[21,2],[66,10],[56,7],[14,2],[46,6],[41,7],[28,3],[24,1],[26,1],[19,-1],[1,0],[96,18],[140,39],[57,41],[68,49],[41,16],[84,18],[184,22],[422,22],[56,20],[40,-1],[76,-2],[83,-3],[42,7],[93,45],[98,1],[24,-5],[48,-9],[50,2],[165,6],[7,1],[48,10],[92,46],[129,54],[169,41],[5,1],[71,7],[45,-5],[52,-11],[46,-13],[50,-45],[2,-5],[14,-50],[48,-21],[62,-14],[208,-17],[145,-27],[118,22],[106,-4],[40,-1],[148,-24],[47,0],[12,-13],[37,-39],[12,-13],[43,-47],[14,-15],[67,-70],[111,-115],[16,-17],[20,-21],[18,-18],[3,-6],[37,2],[81,0],[23,-2],[23,-3],[62,-10],[40,-5],[26,-2],[29,1],[58,6],[50,5],[44,4],[115,12],[21,2],[52,5],[40,3],[36,1],[35,-2],[37,-5],[14,-2],[15,-3],[65,-15],[21,-6],[5,-1],[46,-16],[48,-19]],[[24131,42458],[11,-6],[20,-13],[25,-14],[12,-7],[15,-12],[26,-20],[0,-1],[6,-5],[26,-25],[12,-11],[40,-35],[14,-13],[9,-7],[22,-18],[1,-1],[40,-36],[51,-45],[12,-11],[19,-15],[6,-4],[0,-1],[8,-6],[6,-2],[11,-5],[24,-6],[22,-4],[94,-13],[14,-2],[1,0],[17,-3],[210,-31],[76,-10],[51,-8],[240,-35],[51,-5],[26,-2],[38,-2],[212,0],[13,-1],[90,-2],[33,-2],[40,-3],[42,-4],[155,-11],[52,-5],[38,-2],[16,-1],[21,-1],[29,-2],[47,-4],[35,-2],[36,-2],[106,-7],[185,-11],[65,-4],[61,-5],[4,0],[101,-10],[4,0],[17,1],[6,0],[31,3],[3,0],[52,9],[56,8],[55,9],[16,3],[29,5],[26,3],[137,18],[33,3],[35,3],[47,3],[218,8],[38,3],[83,4],[67,4],[32,1],[7,0],[13,1],[25,1],[14,0],[13,1],[30,1],[12,1],[111,7],[14,1],[42,2],[177,8],[151,11],[33,4]],[[28395,42071],[7,12],[7,13],[26,48],[14,27],[13,25],[0,1],[21,42],[13,24],[42,82],[5,7],[7,13],[10,22],[10,19],[1,1],[14,30],[41,78],[21,42],[0,1]],[[26979,40069],[-7,1],[-9,1],[-1,0],[-34,5],[-104,15],[-34,4],[-1,0],[-34,5],[-11,1],[-93,13],[-34,5],[-26,3],[-75,11],[-24,4],[-12,1],[-8,1],[-23,3],[-10,1],[-4,1],[-19,3],[-5,1],[-1,0],[14,77],[17,54],[2,9],[14,53],[9,-1],[13,-1],[18,64],[0,1],[-23,1],[-1,0],[1,3],[0,1],[1,7],[0,2],[1,1],[14,62],[12,56],[19,85],[23,104],[0,1],[10,49],[6,57],[0,1],[7,0],[116,3],[1,-2],[44,10],[19,3],[36,11],[39,13],[42,15],[44,15],[60,20],[1,0],[52,18],[16,5],[10,4],[5,1],[14,5],[38,13],[69,23],[1,0],[54,18],[4,1],[10,4],[2,1],[29,9],[4,2],[1,0],[4,2],[4,1],[69,23],[4,1],[71,24],[64,21],[46,16],[12,4],[35,12],[12,4],[25,8],[47,16],[32,10],[26,8],[132,44],[35,13],[42,14],[0,1],[7,1],[21,4],[8,2]],[[27334,40020],[10,23],[1,4],[4,8],[39,72],[14,26],[1,4],[1,1],[1,3],[2,7],[3,7],[15,28],[5,12],[8,14],[16,32],[7,11],[2,5],[3,4],[2,5],[2,3],[0,2],[1,1],[2,3],[4,8],[8,18],[2,3],[3,5],[4,9],[5,10],[1,3],[28,56],[9,17],[2,2],[2,5],[2,4],[3,5],[0,1],[1,1],[2,5],[8,14],[11,21],[21,37],[11,19],[7,13],[10,16],[11,22],[6,13],[7,14],[10,21],[11,21],[7,13],[20,37],[14,28],[5,8],[40,76],[16,31],[3,6],[12,23],[77,149],[11,21],[1,4],[40,74],[12,25],[6,10],[5,10],[10,19],[21,43],[11,20],[1,0]],[[27974,41255],[19,38],[25,46],[23,43],[108,210],[43,84],[21,41],[36,70],[26,53],[14,29],[2,2],[4,10],[5,8],[13,25],[4,9],[16,30],[47,88],[15,29],[0,1]],[[28395,42071],[1,0],[21,2],[32,4],[85,14],[321,50],[59,9],[35,5],[144,21],[59,9],[26,4],[35,5],[182,29],[4,1],[55,11],[1,0]],[[7210,34713],[-21,154],[-34,247],[-51,372],[-32,232],[-53,393],[-2,12],[-5,34],[-9,61],[-4,36],[-3,21],[-15,106],[0,1],[-2,15],[0,2],[-1,2],[-3,24],[-5,33],[0,5],[-7,48],[-74,543],[-16,114],[-5,35],[-22,165],[-59,434],[-24,172],[-11,71],[0,1],[-28,210],[-51,372],[-57,414],[-11,81],[-10,75],[0,1],[-31,225],[-3,22],[-3,23],[-26,191],[-94,683],[-28,203],[-31,218],[-63,461],[-13,98],[-9,66],[0,1],[-6,44],[-6,37],[-1,15],[-4,24],[-1,10],[0,1],[-1,1],[-3,25],[-10,73],[-7,50],[0,1]],[[6255,41671],[131,30],[173,38],[80,18],[49,10],[148,32],[31,7],[18,4],[21,4],[48,7],[7,1],[27,3],[6,0],[15,3],[6,0],[5,1],[17,2],[5,0],[40,4],[37,2],[20,1],[22,1],[66,4],[21,1],[26,2],[32,1],[47,3],[26,2],[100,5],[102,6],[273,17],[348,21],[2,0],[19,1],[13,0],[54,4],[162,16],[30,3],[7,1],[138,17],[60,8]],[[8687,41951],[0,-1],[28,-36],[13,-18],[11,-13],[9,-10],[3,-4],[7,-8],[13,-13],[4,-5],[28,-25],[3,-3],[66,-36],[44,-18],[26,-8],[9,-2],[40,-15],[119,-38],[287,-93],[38,-10],[32,-8],[39,-7],[12,-2],[47,-8],[145,-17],[341,-42],[258,-32],[12,-1],[139,-18],[107,-13],[225,-28],[66,-8],[61,-9],[85,-11],[79,-13],[34,-5],[131,-29],[74,-17],[9,-2],[0,-1],[2,-1],[73,-11],[57,-9],[169,-32],[75,-15],[107,-21],[210,-40],[59,-10],[29,-5],[28,-1],[31,-4],[30,-3],[33,-1],[16,-1],[19,0],[37,-1],[19,1],[32,0],[242,15],[57,3],[30,2],[63,2],[192,11],[49,2],[14,0],[22,1],[24,0],[40,-1],[4,0],[43,-2],[47,-3],[37,-3],[7,0],[45,-5],[57,-6],[79,-9],[369,-41],[110,-12],[181,-22],[44,-5],[110,-12],[1,0],[59,-6],[179,-17],[60,-6],[235,-25],[101,-11],[224,-25],[80,-8],[51,-5],[50,-6],[28,-3],[23,-3],[57,-7],[6,0],[28,-3],[54,-6],[76,-5],[73,-6],[22,-1],[91,-7],[170,-13],[64,-4],[178,-14],[73,-6],[10,-1],[48,-5],[107,-13],[45,-5],[62,-6],[95,-11],[11,-1],[84,-9],[137,-14],[156,-14],[84,-9],[7,-1],[61,-6],[108,-14],[45,-5],[108,-9],[51,-3],[138,-7],[80,-5],[36,-2],[64,-3],[6,0],[206,-11],[22,-1],[48,-1],[66,-1],[49,2],[12,1],[41,2],[15,1],[33,1],[26,0],[23,-2],[23,-3],[21,-3],[54,-13],[92,-25],[52,-14],[45,-8],[37,-5],[102,-9],[172,-14],[18,-1],[1,0],[459,-43],[67,-4],[34,-1],[31,0],[23,-1],[46,0],[22,1],[25,1],[174,8],[67,3],[103,5],[137,7],[76,1],[57,2],[38,-1],[37,0],[39,-1],[28,-1],[25,-3],[19,-3],[51,-8],[64,-15],[23,-7],[13,-5],[60,-18],[8,-3],[161,-53],[133,-42],[35,-8],[34,-7],[37,-7],[37,-5],[128,-20],[43,-7],[14,-4],[25,-6],[28,-8],[25,-8],[25,-12],[19,-9],[19,-12],[37,-34],[44,-40],[5,-5],[5,-4],[11,-8],[36,-31],[79,-67],[211,-183],[3,-3],[7,-6],[136,-115],[333,80],[140,33],[173,43],[70,17],[95,24],[115,28],[58,14],[12,4],[24,6],[40,13],[30,8],[23,7],[73,22],[133,40],[124,40],[147,42],[11,4],[34,10],[86,28],[78,23],[65,19],[40,13],[31,10],[29,7],[28,6],[31,5],[37,6],[15,2],[0,-1],[2,-9],[0,-2],[1,-2],[1,0],[1,-1],[4,-1],[10,1],[35,5],[2,-1],[9,-23],[7,-21],[4,-16],[0,-2],[1,-3],[0,-3],[2,-16],[0,-16],[3,-3],[5,-1],[70,-8],[1,0],[8,-3],[66,-38],[19,-20],[11,-8],[22,-9],[23,-12],[9,-7],[7,-16],[1,-1],[2,-3],[25,-17],[12,-16],[26,-12],[8,-6],[8,-5],[7,-2],[27,-5],[12,-2],[11,-4],[10,-6],[2,-2],[3,-2],[1,-1],[7,-13],[19,-36],[9,-11],[15,-13],[1,-5],[-1,-16],[0,-2],[2,-2],[54,-12],[63,-20],[8,-3],[32,-19],[8,-3],[50,-10],[14,-4],[12,-6],[15,-12],[23,-13],[7,-5],[4,-3],[0,-1],[6,-5],[5,-8],[3,-4],[2,-7],[4,-8],[1,-4],[0,-2],[2,-6],[2,-4],[4,-4],[9,-4],[13,-2],[27,0],[15,-3],[10,-4],[76,-36],[51,-24],[10,-5],[14,-4],[16,-4],[44,-4],[20,-3],[7,-3],[1,0],[8,-7],[0,-1],[7,-17],[1,0],[15,-22],[13,-11],[9,-7],[19,-11],[7,-4],[5,-2],[79,-36],[20,-9],[51,-18],[1,-1],[13,-7],[28,-25],[3,-6],[15,-21],[-1,-32],[0,-16],[1,-14],[18,-59],[0,-2],[1,-1],[1,-3],[3,-7],[1,-1],[3,-5],[1,0],[8,-9],[10,-6],[22,5],[19,6],[20,4],[14,1],[4,1],[12,2],[15,2],[20,0],[189,8],[47,2],[32,2]],[[27334,40020],[1,0],[31,-5],[19,-2],[78,-11],[32,-5],[1,0],[139,-19],[17,-2],[124,-13],[27,-1],[41,-3],[40,1],[177,7],[143,5],[171,8],[15,0],[282,13],[277,13],[88,3],[97,4],[206,8],[90,0],[17,-1],[32,-1],[76,-3],[137,-8],[114,-8],[261,-19],[297,-23],[15,-1],[311,-21],[28,-2],[182,-8],[145,-6],[6,0],[175,-6],[101,0],[45,1],[66,6],[319,21],[142,7],[209,16],[21,1],[183,9],[5,0],[97,6],[48,4]],[[24211,35992],[-1,4],[-1,1],[1,6],[0,3],[10,35],[3,13],[13,49],[28,107],[11,40],[0,1],[1,2],[14,48],[12,38],[10,35],[2,2],[7,24],[3,17],[1,2],[2,8],[0,1],[5,24],[9,38],[0,1],[4,18],[4,26],[1,1],[2,24],[4,34],[5,38],[1,9],[2,13],[4,37],[15,105],[5,41],[12,150],[1,10],[2,24],[2,37],[1,13],[0,14],[2,36],[0,138],[-1,21],[0,53],[4,16],[0,5],[-1,22],[4,14],[0,1],[8,15],[15,18],[31,29],[13,11],[128,112],[6,4],[32,30],[9,10],[7,8],[1,1],[2,1],[4,6],[14,16],[2,3],[6,8],[16,21],[1,1],[23,36],[17,22],[4,5],[13,15],[9,3],[12,3],[60,8],[19,1],[27,3],[101,11],[57,8],[44,7],[38,9],[5,2],[24,7],[29,11],[28,9],[21,7],[145,57],[99,40],[28,11],[21,12],[17,12],[21,17],[52,37],[5,5],[146,124],[41,34],[14,19],[10,17],[3,15],[1,2],[2,11],[-1,5],[0,4],[-1,7],[-2,9],[0,2],[-1,2],[-1,7],[-10,17],[0,1],[-2,4],[-1,0],[0,1],[-11,11],[-23,22],[-22,20],[-11,11],[-8,7],[-3,3],[-10,9],[-30,25],[-73,63],[-152,130],[-28,28],[-14,18],[0,1],[-7,12],[-7,14],[-1,1],[-1,6],[0,13],[3,18],[7,19],[8,18],[2,4],[3,5],[10,18],[1,1],[16,24],[21,28],[23,22],[2,2],[31,22],[129,82],[0,1],[47,29],[75,43],[110,64],[48,37],[31,30],[9,17],[4,16],[0,35],[-6,29],[0,1],[-1,2],[-10,26],[-1,2],[0,1],[-4,11],[-5,12],[-19,41],[-18,33]],[[25941,39411],[-12,24],[-4,7],[-11,17],[-9,13],[-3,5],[-21,28],[-13,17],[-4,5],[20,3],[16,2],[7,1],[91,8],[12,-2],[4,-2],[5,-7],[5,-6],[13,-20],[3,-5],[76,-75],[7,7],[41,33],[34,22],[25,25],[5,4],[5,5],[3,5],[20,-20],[27,-26],[10,41],[35,179],[6,33],[0,4],[9,50],[7,34],[2,9],[4,19],[3,33],[0,1],[25,-4],[368,-51],[53,-8],[96,139],[77,111],[1,0]],[[26979,40069],[23,-2],[9,-2],[7,-1],[20,-2],[7,-1],[17,-2],[9,-1],[23,-4],[55,-8],[94,-14],[50,-7],[2,0],[6,-1],[2,0],[6,-1],[19,-2],[6,-1]],[[7210,34713],[34,6],[30,5],[24,3],[14,1],[9,0],[16,-1],[21,-4],[21,-5],[33,-11],[7,-1],[20,2],[19,5],[10,2],[9,1],[25,0],[10,1],[51,10],[24,2],[28,-3],[9,-1],[48,-15],[44,-9],[47,-16],[25,-11],[20,-9],[1,-1],[10,-3],[11,-4],[26,-7],[6,-2],[0,-1],[4,-3],[5,-3],[5,-4],[12,-8],[15,-7],[17,-5],[15,-4],[10,-1],[23,-1],[30,5],[14,3],[10,2],[61,17],[15,2],[45,3],[7,0],[31,5],[15,5],[2,0],[21,10],[4,1],[9,3],[15,9],[9,10],[8,10],[13,7],[19,7],[21,8],[45,10],[124,19],[35,4],[32,-1],[17,-2],[23,0],[25,2],[32,3],[15,4],[161,59],[43,15],[30,8],[82,20],[28,9],[73,19],[11,4],[10,4],[38,23],[14,10],[26,27],[38,20],[61,38],[35,20],[19,8],[98,38],[27,10],[2,1],[38,10],[45,11],[62,14],[34,7],[49,7],[80,9],[41,4],[1,-1],[19,-5],[23,-2],[24,3],[15,4],[28,10],[15,5],[10,3],[11,1],[57,5],[17,3],[20,6],[14,5],[16,8],[42,25],[15,6],[15,2],[17,1],[15,-2],[48,-7],[9,0],[3,-1],[11,1],[74,9],[30,3],[31,3],[167,23],[29,4],[100,16],[12,1],[68,0],[21,-1],[10,-2],[6,-3],[76,-44],[23,-9],[29,-1],[136,-2],[42,2],[12,2],[3,1],[26,5],[54,15],[12,5],[9,4],[9,1],[52,-6],[10,-1],[6,2],[8,3],[1,1],[49,-8],[3,-1],[6,-1],[174,-28],[58,-9],[22,-4],[68,-11],[128,-20],[130,-21],[12,-2],[91,-13],[3,0],[5,-1],[6,0],[10,-1],[3,-1],[52,-5],[14,-2],[162,-18],[37,-4],[48,-5],[19,-2],[1,0],[240,-24],[96,-10],[214,-21],[415,-41],[242,-24],[165,-17],[6,0],[494,-48],[167,-17],[144,-13],[138,-14],[296,-29],[144,-14],[304,-30],[547,-53],[364,-35],[219,-21],[85,-9],[18,15],[24,19],[164,136],[117,94],[10,7],[179,143],[96,77],[89,64],[21,16],[77,57],[51,43],[31,26],[30,25],[31,24],[18,10],[27,9],[20,5],[30,7],[5,1],[37,9],[33,8],[24,8],[11,4],[27,13],[61,37],[4,2],[14,9],[69,43],[58,29],[31,12],[6,3],[30,13],[64,24],[2,0],[56,-13],[166,-41],[10,-3],[214,-54],[77,-17],[22,-6],[229,-53],[119,-26],[122,-26],[104,-22],[59,-13],[176,-37],[42,-9],[17,-3],[1,0],[381,-78],[29,-5],[26,-3],[28,-1],[29,1],[32,2],[54,9],[620,118],[401,76],[105,18],[50,7],[54,5],[43,4],[165,7],[23,1],[54,4],[136,5],[23,1],[36,0],[45,-2],[19,-1]],[[7580,32005],[-29,215],[-19,144],[-3,19],[-1,14],[-2,15],[-4,25],[-37,273],[-3,21],[-39,292],[-90,650],[-54,397],[-75,544],[-5,33],[-9,66]],[[23743,33670],[-73,30],[-44,18],[-262,107],[-79,30],[-14,5],[-41,13],[-25,8],[-22,6],[-17,5],[-23,4],[1,6],[1,9],[-6,45],[0,1],[-10,52],[-6,35],[-3,15],[0,3],[-1,6],[-18,120],[-31,159],[-1,4],[0,3],[-1,2],[0,8],[-1,6],[-7,15],[-5,10],[-5,7],[-6,10],[-5,7],[-7,6],[-29,27],[-8,7],[-5,4],[-20,21],[-14,15],[-18,19],[-22,23],[-18,18],[-16,13],[-14,12],[-21,15],[-28,14],[-3,3],[-2,1],[-3,2],[-2,1],[-18,14],[-35,19],[-7,5],[-10,5],[-42,23],[-56,33],[-15,9],[-25,9],[-22,8],[-25,8],[-48,16],[-26,9],[-28,13],[-21,8],[-42,12],[-25,5],[-25,4],[-37,3],[-50,5],[-177,20],[-92,11],[-65,7],[-57,6],[-13,2],[-20,3],[-30,6],[-41,14],[-134,46],[-13,5],[-14,5],[-15,7],[-1,1],[-12,8],[-2,2],[-4,5],[-4,8],[-2,2],[-1,9],[-1,12],[4,48],[4,35],[5,16],[0,1],[1,0],[9,12],[12,11],[21,9],[144,46],[48,16],[21,11],[14,10],[10,13],[3,3],[4,7],[0,1],[5,9],[39,60],[26,57],[10,20],[2,3],[14,26],[22,48],[9,41],[1,0],[-12,2],[-2,1]],[[21968,35513],[11,1],[50,9],[71,9],[25,4],[14,2],[40,5],[104,15],[52,7],[27,5],[19,5],[19,8],[26,12],[30,17],[23,14],[38,21],[21,10],[105,47],[85,39],[218,98],[24,12],[23,11],[65,29],[25,11],[235,110],[76,36],[11,5],[9,4],[25,13],[7,3],[1,1],[153,-17],[458,-50],[153,-17]],[[24211,35992],[1,0],[200,-22],[83,-10],[276,-27],[7,-1],[7,0],[78,-8],[155,-18],[30,-4],[156,-8],[17,-1],[166,-8],[63,-3],[434,-22],[12,-1],[124,-5],[30,1],[12,0],[13,2],[10,3],[5,1],[94,30],[10,3],[19,6],[47,15],[11,3],[82,26],[104,31],[33,14],[35,15],[63,29],[37,14],[27,9],[61,14],[72,12],[104,11],[81,9],[103,8],[12,1],[49,4],[116,11],[105,9],[10,1],[58,3],[111,9],[94,6],[17,2],[12,1],[21,2],[25,2],[12,1],[97,3],[29,0],[46,1],[29,0],[8,1]],[[18904,31934],[35,8],[70,18],[251,72],[384,108],[383,107],[351,99],[14,4],[2,1],[61,20],[1,1],[1,0],[410,111],[529,146],[379,106],[54,17],[30,10],[31,10],[25,7],[21,6],[1,0],[9,2],[26,7],[15,5],[20,5],[6,2],[116,33],[6,1],[123,34],[132,38],[87,23],[45,12],[71,21],[45,15],[1,1],[37,14],[20,8],[24,10],[21,10],[21,11],[5,2],[10,6],[27,16],[10,6],[36,27],[7,5],[13,11],[13,13],[15,16],[4,5],[3,3],[13,15],[39,52],[56,69],[17,22],[42,54],[55,71],[17,21],[4,4],[24,25],[33,27],[36,24],[16,11],[30,17],[17,8],[62,27],[15,6],[51,17],[50,14],[30,6],[29,7],[23,4],[3,1],[36,5],[34,5],[66,8],[26,2],[12,0],[1,1],[1,0]],[[23743,33670],[43,2],[18,0],[26,1],[30,0],[56,1],[46,0],[179,1],[694,7],[249,3],[348,0],[246,1],[15,2],[4,0],[5,1],[8,4],[3,1],[37,26],[13,9],[19,14],[61,42],[19,13],[16,11],[48,34],[14,10],[1,1],[17,11],[50,35],[16,11],[0,1],[9,5],[36,27],[13,9],[3,2],[1,1],[4,3],[9,6],[38,27],[14,9],[9,6],[24,18],[9,6],[2,0],[13,-2],[45,-5],[15,-2],[7,0],[1,-1],[3,0],[10,-1],[2,0],[5,-1],[5,0],[7,-1],[4,0],[4,-1],[3,0],[10,-1],[3,0],[14,-2],[39,-3],[13,-2],[14,-1],[40,-4],[14,-2],[35,-3],[69,-7],[26,-2],[11,0],[14,-1],[22,0],[17,-1],[10,0],[38,1],[7,0],[19,1],[18,1],[6,0],[50,5],[22,1],[24,2],[7,0],[20,2],[6,0],[31,2],[91,7],[31,2],[26,2],[21,2],[6,0],[52,4],[27,2],[4,0],[13,1],[5,0],[109,8],[86,6],[6,1],[1,0],[82,6],[1,0],[31,3],[61,4],[32,3],[32,2],[9,23],[6,15],[18,54],[8,23],[3,13],[10,40],[3,9],[0,2],[2,2],[0,2],[1,3],[6,14],[1,5],[7,18],[3,8],[0,1],[12,32],[5,13],[1,2],[0,1],[4,8],[2,6],[0,3],[1,2],[3,11],[1,3],[2,5],[0,1],[2,13],[4,17],[1,23],[1,2],[0,16],[1,1],[1,3],[0,8],[2,7],[0,6],[2,18],[0,16],[-2,43],[0,4],[-1,4],[-2,13],[-1,9],[0,1],[-1,1],[0,4],[-4,20],[-3,12],[0,5],[-1,3],[0,2],[-1,8],[0,2],[-1,19],[-1,1],[-3,49],[1,5],[3,18],[0,1],[1,1],[2,10],[1,4],[0,2],[1,3],[1,1],[1,5],[2,9],[1,4],[9,39],[1,3],[2,10],[33,100],[0,2],[12,38],[0,1],[54,163],[23,76],[24,76],[68,192],[19,72],[2,3],[2,6],[2,11],[1,3],[0,56],[-1,32],[-3,22],[-1,5],[0,5],[-1,11],[0,1],[-2,22],[-4,34],[-10,65],[-4,23],[-7,41],[-7,44],[0,2],[-5,30],[-10,64],[-20,125],[-3,21],[0,1]],[[27924,36167],[166,3],[102,4],[121,4],[254,8],[292,9],[138,4],[147,5],[121,4],[8,1],[123,3],[99,3],[2,0],[102,3],[261,8],[16,-1],[15,-1],[16,-3],[75,-16],[61,-17],[88,-21],[13,-5],[20,-9],[4,-2],[26,-14],[38,-23],[71,-40],[27,-15],[137,49],[47,17],[188,66],[169,61],[55,22],[37,13],[34,13],[20,7]],[[27682,31464],[19,9],[42,32],[1,0],[101,87],[11,13],[12,17],[5,12],[1,15],[0,4],[-1,8],[-2,8],[-1,7],[-9,20],[0,1],[-4,8],[0,1],[-1,1],[-5,12],[-5,11],[-8,17],[-6,11],[-11,19],[-19,37],[0,1],[-12,26],[-3,13],[-1,1],[0,5],[-1,4],[-2,12],[0,12],[5,14],[9,15],[8,9],[11,11],[10,7],[11,6],[34,18],[19,9],[19,10],[39,14],[51,16],[8,3],[43,10],[35,10],[38,8],[35,9],[41,13],[106,40],[101,35],[51,18],[16,6],[57,20],[33,15],[21,10],[19,8],[8,4],[43,24],[32,18],[6,3],[19,10],[1,0],[13,8],[86,32],[39,14],[60,23],[7,2],[27,9],[28,11],[18,6],[24,6],[44,8],[16,1],[26,3],[287,30],[162,18],[83,9],[10,1],[65,7],[38,5],[64,10],[22,4],[22,5],[15,5],[1,0],[26,8],[38,12],[231,77],[24,9],[51,16],[79,26],[75,23],[3,0],[28,9],[20,7],[-1,1],[-3,12],[-1,2],[-1,10],[-4,16],[2,10],[0,11],[6,51],[5,47],[12,66],[20,81],[19,54],[10,30],[20,68],[12,41],[5,16],[18,68],[14,52],[4,15],[1,4],[0,1],[1,2],[1,4],[7,31],[1,10],[0,3],[-6,10],[-4,5],[-5,5],[-11,9],[-74,37],[-2,0],[-54,26],[-104,50],[-59,27],[-12,6],[-41,21],[-1,0],[103,58],[307,172],[33,18],[67,40],[1,1],[23,15],[18,13],[7,7],[41,44],[9,8],[12,10],[13,15],[11,10],[7,7],[6,8],[8,13],[3,6],[2,3],[5,8],[10,19],[4,13],[6,12],[5,11],[15,30],[14,19],[9,12],[16,14],[10,11],[16,15],[26,22],[7,5],[17,15],[16,14],[5,6],[0,1],[-78,69],[-11,9],[-185,164],[-48,43],[-32,28],[-6,6],[-81,72],[-1,0],[37,7],[110,22],[36,7],[59,12],[162,35],[11,3],[58,9],[158,31],[13,4],[7,4],[7,6],[7,5],[3,6],[0,7],[2,9],[-2,5],[-1,5],[-2,11],[-25,68],[-13,37],[-40,86],[-35,81],[-19,49],[-1,1],[-1,4],[-28,69],[0,2],[-2,6],[-4,8],[-7,17],[-29,70],[-3,8],[-5,11],[-23,59],[-6,17],[-2,10],[2,7],[1,3],[3,8],[19,21],[14,15],[27,23],[2,3],[5,10],[1,10],[0,14],[-1,7],[-1,5],[0,2],[-2,15],[-22,167],[-5,35],[-3,19],[-30,227],[-14,93],[-9,52],[-11,98],[-3,16],[-1,4],[-1,2],[-1,1],[-4,6]],[[31017,36307],[9,4],[19,8],[39,22],[1,1],[19,10],[4,2],[19,13],[17,13],[15,12],[133,130],[60,59],[14,13],[25,20],[23,14],[37,19],[22,9],[29,10],[32,11],[50,12],[220,57],[521,143],[28,8],[63,14],[217,50],[66,15]],[[7580,32005],[1,0],[18,-1],[52,-3],[17,-1],[35,-2],[29,-3],[139,-9],[40,-1],[12,-1],[151,0],[72,2],[62,3],[56,5],[85,8],[120,13],[12,1],[191,22],[53,4],[32,2],[65,2],[33,-1],[26,0],[51,-2],[38,-3],[44,-4],[646,-60],[109,-11],[101,-10],[39,-3],[31,-3],[41,-1],[47,-3],[130,-4],[43,-2],[15,-1],[56,-2],[73,-2],[139,-6],[5,0],[65,-2],[57,-1],[129,-6],[29,-2],[41,-2],[65,-4],[43,-4],[62,-6],[406,-33],[6,0],[17,-2],[46,-4],[100,-8],[66,-7],[1,0],[72,-5],[59,-6],[122,-10],[32,-3],[12,0],[44,-5],[61,-6],[65,-8],[34,-5],[36,-5],[107,-17],[198,-33],[118,-18],[122,-20],[42,-7],[43,-7],[109,-18],[11,-1],[115,-19],[25,-4],[54,-8],[34,-6],[84,-13],[64,-9],[81,-14],[50,-8],[60,-10],[55,-10],[58,-7],[50,-6],[47,-5],[42,-3],[49,-3],[12,-1],[51,-2],[14,0],[12,-1],[40,0],[55,-1],[62,-1],[9,0],[178,-1],[63,0],[37,1],[72,3],[23,2],[104,7],[20,2],[52,5],[12,0],[74,7],[413,34],[138,12],[119,10],[69,6],[177,14],[108,9],[118,10],[1,0],[117,10],[286,24],[65,5],[116,10],[3,1],[103,10],[58,6],[67,6],[8,0],[185,14],[107,7],[15,1],[45,4],[2,0],[13,1],[12,1],[44,4],[47,4],[124,10],[57,5],[145,12],[136,11],[303,26],[145,12],[97,9],[289,24],[96,8],[83,7],[41,4],[90,7],[102,11],[14,2],[5,1],[20,3],[30,6],[24,5]],[[18904,31934],[0,-1],[33,-62],[14,-26],[4,-10],[6,-10],[18,-34],[23,-38],[24,-41],[12,-21],[18,-33],[11,-20],[51,-96],[23,-42],[3,-14],[1,-5],[3,-10],[5,-30],[0,-2],[3,-8],[1,-3],[0,-1],[2,-3],[3,-7],[2,-2],[5,-6],[15,-15],[6,-5],[4,-3],[9,-8],[13,-12],[22,-20],[20,-17],[6,-4],[8,-6],[2,-2],[25,-16],[27,-14],[1,-1],[5,-2],[29,-15],[19,-8],[15,-6],[48,-19],[43,-16],[101,-36],[53,-19],[15,-8],[16,-7],[13,-7],[12,-9],[25,-20],[8,-12],[10,-14],[0,-1],[2,-3],[18,-38],[4,-5],[7,-9],[284,12],[561,24],[292,15],[14,1],[48,2],[80,0],[143,-4],[3,0],[104,-3],[23,-1],[19,-2],[25,-3],[2,-1],[498,-77],[13,-2],[123,-19],[18,-1],[17,-1],[53,0],[80,3],[99,3],[651,18],[218,6],[20,1],[59,1],[5,1],[6,0],[14,3],[12,5],[9,3],[31,16],[74,33],[346,153],[114,51],[1,1],[9,4],[24,6],[13,2],[18,3],[23,2],[74,0],[35,2],[47,0],[158,5],[343,9],[879,20],[386,8],[21,1],[104,2],[188,6],[38,4],[36,4],[20,4],[24,3],[11,2],[87,17],[1,0],[10,2],[31,6],[10,2],[17,3],[0,1],[75,14],[277,54],[60,12],[16,3],[16,2],[7,0],[10,1],[16,0]],[[25669,27623],[-32,-1],[-1,0],[-273,-6],[-214,-3],[-1951,-33],[-1169,-22],[-253,-5],[-207,-4],[-897,-19],[-115,-2],[-16,0],[-88,-3]],[[20379,27521],[-230,-6],[-2,0],[-136,-4],[-1138,-19],[-232,-4],[-2,0],[-178,-3],[-959,-19],[-1317,-25],[-2,0],[-1805,-34],[-4,0],[-750,-15],[-26,0],[-198,-4],[-249,-5],[-363,-2],[-47,1],[-16,-1],[-371,-15]],[[12334,27366],[-347,-7],[-1021,-22],[-197,-4],[-231,-5],[-719,-15],[-101,-2],[-8,0],[-88,-2],[-166,-4],[-101,-2],[-1,0],[-357,-8],[-186,-3],[-578,-14],[-4,0],[-11,70],[-8,65],[-7,49],[-6,49],[-8,59],[-6,41],[-1,3],[0,9],[-13,90],[-11,79],[-2,17],[-9,69],[-1,1],[0,7],[-9,58],[-3,25],[-4,34],[-16,117],[-13,94],[-7,47],[-6,47],[-1,4],[-1,7],[0,3],[-4,26],[-12,93],[-6,50],[-3,22],[-8,62],[-1,3],[-2,15],[-25,174],[-3,25],[-4,28],[0,5],[-3,15],[-12,97],[-8,53],[-9,64],[-9,67],[0,3],[-1,3],[-1,7],[-9,72],[-6,39],[-17,130],[-12,83],[-5,35],[-2,17],[-4,28],[-1,10],[-30,219],[-16,117],[-22,154],[0,1],[-2,14],[-4,34],[-59,425],[-31,222],[-7,52],[-2,12],[-18,134],[-31,227],[-11,76],[-3,26],[-9,63],[-5,37],[-1,7],[-6,41],[-3,23],[-6,43],[-2,22],[-3,15],[-31,229],[-23,167],[-2,9],[-8,64],[-1,7],[-1,4],[-1,12],[-1,1]],[[25669,27623],[79,134],[36,60],[23,36],[10,21],[13,27],[14,41],[6,15],[5,15],[2,7],[3,8],[13,45],[44,144],[1,2],[0,1],[24,79],[21,66],[2,9],[2,5],[0,1],[4,13],[1,4],[1,1],[-7,0],[-19,2],[-7,0],[7,23],[21,70],[4,10],[4,13],[12,41],[20,67],[10,36],[18,70],[35,125],[47,179],[16,59],[39,144],[0,1],[7,0],[22,2],[7,0],[0,1],[5,13],[9,23],[1,1],[2,6],[41,107],[2,3],[9,31],[42,90],[24,57],[62,135],[34,88],[15,45],[12,40],[7,22],[29,89],[0,1],[13,43],[33,103],[9,26],[12,39],[2,4],[0,2],[6,19],[13,38],[7,21],[3,10],[1,2],[2,9],[5,14],[0,1],[14,47],[7,23],[50,165],[19,62],[15,52],[4,13],[26,78],[16,57],[1,6],[0,1],[2,8],[1,2],[7,23],[4,18],[3,10],[1,5],[10,32],[2,12],[2,15],[19,93],[4,20],[5,19],[58,250],[13,68],[21,112],[0,1]],[[26913,31474],[1,0],[97,-1],[42,-1],[50,0],[85,-1],[270,-5],[69,-1],[30,-1],[71,1],[54,-1]],[[27682,31464],[1,0],[49,-1],[165,0],[121,1],[58,2],[98,2],[101,2],[113,3],[7,0],[134,2],[103,0],[37,-2],[32,-4],[75,-11],[36,-6],[164,-36],[62,-14],[77,-18],[99,-15],[35,-3],[18,-3],[46,-3],[62,-2],[62,2],[115,9],[137,11],[24,3],[498,44],[122,10],[45,3],[32,0],[50,1],[211,-2],[139,-1],[108,-1],[172,0],[151,-3],[101,0],[112,-2],[21,0],[26,-1],[137,0],[43,1],[46,2],[35,2],[61,5],[41,4],[22,2],[51,5],[3,1],[32,3],[30,3],[63,6],[123,12],[61,6],[91,10],[43,4],[158,17],[32,4],[21,3],[24,5],[27,6],[3,1],[43,9],[55,13],[107,31],[415,117],[353,106],[100,26],[31,6],[70,14],[51,9],[66,10],[88,15],[116,20],[23,4],[66,12],[22,3],[16,3],[9,2],[49,7],[25,4],[22,4],[3,0],[71,12],[131,22],[80,10],[4,1],[57,8],[14,3]],[[33883,29737],[-36,-37],[-12,-19],[-60,-73],[-73,-86],[0,-1],[-94,-110],[-16,-20],[-6,-5],[-109,-134],[-10,-10],[-74,-90]],[[33389,29148],[-19,-6],[-122,-26],[-21,-3],[-4,-2],[-97,-21]],[[31539,28755],[-125,-28],[-4,-2],[-1,0],[-2,-4],[0,-1],[3,-31],[0,-4],[1,-8]],[[31421,28625],[13,-29],[13,-27]],[[31447,28567],[-4,-7],[-3,-3],[-117,-60],[-31,-17],[-28,-19],[-165,-123],[-16,-9],[-45,-30]],[[30977,28263],[-24,-10],[-58,-21],[-23,-8],[-14,-4],[-10,-3],[-7,-1],[-68,-1],[-144,12],[-91,12],[-99,12]],[[30429,28251],[-5,0],[-17,-2],[-23,-5],[-40,-10]],[[30266,28211],[-331,-100],[-48,-13],[-32,-12],[-159,-100],[-97,-57],[-12,-6],[-16,-7],[-268,-95],[-21,-8],[-31,-15],[-24,-13],[-98,-60],[-31,-18],[-7,-4],[-9,-6],[-8,-2],[-35,0],[-3,-1],[-249,-5],[-998,-20],[-578,-13],[-1,0],[-217,-5],[-272,-5],[-636,-15],[-183,-4],[-176,-3],[-56,-1],[-1,0]],[[33883,29737],[0,1],[-5,8],[-20,34],[-28,47],[-21,55],[-5,24],[0,9],[5,8],[1,3],[25,44],[22,40],[66,121],[23,39],[0,1],[4,9],[6,11],[11,16],[6,8],[0,1],[11,12],[13,13],[44,34],[21,17],[97,80],[115,91],[37,30],[24,21],[1,2],[35,35],[46,45],[42,38],[58,47],[28,22],[114,91],[8,7],[145,121],[18,14],[10,8],[8,9],[3,5],[1,2],[1,4],[2,5],[0,10],[-2,10],[-41,112],[-12,33],[-6,16],[-17,47],[-70,190],[-1,5],[-6,17],[-16,41],[-1,1],[-5,15],[-11,29],[-7,19],[-3,10],[-2,6],[-17,46],[0,26],[7,22],[8,31],[6,22],[8,35],[47,196],[18,77],[3,18],[0,1]],[[34735,32004],[2,6],[0,4],[2,11],[2,4],[2,6],[0,1],[1,2],[0,2],[2,9],[-4,38],[-3,26],[-23,194],[-1,19],[-6,18],[0,2],[-2,3],[-6,15],[-5,8],[-8,10],[-21,23],[-12,12],[-2,3],[-15,18],[-55,63],[-19,21],[-41,45],[-124,137],[-5,5],[-5,4],[-12,12],[-4,5],[-20,14],[-3,2],[-1,0]],[[37795,32600],[-24,-2],[-80,-7],[-19,-3],[-3,-2],[-8,-52],[-8,-6],[-9,-13],[-32,-33],[-69,-63],[-10,-5],[-30,-29],[-14,-10],[-108,-118],[-10,-15],[-9,-21],[-7,-14],[6,-13],[1,-5],[1,-4],[-3,-6]],[[37348,32170],[-7,-3],[-4,-4]],[[37337,32160],[6,-16],[-1,-15],[-4,-35],[1,-7],[1,-2],[0,-1],[9,-9],[31,-21],[31,-22]],[[37430,32013],[4,-7],[1,-10],[0,-2],[1,-4],[2,-16],[4,-14],[1,-6],[-46,-144]],[[37385,31795],[-28,-22],[-68,-50],[-12,-12],[-9,-6],[-54,-62],[-9,-6],[-26,-14],[-46,-16],[-13,-7],[-24,-14],[-1,-1],[-76,-47],[-14,-11],[-48,-23],[-24,-9],[-17,-4],[-36,-8],[-63,-10],[-29,-3],[-53,-4]],[[36705,31466],[-22,0],[-36,-3],[-29,-4],[-11,-2],[-27,-8],[-10,-5],[-8,-5],[-12,-17],[0,-1],[3,-8],[1,-4]],[[36554,31407],[-2,-3],[-31,-12],[-11,-5],[-9,-6],[-7,-6],[-71,-65],[-3,-1],[-2,-5],[-11,-22],[-1,-1],[-1,-3],[-1,-9]],[[36404,31262],[7,-21],[-4,-6],[-5,-5]],[[36399,31227],[-34,-39],[-3,-14],[-3,-8],[0,-1],[-2,-3],[-61,-56],[-9,-6],[-59,-33],[-25,-17],[-17,-7],[-7,-1],[-48,3],[-71,-7],[-59,-9],[-13,0],[-9,-1],[-30,-7],[-8,-4],[-32,-21],[-70,-27],[-19,-5],[-20,-5],[-31,-4],[-37,-2],[-42,0],[-13,2],[-34,7],[-85,29],[-18,6],[-22,5],[-19,4],[-4,0],[-39,-9],[-67,-35],[-10,-4],[-19,-5],[-19,-3],[-146,-8],[-23,-8],[-7,-3],[-78,-51],[-16,-10],[-8,-4],[-34,-13],[-10,-3],[-78,-14],[-17,-6],[-20,-9],[-7,-4],[-2,-3],[-5,-36],[-5,-23],[-5,-12],[-5,-9],[-25,-16],[-2,-4],[-3,-3],[-2,-18],[-4,-8]],[[34834,30681],[-5,-2],[-26,-11],[-40,-16],[-6,-4],[0,-1],[-3,-3],[-11,-14],[-1,-9],[0,-1]],[[34742,30619],[0,-1],[1,-3],[3,-3],[1,-4],[6,-4]],[[34754,30603],[22,-9],[4,-4],[-10,-5],[-52,-45],[-19,-11],[-192,-184],[-111,-113],[-112,-112],[-120,-113],[-121,-112],[-80,-77],[-8,-6],[-72,-75]],[[27513,53111],[40,24],[19,14],[6,3],[48,12],[28,12],[31,22],[38,13],[7,4],[39,30],[24,6],[46,9],[16,6],[29,16],[11,3],[5,1],[85,0],[16,1],[1,0],[17,-1],[6,0],[31,1],[18,3],[8,3],[1,3],[9,0],[22,15],[31,10],[26,5],[19,0],[22,-3],[6,0],[1,-1],[13,-1],[15,3],[11,5],[103,-65],[-5,10],[-3,8],[-1,1],[4,5],[-11,8],[-61,39],[14,6],[2,3],[14,6],[20,2],[13,2],[55,15],[4,2],[1,0],[19,-1],[6,-2],[10,-4],[2,-3],[7,-9],[87,-22],[32,-10],[20,-5],[6,23],[5,25],[13,59],[8,30],[4,12],[7,25],[9,46],[7,33],[8,33],[9,32],[3,8],[0,1],[7,18],[23,69],[20,36],[13,18],[20,24],[22,19],[24,19],[30,21],[50,29],[48,24],[38,21],[1,0]],[[28965,53940],[1,0],[10,-4],[3,-1],[7,-3],[3,-2],[1,0],[75,-30],[75,-32],[7,-2],[14,-6],[77,-32],[1,0],[51,-21],[75,-31],[1,0],[14,-7],[38,-16],[9,-4],[17,-7],[1,0],[31,-13],[38,-16],[1,0],[48,-20],[11,-5],[32,-14],[45,-18],[133,-55],[43,-19],[37,-14],[24,-10],[1,-1],[84,-35],[37,-15],[3,-1],[9,-4],[3,-1],[0,-1],[20,-8],[60,-25],[20,-8],[30,-13],[93,-38],[30,-12],[19,-9],[17,-6],[108,-45],[35,-14],[104,-43],[52,-22],[20,-7],[238,-101],[102,-44],[16,-6],[22,-9],[114,-47],[38,-15],[43,-18],[128,-52],[12,-5],[12,-6],[18,-7],[54,-23],[89,-39],[73,-31],[54,-22],[1,-1],[119,-49],[137,-59],[147,-60],[5,-2],[1,-1],[10,-3],[58,-26],[20,-8],[57,-28],[4,-3],[54,-27],[23,-13],[5,-3],[23,-13],[125,-70],[50,-27],[12,-7],[1,-1],[38,-21],[1,-1],[13,-7],[15,-8],[45,-25],[13,-7],[2,-1]],[[32625,52354],[4,-2],[17,-9],[47,-26],[17,-9],[3,-2],[18,-9],[7,-4],[19,-11],[78,-42],[27,-15],[22,-12],[68,-36],[23,-13],[26,-16],[79,-48],[27,-15],[0,-1],[39,-22],[112,-64],[6,-4],[2,0],[39,-22],[118,-64],[21,-12],[64,-35],[23,-12]],[[26951,51768],[-44,7],[-64,12],[-47,8],[-52,11],[-9,2],[-50,12],[-83,19],[-3,0],[-5,3],[-122,30],[-55,12],[-40,10],[-9,3],[-29,8],[-10,2],[-32,10],[-10,2],[-49,15],[-24,9],[-37,14],[-29,16],[-22,13],[-3,1],[-9,7],[-4,2],[0,1],[-1,1]],[[26109,51998],[30,12],[15,7],[23,15],[7,7],[7,11],[1,3],[-2,4],[-25,26],[-8,7],[-5,12],[-2,4],[3,6],[7,5],[3,2],[14,5],[60,14],[26,7],[1,0],[3,1],[22,1],[43,4],[24,6],[5,4],[13,13],[1,7],[2,15],[1,7],[1,5],[0,2],[1,4],[2,7],[4,6],[3,1],[33,17],[33,15],[12,4],[3,2],[26,7],[1,0],[91,14],[26,9],[8,5],[2,5],[2,9],[-1,6],[-1,3],[-10,24],[0,6],[7,9],[42,17],[27,20],[58,17],[38,8],[81,15],[24,6],[25,11],[19,19],[5,2],[53,22],[30,19],[36,19],[16,9],[12,9],[16,17],[17,33],[30,28],[2,2],[-1,8],[-1,0],[-22,22],[-1,2],[7,6],[52,17],[6,4],[8,26],[0,20],[43,27],[28,31],[10,13],[14,11],[14,10],[53,83],[0,17],[1,2],[1,1],[2,3],[39,27],[11,15],[7,12],[16,19],[3,6],[3,16],[-1,2],[-8,14],[4,8],[35,22],[16,15],[4,3],[8,7],[10,6]],[[27513,53111],[1,0],[29,-8],[65,-23],[46,-17],[58,-27],[67,-33],[6,-4],[11,-5],[125,-77],[3,-2],[99,-53],[6,-3],[26,-12],[5,-2],[8,-3],[-2,-2],[1,0],[31,-18],[53,-31],[22,-12],[3,-2],[25,-14],[50,-24],[142,-70],[132,-68],[56,-29],[12,-6],[17,-9],[28,-14],[3,-1],[10,-6],[28,-13],[57,-27],[44,-20],[15,-8],[37,-19],[16,-9],[49,-24],[15,-8],[8,-4],[41,-20],[36,-20],[35,-21],[19,-11],[10,-7],[1,0],[35,-22],[2,-1],[40,-25],[3,-2],[1,0],[34,-17],[53,-24],[22,-8]],[[28173,51537],[114,87],[110,85],[235,174],[31,24],[33,25],[26,20],[23,18],[1,0],[16,11],[25,20],[20,14],[2,1],[16,10],[19,12],[17,10],[15,6],[173,79],[124,58],[57,25],[21,9],[1,1]],[[29252,52226],[1,-1],[15,-4],[22,-8],[62,-20],[5,-2],[139,-49],[13,-4],[64,-28],[12,-5],[28,-11],[82,-36],[54,-19],[3,-1],[154,-58],[2,-1],[16,-7],[14,-7],[17,-10],[0,-1],[13,-6],[7,-5],[24,-18],[11,-11],[14,-11],[3,-4],[1,0],[6,-7],[3,-4],[9,-13],[5,-7],[7,-11],[56,-93],[5,-8],[8,-14],[6,-9]],[[26242,50939],[-393,207],[-1,0],[-7,4],[-1,0],[13,12],[3,23],[3,6],[0,1],[2,2],[-2,4],[3,1],[3,3],[39,3],[8,1],[2,1],[3,1],[6,3],[1,3],[1,1],[0,2],[-3,3],[-5,6],[9,9],[-6,5],[-2,3],[-2,7],[-1,2],[0,1],[14,5],[12,6],[1,0],[11,5],[1,1],[5,2],[-4,8],[-4,6],[3,2],[3,3],[33,0],[18,-2],[9,1],[8,4],[17,1],[2,1],[6,6],[4,9],[29,16],[29,8],[32,2],[9,1],[10,4],[9,9],[15,14],[11,2],[10,2],[16,6],[7,5],[20,23],[0,2],[2,6],[-4,8],[9,5],[6,2],[33,-1],[6,0],[11,1],[6,5],[-2,2],[-1,2],[-4,7],[5,4],[6,2],[12,3],[11,3],[1,1],[13,4],[9,1],[11,-1],[3,1],[7,3],[-11,8],[-1,0],[3,7],[7,9],[8,8],[1,2],[8,15],[-1,12],[-7,19],[-2,6],[0,1],[-1,7],[-2,10],[0,12],[-1,3],[-2,26],[-1,4],[0,4],[-1,4],[-1,9],[-1,7],[-1,3],[-1,4],[-1,3],[-1,1]],[[26382,51647],[23,2],[9,1],[26,4],[40,6],[27,4],[19,3],[11,2],[30,6],[3,1],[84,20],[28,7],[3,0],[8,2],[15,4],[18,4],[11,3],[3,1],[11,2],[5,1],[39,10],[14,4],[140,34],[2,0]],[[26951,51768],[23,-3],[34,-3],[18,-2],[92,-11],[152,-27],[10,-2],[9,-1],[25,-4],[114,-16],[110,-16],[71,-12],[42,-6],[36,-6],[39,-8],[50,-11],[101,-27],[61,-17],[6,-2],[1,0],[77,-20],[151,-37]],[[28173,51537],[1,0],[9,-3],[30,-7],[10,-3],[14,-3],[44,-12],[14,-3],[6,-2],[2,0],[15,-4],[5,-1]],[[28335,50962],[25,2],[20,2],[54,3],[24,1],[95,5],[56,5],[123,6],[37,1],[7,83],[2,18],[0,2],[-1,16],[0,5],[-1,2],[0,18],[-1,3],[-1,2],[-1,4],[-16,49],[0,2],[-34,62],[-6,12],[-1,3],[-2,4],[-8,12],[-17,23],[-6,9],[-3,4],[-1,0],[-14,14],[-6,5],[-1,2],[-9,8],[-17,14],[-1,1],[-4,3],[-5,3],[0,1],[-2,1],[-5,5],[-9,7],[-7,5],[-6,4],[-2,2],[-8,6],[-2,1],[-8,5],[-14,8],[-18,9],[-11,5],[-17,8],[-17,7],[-14,5],[-25,10],[-39,13],[-5,1],[-25,7],[-2,1],[-1,0],[-38,11],[-5,1],[-14,4],[-3,1],[-2,1]],[[28323,51499],[37,4],[6,1],[108,14],[19,3],[43,6],[101,12],[305,40],[55,7],[2,-1],[8,-3],[5,-3],[1,-2],[12,-11],[10,-14],[4,-3],[5,-8],[1,-1],[2,-3],[9,-12],[12,-12],[1,-2],[1,-3],[2,-2],[1,-2],[5,-8],[7,-11],[5,-10],[6,-10],[5,-6],[6,-8],[1,-3],[5,-8],[0,-2],[2,-2],[2,-4],[1,-4],[1,-2],[1,-11],[1,-7],[0,-10],[-2,-10],[0,-9],[1,-4],[0,-5],[2,-3],[2,-6],[5,-5],[1,-2],[1,-1],[2,-1],[1,-2],[2,-2],[3,-2],[1,-1],[13,-9],[1,-1],[7,-4],[4,-3],[12,-6],[27,-13],[23,-11],[17,-8],[42,-20],[39,-19],[12,-7],[46,17],[9,3],[8,6],[1,1],[0,-1],[46,-29],[11,-7],[2,-1],[14,-4],[10,-2],[14,0],[15,1],[86,8],[9,-1],[6,-2],[3,-4],[5,-5],[3,-7],[15,-27],[6,-11],[3,-2],[2,-3],[11,-15],[4,-6],[1,-1],[2,-1],[0,-1],[1,-3],[6,-10],[21,-36],[2,-6],[1,-2],[6,-11],[0,-1],[5,-9],[13,-28],[2,-4],[0,-2],[2,-3],[0,-2],[1,0],[1,-1],[2,-6],[1,0],[0,-2],[4,-4],[5,-7],[1,-2],[1,-6],[2,-5],[3,-6],[3,-5],[2,-3],[6,-5],[1,-1],[10,-8],[20,0],[23,-2],[13,0],[108,-2],[35,-2],[16,0],[34,-1],[12,0],[99,1],[42,0],[19,1],[58,0],[45,1],[6,1],[25,0],[42,1],[110,4],[53,1],[54,2],[1,0]],[[25703,49713],[-109,56],[-20,10],[-85,48],[-72,39],[-15,8],[-11,6],[-51,28],[-253,136],[-126,67],[-28,14],[-29,17],[-23,13],[-28,14],[-7,5],[-6,5],[-2,4],[-1,0],[0,2],[-1,3],[2,5],[1,1],[4,8],[158,219],[102,135],[18,22],[5,5],[9,8],[20,10],[4,3],[235,98],[99,42],[27,12],[13,7],[16,10],[1,1]],[[25550,50774],[14,2],[10,2],[8,1],[28,5],[22,5],[13,3],[23,5],[8,1],[6,2],[18,4],[7,2],[27,6],[60,16],[117,31],[145,39],[58,15],[30,7],[7,2],[12,3],[24,5],[54,9],[1,0]],[[26242,50939],[18,3],[23,3],[27,2],[20,2],[13,0],[10,1],[19,1],[64,1],[44,-1],[52,0],[144,1],[187,-1],[222,0],[183,-1],[155,1],[258,0],[153,1],[313,0],[29,1],[9,0],[38,2],[24,1],[1,0],[17,1],[33,2],[37,3]],[[28335,50962],[6,-11],[2,-5],[1,0],[15,-12],[10,-7],[92,-67],[35,-26],[2,-2],[10,-7],[18,-12],[11,-8],[33,-23],[11,-8],[2,-1],[1,-1],[3,-2],[7,-5],[3,-2],[5,-4],[15,-10],[4,-4],[4,-2],[10,-8],[4,-2],[12,-8],[2,-2],[3,-2],[7,-5],[2,-1],[1,-1],[9,-7],[28,-21],[9,-7],[1,-1],[4,-3],[4,-2],[5,-4],[3,-3],[5,-4],[9,-7],[4,-3],[8,-5],[1,-1],[1,-2],[2,-1],[1,0],[9,-6],[4,-3],[1,-1],[2,-1],[2,-2],[7,-4],[2,-2],[1,0],[27,-18],[2,-1],[6,-2],[30,-15],[7,-4],[3,-2],[8,-4],[3,-2],[10,-5],[24,-14],[3,-2],[8,-5],[6,-3],[2,-2],[14,-9],[5,-3],[2,-1],[4,-4],[2,-1],[10,-8],[7,-6],[9,-10],[14,-16],[8,-12],[12,-19],[9,-17],[1,0],[1,-3],[2,-3],[3,-7],[5,-9],[3,-6],[1,-3]],[[30586,50977],[-1,8],[-1,7],[-2,4],[-1,4],[-2,4],[-3,3],[-10,17],[-29,50],[-12,20],[-14,23],[0,1],[-3,4],[-1,0],[-5,8],[-16,28],[-3,6],[-7,10],[-16,26],[-54,89],[-4,5],[-9,16],[-12,21],[-11,15],[-4,5],[-7,12],[-3,3],[-2,4],[-12,20],[-47,77],[-14,23],[-2,3],[-1,2],[-7,12],[-11,20],[-11,19],[-12,18],[-12,21],[-8,12],[-15,24],[-13,23],[-1,0],[-9,16],[-18,28],[-14,22],[-8,14],[-5,8],[-1,1]],[[30133,51733],[30,3],[87,11],[29,4],[1,0],[26,4],[83,11],[27,4],[30,4],[89,12],[30,4],[10,1],[33,5],[11,1],[1,0],[4,-4],[31,-21],[61,6],[137,17],[-1,2],[-13,24],[-3,4],[206,27],[64,8],[10,1],[14,2],[40,5],[14,2],[15,2],[47,6],[16,3],[15,1],[44,6],[15,3],[16,1],[15,2],[31,5],[13,1],[3,0],[14,2],[43,6],[14,1],[16,2],[45,6],[16,2],[150,19],[3,0],[11,2],[31,4],[10,1],[6,1],[18,2],[6,1],[14,2],[43,5],[28,4],[43,5],[45,6],[31,3],[16,2],[34,2],[27,2],[75,7],[34,2]],[[32397,51137],[-76,-9],[-35,-4],[-7,-1],[-33,-4],[-79,-11],[-2,0],[-72,-10],[-1,0],[-15,-2],[-45,-5],[-15,-2],[-16,-3],[-47,-6],[-15,-1],[0,-1],[-15,-2],[-46,-6],[-14,-2],[-15,-2],[-44,-5],[-15,-2],[-2,-1],[-7,-1],[-4,0],[-7,-1],[-2,0],[-2,-1],[-8,-1],[-3,0],[-47,-6],[-139,-19],[-47,-6],[-187,-24],[-40,-5],[-43,-5],[-34,-3],[-32,-2],[-26,0],[-31,1],[-45,2],[-48,0],[-23,1],[-69,0],[-110,-3],[-16,-1],[-48,-1],[-17,-1],[-27,0],[-79,-3],[-27,0],[-7,-1],[-21,0],[-6,-1]],[[32397,51137],[-2,3],[-8,13],[-3,6],[-1,1],[-47,73],[0,1],[-50,75],[0,1],[-2,3],[-8,10],[-4,6],[-2,5],[-1,1],[-5,7],[-4,6],[-1,3],[-4,6],[-5,7],[-2,3],[-24,35],[-5,8],[-3,5],[-37,56],[-55,84],[-1,1],[-1,2],[-1,1],[-11,16],[-43,67],[-10,15],[-9,14],[-37,59],[-16,23],[-7,11],[0,1],[2,1],[-4,20],[35,56],[16,15],[37,30],[5,5],[1,0],[1,2],[6,5],[14,14],[4,3],[22,22],[25,23],[10,11],[5,5],[19,12],[1,0]],[[32187,51989],[-3,7],[0,11],[-1,4],[2,15],[1,3],[4,22],[0,7],[1,6],[1,2],[0,1],[11,0],[8,-2],[3,-2],[2,-31],[0,-14],[1,-1],[0,-1],[4,-4],[7,-1],[49,-3],[109,-12],[25,-6],[2,-2],[14,-10],[0,-1],[4,-6],[-7,-24],[-3,-11],[-3,-9],[0,-18],[1,-5],[3,-7],[1,-3],[3,-8],[1,-4],[1,-2],[0,-1],[3,-8],[1,0],[6,-6],[7,-6],[3,-3],[0,-1],[1,0],[6,-3],[27,-13],[21,-8],[34,-10],[187,-54],[38,-9],[27,-2],[47,4],[17,1],[114,4],[29,0],[7,-1],[21,-10],[4,-4],[2,-4],[13,-28],[7,-11],[22,-13],[7,-2],[13,-4],[72,-11],[2,-1],[17,-6],[9,-9],[31,-4],[7,-1],[19,-2],[5,1],[8,1],[17,1],[52,-2],[18,-1],[8,3],[1,1],[1,4],[0,39],[7,24],[5,15],[-1,5],[0,12],[-3,4],[-6,10],[-2,2],[17,2],[49,5],[17,2],[-1,0],[-23,17],[-4,3],[-1,1],[0,1],[1,1],[84,32],[31,12],[2,0]],[[33531,51849],[37,-22],[92,-53],[13,-10],[7,-5],[0,-1],[8,-6],[5,-5],[17,-14],[1,-1],[7,-6],[23,-23],[0,-1],[1,0],[3,-5],[10,-10],[10,-13],[3,-4],[2,-5],[3,-4],[4,-8],[5,-12]],[[32397,51137],[1,0],[16,2],[47,6],[16,2],[15,3],[44,5],[28,4],[40,5],[15,2],[2,0],[7,1],[2,1],[78,10],[132,17],[1,0],[12,1],[125,16],[66,9],[2,0],[8,1],[2,0],[56,8],[13,2],[1,0],[14,1],[56,8],[64,8],[17,3],[49,6],[147,19],[19,3],[18,1],[12,1],[1,0],[5,1],[3,0],[5,1],[28,0],[9,-1],[10,-1],[14,-2],[9,-1],[33,-5],[35,-6],[36,-4],[19,-1],[11,0],[20,-2],[55,0],[9,1],[47,4],[31,4],[40,6],[24,5],[33,8],[12,3]],[[32016,50739],[21,2],[64,9],[22,3],[35,4],[25,3],[82,12],[15,2],[7,1],[13,1],[1,0],[30,5],[93,12],[30,5],[1,0],[-20,30],[-3,4],[-1,3],[-25,37],[-6,10],[-4,5],[-17,25],[-2,4],[-4,5],[0,1],[31,3],[92,10],[31,4],[-9,14],[0,1],[-2,2],[-1,2],[-26,40],[-5,8],[-4,7],[-1,0],[-7,11],[-7,12],[-2,2],[-49,74],[-10,16],[-6,8],[-1,1]],[[25175,48406],[-49,5],[-10,3],[-47,13],[-24,6],[-23,5],[-61,10],[-18,2],[-15,2],[-24,2],[-22,0]],[[24882,48454],[1,6],[6,15],[15,27],[34,34],[31,32],[110,104],[19,17],[5,7],[4,6],[7,12],[2,12],[8,49],[14,88],[11,63],[1,12],[1,2],[4,23],[3,23],[0,5],[1,94],[0,234],[1,37],[2,105],[1,64],[0,69],[15,4],[93,20],[158,35],[78,17],[87,19],[108,24],[1,0]],[[25703,49713],[57,12],[32,6],[44,9],[71,12],[33,4],[63,4],[26,1],[32,-1],[42,-2],[560,-32],[27,0],[28,1],[26,2],[23,3],[58,10],[23,6],[25,7],[40,14],[28,12],[61,24],[31,12],[217,87],[253,101],[30,12],[57,22],[54,22],[47,19],[17,6],[17,7],[12,5],[55,22],[22,8],[59,24],[9,4],[273,111],[90,37],[1,0],[32,13],[11,4],[26,7],[64,12],[9,2],[37,6],[5,1],[6,1],[3,0],[4,1],[4,0],[34,6],[38,5],[52,7],[12,1],[37,5],[14,1],[14,2],[4,0],[12,2],[4,0],[105,12],[96,9],[55,5],[82,2],[33,0]],[[29039,50408],[10,0],[110,1],[103,0],[104,-1],[80,4],[212,7],[91,3],[173,7],[69,4],[59,5],[43,3],[41,6],[57,7],[4,0],[48,9],[220,40],[36,8],[115,31],[3,1],[38,12],[89,28],[2,1],[32,7],[16,4],[47,8],[24,3],[20,2],[36,5],[19,3],[56,7],[19,3],[1,0],[25,3],[11,2],[67,8],[26,4],[56,8],[14,1],[33,5],[55,7],[43,6],[33,4],[1,0],[67,8],[78,10],[94,10],[30,3],[26,3],[33,3],[8,1],[1,0],[20,2],[34,4],[41,4],[65,5],[49,3],[10,1],[55,5],[5,1],[8,0],[9,1],[3,1]],[[32016,50739],[1,-1],[9,-15],[33,-44],[11,-16],[9,-13],[5,-7],[43,-61],[3,-5],[12,-16],[31,-46],[1,0],[1,-3],[94,-137],[2,-4],[4,-5],[5,-6],[9,-4],[1,-1],[18,-6],[22,-5],[0,-1],[-12,-11],[-29,-30],[-6,-6],[-1,-2],[-12,-10],[-13,-8],[-6,-4],[-25,-11],[-12,-8],[-9,-4],[-6,-3],[-55,-26],[-26,-11],[-137,-60],[-7,-4],[-21,-11],[-22,-11],[-11,-6],[-15,-8],[-23,-13],[-21,-13],[-16,-10],[-15,-10],[-1,0],[-22,-14],[-68,-42],[-12,-7],[-11,-7],[-20,-12],[-58,-38],[-21,-12],[1,0],[22,-5],[11,-1],[17,-1],[85,-3],[35,-1],[15,0],[46,-2],[24,0],[19,-1],[82,-2],[28,-1],[1,0],[25,-1],[79,-2],[26,0],[13,-1],[38,-1],[13,0],[14,-1],[57,0],[16,-1],[17,0],[101,-3],[33,-1],[28,-1],[85,-2],[27,-1],[6,0],[17,-1],[6,0],[29,-1],[86,-2],[29,-1],[-2,-13],[0,-2],[-5,-39],[0,-7],[-1,-6],[-1,-9],[-2,-17],[0,-6],[-1,-4],[-1,-3],[-1,-4],[-2,-15],[-6,-43],[-4,-25],[-1,-3],[0,-6],[-1,-12],[-2,-13],[0,-4],[-1,-4],[0,-5],[-2,-12],[0,-1],[-1,-4],[0,-2],[-1,-3],[0,-5],[-2,-4]],[[34011,51292],[-10,8],[-31,23],[-8,5],[-3,3],[-4,3],[-26,18],[-1,0],[-1,2],[-15,11],[-3,2],[-9,7],[-19,22],[-12,14],[-10,14],[-1,2],[-3,5],[-5,6],[0,1],[-5,9],[-3,6],[-2,3],[-5,14],[-2,4],[-4,17],[0,4],[-2,3],[-6,22],[-10,36],[-11,33],[-4,15],[0,2],[-3,7],[-10,28]],[[33782,51641],[1,0]],[[33783,51641],[0,1],[5,1],[7,2],[6,3],[5,1],[19,7],[58,21],[20,7],[11,4],[34,12],[11,5],[12,4],[36,13],[11,5],[12,4],[33,13],[6,2],[5,2],[3,1],[22,8],[74,28],[24,9],[1,0],[11,4],[32,13],[11,4],[14,6],[42,16],[13,6],[12,3],[34,12],[11,4],[15,6],[45,16],[16,6],[102,36],[12,4],[111,38],[0,1]],[[34679,51969],[2,0],[143,49],[7,3],[10,3],[109,38],[30,10],[5,2],[1,0],[94,33],[66,22],[22,7],[61,21],[24,3],[10,4],[27,10],[5,1],[10,4],[8,2],[24,8],[7,3],[3,0],[7,3],[3,1],[32,10],[37,12],[50,14],[13,4],[15,4],[19,5],[9,2],[2,0],[40,12]],[[35574,52259],[1,0],[150,-62],[216,-83],[37,-17],[106,-47],[2,-1],[29,-15],[45,-22],[65,-31],[86,-48],[117,-80],[28,-24],[15,-14],[30,-26],[37,-28],[56,-54],[12,-12],[83,-114],[66,-109]],[[33065,49637],[1,7],[2,21],[0,8],[-1,2],[0,8],[3,25],[0,1],[1,6],[2,10],[2,8],[5,24],[2,7],[0,1],[1,1],[0,1],[1,5],[0,2],[1,3],[2,7],[0,12],[1,21],[0,14],[1,14],[0,1],[1,16],[0,6],[1,19],[4,38],[3,28],[1,22],[2,11],[2,34],[2,12],[1,15],[3,19],[4,29],[0,4],[2,13],[1,6],[1,3],[0,11],[2,16],[0,10],[3,21],[0,6],[9,82],[0,1],[3,27],[0,8],[3,27],[1,8],[0,4],[1,6],[0,11],[1,6],[0,19],[1,0],[0,18],[1,23],[1,6],[0,8],[-1,17],[-1,25],[0,4],[-1,15],[-1,6],[-1,8],[-4,6],[0,2],[-3,5],[-5,8],[-6,7],[-3,4],[-3,5],[-2,4],[-14,27],[-2,2],[-7,9],[-9,11],[-1,2],[-2,3],[-7,12],[-17,25],[-12,19],[-9,15],[-11,18],[-23,35],[-8,12],[-5,6],[-11,16],[0,1],[-5,7],[-7,12],[-7,10],[-1,2],[-4,5],[-19,30],[-16,24],[-14,23],[-11,18],[0,1],[-9,15],[0,1],[15,1],[21,2],[55,7],[25,3],[69,8],[27,4],[1,0],[165,25],[25,4],[4,1],[50,9],[40,5],[156,22],[7,1],[17,2],[51,7],[18,2],[31,5],[31,4],[15,2],[34,7],[80,17],[47,11],[7,2],[39,11],[18,6],[1,0],[38,11],[48,13],[66,19],[37,11],[17,5],[49,14],[14,5],[1,0]],[[30191,49060],[20,12],[4,3],[36,22],[105,65],[35,22],[76,45],[223,138],[75,46],[78,47],[46,28],[187,112],[77,46],[3,1],[9,6],[2,2],[0,-1],[26,-6],[15,-3],[56,-9],[16,-1],[7,-1],[219,-11],[14,0],[73,7],[20,0],[24,-3],[3,0],[29,-5],[19,-4],[4,0],[65,-6],[10,-1],[3,0],[12,-2],[20,1],[12,-2],[7,1],[8,1],[6,1],[8,0],[9,-2],[5,0],[4,-1],[2,-1],[8,-2],[12,2],[19,-3],[15,1],[8,-2],[6,-3],[18,0],[4,-4],[2,-6],[1,0],[11,-1],[5,4],[3,0],[11,-3],[4,-3],[7,-1],[1,-3],[2,-1],[2,-2],[4,-1],[14,-2],[6,-1],[3,-2],[2,-2],[2,-1],[0,-2],[4,-2],[3,-2],[1,-1],[5,-1],[4,-4],[4,-5],[0,-2],[1,-2],[4,-1],[7,0],[6,-1],[12,0],[5,1],[13,0],[4,-1],[3,-1],[6,-1],[6,-2],[7,-1],[4,0],[6,-1],[2,-1],[8,-1],[17,2],[4,1],[23,0],[15,1],[36,5],[21,3],[18,3],[30,6],[33,10],[1,0],[-3,1],[-2,0],[-2,1],[1,1],[3,1],[3,2],[6,3],[8,0],[13,1],[5,0],[3,1],[47,0],[12,-1],[7,0],[11,1],[10,2],[2,1],[12,2],[7,2],[7,1],[9,1],[5,1],[7,3],[1,1],[5,3],[14,1],[18,1],[17,8],[12,1],[12,0],[8,-1],[9,-2],[8,-2],[9,0],[6,2],[1,0],[14,-1],[23,-1],[5,0],[12,-1],[13,0],[4,9],[2,5],[1,5]],[[32711,49623],[1,0],[22,-3],[24,-7],[11,-7],[0,-1],[6,-4],[2,-1],[4,-15],[5,-3],[2,-2],[14,-12],[11,-7],[6,-3],[1,-1],[5,-1],[15,-4],[5,-2]],[[29633,48720],[81,49],[153,92],[64,40],[1,1],[13,8],[2,0],[125,77],[119,73]],[[30191,49060],[2,0],[39,1],[123,2],[41,1],[85,1],[256,6],[86,2],[27,0],[79,2],[48,0],[65,2],[21,1],[33,0],[48,1],[49,3],[32,1],[8,0],[12,1],[12,0],[46,2],[8,1],[40,1],[117,8],[44,1],[21,1],[79,3],[87,5],[35,2],[12,0],[31,2],[10,1],[13,1],[7,0],[12,1],[31,2],[19,0],[8,1],[2,0],[20,1],[61,3],[21,0],[11,1],[32,1],[11,1],[12,0],[16,1],[48,2],[24,2],[43,0],[5,-1],[10,0],[12,-1],[7,0],[14,-1],[22,-3],[28,-5],[16,-3],[31,-7],[27,-6],[35,-7]],[[31869,48456],[6,8],[35,44],[5,7],[6,7],[1,1],[11,14],[36,44],[12,15],[22,26],[55,68],[11,13],[21,27],[1,1],[10,11],[29,36],[11,13],[6,8],[16,19],[4,5],[1,1],[6,8],[15,19],[10,12],[37,47],[16,20],[7,9],[3,4],[2,3],[16,20],[12,14],[0,1],[10,11],[0,1],[11,14],[47,58],[1,0],[6,7],[4,5],[9,12],[4,5],[1,0]],[[32385,49094],[1,2],[2,2],[1,0],[0,1],[15,15],[28,35],[2,1],[4,5],[0,1],[2,2],[3,5],[1,0],[26,32],[93,113],[31,38],[2,3],[8,10],[2,3],[2,2],[4,6],[2,2],[10,12],[18,22],[2,4],[11,11],[8,9],[10,11],[16,16],[31,26],[14,10],[16,9],[2,1],[15,9],[27,15],[4,2],[9,4],[6,3],[22,10],[9,4],[1,0]],[[32845,49550],[19,9],[13,5],[60,25],[39,14],[33,13],[11,4],[34,13],[11,4]],[[33065,49637],[1,1],[28,10],[33,12],[28,9],[35,12],[2,1],[1,0],[91,33],[147,49],[61,21],[7,2],[66,27],[21,9],[18,8],[27,15],[2,0],[31,18],[34,22],[4,2],[38,28],[14,12],[22,20],[20,19],[19,21],[29,40],[10,14],[18,24],[8,13],[1,0],[5,8],[18,24],[5,8],[1,0],[5,14],[13,29],[7,10],[1,3],[1,1],[8,12],[9,14],[10,16],[15,23],[0,1],[1,2],[3,4],[4,7],[0,1]],[[37214,51459],[31,1],[5,0],[86,3],[30,2],[45,2],[23,0],[95,4],[15,1],[91,3],[67,3],[148,5],[59,3],[385,17],[232,10],[93,5],[33,1],[54,5],[15,2],[10,1],[2,-2],[3,-5],[1,-2],[15,-26],[7,-11],[2,-3],[1,-2],[12,-20],[13,-21],[18,-22],[38,-52],[5,-5],[32,-30],[50,-30],[1,-1],[21,-18],[22,-18],[81,-38],[193,-52],[158,-31],[3,0],[106,-14],[109,-10],[66,0],[52,16],[56,27],[118,34],[108,7],[86,-13],[55,-20],[87,-3],[66,6],[147,11],[55,4],[73,2],[34,5],[15,6],[16,5],[34,12],[96,-13],[180,-15],[66,-7],[96,-20],[93,-28],[7,-3],[52,-18],[63,-45],[70,-42],[46,-52],[1,-1],[33,-46],[19,-20],[115,-36],[2,-2],[1,-2],[1,0],[36,-24],[45,-22],[33,-10],[3,-1],[37,-5],[69,-4],[70,0],[57,9],[54,18],[56,43],[43,26],[11,7],[55,22],[39,2],[29,-1],[0,-1],[-1,-4],[-2,-5],[1,0],[4,-4],[5,-6],[9,-4],[16,-6],[9,-7],[0,-1],[3,-3],[0,-2],[1,0],[0,-2],[1,-3],[0,-2],[1,-7],[2,-6],[0,-1],[1,-5],[1,-3],[9,-11],[0,-1],[-17,-17],[-8,-3],[-15,-4],[-35,-4],[-13,-2],[-7,-2],[-5,-3],[-4,-4],[1,-4],[1,0],[7,-4],[7,-3],[35,-7],[9,-3],[5,-2],[2,-3],[1,-3],[-3,-8],[-3,-2],[-11,-3],[-12,-2],[-23,0],[-9,-1],[-8,-1],[-9,-5],[-1,-5],[15,-15],[1,0],[4,-8],[2,-3],[0,-6],[-2,-4],[-10,-4],[-9,0],[-24,2],[-19,-2],[-12,-3],[-23,-14],[-7,-2],[-9,-2],[-9,-1],[-22,-1],[-8,-1],[-16,-4],[-15,-4],[-15,-5],[-21,-13],[-5,-4],[-7,-10],[-4,-8],[-4,-14],[1,-1],[104,-10],[47,-11],[28,-21],[29,-34],[614,-154],[16,33],[57,121],[5,10],[12,33],[12,37],[5,24],[1,5],[0,1],[1,16],[-1,20],[-1,4],[-1,5],[-2,7],[0,6],[108,3],[-2,6],[-5,14],[-28,79],[-1,3],[-16,46],[15,41],[46,123],[15,41],[5,10],[2,5],[0,1],[2,4],[22,-1],[128,6],[114,10],[95,6],[122,5],[42,2],[38,1],[16,-2],[70,-13],[108,-33],[71,-17],[57,-11],[61,-8],[44,-4],[40,1],[21,3],[66,18],[51,7],[36,1],[51,-6],[11,-3],[39,-9],[81,-27],[54,-11],[54,-4],[93,14],[57,11],[47,-2],[59,-17],[35,-16],[38,-23],[12,-5],[8,-3],[41,-13],[46,-1],[86,27],[38,6],[81,4],[104,2],[57,8],[25,3],[116,42],[49,12],[24,6],[145,12],[103,13],[57,12],[27,10],[91,39],[55,12],[42,-1],[44,-11],[12,-4],[40,-13],[42,-17],[96,-41],[34,3],[48,-20],[34,-2],[17,2],[34,6],[62,28],[65,15],[86,-25],[51,-34],[40,-14],[30,-7],[21,-5],[41,-4],[37,-1],[38,12],[849,-44],[111,-2],[515,-6],[1319,-16],[581,-14],[111,-3],[692,-18],[3211,-52],[721,-12],[3133,0],[5781,31],[3103,17],[109,-1]],[[67200,50896],[0,-1],[1,0],[54,-45],[223,-189],[276,-233],[558,-472],[278,-234],[322,-266],[967,-795],[322,-266],[122,-102],[368,-308],[36,-30],[85,-72],[102,-79],[580,-453],[2042,-1596],[176,-138],[506,-394]],[[34708,49774],[-3,3],[-10,8],[0,1],[46,11],[3,1],[-1,4],[0,4],[-1,2],[-14,15],[-7,5],[-2,1],[-16,7],[-1,1],[-19,5],[-27,17],[-1,1],[-42,14],[-10,5],[-23,14],[-17,13],[-6,6],[-19,24],[-3,3],[-54,46],[-13,15],[-3,3],[0,1],[-7,23],[-4,13],[-2,20],[-1,11],[-1,0],[-1,4],[-1,1],[-6,5],[-2,2],[-6,2],[-16,3],[-42,3],[-1,0],[-2,2],[2,3],[21,11],[0,2],[-5,2],[-8,1],[-22,-2],[-3,1],[-2,2],[-2,1],[-1,1],[-7,17],[-2,3],[-6,5],[-43,13],[-6,2],[-6,4],[-7,5],[-11,11],[-2,5],[-1,1],[-2,5],[-2,4],[0,3],[-1,4],[7,34],[-2,9],[0,2],[-5,5],[-11,4],[-15,0],[-21,-2],[-6,-1],[-28,-11],[-14,1],[-9,3],[-9,7],[-4,4],[-7,27],[-1,1],[-1,3],[-3,3],[-7,0],[-37,-15],[-12,-2],[-7,-1],[-18,-6],[-29,-9],[-30,3],[-1,0]],[[33987,50256],[6,7],[4,8],[7,9],[47,72],[5,7],[11,17],[18,26],[52,77],[1,2],[18,25],[0,1],[3,6],[14,24],[14,22],[18,26],[15,25],[10,14],[2,3],[9,13],[11,16],[5,9],[17,24],[0,1],[1,2],[5,6],[5,8],[11,20],[18,22],[30,43],[7,14],[9,13],[0,1],[4,6],[0,3],[9,17],[8,17],[0,2],[5,13]],[[36796,51471],[68,-2],[10,0],[68,-4],[10,0],[10,-1],[130,-4],[30,-1],[10,-1],[57,1],[25,0]],[[37214,51459],[0,-1],[-1,-2],[-6,-8],[-2,-3],[-49,-77],[-5,-7],[-2,-4],[-38,-58],[-22,-34],[-29,-48],[-27,-41],[-52,-81],[-7,-11],[-4,-7],[-1,-5],[-1,-3],[-1,-5],[1,-6],[5,-9],[0,-1],[18,-17],[25,-21],[23,-20],[31,-26],[64,-56],[21,-19],[62,-57],[15,-15],[3,-5],[2,-2],[3,-4],[2,-4],[2,-2],[0,-1],[1,0],[25,-1],[75,-2],[26,-1],[21,-1],[66,-2],[22,0],[0,-1],[2,-14],[4,-42],[1,-9],[1,-6],[1,-8],[0,-5],[3,-15],[1,-8],[4,-19],[0,-1],[1,-2],[0,-1],[1,-9],[0,-1],[4,-7],[1,-3],[0,-7],[16,-31],[2,-3],[2,-5],[2,-2],[10,-13],[9,-12],[22,-25],[10,-12],[27,-32],[23,-28],[24,-33],[1,-4],[3,-3],[17,-20],[8,-9],[7,-7],[11,-15],[12,-8],[0,-1],[4,-5],[1,-2],[1,-1],[1,0],[4,-8],[5,-7],[6,-4],[6,-5],[2,-1],[1,-1],[10,-8],[10,-5],[26,-15],[26,-10],[24,-10],[23,-8],[9,-4],[15,-6],[8,-2],[16,-5],[1,-1],[4,-1],[18,-6],[4,-1],[38,-12],[5,-2],[2,-1],[18,-5],[1,0],[16,-6],[7,-2],[14,-5],[1,0],[56,-20],[24,-8],[4,-1],[10,-4],[3,-1],[13,-5],[36,-12],[11,-4],[4,-2],[12,-4],[4,-2],[5,-1],[2,-1],[1,0],[3,-1],[17,-7],[4,-1],[11,-4],[10,-5],[3,-1],[2,0],[1,-1],[6,-2],[14,-7],[4,-1],[9,-5],[22,-9],[3,-2],[7,-4],[32,-19],[40,-25],[52,-33],[31,-19],[226,36],[84,19],[68,15],[899,-50],[112,-6],[20,-1],[7,-1],[159,-9],[26,-2],[18,-1]],[[34708,49774],[9,2],[20,6],[2,0],[78,18],[42,9],[174,40],[223,53],[6,1],[327,88],[109,30],[104,30],[1,-1],[52,-32],[90,-57],[51,-35],[12,3],[0,1],[1,-1],[3,-2],[11,-6],[3,-2],[17,-12],[16,-21],[14,-14],[43,-41],[5,-6],[8,-9],[5,-6],[17,-19],[5,-5],[0,-2],[1,0],[1,-1],[3,-4],[1,0],[7,-9],[6,-7],[4,-5],[1,0],[1,-1],[3,-4],[1,-1],[3,-4],[17,-19],[7,-8],[4,-6],[3,-2],[14,-17],[23,-26],[8,-10],[21,-23],[4,-4],[12,-13],[3,-5],[7,2],[18,3],[5,1],[0,1],[1,-1],[2,-3],[7,-7],[2,-3],[4,-4],[6,-7],[3,-3],[17,-20],[2,-3],[7,-7],[4,-5],[18,-21],[5,-6],[6,-6],[0,-1],[4,-3],[10,-13],[5,-5],[12,-14],[15,-19],[1,-1],[4,-5],[10,-12],[2,-2],[5,-6],[2,-3],[59,-70],[1,-2],[2,-2],[30,-34],[14,9],[10,7],[92,57],[40,25],[19,11],[55,34],[18,12],[280,171],[10,6],[114,71],[50,30],[207,126],[349,-115],[705,-221],[673,-231],[386,-15],[24,-1],[17,1],[59,232],[6,25],[1,0],[55,-6],[198,-26],[66,-8],[7,49],[3,29],[3,19],[6,42],[28,208],[0,4],[1,1],[18,0],[11,78],[7,53]],[[40112,50011],[7,48],[15,113],[7,64],[1,8],[0,5],[1,2],[429,-10],[45,-1],[332,-7],[54,-1],[-1,-1],[-1,-3],[-102,-171],[55,0],[77,-1],[0,-1],[-12,-124],[-1,-12],[0,-3],[-2,-11],[-2,-29],[-2,-19],[0,-1],[-26,-225],[-3,-25],[-2,-16],[0,-2],[-2,-35],[-2,-12],[0,-8],[14,-36],[9,-12],[7,-11],[15,-21],[5,-6],[0,-1],[1,0],[18,-23],[3,-3],[12,-19],[1,-1],[6,-5],[12,-11],[18,-16],[24,-17],[7,-4],[27,-17],[32,-15],[37,-16],[37,-14],[30,-10],[34,-10],[36,-8],[26,-5],[57,-10],[42,-5],[7,-1],[42,-4],[34,-4],[39,-1],[22,0],[28,-1],[61,4],[187,6],[159,4],[121,3],[15,0],[9,1],[8,0],[18,1],[81,1],[27,1],[10,-14],[4,-9],[1,0],[7,-7],[20,-22],[28,-24],[50,-34],[7,-6],[1,0],[4,-2],[3,-3],[3,-2],[7,-4],[11,-8],[1,0],[61,-49],[24,-17],[2,-2],[1,0],[10,-7],[37,-28],[77,-56],[62,-46],[28,-16],[52,-45],[3,-3],[39,-36],[2,-3],[7,-9],[6,-9],[6,-7],[6,-8],[0,-2],[1,-1],[6,-18],[2,-4],[3,-9],[9,-30],[0,-3],[3,-34],[-2,-26],[0,-1],[-11,-74],[-2,-12],[0,-5],[-5,-31],[-1,-11],[-1,-10],[-8,-55],[-12,-94],[-19,-145],[-2,-8],[-14,-46],[-12,-26],[-3,-15],[0,-1],[-2,-4],[0,-1],[-2,-4],[-10,-18],[-6,-8],[-4,-6],[-12,-22],[-8,-7],[-9,-7],[-20,-16],[-18,-15],[-9,-7],[-7,-5],[-70,-44],[-59,-35],[-65,-39],[-56,-36],[-155,-86],[-80,-48],[-114,-72],[-20,-13],[-47,-29],[-1,0],[-6,-4],[-12,-11],[-5,-4],[-36,-33],[-48,-45],[-38,-52],[-18,-22],[-44,-52],[-32,-24],[-66,-40],[-65,-24],[3,-2],[1,-1],[4,-3],[15,-12],[9,-15],[-2,-7],[-2,-9],[-11,-24],[-9,-27],[2,-5],[0,-1],[3,-7],[1,-1],[6,-3],[21,-12],[6,-2],[16,-6],[0,-1]],[[41776,47139],[2,-1],[0,1],[-12,3],[-58,14],[-2,1],[-8,1],[-4,-8],[-1,-4],[-34,-81],[-15,-38]],[[35705,48848],[-4,3],[-53,25],[-6,3],[-5,2],[-24,12],[-29,13],[-147,55],[-15,5],[-79,16],[-40,16],[-94,51],[-1,0],[-59,50],[0,1],[-14,10],[-52,40],[-30,36],[-4,15],[-1,1],[3,18],[1,5],[0,5],[21,24],[10,11],[36,41],[4,1],[52,20],[81,24],[16,11],[1,1],[25,22],[4,20],[-6,31],[-10,14],[-24,35],[-93,28],[-108,33],[-158,66],[-82,57],[0,7],[-3,2],[-7,7],[-15,14],[-47,37],[-1,1],[-39,36],[-1,1]],[[36181,48633],[6,4],[2,2],[3,2],[15,12],[7,5],[7,6],[0,1],[34,27],[14,11],[34,26],[53,40],[6,4],[14,9],[27,16],[22,13],[13,6],[34,19],[42,20],[36,16],[14,6],[26,10],[27,12],[5,3],[34,14],[38,13],[9,3],[8,2],[58,13],[35,6],[0,-1],[10,-8],[63,-43],[33,-21],[42,-26],[58,-34],[25,-14],[81,-52],[15,-11],[45,-35],[33,-21],[1,0],[53,-35],[45,-24],[51,-24],[28,-8],[87,-25],[18,-5],[13,-5],[-14,-7],[86,-30],[77,-25],[119,-39],[254,-83],[87,-28],[282,-91],[13,8],[0,1],[1,-1],[53,-16],[119,-38],[28,-8],[12,-4],[33,-10],[24,-7],[17,-6],[221,-68],[70,-25],[73,-25],[209,-74],[68,-25],[1,0],[111,-38],[1,0],[357,-135],[88,-32],[235,-83],[45,-15],[111,-39],[176,-61],[1,0],[149,-54],[490,-170],[168,-56],[13,-5],[51,-21],[60,-26],[67,-37],[34,0],[8,1],[2,-1],[24,-17],[27,-21],[23,-20],[15,-16],[14,-16],[1,-1],[2,-3],[0,-1],[11,-17],[4,-8],[4,-9],[1,-1],[5,-12],[4,-9],[2,-5],[2,-6]],[[41644,47027],[0,-2],[2,-5],[1,-23],[4,-38],[-27,-82],[-56,-167],[-76,-220],[-31,-90],[-2,-22],[-3,-18],[-1,-5],[-13,-46],[-24,-94],[-61,-167],[-57,-152],[-39,-100],[-20,-74],[-6,-21]],[[36207,48631],[2,0],[97,-11],[47,-6],[45,-3],[83,-17],[100,-37],[21,-7],[71,-14],[46,-17],[5,-3],[7,-8],[17,-19],[-1,-1],[-1,-4],[-7,-16],[-23,-20],[-8,-16],[0,-9],[-1,-17],[4,-30],[12,-59],[2,-15],[1,-5],[9,-56],[4,-26],[-1,-1],[-10,-33],[-9,-44],[-1,-7],[0,-1],[-5,-15],[-3,-18],[4,-29],[1,-4],[146,-14],[4,-1],[13,-2],[1,0],[104,-16],[46,-8],[48,-8],[78,-7],[44,-12],[31,-9],[35,-16],[2,-2],[42,-39],[49,-44],[25,-23],[-6,-9],[-25,-44],[-6,-10],[1,0],[5,-4],[28,-20],[-39,-16],[-6,-2],[-10,-2],[1,0],[414,-177],[13,-12],[11,-10],[7,-6],[97,-89],[70,-3],[50,-1],[0,-109],[1,0],[20,-1],[33,1],[12,-1],[18,0],[29,-1],[46,-4],[47,-3],[57,-10],[2,0],[61,-11],[120,-40],[48,-20],[6,-2],[43,-17],[112,-31],[19,-3],[64,-8],[76,-1],[81,-11],[55,-14],[32,-7],[104,-40],[112,-63],[64,-34],[33,-45],[19,-38],[5,-11],[46,-27],[15,-7],[18,-10],[86,-33],[77,-29]],[[35238,46309],[76,66],[36,27],[14,14],[15,12],[16,10],[31,17],[23,11],[18,10],[16,8],[44,18],[26,9],[37,14],[25,10],[28,9],[29,10],[22,10],[45,14],[29,11],[39,16],[45,15],[4,2],[57,24],[32,14],[11,4],[14,9],[1,0],[11,-3],[20,-8],[13,-3],[25,-8],[32,-13],[18,-9],[25,-9],[36,-12],[22,-8],[25,-12],[19,-13],[27,-14],[3,-3],[0,-1],[-2,-1],[-4,2],[-17,-14],[-5,-6],[-2,-2],[-16,-31],[-4,-10],[3,-21],[0,-7],[1,-4],[2,-6],[3,-7],[2,-4],[6,-5],[5,-2],[19,-5],[42,0],[9,-1],[23,-6],[5,1],[6,1],[11,7],[5,5],[5,6],[7,13],[12,1],[11,-2],[14,-2],[11,-2],[10,-1],[33,1],[11,-2],[8,-2],[17,-9],[16,-7],[6,-6],[2,-7],[12,-18],[33,-6],[34,-6],[61,5],[57,6],[56,1],[33,-10],[9,-3],[43,-4],[38,2],[47,16],[30,15],[80,20],[52,10],[18,4],[40,5],[39,17],[23,10],[82,22],[53,0],[10,-1],[36,-12],[18,-5],[15,-6],[16,-9],[26,1],[2,1],[17,-2],[26,-3],[9,0],[8,2],[13,3],[16,4],[7,-4],[5,2],[5,1],[9,1],[4,1],[27,5],[22,-1],[49,14],[44,7],[95,-1],[37,3],[122,20],[16,1],[56,5],[38,3],[49,4],[39,7],[35,6],[19,2],[49,3],[37,2],[81,6],[46,8],[24,7],[39,14],[108,45],[12,3],[10,1],[24,3],[20,0],[42,11],[34,7],[22,5],[24,3],[39,6],[27,8],[27,10],[31,15],[10,4],[14,3],[51,-1],[32,0],[23,4],[16,6],[12,4],[51,9],[38,6],[12,3],[13,4],[4,10],[-1,7],[-1,3],[0,8],[13,8],[25,2],[33,6],[97,20],[44,6],[71,0],[62,1],[2,0]],[[39549,46827],[30,-2],[31,-3],[84,-11],[64,-20],[31,-13],[45,-27],[14,-7],[71,-80],[19,-33],[46,-28],[77,-25],[67,-15],[88,-24],[59,-31],[1,-4],[9,-22],[1,0],[16,-17],[4,-3],[18,-19],[2,-2],[30,-22],[5,-5],[2,-1],[3,-3],[4,-3],[23,-18],[17,-15],[4,-2],[15,-14],[14,-12],[1,-1],[1,0],[9,-8],[9,-7],[70,-70],[25,-24],[13,-8],[10,-8],[2,-1],[16,-12],[2,-2],[3,-1],[7,-5],[13,-10],[17,-32],[6,-10],[1,-17],[1,-4],[0,-1],[-9,-26],[-3,-7],[-2,-5],[-113,-34],[-64,-22],[-119,-52],[-49,-32],[-88,-60],[-3,-3],[-20,-21],[-7,-30]],[[34386,50877],[0,1],[1,4],[0,2],[4,10],[1,2],[5,33],[0,3],[-1,12],[0,3],[-5,21],[-4,10],[-8,14],[-12,19],[-10,15],[-14,19],[-9,10],[-5,6],[-13,12],[-12,10],[-18,18],[-1,2],[-4,3],[-3,2],[-2,1],[-2,2],[-26,18],[-9,6],[-7,6],[-32,20],[0,1]],[[34200,51162],[-10,7],[-30,20],[-10,7],[-8,6],[-26,18],[-10,6],[-32,24],[-9,5],[-10,8],[-33,22],[-10,7],[-1,0]],[[34011,51292],[5,1],[15,4],[4,1],[2,1],[87,19],[44,13],[23,5],[1,1],[7,2],[26,7],[14,4],[22,6],[7,1],[0,1],[24,7],[10,2],[43,10],[1,1],[65,16],[14,3],[39,10],[12,3],[14,4],[41,10],[13,3],[57,15],[82,20],[1,0],[2,1],[61,15],[9,3],[66,17],[4,0],[0,1],[81,20],[31,8],[32,7],[2,1],[24,4],[26,5],[16,2],[14,3],[33,3],[31,2],[20,1],[48,1],[167,0],[17,-1],[68,0],[46,-1],[51,0],[73,-1],[175,0],[62,-2],[38,0],[9,-1],[23,0],[5,-1],[9,-1],[9,0],[27,-2],[9,-1],[21,-2],[8,0],[32,-2],[45,-5],[9,0],[28,-4],[3,0],[9,-1],[4,0],[5,-1],[2,0],[5,-1],[17,-2],[6,0],[6,-1],[20,-2],[6,-1],[8,-1],[15,-2],[7,-1],[7,0],[12,-2],[33,-3],[11,-2],[6,0],[7,-2],[42,-4],[13,-2],[32,-4],[69,-8],[10,-1],[3,0],[11,-1],[31,-2],[12,-1],[20,-2],[15,-1],[11,-1],[2,-1],[3,0],[16,-1],[6,-1],[12,-1],[5,-1],[6,0],[11,-1],[13,-1],[19,-1],[11,0],[15,-1],[30,-1],[17,0],[16,-1]],[[36755,51472],[8,0],[23,-1],[10,0]],[[36796,51471],[0,-4],[1,-10],[0,-2],[1,0],[0,-2],[9,-29],[10,-40],[6,-16],[1,-3],[1,-5],[3,-9],[12,-25],[6,-14],[2,-7],[0,-1],[2,-3],[2,-8],[2,-6],[1,-14],[2,-15],[2,-18],[-1,-14],[0,-8],[-4,-25],[-4,-34],[-4,-45],[-1,-17],[-1,-4],[-11,-50],[-5,-28],[-16,-52],[-6,-22],[-7,-24],[-14,-47],[-9,-22],[-11,-23],[-5,-12],[-9,1],[-28,0],[-8,1],[-24,0],[-70,2],[-24,1],[-11,1],[-37,0],[-11,1],[-28,0],[-59,2],[-22,1],[-22,0],[-61,2],[-5,0],[-3,1],[-28,0],[-46,2],[-15,1],[-53,0],[-27,1],[-20,1],[-29,0],[-56,2],[-10,1],[-198,7],[-6,0],[-59,-1],[-34,0],[-100,3],[-34,1],[-32,0],[-96,3],[-10,0],[-22,1],[-9,0],[-2,1],[-33,0],[-101,4],[-33,0],[-16,1],[-50,1],[-16,1],[-60,1],[-15,1],[-175,5],[-63,2],[-41,1],[-121,1],[-40,1],[-8,0],[-22,1],[-9,0],[-32,1],[-57,1],[-41,2],[-31,2],[-13,0],[-39,1],[-20,0],[-22,1],[-8,0]],[[29455,42235],[-8,5],[-22,14],[-9,4],[0,1],[-87,51],[-1,1],[-76,44],[-1,0],[-49,29],[-10,5],[0,1],[-19,11],[-23,13],[0,1],[-12,8],[-29,21],[-6,5],[-9,7],[-3,2],[-4,3],[-14,14],[-3,2],[-2,3],[-1,2],[-2,2],[-12,15],[-4,4],[0,1],[-1,0],[-14,18],[-46,55],[-3,5],[-11,13],[-1,0]],[[37917,45224],[16,-6],[1,0],[119,73],[143,89],[41,24],[14,7],[38,14],[28,9],[49,16],[76,23],[180,52],[69,20],[1,0],[160,47],[246,71],[35,9],[20,6],[15,3],[25,4],[38,6],[61,7],[388,53],[97,13],[98,14],[153,21],[1,1],[28,6],[58,13],[21,5],[8,2],[11,2],[17,5]],[[40172,45833],[0,-41],[8,-16],[4,-9],[17,-18],[6,-4],[8,-5],[26,-5],[54,-9],[28,-4],[23,-3],[50,-7],[161,-45],[4,-1],[83,-12]],[[33578,43277],[1,0],[6,1],[16,0],[31,1],[41,2],[4,0],[19,1],[21,1],[32,1],[55,0],[66,-2],[67,-2],[108,-3],[64,0],[47,1],[40,2],[83,7],[202,14],[174,13],[88,8],[152,12],[183,15],[121,15],[52,7],[41,6],[12,2],[81,17],[37,9],[23,6],[44,9],[10,2],[43,7],[35,5],[58,6],[62,5],[13,1],[58,2],[15,1],[80,0],[62,-1],[89,-2],[82,-1],[73,-2],[5,1],[2,-1],[12,0],[62,1],[50,2],[41,3],[49,4],[31,5],[30,5],[34,6],[44,9],[36,10],[36,13],[1,0],[5,1],[61,23],[28,13],[27,13],[29,14],[31,18],[29,17],[8,4],[25,14],[29,15],[6,3],[34,16],[60,22],[56,21],[30,8],[38,11],[27,8],[44,10],[21,6],[38,12],[30,10],[29,9],[26,8],[27,10],[28,12],[3,1],[27,11],[28,15],[20,10],[26,15],[43,22],[42,23],[9,5],[10,5],[193,119],[38,24],[46,27],[9,5],[41,24],[9,6],[129,77],[47,27],[59,35],[2,1],[7,4],[2,1],[5,3],[13,9],[5,2],[10,6],[31,19],[10,6],[54,31],[161,95],[53,32],[22,12],[3,1],[1,1],[-56,22],[-22,11],[-28,16],[-42,30],[-24,21],[-16,20],[-5,9],[-7,11],[-3,8],[-4,8],[-6,29],[-1,8],[-1,23],[2,15],[14,38],[1,1],[0,1],[12,18],[19,20],[21,20],[24,18],[37,22],[28,14],[27,13],[21,7],[37,13],[13,4],[1,0],[8,3],[6,1],[39,10],[30,7],[33,7],[69,9],[85,6],[46,1],[36,0],[54,-3],[37,-3],[44,-6],[33,-5],[34,-6],[31,-7],[28,-7],[67,-20],[58,34],[105,55],[2,1],[122,71],[12,6],[87,48],[171,94],[263,144],[8,5],[199,109],[72,39],[143,79],[2,2],[33,18],[12,7],[11,5],[17,10],[19,5],[13,4],[9,8],[17,13],[1,1],[10,8],[3,2],[6,5],[1,1]],[[40644,45654],[43,-2],[11,0],[48,2],[65,10],[41,7],[72,10],[82,11],[136,4],[50,2],[24,1],[3,1],[11,1],[5,0]],[[41235,45701],[64,6],[82,7],[94,11],[14,1],[35,1],[30,-3],[11,-2],[37,-5],[11,-1],[152,-29],[91,-20],[26,-10],[37,-16],[33,-37],[44,-49],[76,-34],[73,-18],[111,-20],[197,-37],[109,-25],[33,-7],[98,-20],[172,-39],[69,-11],[86,-10],[10,-1],[72,-7],[38,-2],[72,-26],[58,-36],[23,-38],[37,-60],[30,-19],[52,-32],[81,-24],[42,-14],[42,-15],[42,-14],[50,-17],[7,-2],[45,-15],[164,-56],[165,-56],[93,-31],[83,-28],[10,-4],[87,-29],[86,-29],[74,-27],[34,-12],[108,-38],[79,-28],[2,-1],[76,-27],[104,-28],[70,-18],[133,-24],[57,0],[71,-3],[23,0],[92,-3],[227,5],[201,-4],[235,5],[249,24],[133,0],[30,-2],[129,-18],[104,-2],[92,3],[95,13],[72,23],[49,25],[59,38],[46,35],[60,30],[70,15],[79,-2],[31,-6],[172,-56],[3,-1],[82,-35],[12,-6],[138,-73],[52,-30],[20,-23],[1,-11],[1,-22],[-7,-38],[-13,-34],[-1,-3],[-8,-28],[-1,-4],[-2,-6],[0,-26],[7,-10],[14,-19],[1,0],[33,-15],[37,-8],[45,-3],[95,2],[86,1],[88,-4],[5,0]],[[32809,42322],[-1,11],[-3,25],[-2,8],[-1,5],[0,6],[-3,10],[-2,13],[-1,4],[-7,43],[-2,5],[-4,11],[-2,7],[-1,8],[0,3],[-1,2],[0,2],[2,26],[0,27],[2,8],[1,3],[1,2],[0,10],[2,19],[1,14],[0,5],[-1,3],[-2,5],[-1,3],[-5,10],[-4,5],[-1,1],[-2,4],[-1,1],[-1,2],[-6,8],[-9,10],[-7,10],[-3,4],[-2,2],[-10,13],[-7,9],[-3,6],[-4,7],[-1,4],[-3,14],[-2,5],[-1,5],[-7,22],[-7,35],[-2,7],[-6,32],[-3,10],[0,3],[-5,22],[0,4],[-3,9],[-2,4],[0,1],[-1,5],[-2,5],[-3,7],[-4,8],[-1,3],[-3,3],[0,1],[-5,5],[-7,8],[-3,4],[-13,13],[-34,31],[-11,9],[-12,11],[-2,1],[-10,10],[-15,13],[-75,68],[-24,22],[-1,0]],[[32809,42322],[1,0],[59,9],[35,4],[30,3],[110,8],[17,2],[199,15],[325,22],[166,9],[152,9],[84,4],[38,2],[33,2],[80,5],[13,1],[23,1],[32,2],[39,0],[32,-2],[24,-2],[25,-2],[37,-6],[52,-9],[61,-13],[185,-43],[81,-19],[39,-6],[28,-4],[34,-6],[41,-4],[34,-3],[40,-4],[40,-3],[41,-1],[25,0],[45,1],[129,0],[54,-3],[15,0],[36,-2],[46,-4],[4,-1],[45,-6],[59,-6],[165,-20],[185,-19],[132,-16],[124,-14],[150,-18],[207,-27],[61,-5],[77,-7],[94,-9],[120,-16],[38,-5],[44,-7],[67,-12],[69,-11],[80,-14],[91,-15],[108,-17],[33,-5],[66,-11],[29,-4],[24,-4],[75,-12],[24,-2],[7,-1],[11,-1],[16,-2],[27,-2],[28,-1],[33,0],[40,2],[42,4],[53,6],[13,1],[28,3],[42,5],[60,7]],[[32780,40033],[-89,46],[-267,135],[-90,44],[-2,0],[-3,2],[-9,5],[-3,1],[0,1],[-6,2],[-47,23],[-56,27],[-34,16],[-268,139],[-15,8],[-106,54],[-1,0],[-54,30],[-15,8],[-16,9],[-40,26],[-81,61],[-66,54],[-185,155],[-129,101],[-68,54],[-121,97],[-94,74],[-60,48],[-26,22],[-223,179],[-99,80],[-33,26],[-10,10],[-181,147],[-76,64],[-31,21],[-20,14],[-40,29],[-4,3],[-18,11],[-13,7],[-10,6],[-101,61],[-36,23],[-13,9],[-1,1],[-2,1],[-1,0],[-1,1],[-2,1],[-22,15],[-41,24],[-78,45],[-47,26],[-10,7],[-2,0],[-9,6],[-10,6],[-1,0],[-1,1],[-17,9],[-11,6],[-43,23],[-39,22],[-89,50],[-5,2],[-33,24],[-1,0]],[[29455,42235],[100,17],[26,5],[277,42],[101,17],[23,3],[63,10],[2,0],[21,3],[1,0],[48,8],[11,2],[9,1],[28,3],[62,9],[24,1],[22,2],[10,1],[26,1],[64,6],[141,8],[96,7],[31,1],[26,0],[52,-2],[29,0],[32,-5],[43,-6],[76,-13],[131,-21],[102,-15],[94,-15],[322,-50],[315,-48],[116,-17],[46,-4],[25,-1],[49,0],[45,3],[20,2],[24,4],[22,3],[18,3],[62,12],[21,4],[14,2],[32,5],[75,18],[74,19],[63,12],[50,14],[63,12],[50,11],[34,6],[33,6],[10,1]],[[32780,40033],[26,5],[123,27],[9,3],[416,95],[21,4],[147,36],[141,33],[226,54],[11,3],[93,18],[58,12],[39,10],[33,8],[51,11],[39,7],[21,3],[44,7],[36,3],[33,3],[39,1],[36,1],[97,-2],[63,-3],[19,-1],[43,-2],[235,-6],[244,-9],[320,-11],[131,-5],[24,-1],[35,-4],[5,0],[38,-6],[206,-33],[3,-1],[47,-6],[40,-4],[9,0],[18,-1],[79,-4],[54,0],[10,1],[32,1],[25,3],[58,7],[26,4],[11,1],[30,6],[52,11],[54,14],[40,11],[86,25],[4,1],[86,20],[48,13],[41,10],[4,1],[29,6],[4,1],[28,4],[37,4],[21,0],[26,2],[26,0],[75,-2],[29,-3],[15,-1],[38,-4],[45,-6],[48,-9],[72,-15],[22,-3],[121,-23],[38,-6],[81,-17],[9,-1],[1,0],[10,-2],[57,60],[117,123],[148,155],[8,-1],[70,-13],[1,0],[12,29],[60,141],[0,1],[4,9],[95,13],[10,1],[115,16],[11,2],[42,6],[152,10],[37,5],[62,9],[109,25],[39,10],[34,6],[22,3],[127,16],[91,5],[102,-6],[117,-2],[19,2],[28,10],[103,-14],[64,-19],[14,-8],[24,-2],[12,12],[42,13],[23,0],[33,-3],[35,-6],[34,0],[15,6],[10,16],[3,25],[14,26],[18,40],[8,17],[-1,2],[0,2],[-4,4],[-6,4],[-9,3],[-19,4],[-41,6],[-76,15],[-70,6],[-28,1],[-64,0],[-6,-2],[-16,-12],[4,-14],[1,0],[15,-7],[19,-15],[0,-1],[-8,-13],[-35,-8],[-61,-25],[-47,0],[-42,3],[-56,19],[-36,8],[-49,-4],[-58,-13],[-27,1],[-9,2],[-2,1],[-4,6],[4,13],[26,18],[-3,20],[-28,17],[-40,11],[-37,17],[-1,0],[0,16],[54,39],[-5,17],[-30,14],[-63,21],[-62,21],[2,8],[9,8],[13,6],[23,5],[25,6],[19,5],[25,12],[12,15],[13,21],[16,18],[19,18],[1,1],[-5,14],[-2,3],[0,1],[-8,3],[-154,50],[-76,23],[-117,37],[-39,20],[-41,9],[-23,0],[-27,-2],[-28,-7],[-73,15],[-15,6],[-51,20],[-44,27],[-1,2],[-1,1],[-25,32],[-21,26],[-28,25],[-12,11],[-3,3],[-1,0],[13,17],[23,14],[-2,12],[0,1],[-27,15],[-13,16],[-1,1],[14,12],[6,13],[17,23],[16,12],[1,1],[-1,8],[0,4],[-12,18],[-18,11],[-44,17],[2,15],[8,6],[1,1],[0,2],[-1,4],[0,3],[-10,9],[-7,2],[-15,4],[-32,7],[-21,11],[1,5],[2,4],[18,8],[3,8],[1,0],[-15,7],[-41,14],[-18,7],[-4,2],[-1,0]],[[37960,42023],[-15,9],[-13,6],[-6,6],[-2,5],[0,52],[-5,15],[0,1],[-1,34],[2,3],[4,3],[7,3],[10,2],[37,2],[3,1],[3,3],[1,2],[-1,7],[0,7],[1,6],[20,27],[-20,8],[-7,5],[0,1],[-1,1],[-12,19],[-1,1],[-5,9],[-10,10],[-3,2],[0,2],[-3,9],[-2,4],[0,2],[-7,2],[-13,4],[-12,5],[-3,3],[-3,6],[-5,5],[-2,5],[-1,3],[-3,5],[-2,7],[-5,10],[-1,3],[-2,12],[-1,0],[2,10],[5,11],[0,6],[-8,8],[-4,5],[-11,12],[-4,5],[-9,6],[-15,5],[-44,10],[-10,4],[-4,3],[-1,0],[0,1],[-1,1],[0,4],[10,11],[-6,6],[-6,3],[-8,5],[-2,4],[-2,2],[5,16],[1,0],[-3,8],[-9,6],[-41,15],[-4,3],[-2,3],[-1,0],[-1,3],[3,20],[1,4],[0,6],[-3,7],[-5,11],[-1,0],[-1,10],[-1,9],[-1,6],[-2,5],[-2,7],[-7,8],[198,22],[594,63],[102,11],[93,18],[17,2],[4,1],[15,2],[35,6],[14,2],[23,4],[108,20],[137,41],[104,31],[243,72],[102,30],[280,66],[47,11],[80,48],[0,1],[19,11],[72,14],[13,6],[11,4],[20,4],[7,2],[139,24],[50,9],[72,11],[375,65],[105,17],[13,-8],[24,-18],[9,-6],[0,-1],[5,-3],[6,-5],[5,-3]],[[32462,39985],[65,7],[15,1],[61,8],[98,17],[16,3],[62,12],[1,0]],[[32780,40033],[1,0],[96,-54],[63,-34],[39,-20],[14,-6],[40,-22],[37,-19],[1,-1],[2,-1],[44,-25],[34,-21],[31,-21],[34,-23],[35,-24],[27,-20],[27,-22],[54,-47],[30,-29],[1,0],[25,-26],[16,-16],[51,-50],[32,-32],[109,-104],[1,-1],[123,-120],[24,-23],[12,-12],[146,-143],[16,-14],[42,-38],[40,-36],[35,-27],[29,-23],[25,-22],[22,-16],[29,-19],[34,-17],[41,-18],[28,-9],[35,-11],[35,-9],[31,-8],[44,-12],[36,-10],[30,-10],[45,-20],[30,-18],[3,-2],[14,-10],[17,-17],[8,-10],[3,-4],[2,-1],[1,-2],[0,-1],[1,-2],[0,-1],[1,-1],[1,-2],[3,-5],[2,-5],[2,-3],[3,-3],[2,-3],[1,-6],[10,-41],[2,-9],[6,-18],[11,-36],[4,-10],[1,-18],[0,-2],[1,-2],[1,-3],[0,-1],[8,-21],[10,-21],[5,-17],[5,-9],[4,-7],[1,-2],[14,-14],[19,-16],[5,-4],[21,-14],[20,-11],[10,-5],[30,-14],[9,-5],[48,-19],[357,-133],[152,-57],[156,-61],[38,-16],[1,-1],[38,-15],[15,-5],[89,-46],[89,-42],[49,-27]],[[32699,36976],[-8,18],[0,1],[-2,5],[-5,8],[-12,24],[-13,24],[-4,8],[-4,5],[0,2],[-5,8],[-3,7],[-1,3],[-3,6],[-2,5],[-4,17],[-1,2],[0,3],[-2,6],[-1,7],[-3,13],[-10,40],[-11,69],[-4,28],[-2,13],[-10,67],[-4,25],[-1,4],[4,34],[6,12],[22,51],[12,24],[7,22],[2,14],[-1,34],[-5,29],[-3,20],[-5,29],[-7,45],[-8,46],[0,2],[-1,2],[-1,3],[0,1],[-1,1],[-1,4],[-3,10],[-3,6],[-8,15],[-4,6],[-3,5],[-4,7],[-15,25],[-2,3],[-6,11],[-6,8],[-37,60],[-4,4],[-8,10],[-3,3],[-11,14],[-6,8],[-1,1],[-4,5],[-1,2],[-15,22],[-8,11],[-8,8],[-13,14],[-33,34],[-10,9],[-42,43],[-24,20],[-35,27],[-18,16],[-21,16],[-10,7],[-104,83],[-82,65],[-33,27],[-45,30],[-7,5],[-24,16],[-93,66],[-67,45],[-9,6],[-21,15],[-36,21],[-28,13],[-56,25],[-1,0],[13,12],[40,41],[39,38],[173,173],[100,99],[10,10],[208,200],[13,12],[0,1],[76,70],[15,14],[12,11],[71,74],[7,7],[12,21],[2,3],[5,12],[29,73],[4,11],[2,5],[11,27],[35,90],[9,21],[5,25],[1,1],[0,10],[-19,101],[-23,117],[-2,15],[-3,10],[0,1],[-14,61],[-1,5]],[[33792,34323],[-3,6],[-3,3],[-6,8],[-7,9],[-16,18],[-16,15],[-3,3],[-48,49],[-41,43],[-78,80],[-12,11],[0,1],[-7,10],[-7,8],[-13,14],[-7,9],[-6,7],[-1,0],[-16,17],[0,2],[-13,22],[-11,14],[-17,23],[-1,1],[-12,19],[-3,4],[-2,4],[-23,32],[-2,4],[-5,6],[-6,9],[-37,56],[-40,56],[-2,3],[0,2],[-5,6],[-18,30],[-5,8],[-6,9],[-13,21],[-26,37],[-16,26],[-6,10],[-1,3],[-3,4],[-4,12],[-2,2],[-1,2],[-3,7],[-3,6],[-7,18],[-3,19],[-2,9],[-3,8],[-4,13],[-1,2],[-4,15],[-14,43],[-14,66],[-4,16],[-2,12],[-4,14],[-13,53],[-9,39],[-8,36],[-6,26],[-1,7],[0,1],[-2,20],[0,14],[2,41],[0,2],[1,33],[3,23],[1,8],[2,12],[2,28],[2,15],[6,81],[7,88],[1,5],[0,5],[1,7],[7,53],[3,29],[0,36],[2,13],[-1,11],[0,1],[-6,15],[-8,21],[-5,8],[0,1],[-4,8],[-6,5],[-11,12],[-9,8],[-24,22],[-2,1],[-14,14],[-15,14],[-17,21],[-4,5],[-1,1],[-10,11],[-9,9],[-5,6],[-32,44],[0,1],[-34,47],[-30,47],[-113,178],[-21,32],[-10,17],[-6,9],[-34,49],[-3,5],[-23,43],[-8,12],[-5,7],[0,1],[-1,0],[-1,8],[-1,6],[0,20],[2,15],[5,11],[1,5],[16,56],[11,37],[5,17],[2,19],[0,33],[-3,11],[-1,5],[-5,13],[-1,2],[0,1],[-3,10],[-3,12],[-3,9],[0,3],[-4,7],[-2,5],[0,1]],[[32699,36976],[96,24],[75,18],[213,57],[32,9],[61,19],[19,5],[49,14],[5,2],[19,4],[35,9],[21,4],[83,22],[36,10],[88,23],[13,3],[85,21],[95,26],[40,13],[54,18],[21,8],[23,8],[41,15],[29,11],[42,15],[20,7],[119,43],[64,23],[61,23],[79,29],[11,4],[207,78],[62,23],[90,33],[11,4],[34,12],[10,4],[14,5],[42,16],[14,5],[62,22],[58,21],[127,47],[61,22],[1,1],[139,51],[29,11],[112,42],[108,37],[49,15],[46,11],[92,20],[18,4],[94,24],[40,9],[1,0]],[[49186,36230],[0,-1],[-7,-35]],[[49174,36184],[-1,-2],[-15,-20],[-31,-26],[-50,-32],[-64,-40],[-71,-38],[-40,-15],[-227,-48],[-52,-13],[-84,-25],[-136,-60],[-30,-14],[-52,-32],[-15,-7],[-35,-24],[-14,-10],[-12,-11],[-12,-14],[-28,-35],[-9,-36],[-1,-8],[0,-2],[3,-9],[3,-6],[4,-7],[15,-18]],[[48222,35630],[18,-15],[25,-17],[9,-5],[11,-8],[5,-4],[3,-1],[26,-14],[22,-14],[23,-16],[5,-3],[11,-12],[24,-24],[5,-4],[5,-6],[30,-34],[15,-27]],[[48467,35415],[6,-5]],[[48487,35386],[5,-9],[8,-14],[1,-10],[0,-1],[3,-3],[0,-2],[3,-5],[7,-11],[5,-19],[1,-10]],[[48521,35290],[0,-9],[-1,-12],[-3,-5],[-4,-3],[-27,-18],[-55,-43],[-34,-34],[-15,-13],[-27,-19],[-18,-9],[-36,-15],[-23,-8],[-185,-47],[-35,-7],[-22,-6],[-55,-11],[-4,-2]],[[47977,35028],[0,-1],[16,-10],[9,-6],[12,-7],[1,-1],[2,-1],[33,-20],[88,-42]],[[48168,34923],[7,-3],[10,-4],[9,-2],[10,-3],[56,-14],[15,-4],[9,-1],[10,-2]],[[48322,34888],[9,0],[11,2],[7,2],[7,1],[10,3]],[[48378,34901],[15,8],[12,5],[13,5],[28,10],[5,2],[7,3],[15,4],[3,0],[9,2],[15,1],[41,1],[8,2],[19,3],[18,0]],[[48588,34946],[5,-4],[3,-6],[-3,-11],[-14,-46],[-11,-31],[-12,-23],[-21,-34],[-2,-7]],[[48487,34726],[-30,-34],[-19,-16],[-25,-23],[-22,-15],[-22,-13],[-16,-8],[-41,-26],[-12,-11],[-16,-19],[-20,-29],[-9,-15],[-3,-7],[-25,-26],[-5,-6],[0,-5],[-7,-19],[0,-9]],[[48215,34440],[0,-7],[7,-13],[1,-1],[14,-13],[27,-19],[20,-13],[16,-8],[71,-35],[41,-21],[8,-5],[7,-4],[5,-3],[12,-11],[1,-3],[0,-16],[-22,-36],[-18,-21],[-25,-19],[-19,-13],[-12,-7],[-8,-2],[-30,-6],[-24,-3],[-168,-16],[-10,-1],[-19,-5],[-24,-8],[-29,-21],[-52,-43],[-10,-6]],[[47924,33994],[-2,-7],[-1,-4],[-3,-7],[-1,-6],[2,-9],[0,-1],[3,-5],[5,-7],[4,-7],[3,-3],[10,-13],[2,-2],[7,-6],[14,-10],[26,-19],[9,-7],[5,-3],[27,-17],[9,-5],[16,-11],[14,-13],[33,-34]],[[48113,33793],[4,-2],[1,-1],[0,-1],[23,-32],[42,-55],[0,-1],[3,-4]],[[48186,33686],[-2,-4],[-2,-7],[-8,-10],[-2,-2],[-14,-11],[-61,-32],[-18,-7],[-12,-4]],[[48061,33607],[-15,-4],[-24,-8],[-33,-10],[-3,-1],[-14,-3],[-20,-3],[-36,-6],[-11,-1],[-13,0],[-69,1],[-34,1],[-13,1],[-27,6],[-15,5],[0,2],[6,15],[2,18],[3,5],[1,2],[2,1],[31,23],[1,1],[-8,20],[-1,2],[-2,2],[-13,7],[-46,20],[-44,20],[-18,5]],[[47637,33728],[-10,1],[-29,4],[-41,0],[-64,5],[-10,2],[-16,4],[-68,9],[-5,0],[-3,-4],[-7,-3],[-11,-1],[-5,0],[-6,2],[-5,2],[-1,3],[0,6],[-2,4],[0,2],[-5,3],[-8,2],[-50,7],[-21,1],[-13,-1],[-11,-3],[-9,-6],[-7,-8],[-2,-4]],[[47225,33737],[4,-8],[1,-3],[1,-1],[9,-8],[18,-11],[19,-8],[15,-6],[8,-5],[0,-1],[5,-4],[4,-5],[1,-2],[3,-9],[3,-8],[4,-25],[4,-27]],[[47324,33604],[-1,-9],[-3,-11],[-4,-7],[-10,-8],[-10,-6],[-18,-8],[-26,-9],[-14,-4]],[[47183,33531],[-53,-9],[-72,-9],[-15,-1],[-9,1],[-12,3],[-14,5],[-6,2],[-3,3],[-7,11],[0,1]],[[46992,33547],[11,18],[6,9],[0,2],[2,11],[0,1],[-3,1]],[[46968,33599],[-40,9],[-14,2],[-45,4],[-59,9],[-37,3]],[[46745,33626],[-36,0],[-110,-7],[-90,-1],[-18,1],[-42,4],[-76,9],[-25,2],[-48,0],[-14,-1],[-20,-4],[-5,0],[-2,-1],[-123,-50],[-1,-1],[-18,-7],[-1,-1]],[[46113,33566],[-29,-11],[-9,-2],[-15,-7]],[[46045,33536],[0,-1],[15,-9],[12,-6],[9,-3],[7,-2],[20,-4],[28,-6],[6,-3],[29,-14],[6,-4],[7,-5],[21,-16],[8,-7],[7,-3],[8,-5],[3,-9]],[[46231,33433],[-1,-2],[0,-1],[-6,-3],[-41,-49],[-31,-16],[-12,-3]],[[46132,33357],[-14,-2],[-15,0],[-36,1],[-9,2],[-60,20],[-26,10],[-21,10],[-22,12],[-28,16]],[[45887,33433],[-17,7],[-16,5],[-16,3],[-76,11],[-6,2],[-46,-4],[-39,-3],[-11,-3],[-7,-3],[-6,-7],[-7,-15],[0,-12],[1,-3],[2,-7],[1,-2],[3,-4],[1,-2]],[[45649,33394],[-1,-13],[-4,-9],[0,-2],[-8,-10],[-10,-9],[-4,-2],[-30,-8],[-23,2],[-22,2],[-23,4],[-38,8],[-7,1]],[[45472,33359],[-13,1],[-14,0],[-12,-1],[-14,-3],[-53,-21],[-62,-29],[-14,-4],[-9,-2],[-15,-3],[-33,0],[-27,3],[-39,5],[-19,2],[-14,1],[-35,3],[-16,0],[-21,-2],[-29,-4],[-18,-5],[-51,-8],[-1,0],[-82,-12],[-76,1],[-143,25],[-30,2],[-14,-1],[-13,-6],[-10,-9],[-7,-17],[-3,-11],[-5,-13],[-1,0],[-2,-5],[0,-4],[-12,-23],[-7,-4],[-14,-5],[-21,-7],[-15,-3]],[[44480,33198],[-63,4],[-21,1],[-32,1],[-45,-1],[-6,-1],[-3,0],[-7,-3],[-51,-40],[-7,-4],[-1,0],[-9,-6],[-1,-1],[-13,-7],[-25,-15],[-54,-14]],[[44103,33109],[-26,0]],[[44070,33109],[-18,2],[-30,4],[-117,24],[-84,20],[-36,7],[-17,4],[-106,11],[-22,3]],[[43392,33244],[-8,3],[-42,21],[-15,5],[-9,2],[-3,1],[-34,5],[-15,2],[-13,-1],[-19,-2],[-18,-2],[-2,0],[-13,-5],[-83,-21],[-7,0],[-32,1],[-70,-1],[-15,1],[-22,3]],[[42948,33262],[-26,9],[-6,1],[-14,0]],[[44180,37268],[6,1],[19,2],[5,1],[1,0],[-70,79],[-78,87],[-39,50],[-84,103],[-23,29],[-41,51],[-7,9],[-45,56],[-131,161],[-126,157],[-112,134],[-34,38],[-19,21],[-25,29],[-15,16],[-25,26],[-22,22],[-1,2],[-68,61],[-56,43],[-3,3],[-41,29],[-11,9],[-49,31],[-66,39],[-55,30],[-60,28],[-73,38],[-13,6],[-1,1],[-7,3],[-43,21],[-29,12],[-45,17],[-6,3],[-27,10],[-108,42],[-1,0],[-1,1],[-29,10],[-101,39],[-92,35],[-66,27],[-36,14],[-47,20],[-39,19],[-78,40],[-43,23],[-65,38],[-27,18],[-29,20],[-20,16],[-6,4],[-19,15],[-19,18],[-14,12],[-16,16],[-23,24],[-8,9],[-25,32],[-18,23],[-24,38],[0,1],[-4,6],[-43,65],[-20,33],[-16,24],[-1,2],[-4,5],[-19,30],[-4,6],[-8,13],[-38,60],[-3,5],[-4,6],[-5,9],[-18,28],[-1,1],[-131,205],[-38,60],[-53,82],[-10,16],[-16,26],[-11,16],[-22,35],[-12,18],[-37,57],[-27,40],[-15,21],[-15,22],[-33,48],[-2,3],[-4,7],[-7,9],[0,1],[-4,4],[-16,24],[-14,20],[-2,4],[-3,4],[-7,12],[-2,3],[-3,3],[0,2],[-2,3],[-1,1],[0,1],[-1,1],[-8,1],[-2,2],[-7,1],[-14,4],[-9,2],[-1,1],[0,1],[-4,5],[-2,3],[-1,2],[-4,5],[-3,4],[-1,1],[0,1],[-2,2],[-6,8],[0,1],[-11,15],[-9,11],[-14,17],[-40,50],[-13,16],[-14,13],[-16,17],[-5,3],[-2,3],[-24,20],[-69,68],[-18,18],[-6,5],[-13,11],[-12,12],[-2,3],[-2,1],[-12,13],[0,1],[-6,8],[-1,1],[-4,7],[-1,0],[-2,5],[-6,8],[-1,1],[-1,2],[-1,3],[-10,25],[-4,15],[-1,9],[-1,5],[0,4],[-1,2],[0,25],[1,2],[1,12],[5,22],[7,15],[6,17],[1,2],[0,2],[4,9],[15,37],[58,159],[40,105],[31,82],[10,29],[39,108],[23,62],[14,39],[11,31],[40,109],[2,8],[26,61],[15,37],[1,2],[37,101],[2,7],[14,37],[1,3],[1,0],[1,2],[4,14],[35,101],[61,159],[25,66],[10,24],[1,2],[5,15],[1,4],[1,2],[4,16],[11,41],[5,18],[8,51],[4,34],[2,20],[0,27],[-2,22],[0,24],[-1,17],[0,5],[-1,13],[-3,25],[0,18],[-2,5],[-2,17],[0,3],[-3,15],[-6,25],[-6,24],[-6,22],[-8,25],[-3,7],[-9,29],[-4,12],[-7,14],[-10,14],[-9,16],[-2,3],[-5,8],[-1,1],[0,1],[-2,5],[-6,17],[-7,19],[-7,17],[-2,7],[-1,5],[-3,6],[-9,25],[-1,1],[0,1],[-6,8],[-9,14],[-4,6],[-1,1],[-7,10],[-30,27],[-22,22],[-43,45],[-1,1],[-20,19],[-37,33],[-17,15],[0,1],[-17,14],[-3,3],[-34,25],[-4,3],[-14,11],[-1,1]],[[40830,43203],[83,12],[1,0],[67,9],[23,3],[45,5],[48,7],[86,11],[45,6],[78,11],[182,24],[186,24],[596,78],[75,9],[52,6],[99,11],[37,4],[9,0],[30,3],[62,3],[173,9],[11,0],[82,4],[196,9],[130,9],[4,0],[444,18],[22,1],[139,7],[124,9],[0,5],[1,2],[3,10],[4,8],[10,9],[8,8],[11,8],[13,8],[16,7],[13,5],[21,6],[6,1],[14,4],[28,4],[61,13],[66,13],[35,6],[38,9],[30,8],[28,8],[28,9],[59,18],[139,44],[40,12],[17,7],[11,4],[9,2],[9,1],[7,0],[7,-1],[6,-3],[8,-5],[2,-1],[84,-41],[248,-123],[43,-22],[12,-6],[6,-6],[3,-2],[3,-4],[2,-4],[0,-3],[-1,-2],[-4,-5],[-35,-43],[-3,-3],[0,-1],[-1,0],[-3,-12],[1,-10],[3,-9],[6,-10],[6,-6],[1,-2],[2,-2],[10,-15],[12,-11],[69,30],[14,6],[56,18],[68,30],[64,27],[91,43],[26,10],[69,21],[43,14],[52,20],[40,18],[42,21],[176,85],[48,22],[288,143],[10,2],[151,35],[102,25],[338,71],[254,59],[159,35],[125,28],[110,25],[82,15],[85,17],[36,6],[19,7],[82,14],[6,1],[27,6],[39,9],[27,5],[21,4],[26,1],[15,2],[15,6],[13,4],[42,10],[7,1],[7,-1],[25,-3],[47,-2],[2,0],[34,-4],[52,-13],[1,0],[-15,12],[-39,32],[0,1]],[[48153,44300],[85,-4],[40,-2],[82,6],[51,9],[801,93],[1891,219],[336,2],[778,3],[6152,1020],[7181,1191],[1,0],[192,-229],[118,-107],[304,-275],[257,-217],[-80,-886],[1,0],[315,2],[7559,98],[1,0]],[[74218,45223],[0,-1],[295,-167],[451,-255],[436,-246],[165,-94],[130,-73],[281,-162],[717,-412],[127,-73],[37,-21],[245,-140],[143,-145],[653,-660],[2388,-2414],[244,-286],[298,-347],[-6815,-1293],[-6996,-1326],[-21,-4],[-26,-5],[-5,-1],[-1815,-349],[-808,-155],[-548,-102],[-532,-100],[-531,-101],[-263,-51],[-257,-50],[-253,-48]],[[61708,36096],[-177,-35],[-340,-63],[-58,-11],[-12,-3],[-149,-26]],[[60669,35902],[-128,-24],[-5,-1],[-7,-3],[-21,-4],[-24,-5],[-23,-2],[-22,-4],[-14,-4],[-139,-27],[-42,-7],[-16,-3]],[[60216,35815],[-21,-4],[-94,-17],[-12,-2],[-45,-8],[-262,-49]],[[59602,35701],[-14,-4],[-58,-12],[-38,-7],[-16,-3],[-27,-4],[-148,-29],[-43,-8],[-5,0],[-34,6],[-2,0],[-30,4],[-40,6],[-21,5],[-53,16],[-15,6],[-12,6],[-11,8],[-53,45],[-1,5],[0,7],[2,5],[1,4],[9,12],[4,4],[2,3],[35,30],[20,19],[4,4],[14,15],[3,5],[1,3],[20,37],[3,8],[0,1]],[[59099,35900],[1,11],[-1,9],[-2,12],[0,1],[-20,29]],[[59067,35970],[-19,12],[-1,0],[-21,11],[-70,24]],[[58936,36022],[-26,10],[-25,11],[-112,64],[-20,9],[-21,9],[-27,11],[-20,5],[-31,7],[-39,8],[-85,12],[-139,23],[-41,6],[-55,6],[-71,2],[-38,-1],[-10,-3],[-46,-15],[-14,-6],[-16,-10],[-44,-35],[-21,-41],[-2,-2],[-6,-3],[-14,-16],[-13,-10],[-25,-12],[-33,-13],[-23,-8],[-39,-15],[-26,-12],[-32,-22]],[[57816,35978],[-39,-32],[-41,-21],[-18,-8],[-21,-7],[-58,-14],[-61,-14],[-29,-9],[-57,-13],[-81,-12],[-20,-1],[-38,-1]],[[57318,35849],[-29,5],[-16,4],[-7,2],[-77,30],[-92,44],[-20,8],[-41,15],[-26,7],[-13,2]],[[56955,35972],[-14,4],[-45,5],[-70,5],[-30,0],[-44,-1],[-19,-2],[-6,-1],[-34,-10],[-9,-4],[-26,-24],[-7,-11],[-15,-35],[-10,-46],[-10,-13],[-15,-14],[-25,-17],[-18,-10],[-18,-8],[-37,-17],[-30,-12],[-63,-23],[-91,-26],[-132,-30],[-30,-6],[-40,-5],[-78,-7]],[[55950,35662],[-35,1],[-52,6],[-66,12],[-17,1],[-84,15],[-20,6],[-109,19],[-24,2],[-31,1]],[[55474,35727],[-122,20],[-3,1],[-1,0]],[[55348,35756],[0,1],[-1,6],[0,12],[3,21],[10,23],[7,11],[13,11],[6,5],[17,14],[11,8],[45,36],[23,17],[8,6],[6,4],[10,17],[18,25],[0,2],[2,4],[1,24],[0,1],[-1,9],[-2,5],[0,3],[-2,6]],[[55520,36031],[-1,3],[-23,34],[-12,15],[-12,16],[-25,22],[-25,23],[-1,0],[-4,3],[-12,10],[-3,7],[-1,2]],[[55401,36182],[4,49],[-5,13],[-2,4],[-1,5],[-2,3],[-1,2],[-7,11],[-4,3],[-1,1],[-4,3],[-2,1],[-9,6],[-30,12],[-53,16],[-19,4],[-24,2],[-43,-1]],[[55174,36314],[-17,-3],[-11,-3]],[[55137,36305],[-6,-2],[-42,-20],[-1,-1],[-5,-3],[-5,-9],[-15,-42],[-2,-22],[-6,-15],[-8,-11],[-14,-15],[-26,-22],[-14,-17],[-7,-5],[-19,-10],[-23,-9],[-12,-4],[-35,-11],[-15,-5],[-14,-7],[-77,-56],[-17,-17],[-28,-21],[-35,-22],[-70,-48],[-10,-9],[-6,-6],[-14,-24],[-4,-8]],[[54607,35863],[-2,-5],[0,-1],[3,-4],[0,-2],[8,-9],[13,-13],[1,-2],[3,-12],[0,-1]],[[54628,35794],[-5,-8],[-9,-11],[0,-1],[-18,-8],[-19,-9],[-22,-6],[-35,-4],[-122,-5],[-83,3],[-38,7],[-27,6],[-13,4],[-11,5]],[[54218,35771],[-4,2],[-12,8],[-1,1],[-25,20],[-73,60],[-89,59],[-9,8],[-180,82],[-23,12],[-60,37],[-14,9],[-15,10],[-2,1],[-9,10],[-5,9],[-6,19],[0,2],[-2,13]],[[53693,36151],[0,8],[-2,33],[-1,29],[-2,11],[-3,5],[-4,5],[-5,6],[0,1],[-1,1],[-1,0],[-22,15],[-21,12],[-23,10],[-31,11],[-24,8],[-19,4],[-44,13],[-40,15],[-9,5],[-11,7],[-15,13],[-17,15],[-22,20],[-2,2],[-26,29],[-15,12],[-27,23],[-11,7],[-10,5],[-45,12],[-8,1],[-22,-2],[-15,-4]],[[53176,36474],[-22,-14],[-64,-40],[-1,-1]],[[53088,36418],[-216,-110],[-118,-53],[-45,-13],[-24,-6],[-29,-6],[-44,-7],[-39,-6],[-23,-1],[-18,-1],[-8,0],[-6,1],[-19,6],[-17,9],[-15,10]],[[52462,36246],[-6,6],[-1,0],[-6,19],[-1,3],[-10,31],[-11,22],[-3,4],[-1,2],[-1,3]],[[52421,36336],[-10,9],[-45,34],[-14,11],[-6,5],[-1,0],[-16,8],[-11,9],[-31,27]],[[52281,36447],[-1,3],[-4,6],[-2,4],[-2,11],[-1,5],[2,26],[5,18],[5,10],[4,6],[34,39],[3,5],[2,4],[2,5],[0,24],[-3,5],[0,2],[-1,1],[0,1],[-5,4],[-1,0],[0,1],[-12,7],[-44,17],[-39,12],[-43,11],[-52,11],[-59,8],[-39,7],[-16,4],[-73,24],[-34,10],[-9,2],[-43,8],[-47,6],[-12,1],[-30,-1],[-76,-5],[-56,-5],[-72,-14],[-100,-23],[-22,-4],[-13,0],[-53,-11],[-43,-5],[-17,-1],[-33,0],[-39,2],[-32,4],[-41,7],[-38,11],[-13,2],[-17,4],[-45,10],[-13,5],[-79,19],[-37,7],[-129,31],[-11,1],[-49,-3],[-19,-2],[-18,-4]],[[50690,36777],[-9,-4],[-9,-7],[-10,-9],[-10,-13],[-3,-11],[0,-13],[6,-27],[2,-25],[1,-11],[-1,-5],[-4,-25],[-13,-36],[-10,-24],[0,-1]],[[50609,36533],[-5,-11],[-12,-22],[-8,-17],[-30,-70],[-5,-10]],[[50538,36387],[-17,-16],[-16,-14],[-9,-6],[-6,-2],[-30,-8],[-79,-11],[-67,-8],[-37,-2],[-70,-3],[-51,-3],[-88,-8],[-42,-4],[-14,-1],[-11,-1],[-34,-7],[-17,-3],[-43,-5],[-16,-3],[-16,-4],[-175,-10],[-6,1],[-9,1],[-12,2],[-24,9],[-5,3],[-19,33],[-4,6],[-1,1],[0,1],[-10,9],[-16,24],[-11,14],[-2,2],[-7,9]],[[49570,36387],[-28,16],[-27,11],[-21,6],[-12,1],[-24,1],[-27,-1],[-30,-3],[-38,-5],[-66,-12],[-33,-11],[-24,-10],[-63,-35],[-8,-7],[-8,-8],[-5,-6],[-2,-13],[-2,-5],[8,-15],[6,-15],[2,-8],[1,-2],[14,-18],[6,-4]],[[49190,36242],[-1,-2],[-3,-10]],[[49186,36230],[-5,8],[-11,17],[-54,76],[-18,26],[-1,0],[-52,14],[-30,6],[-81,24],[-86,26],[-54,20],[-35,11],[-38,10],[-34,6],[-50,0],[-22,-3],[-21,-2],[-43,-1],[-12,6],[0,1],[-2,6],[0,1],[22,34],[-1,15],[-16,4],[-27,-5],[-28,-16],[-29,-7],[-18,1],[-1,1],[-12,10],[0,1],[7,7],[16,7],[10,7],[-2,6],[-20,18],[-11,11],[-2,1],[-1,1],[-18,8],[-17,1],[-19,-11],[-34,-5],[-33,3],[-28,-2],[-9,-8],[1,-4],[2,-12],[2,-3],[9,-12],[1,-1],[-14,-8],[-19,1],[-50,15],[-24,6],[-22,1],[-36,0],[-30,2],[-23,9],[-23,11],[-1,0],[-69,42],[-70,19],[-15,17],[-20,15],[-22,7],[-26,-1],[-31,-7],[-33,-3],[-56,6],[-32,2],[-39,-3],[-51,-11],[-79,-1],[-71,-1],[-33,0],[-26,5],[-9,5],[-8,12],[-5,11],[-7,6],[-3,2],[-15,7],[-76,19],[-30,5],[-23,-1],[-26,-4],[-21,-5],[-24,4],[-23,7],[-40,18],[-15,6]],[[35849,37980],[49,12],[43,12],[33,12],[30,11],[27,11],[16,8],[38,17],[35,18],[58,33],[152,83],[184,101],[37,20],[166,92],[1,0],[17,-8],[10,-2],[15,-1],[178,-7],[130,-7],[4,-1],[179,-8],[160,-9],[59,-4],[97,-8],[47,-4],[263,-22],[18,-1],[33,3],[17,3],[25,6],[19,7],[15,5],[28,8],[14,3],[12,1],[11,1],[17,-2],[12,-2],[15,-2],[3,-2],[6,-3],[43,-15],[32,-15],[56,-22],[77,-32],[49,-21],[14,-5],[13,-6],[1,-1],[33,-14],[2,-1],[72,-33],[170,-79],[155,-64],[20,-8],[1,0],[23,-7],[30,-6],[22,-5],[29,-3],[21,-2],[76,-6],[31,-2],[351,-22],[33,-2],[128,-7],[90,-5],[195,-11],[74,0],[19,2],[19,1],[25,6],[23,4],[0,1],[3,0],[29,7],[30,8],[40,11],[143,38],[90,26],[67,21],[4,1],[44,13],[55,15],[3,0],[19,-19],[-4,-7],[-5,-4],[-22,-21],[-19,-11],[-6,-7],[-5,-6],[-19,-48],[-1,-4],[-4,-13],[-1,-1],[-6,-39],[-6,-9],[-1,-9],[16,-23],[0,-1],[2,-5],[1,-3],[-1,-3],[-1,-11],[1,0],[0,-1],[1,-2],[4,-3],[57,-23],[71,-24],[47,-19],[39,-17],[8,-4],[7,-7],[3,-2],[1,0],[11,-5],[10,-4],[13,-2],[17,-2],[18,-1],[17,1],[49,4],[14,-1],[21,-4],[19,-4],[32,-11],[43,-14],[40,-15],[21,-8],[16,-9],[25,-18],[59,-31],[4,-2],[1,0],[25,-36],[3,-10],[1,-2],[4,-6],[2,-2],[5,-4],[2,-2],[2,-1],[17,-11],[32,-18],[13,-6],[23,-9],[22,-6],[52,-10],[18,-5],[16,-5],[32,-14],[12,-8],[12,-10],[21,-30],[3,-9],[2,-9],[1,-5],[4,-12],[2,-9],[7,-20],[0,-1],[1,0],[152,-25],[18,-4],[10,-3],[7,-3],[4,9],[1,0],[0,1],[52,119],[525,9],[109,1],[31,-1],[22,1],[25,-1],[17,-2],[14,-2],[11,-2],[16,-4],[14,-4],[21,-10],[60,-23],[17,-5],[18,-4],[19,-4],[14,-1],[17,-1],[121,-2],[4,0],[775,2],[104,0],[29,-3],[22,-1],[21,-3],[15,-2],[16,-3],[13,-6],[25,-11],[33,-15],[28,-9],[23,-6],[39,-13],[33,-10],[16,-6],[17,-8],[21,-9],[28,-14],[23,-13],[9,-6],[11,-6],[0,-1],[11,-4],[7,-3],[5,-1],[8,-1],[31,-1],[1,0]],[[44180,37268],[0,-1],[13,-15],[5,-6],[33,-38],[23,-27],[8,-10],[9,-10],[1,-2],[1,0],[1,-2],[4,-4],[8,-9],[8,-10],[3,-3],[1,-2],[4,-4],[3,-4],[2,-1],[4,2],[14,8],[4,3],[1,0],[17,4],[7,1],[18,3],[15,2],[24,0],[20,-2],[9,0],[17,-1],[31,-3],[35,-3],[22,-3],[6,0],[21,-3],[109,-16],[105,-16],[44,-6],[19,0],[17,1],[14,2],[14,5],[13,7],[1,1],[28,24],[1,1],[0,1],[3,2],[4,6],[21,25],[0,1],[-1,-2],[-1,-1]],[[44963,37163],[-3,-21],[0,-2],[-2,-9],[0,-2],[-1,-7],[-1,-2],[-3,-39],[-1,-10],[-2,-24],[14,4],[34,9],[18,4],[21,1],[48,1],[27,0],[17,2],[7,2],[10,10],[12,6],[19,4],[7,2],[15,12],[11,5],[9,3],[27,4],[25,1],[10,1],[23,6],[13,2],[34,2],[21,2],[9,2],[42,16],[13,3],[44,6],[32,10],[26,5],[34,17],[30,7],[11,8],[7,3],[22,3],[17,7],[19,3],[7,1],[4,2],[14,9],[13,5],[34,6],[24,3],[16,6],[8,1],[59,5],[23,3],[34,6],[38,10],[8,1],[9,0],[14,-1],[23,4],[31,2],[50,8],[12,1],[11,-1],[30,-9],[29,-3],[27,3],[27,1],[18,-2],[55,-10],[14,-7],[13,-7],[19,-1],[11,-3],[7,-13],[17,-13],[4,-3],[18,-12],[32,-16],[20,-15],[15,-14],[3,-2],[8,-18],[0,-21],[2,-10],[1,-1],[11,-7],[17,-5],[12,-8],[6,-8],[1,-1],[38,-20],[7,-13],[3,-8],[1,0],[12,-8],[24,-9],[16,-9],[1,-1],[5,-11],[-2,-17],[-1,-6],[-14,-18],[-7,-13],[5,-13],[13,-10],[6,-7],[26,-3],[24,-2],[17,-9],[0,-1],[1,-22],[7,-11],[1,-2],[24,-7],[19,-11],[7,-6],[1,-1],[8,-12],[20,-16],[2,-2],[33,-17],[11,-2],[52,-7],[56,-12],[68,-21],[30,-12]],[[47041,36747],[-1,0],[-3,-2],[-12,-7],[-23,-10],[-23,-9],[-28,-12],[-197,-65],[-11,-4],[-67,-24],[-193,-64],[-95,-34],[-19,-6],[-17,-7],[-37,-15],[-19,-10],[-14,-10],[-11,-9],[-10,-10],[-10,-12],[-7,-13],[-34,-131],[-1,-6],[-4,-16],[0,-11],[-1,-2],[-1,-9],[-1,-2],[0,-8],[19,-56],[0,-3],[10,-32],[3,-10],[10,-24],[4,-18],[2,-7],[0,-20],[-3,-15],[-1,-1],[-5,-13],[-11,-21],[-22,-28],[-11,-8],[-19,-16],[-36,-23],[-31,-17],[-55,-29],[-26,-12],[-51,-24],[-64,-31],[-20,-10],[-1,0],[-27,-13],[-135,-68],[-154,-79],[-85,-43],[-3,-1],[-43,-23],[-90,-38],[-14,-7],[-22,-9],[-18,-8],[-11,1],[-42,5],[-29,3],[-73,8],[-41,5],[-12,2],[-52,6],[-1,0],[-6,1],[-11,2],[-8,1],[-6,0]],[[40923,35145],[-80,79],[-29,28],[-208,208],[-1,2],[-52,55],[-1,1],[-21,22],[-2,2],[-9,7],[-15,13],[-27,21],[-7,5],[-31,20],[-44,25],[-40,20],[-42,17],[-47,22],[-28,12],[-81,37],[-23,9],[-20,9],[-75,34],[-30,13],[-26,9],[-37,14],[-8,3],[-80,24],[-112,27],[-487,118],[-72,18],[-20,6],[-3,1],[-16,6],[-18,8],[-19,9],[-15,10],[-11,9],[-10,10],[-6,8],[-4,7],[-2,9],[0,23],[3,8],[4,10],[5,16],[3,12],[0,1],[2,13],[-1,20],[-4,10],[-3,12],[-4,7],[-11,13],[-14,16],[-15,11],[-19,13],[-25,14],[-62,32],[-1,1],[-217,115],[-137,73],[-101,52],[-26,17],[-27,18],[-20,14],[-3,2],[-10,8],[-22,18],[-223,186],[-35,25],[-1,1],[-14,9],[-21,10],[-17,9],[-23,10],[-54,21],[-33,10],[-32,9],[-1,0],[-53,12],[-36,9],[-126,22],[-53,10],[-2,0],[-44,8],[-1,1],[-22,4],[-110,21],[-44,9],[-132,26],[-200,38],[-115,22],[-27,7],[-11,2],[-38,10],[-20,6],[-28,8],[-8,3],[-19,6],[-26,11],[-5,2],[-9,5],[-2,0],[-9,4],[-6,4],[-33,18],[-45,23],[-1,1],[-45,27],[-50,39],[-2,1],[-8,5],[-16,13],[-9,7],[-16,14],[-25,22],[-6,6],[-1,0],[-6,7],[-37,36],[-37,37],[-76,73],[-106,108],[-43,43],[-72,69],[-58,58],[-25,26],[-20,21],[-29,29],[-5,6],[-12,10],[-6,6],[-2,1],[-13,12],[-14,13],[0,1],[-37,26],[-9,6],[-7,5],[-9,5],[-29,15],[-1,0]],[[37216,32726],[-15,-2],[-4,-1],[-37,-7],[-20,-4],[-18,-4],[-1,1],[-3,2],[-10,7],[-3,2],[-1,0],[37,7],[2,1],[1,2],[-9,13],[-7,11],[-5,5],[-7,8],[-10,7],[-7,5],[-7,4],[-4,2],[-21,1],[-32,1],[-23,-1],[-9,-1],[-7,-2],[-4,-5],[-15,-2],[-1,-2],[2,-4],[-9,-3],[-13,-2],[-37,1],[-22,3],[-53,12],[-11,-3],[-1,-1],[5,-5],[8,-5],[2,-3],[-1,0],[-2,-1],[-35,12],[-14,4],[-14,3],[-78,15],[-7,1],[-5,-1],[-6,-2],[-10,-6],[-33,-1],[-72,-1],[-45,-3],[-24,0],[-24,3],[-44,8],[-41,9],[-61,17],[-40,11],[-55,19],[-54,19],[-108,31],[-39,10],[-18,3],[-40,5],[-21,0],[-19,-1],[-27,-5],[-41,-2],[-26,-3],[-24,-5],[-30,-4],[-25,-2],[-16,0],[-30,3],[-19,3],[-17,4],[-56,16],[-55,17],[-25,6],[-10,2],[-60,10],[-54,16],[-15,2],[-23,2],[-19,0],[-120,2],[-54,7],[-23,5],[-9,2],[-31,8],[-45,13],[-97,35],[-20,5],[-15,5],[-10,1],[-23,2],[-15,0],[-10,-1],[-10,-3],[-31,-16],[-20,-7],[-21,-5],[-6,-2],[-35,-7],[-23,-7],[-32,-14],[-3,-1],[-17,-8],[-3,-1],[-1,-1],[-33,-20],[-29,-22],[-7,-8],[-5,-9],[-1,0],[-3,-8],[-9,-22],[-6,-12],[-2,-5],[-22,-23],[-37,-27],[-26,-12],[-63,-25],[-13,-6],[-3,-2],[-52,-30],[-23,-10],[-8,-3]],[[34349,32746],[-31,25],[-4,3],[-29,24],[-35,31],[-9,10],[-3,3],[-3,4],[-10,15],[-3,5],[-5,8],[-4,6],[-5,9],[-1,3],[-1,2],[-8,13],[-4,5],[-8,14],[-23,36],[-4,6],[-1,1],[-5,8],[-6,10],[-19,29],[-7,12],[-45,69],[-33,53],[-16,26],[-3,5],[-6,9],[0,1],[-14,21],[-8,11],[-7,15],[-4,8],[-1,1],[0,1],[-2,13],[-2,14],[0,2],[-1,17],[1,5],[3,21],[0,1],[7,67],[2,22],[1,10],[1,16],[0,5],[1,9],[0,10],[2,17],[2,19],[1,30],[1,16],[0,19],[3,50],[0,6],[2,16],[0,17],[4,49],[1,17],[3,64],[4,62],[3,38],[0,52],[-4,33],[-3,16],[-1,6],[0,3],[-1,1],[-4,12],[-8,16],[-4,6],[-2,4],[-13,17],[-7,9],[-40,52],[-28,31],[-3,3],[-4,6],[-13,17],[-17,30],[-5,9],[-13,22],[-20,38],[-32,50],[-6,10],[-1,0]],[[33792,34323],[33,-1],[107,-1],[145,0],[106,1],[49,0],[317,-4],[162,-3],[205,-1],[17,0],[164,-2],[120,-1],[34,0],[100,-1],[33,0],[56,1],[80,3],[156,12],[42,5],[3,0],[39,3],[65,8],[51,7],[40,7],[43,6],[7,2],[1,0],[26,6],[40,7],[30,6],[33,8],[118,28],[62,17],[74,19],[113,30],[17,5],[94,25],[77,19],[17,4],[42,12],[80,20],[127,33],[59,16]],[[37216,32726],[12,12],[2,5],[3,6],[0,1],[-3,1],[0,1],[-2,3],[-2,2],[-1,0],[-6,15],[-7,14],[-3,7],[-1,1],[-11,26],[-13,27],[-10,20],[-4,10],[-6,14],[-34,70],[-17,36],[-2,6],[-162,336],[-8,17],[-12,22],[-11,23],[-1,1],[-18,38],[-14,36],[-1,0],[-3,8],[-1,6],[-1,3],[-2,12],[-10,38],[-1,3],[-4,19],[-6,27],[-2,7],[-1,12],[-1,3],[0,6],[-1,0],[-3,33],[-3,41],[-1,11],[-1,12],[-2,8],[-1,7],[-2,17],[-4,32],[0,1],[-12,83],[-1,7],[0,2],[-3,26],[-4,38],[0,19],[4,8],[3,3],[0,1],[6,5],[9,5],[11,5],[11,3],[71,16],[117,27],[23,7],[14,6],[10,7],[7,8],[1,2],[2,8],[-1,8],[0,5],[-6,17],[-3,6],[-9,51],[-4,15],[-3,14],[-2,7],[0,3],[-7,27],[-11,61],[-1,7],[-15,61],[-7,40],[-4,15],[-2,13],[-4,15],[-2,10],[-4,19],[-9,50],[-7,48],[-1,1],[-7,32],[-5,12],[-8,8],[-4,5],[-1,1]],[[36976,34619],[50,12],[56,16],[94,22],[12,3],[38,7],[0,1],[32,6],[34,4],[24,3],[67,8],[82,9],[57,5],[39,3],[11,1],[27,2],[223,20],[268,24],[83,7],[75,6],[224,20],[106,9],[129,10],[52,4],[41,2],[40,2],[29,0],[49,-1],[20,0],[34,-2],[22,-2],[44,-3],[4,0],[23,-2],[21,-3],[51,-7],[27,-6],[25,-4],[29,-5],[31,-8],[100,-21],[47,-11],[116,-27],[23,31],[1,1],[36,47],[33,38],[4,4],[8,7],[3,2],[20,12],[23,9],[33,14],[17,8],[46,21],[35,18],[58,31],[45,25],[23,11],[52,23],[4,1],[20,6],[30,8],[33,6],[189,35],[9,2],[80,12],[16,2],[33,4],[12,2],[40,3],[47,3],[34,2],[39,2],[9,0],[80,5],[28,1],[39,2],[44,1],[12,0],[41,2],[41,5],[30,5],[2,1],[39,10]],[[40923,35145],[24,7],[80,19],[73,19],[91,23],[23,6],[172,40],[85,19],[82,18],[53,11],[67,13],[17,4],[32,8],[32,9],[20,7],[17,7],[18,10],[109,80],[31,22],[36,21],[19,11],[23,8],[126,42],[25,8],[99,34],[0,1],[166,59],[32,11],[298,103],[40,14],[8,3],[253,88],[95,34],[101,37],[1,0],[113,43],[138,52],[50,22],[45,17],[23,7],[15,4],[21,4],[87,15],[46,8],[39,8],[89,15],[65,12],[1,0],[6,-8],[51,-60],[48,-58],[196,-207],[48,-54],[49,-53],[56,-69],[24,-28],[11,-11],[24,-27],[1,0],[9,-7],[11,-8],[13,-9],[2,-1],[16,-9],[19,-9],[1,-1],[22,-13],[25,-11],[3,-2],[28,-8],[45,-17],[20,-6],[16,-3],[11,0],[4,-1],[11,0],[22,1],[19,3],[12,2],[3,0],[12,5],[6,3],[9,7],[6,7],[4,9],[19,28],[11,11],[6,5],[6,4],[2,2],[3,2],[5,3],[14,6],[15,3],[50,0],[14,-3]],[[45011,35566],[-9,-12],[-2,-4],[0,-1],[-4,-7],[-15,-30],[-27,-45],[-33,-64],[-13,-21],[-5,-16],[-1,-4],[-11,-27],[0,-1],[-4,-9],[-6,-13],[-1,-3],[-16,-41],[-17,-95],[-21,-44],[-9,-31],[-10,-19],[-16,-29],[-32,-36],[-21,-21],[-13,-15],[-22,-24],[-1,-1],[-6,-7],[-19,-24],[-10,-16],[-15,-25],[0,-1],[-1,-2],[-3,-4],[-3,-5],[-2,-9],[-3,-4],[-7,-16],[-4,-7],[-1,-1],[-7,-14],[-2,-2],[-2,-6],[-2,-1],[-6,-13],[-2,-3],[-1,-1],[-5,-10],[-4,-6],[-4,-8],[-2,-5],[-2,-3],[-2,-6],[-3,-6],[-5,-12],[1,-1],[11,-2],[19,-4],[-15,-31],[-19,-33],[-4,-6],[-15,-24],[-18,-27],[-56,-71],[-63,-75],[-24,-24],[-39,-36],[-41,-41],[-26,-23],[-16,-12],[-1,-1],[-51,-36],[-49,-36],[-41,-32],[-2,-1],[-91,-69],[-37,-29],[-41,-33],[-118,-82],[-5,-3],[-21,-15],[-1,-1],[-19,-13],[-11,-8],[-51,-33],[-21,-13],[-18,-12],[-51,-36],[-18,-12],[-16,-11],[-6,-4],[-44,-30],[-4,-3],[-6,-4],[-2,-2],[-2,-1],[-3,-1],[-15,-11],[-76,-52],[-8,-5],[-137,-93],[-158,-110],[-98,-68],[-1,-1],[-17,-12],[-28,-20],[-25,-20],[-1,0],[-14,-14],[-14,-15],[-6,-9],[-8,-11],[-14,-20],[-8,-16],[-7,-20],[-1,-7],[-1,-1],[-1,-10],[-4,-18]],[[42902,33272],[-12,0]],[[42881,33272],[-13,0],[-24,-1],[-60,-3],[-63,-7],[-110,-11],[-58,-6],[-61,-6],[-163,-19],[-161,-20],[-38,-7]],[[41945,33151],[-113,-30],[-21,-5],[-256,-40],[-105,-20],[-122,-19],[-45,-4],[-12,-3],[-52,-4],[-143,-7],[-54,4],[-30,1]],[[40938,33025],[-21,0],[-28,-2],[-72,-16],[-7,-1],[-2,0],[-11,1],[-16,3],[-24,6]],[[40749,33019],[-22,14],[-14,3],[-33,3],[-21,1],[-29,4],[-63,18],[-10,2],[-8,0],[-48,-4],[-12,1],[-7,2],[-6,3],[-1,0],[-3,3],[-17,14],[-19,10],[-6,3],[-9,2],[-10,0]],[[40401,33100],[-40,8],[-18,5],[-18,7],[-23,8],[-21,6],[-1,1],[-12,3]],[[40264,33139],[-18,5],[-7,1],[-17,0],[-6,-4],[-79,-20]],[[40124,33116],[-209,-58],[-70,-22],[-42,-11],[-97,-18],[-11,-3],[-78,-26]],[[39563,32956],[-7,-1],[-402,-103],[-36,-12],[-75,-19],[-32,-8],[-57,-11],[-17,-4],[-9,-1],[-13,-2]],[[38902,32793],[-25,-5],[-45,-12],[-25,-11],[-3,-1],[-10,-1],[-19,1],[-8,-1],[-6,-1],[-6,-2],[-11,-7],[-4,-2],[-61,-1],[-19,-1],[-10,-2],[-134,-8],[-75,-6],[-36,-10],[-35,-12],[-39,-16],[-13,-5],[-56,-31],[-17,-8],[-15,-7],[-14,-5],[-25,-6],[-16,-4],[-32,-2],[-31,-1],[-23,-1],[-36,2],[-9,1],[-68,12],[-23,3],[-71,8],[-14,0],[-7,-1],[-6,-2],[-5,-2],[-12,-9],[0,-1],[-1,-1],[0,-1],[8,-25]],[[37845,32607],[-1,-2],[-48,-5],[-1,0]],[[37795,32600],[-2,9],[-2,6],[0,2],[-9,33],[-5,16],[-3,15],[-1,1],[-43,-7],[-29,-2],[-29,1],[-11,2],[-64,11],[-77,11],[-76,12],[-117,17],[-33,5],[-17,2],[-5,0],[-7,1],[-8,-2],[-10,-2],[-21,-4],[-9,-1],[-1,0]],[[29633,48720],[0,-1],[-1,-15],[-6,-21],[-1,0],[0,-20],[1,-5],[1,-4],[2,-37],[0,-46],[50,-29],[142,-81],[1,-1],[75,-50],[13,-10],[1,0],[56,-3],[18,-2],[12,-2],[25,-2],[27,-1],[15,-1],[14,6],[36,18],[7,3],[1,0],[40,20],[74,31],[63,9],[60,0],[70,-19],[33,-21],[28,-17],[52,-34],[53,-19],[55,-12],[119,6],[24,7],[1,1],[40,13],[61,25],[58,25],[44,33],[56,21],[8,4],[10,0],[37,1],[27,-1],[20,-1],[44,10],[8,1],[8,2],[4,2],[4,1],[53,19],[73,18],[28,2],[26,3],[4,1],[7,1],[45,3],[24,0],[67,-2],[64,-4],[75,-14],[57,-16],[22,-13],[13,-8],[10,-6],[12,-6],[39,-17],[1,-2],[2,-3],[24,-4]],[[28416,48294],[33,70],[3,1],[25,5],[29,7],[127,27],[70,16],[119,26],[76,16],[1,1],[-3,1],[-12,0],[8,7],[1,1],[37,-9],[8,5],[26,-8],[73,-21],[21,-5],[3,2],[4,3],[15,12],[8,9],[6,9],[2,2],[12,24],[6,14],[1,10],[1,4],[-1,35],[-1,56],[0,4],[-1,21],[0,24],[-1,17],[0,54],[411,2],[71,0],[26,1],[11,0],[1,-6],[1,-11]],[[25838,46327],[-18,23],[-39,50],[-19,24],[-50,64],[-31,38],[-19,24],[-2,1],[-3,4],[-4,4],[-39,43],[-11,13],[-5,6],[-12,17],[-7,11],[-2,4],[-3,4],[-4,11],[-4,16],[0,29],[5,13],[1,0],[8,11],[23,22],[69,52],[36,28],[7,4],[10,8],[8,6],[6,5],[17,11],[15,12],[30,23],[2,2],[15,12],[0,1],[-69,9],[-210,27],[-69,9],[-1,0],[13,29],[12,30],[1,1],[-2,6],[0,6],[-5,7],[-3,3],[-1,2],[-14,18],[-17,21],[-2,3],[-5,8],[-14,31],[-4,9],[-3,5],[-8,13],[0,1],[-18,15],[-8,5],[-51,24],[-44,22],[-2,2],[-1,0],[-26,11],[-9,3],[-19,7],[-61,20],[-18,6],[-20,10],[-1,1],[41,37],[4,13],[3,18],[0,51],[-4,14],[-4,15],[0,8],[3,11],[10,32],[4,25],[0,16],[-2,12],[-5,23],[0,14],[4,35],[-1,15],[-1,6],[-1,3],[-12,20],[-8,12],[-10,11],[-29,30],[-34,29],[-1,0]],[[25096,47737],[-15,13],[-5,4],[-31,21],[-19,11],[-13,6],[-10,3],[-44,14],[-25,9],[-15,7],[-12,10],[-2,3],[7,7],[9,1],[20,3],[7,3],[6,5],[2,4],[0,3],[1,3],[0,8],[-2,5],[-3,15],[-11,27],[-4,9],[-6,11],[-10,14],[-18,26],[-4,6],[0,2],[-2,7],[0,7],[3,5],[26,18],[1,3],[0,4],[-5,13],[-1,2],[-1,4],[0,5],[2,4],[18,9],[4,6],[-1,28],[0,1],[5,10],[4,2],[7,3],[34,9],[16,6],[21,10],[14,9],[40,32],[18,13],[8,9],[1,5],[3,21],[-4,20],[-5,28],[0,26],[2,4],[33,40],[16,19],[0,1],[1,1],[4,5],[13,17],[2,3],[1,0],[-1,5],[-1,1],[0,1]],[[25175,48406],[40,5],[14,2],[23,5],[131,31],[52,13],[21,5],[54,10],[72,8],[56,10],[54,10],[17,2],[33,3],[26,0],[56,-3],[38,-6],[80,-7],[14,-1],[42,-8],[31,-2],[37,-1],[26,0],[21,1],[54,5],[30,6],[36,8],[20,5],[1,1],[31,15],[22,6],[16,4],[4,3],[62,11],[56,11],[3,0],[8,1],[3,0],[2,1],[6,1],[2,0],[42,5],[113,-7],[43,0],[56,-7],[28,1],[33,-3],[25,-5],[21,-9],[17,-5],[47,-3],[62,-1],[26,1],[58,-2],[79,0],[46,2],[29,-5],[14,-1],[28,0],[1,-1],[29,-9],[2,-1],[15,-5],[11,-2],[7,0],[3,1],[12,8],[4,1],[12,-3],[20,-6],[7,-2],[24,-5],[5,-2],[19,-2],[10,2],[25,16],[8,4],[29,5],[71,9],[19,1],[15,1],[65,-5],[15,-3],[19,-9],[6,-1],[9,-2],[15,0],[14,2],[16,6],[17,6],[11,2],[15,2],[21,-1],[16,-1],[14,-4],[10,-3],[14,-7],[5,-3],[7,-17],[1,-2],[6,-5],[14,-10],[14,-6],[19,-4],[14,0],[27,1],[15,-1],[17,-6],[28,-14],[22,-10],[15,-4],[14,-2],[29,-3],[7,-1],[3,-1],[13,-13],[34,-37],[2,-3],[6,-11],[8,-14],[7,-6],[15,-9],[7,-3],[4,-1],[9,-1],[21,-2],[20,1],[65,10],[9,1],[32,-1],[12,-3],[3,-3],[0,-1],[-1,0],[-1,-4],[-4,-13],[3,-3],[7,-6],[15,-8],[12,-2]],[[28416,48294],[-12,-12],[-2,-4],[-7,-7],[-31,-32],[-10,-11],[-11,-11],[-33,-34],[-9,-9],[-2,-3],[-45,-46],[-10,-8],[-7,-4],[-224,-110],[-17,-6],[-15,-5],[-13,-2],[-11,-1],[-54,4],[-16,1],[-21,2],[-14,2],[0,-1],[-4,-22],[-1,-1],[-5,-10],[-16,-30],[0,-1],[-54,-42],[0,-7],[-65,0],[-8,-1],[-35,0],[-103,-1],[-103,0],[0,-1],[1,-3],[0,-1],[-26,0],[-62,-1],[-37,-1],[-28,-1],[-6,0],[0,-1],[1,-3],[3,-8],[9,-38],[1,-3],[2,-10],[5,-17],[2,-10],[6,-22],[5,-20],[1,-3],[4,-15],[33,1],[104,4],[34,2],[0,-45],[-3,-80],[-1,-33],[0,-19],[-2,-44],[-4,-46],[-8,-88],[399,-6],[37,0],[0,-1],[-1,-13],[-1,-7],[-2,-25],[-2,-6],[-2,-10],[0,-2],[-3,-9],[-1,-2],[-3,-13],[1,0],[96,-14],[63,-14],[55,-12],[130,-33],[61,-15]],[[28319,47194],[-1,-1],[-3,-1],[-1,-1],[-7,-5],[-4,-2],[-14,-9],[-28,-19],[-11,-8],[-3,-2],[-13,-10],[-14,-12],[-47,-41],[-58,-51],[-21,-17],[-34,-30],[-16,-11],[-23,-16],[-46,-26],[-6,-3],[-29,-15],[-22,-8],[-10,-4],[-21,-7],[-17,-6],[-28,-10],[-21,-8],[-14,-5],[-2,-1],[-10,-4],[-31,-12],[-9,-3]],[[27755,46846],[-2,-1],[2,1],[1,0],[10,1],[40,6],[13,2],[0,-1],[-1,-13],[-9,-37],[-2,-6],[0,-7],[-1,-8],[-6,-30],[-7,-41],[-10,-47],[-14,-55],[-9,-43],[-7,-33],[-2,-9],[-7,-29],[-1,-5],[0,-4],[-4,-11],[-1,-4],[0,-1],[-2,-6],[-12,-47],[-27,-105],[-1,-6],[-13,-49],[-5,-17],[-9,-36],[6,-84],[19,1],[68,6],[112,9],[89,6],[68,5],[44,3],[132,8],[12,1],[32,3],[77,4],[158,10],[76,6],[10,0],[39,4],[28,1]],[[28639,46188],[-28,-1],[-39,-4],[-10,0],[-76,-6],[-158,-10],[-77,-4],[-32,-3],[-12,-1],[-132,-8],[-44,-3],[-68,-5],[-89,-6],[-112,-9],[-68,-6],[-19,-1],[-6,84],[9,36],[5,17],[13,49],[1,6],[27,105],[12,47],[2,6],[0,1],[1,4],[4,11],[0,4],[1,5],[7,29],[2,9],[7,33],[9,43],[14,55],[10,47],[7,41],[6,30],[1,8],[0,7],[2,6],[9,37],[1,13],[0,1],[-13,-2],[-40,-6],[-10,-1],[-1,0]],[[27755,46846],[0,0],[-2,-1],[11,4],[31,12],[10,4],[2,1],[14,5],[21,8],[28,10],[17,6],[21,7],[10,4],[22,8],[29,15],[6,3],[46,26],[23,16],[16,11],[34,30],[21,17],[58,51],[47,41],[14,12],[13,10],[3,2],[11,8],[28,19],[14,9],[4,2],[7,5],[1,1],[3,1],[1,1]],[[28319,47194],[15,10],[5,2],[24,13],[4,2],[0,1],[21,12],[15,8],[21,11],[20,11],[23,12],[1,0],[20,11],[10,6],[3,1],[1,1],[51,27],[1,0],[14,8],[146,77],[14,7],[2,2],[6,2],[26,14],[2,2],[3,1],[23,12],[7,4],[6,3],[1,0],[5,3],[38,20],[11,6],[36,18],[5,4],[65,34],[13,7],[1,1],[44,22],[41,21],[88,49],[4,2],[13,9],[4,2],[1,1],[2,1],[8,7],[9,6],[14,11],[8,7],[2,2],[5,7],[1,1],[12,22],[3,10],[6,19],[7,25],[19,67],[16,57],[1,0],[0,1],[43,-9],[29,-5],[136,-23],[28,-5],[13,-3],[40,-6],[3,-1],[42,-6],[29,-4],[50,-6],[150,-19],[51,-6],[67,-8],[192,-24],[4,0],[115,-15],[155,-21],[172,-19],[66,-7],[2,0],[7,-1],[31,-3],[30,-2],[175,-8],[33,-2],[92,-6],[13,0],[53,-2],[134,-7]],[[28647,42558],[-6,-1],[-20,-2],[-7,-1],[-92,-8],[-63,-5],[-209,-18],[-11,-1],[-80,-8],[-1,0],[-21,-2],[-26,-2],[-142,-12],[-47,-4],[-5,0],[-31,-3],[-77,-9],[-30,-2],[-36,-3],[-47,-5],[-4,0],[-70,-7],[-50,-4],[-29,-2],[-28,-2],[-11,0],[-48,-3],[-5,0],[-28,-1],[-28,0],[-94,1],[-12,1],[-53,3],[-31,2],[-12,1],[-80,3],[-29,1],[-1,0],[-22,1],[-9,1],[-91,4],[-24,1],[-7,1],[-16,0],[-4,1],[-4,0],[-13,1],[-5,0],[-41,1],[-24,3],[-25,3],[-32,5],[-98,21],[-22,4],[-28,3],[-47,3],[-38,2],[-22,1],[-28,1],[-42,1],[-17,0],[1,5],[4,36],[0,8],[34,42],[6,6],[31,-2],[7,39],[8,39],[8,45],[11,62],[7,42],[412,-19],[1,13],[4,18],[12,42],[7,27],[22,82],[7,27],[10,58],[3,20],[40,236],[1,4],[13,73],[0,1],[14,58],[46,176],[16,59],[32,148],[53,241],[44,205],[2,4],[17,79],[14,66],[8,28],[1,1],[-229,-26],[-77,-10],[-2,1],[-219,92],[-76,32],[-88,33],[-1,0],[-4,3],[-9,9],[-5,2],[-12,7],[-26,11],[-21,9],[-42,16],[-3,1],[-2,1],[-44,18],[-10,4],[-38,16],[0,1],[-105,45],[-22,9],[-21,9],[-68,29],[-111,47],[-181,78],[-75,32],[-53,22],[-14,6],[-1,1],[-8,3],[-72,30],[-17,8],[-7,2],[-215,95],[-13,6],[-254,109],[-59,22],[-35,12],[-51,15],[-282,77],[-46,12],[-31,9],[-1,0],[-168,44],[-20,6],[-8,2],[-13,5],[-17,10],[-7,9],[0,1],[-22,33],[-11,16],[-82,112],[-26,37]],[[24296,45665],[187,90],[132,64],[227,110],[200,97],[186,91],[18,8],[96,41],[30,13],[51,19],[51,20],[43,15],[55,18],[75,23],[62,18],[5,2],[72,19],[51,14],[1,0]],[[25838,46327],[0,-1],[48,-57],[30,-43],[7,-14],[7,-12],[10,-25],[23,-71],[1,-7],[1,-2],[0,-7],[71,-230],[3,-7],[1,-1],[5,-9],[1,-3],[8,-11],[1,-2],[1,0],[11,-11],[12,-8],[27,-16],[45,-18],[12,-5],[19,-6],[30,-11],[20,-8],[123,-46],[30,-11],[14,-10],[1,0],[5,-4],[2,-1],[0,-1],[1,0],[2,-2],[4,-3],[2,-3],[1,0],[3,-3],[1,-2],[4,-3],[1,-1],[2,-5],[1,-2],[0,-3],[15,-54],[11,-41],[9,-32],[5,-16],[9,-32],[33,-119],[7,-23],[2,-6],[2,-10],[0,-1],[2,-8],[7,-24],[20,-69],[14,-50],[12,-42],[76,3],[104,4],[9,-26],[133,1],[65,0],[3,3],[0,1],[4,3],[6,4],[7,7],[28,23],[21,10],[5,5],[4,8],[0,2],[1,1],[-5,3],[4,6],[9,4],[13,3],[7,0],[26,62],[39,0],[240,-1],[4,14],[3,12],[82,-3],[23,-1],[0,-1],[-8,-37],[-7,-29],[-1,-4],[-2,-5],[0,-2],[-53,-263],[-4,-20],[-2,-13],[-20,-98],[-5,-20],[37,4],[68,7],[353,39],[13,1],[13,2],[79,8],[34,4],[58,6],[15,1]],[[28069,44771],[-2,15],[-9,43],[0,4],[-1,5],[-1,4],[0,1]],[[28056,44843],[-1,3],[0,5],[-1,4],[0,4],[-1,1],[0,8],[-4,29],[1,21],[0,13],[4,22],[19,30],[30,38],[10,14],[32,44],[26,37],[10,14],[38,51],[84,111],[70,91],[17,23],[28,36],[18,22],[0,1],[23,31],[4,6],[10,12],[74,96],[7,14],[3,4],[10,22],[10,19],[2,4],[1,3],[6,16],[8,10],[2,8],[1,5],[1,1],[3,11],[2,9],[1,10],[-1,6],[-1,5],[-5,19],[0,32],[-4,19],[-5,20],[-3,15],[-2,6],[-8,30],[0,2],[-1,2],[-3,13],[-1,3],[-3,11],[-4,18],[-1,8],[-1,1],[-1,12],[0,4],[2,11],[0,6],[1,34],[1,8],[0,1],[2,13],[8,24],[4,11],[6,14],[6,15],[10,20],[8,14],[2,2],[11,17],[11,15],[7,10],[0,1]],[[28639,46188],[2,1],[5,7],[0,1],[3,4],[11,13],[4,5],[61,81],[9,13],[23,31],[11,15],[31,42],[11,14],[69,-1],[207,-4],[40,-1],[29,0],[67,-2],[36,0],[166,-3],[22,-1],[57,0],[39,-1],[20,0],[89,-2],[284,-5],[59,-1],[35,0],[34,-1],[27,-1],[40,0],[36,-1],[35,0]],[[32735,43168],[-57,-12],[-48,-9],[-81,-17],[-41,-10],[-57,-14]],[[32451,43106],[-92,-20],[-50,-12],[-10,-2],[-47,-10],[-106,-25],[-64,-14],[-24,-6],[-11,-2],[0,-1],[-34,-7],[-22,-5],[-86,-20],[-140,-33],[-5,-1],[-76,-17],[-37,-9],[-52,-12],[-1,0],[-34,-8],[-7,-2],[-22,-5],[-7,-1],[-86,-20],[-1,0],[-30,-7],[-79,-18],[-108,-21],[-116,-25],[-52,-10],[-97,-18],[-23,-4],[-152,-26],[-2,0],[-120,-24],[-323,-61],[-5,-1],[-73,-12],[-66,-13],[-12,-3],[-39,-7],[-90,-15],[-33,-4],[-72,-8],[-20,-2],[-34,-3],[-41,-1],[-31,0],[-39,3],[-40,0],[-50,4],[-54,5],[-53,4],[-64,6],[-26,3],[-32,3],[-67,7],[-37,2],[-4,0],[-53,1],[-23,-1],[-15,0],[-40,-1],[-35,-2],[-39,-4],[-35,-4],[-46,-6],[-19,-4],[-16,-3],[-41,-6],[-18,-3]],[[28973,42595],[-63,-9],[-12,-2],[-68,-8],[-110,-11],[-7,-1],[-65,-6],[-1,0]],[[28647,42558],[28,49],[55,101],[13,27],[7,15],[3,6],[16,33],[6,16],[0,1],[5,11],[4,12],[2,8],[11,39],[3,9],[1,5],[11,41],[9,31],[0,1],[-6,0],[-20,2],[-6,0],[-20,3],[-6,2],[-7,2],[-4,3],[-5,4],[-32,60],[-10,21],[-25,47],[-63,121],[-29,55],[-47,103],[-20,42],[-5,12],[-6,13],[-9,20],[-12,23],[-5,11],[-9,18],[-42,88],[-14,29],[-12,24],[-1,1],[-2,3],[-25,51],[-10,19],[-12,25],[-4,9],[-3,6],[-5,13],[-4,8],[-5,11],[-7,14],[-6,11],[-1,4],[-5,9],[-21,42],[0,1],[-11,26],[0,1],[-3,5],[-14,28],[-8,17],[0,1],[-6,23],[-6,26],[-8,28],[0,2],[-3,7],[-13,45],[-2,7],[-3,11],[-3,12],[-7,23],[-2,6],[-6,25],[-10,35],[-3,9],[-3,11],[-2,7],[-14,42],[-9,29],[-4,15],[-1,1],[-6,21],[-4,20],[0,2],[-3,16],[-2,7],[-1,11],[-2,7],[-3,15],[-6,32],[-3,14],[-1,4],[-1,6],[0,3],[-1,4],[-1,6],[-4,18],[-2,15],[-3,13],[0,2],[-2,12],[-1,8],[-1,2],[0,4],[-5,25],[-1,4],[-1,5],[-2,9],[0,2],[-5,28],[-11,55],[-5,23],[0,3],[-2,9],[-5,23],[-2,8]],[[28069,44771],[19,1],[15,-1],[14,0],[87,-1],[75,0],[9,-1],[45,-1],[24,-1],[11,0],[33,-2],[31,-3],[11,-1],[39,-3],[57,-7],[119,-14],[74,-9],[80,-11],[144,-19],[97,-13],[7,-1],[43,-5],[31,-3],[27,-3],[4,0],[76,-6],[4,-1],[23,-1],[6,0],[18,-1],[6,0],[35,-3],[7,0],[127,-7],[42,-2],[17,-1],[59,-4],[131,-8],[69,-4],[30,-1],[76,-5],[18,0],[49,-2],[1,0],[18,-1],[59,-3],[77,-5],[99,-5],[18,-1],[39,-3],[16,-1],[27,-2],[20,-1],[16,-1],[38,-1],[29,-1],[14,-1],[16,-1],[38,2],[68,5],[38,5],[35,6],[38,12],[46,15],[23,9],[4,2],[10,4],[4,1],[7,2],[189,72],[49,18],[96,37],[151,59],[108,42],[28,10],[96,35],[0,1]],[[31555,48067],[11,13],[43,53],[14,18],[8,9],[14,16],[7,9],[2,3],[7,9],[4,5],[11,14],[46,56],[15,18],[14,20],[39,47],[8,11],[14,17],[5,5],[7,10],[3,4],[1,2],[5,6],[2,1],[6,8],[16,21],[6,7],[1,0],[5,7]],[[31869,48456],[29,-8],[31,-11],[80,-8],[24,-3],[17,-4],[13,-3],[8,-3],[22,-12],[1,-1],[11,-3],[5,-1],[21,1],[27,13],[21,7],[7,3],[8,5],[4,5],[3,5],[0,1],[-1,3],[-7,9],[-1,3],[5,6],[12,8],[15,12],[1,7],[-2,11],[-1,3],[-1,4],[0,1],[-2,6],[1,1],[2,7],[6,7],[0,1],[18,8],[38,16],[1,0],[60,38],[54,59],[23,29],[57,21],[58,8],[109,23],[57,23],[38,6],[119,-2],[146,-15],[116,-8],[63,0],[56,-1],[35,-7],[46,-18],[44,-23],[38,-15],[35,-7],[52,-6],[92,6],[88,12],[5,0],[12,2],[3,1]],[[33199,47942],[1,0],[8,1],[69,10],[20,3],[39,4],[174,19],[3,0],[79,8],[17,2],[53,5],[18,2],[48,5],[11,2],[176,24],[34,5],[25,4],[0,2],[-1,6],[0,3],[-3,6],[-4,17],[-3,8],[-1,4],[-1,9],[-1,6],[-8,45],[-4,24],[0,4],[-1,4],[0,8],[-4,17],[-2,3],[0,1],[-6,24],[-16,68],[0,5],[-2,4],[-3,7],[-5,15],[0,1],[-10,24],[-2,7],[-2,4],[-5,11],[-1,2],[-8,13],[-2,4],[-4,7],[-4,6],[0,1],[-4,4],[-4,11],[-3,6],[-4,9],[-6,10],[-4,5],[-7,12],[-3,5],[-8,13],[-1,1],[-10,16],[-4,6],[-30,42],[-8,12],[-1,1],[-2,3],[-1,0],[0,2],[-1,1],[-6,7],[-1,3],[-17,23],[-3,4],[-1,1],[0,2],[-1,0],[0,1],[-3,3],[-2,3],[-3,5],[-6,9],[-5,8],[-17,25],[-11,16],[-3,3]],[[33691,48678],[53,8],[156,24],[24,4],[26,8],[15,5],[50,19],[2,2],[1,3],[0,12],[1,1],[3,8],[10,13],[26,14],[26,4],[26,-3],[23,-4],[26,-5],[32,-13],[26,-6],[15,-2],[2,0],[23,-4],[26,-2],[40,3],[27,14],[2,1],[1,0],[41,7],[51,-2],[5,0],[52,-25],[35,-23],[63,-34],[0,-1],[17,-17],[0,-16],[2,-15],[2,-7],[3,-8],[15,-19],[26,-17],[35,-17],[46,-8],[37,-1],[43,4],[36,11],[35,19],[26,14],[24,25],[19,22],[16,27],[26,27],[19,20],[30,17],[24,5],[44,5],[24,-2],[35,-2],[39,-9],[24,-2],[31,0],[24,4],[24,6],[34,13],[63,21],[60,17],[66,11],[52,5],[60,5],[44,5],[0,1]],[[35705,48848],[1,-1],[5,-6],[43,-48],[32,-26],[28,-20],[33,-18],[54,-30],[33,-12],[11,-3],[53,-15],[65,-17],[118,-19]],[[36181,48633],[2,0],[4,-1],[16,-1],[4,0]],[[36207,48631],[-2,-2],[-7,-6],[-3,-2],[-13,-10],[-26,-21],[-7,-6],[-4,-3],[-13,-10],[-9,-8],[-31,-25],[-44,-37],[-79,-62],[-19,-15],[-22,-18],[-17,-14],[-52,-42],[-2,-2],[-17,-11],[-70,-46],[-47,-33],[-24,-16],[-50,-38],[-24,-18],[-3,-1],[-97,-57],[-31,-14],[-41,-15],[-45,-16],[-38,-10],[-38,-9],[-12,-3],[-30,-7],[-68,-11],[-44,-6],[-31,-2],[0,-1],[6,-12],[0,-1],[7,-4],[4,-3],[8,-4],[10,-2],[12,-3],[7,-1],[10,-1],[64,-5],[125,-8],[45,-3],[51,-3],[20,-2],[9,-1],[5,-1],[11,-1],[13,-2],[11,-2],[12,-3],[6,-1],[34,-10],[35,-14],[24,-15],[26,-18],[11,-8],[10,-6],[6,-4],[2,-2],[1,0],[6,-4],[1,-1],[6,-3],[7,-5],[1,-1],[5,-3],[57,-37],[19,-12],[46,-30],[8,-5],[11,-7],[7,-5],[32,-23],[8,-8],[6,-8],[6,-6],[6,-13],[1,-2],[0,-1],[2,-6],[0,-3],[1,-12],[0,-3],[-3,-12],[-4,-9],[-8,-8],[-6,-8],[-10,-10],[-10,-5],[-12,-7],[-23,-16],[-30,-23],[-17,-17],[-9,-8],[-1,0],[-12,-14],[-8,-11],[-6,-8],[-4,-5],[-10,-15],[-2,-2],[-4,-6],[-7,-9],[-9,-10],[-20,-20],[-14,-10],[-32,-14],[-6,-2],[-30,-12],[-1,0],[-53,-22],[-148,-56],[-108,-41],[-47,-18],[-40,-16],[-257,-101],[-120,-46],[-31,-12],[-201,-78],[-111,-43],[-227,-93],[-121,-49],[0,-1],[1,-2],[3,-12],[2,-9],[2,-8],[3,-10],[7,-15],[1,-2],[3,-7],[16,-28],[8,-11],[14,-19],[24,-28],[1,-1],[24,-23],[26,-18],[28,-19],[4,-2],[9,-7]],[[33938,46759],[-1,0],[-96,-11],[-18,-1],[-97,-9],[-43,-4],[-32,-2],[-73,-7],[-74,-5],[-74,-8],[-51,-4],[-119,-9],[-77,-8],[-15,-1],[-105,-9],[-118,-11],[-172,-14],[-127,-10],[-51,-2],[-22,0],[-130,-18],[-30,-6],[-11,-2],[-21,-4],[-26,-5],[-35,-7],[-3,0],[-18,-2],[-3,0],[-2,-1],[-9,0],[-78,-6],[-91,-5],[-1,0],[-87,-4],[-45,-1],[-314,-8],[-98,-1],[-4,0],[-14,-1],[-17,-2],[-11,-2],[-10,-3],[-9,-3],[-8,-5],[-9,-10],[-7,-7],[-11,-22],[-5,-19],[-5,-15],[-9,-13],[-7,-5],[-2,-2],[-18,-10],[-23,-10],[-21,-11],[-23,-10],[-20,-8],[-29,-9],[-14,-2],[-21,-5],[-32,-5],[-6,-1],[-74,-12],[-20,-2],[-19,-1],[-120,0],[-281,4],[-110,3],[-87,1],[-134,2],[-68,0],[-66,2],[-56,0]],[[30201,46391],[22,28],[70,84],[23,28],[7,9],[7,8],[0,1],[15,19],[8,9],[31,39],[4,3],[11,16],[96,127],[40,49],[39,46],[9,12],[45,54],[1,0],[134,164],[45,55],[1,0],[41,51],[71,88],[51,64],[14,16],[27,34],[17,22],[21,25],[6,7],[25,31],[16,21],[29,36],[88,107],[26,34]],[[31241,47678],[2,2],[5,6],[11,13],[7,9],[39,49],[15,19],[5,5],[14,16],[3,6],[11,13],[6,6],[3,5],[2,4],[1,0],[7,7],[5,8],[7,9],[16,19],[96,118],[15,18],[1,2],[27,34],[13,16],[3,4],[0,1]],[[31555,48067],[1,0],[9,2],[36,21],[37,38],[-5,-7],[-11,-14],[-8,-10],[-48,-59],[-139,-173],[-3,-4],[-17,-20],[0,-1],[-31,-38],[-4,-6],[-15,-17],[-4,-6],[-1,0],[-32,-39],[-37,-47],[-2,-2],[-4,-5],[-1,0],[-2,-3],[1,0],[37,-1],[40,-2],[18,-1],[26,-1],[21,0],[38,-1],[71,-1],[49,0],[30,-1],[12,1],[1,0],[11,1],[30,3],[27,3],[10,1],[23,4],[161,29],[45,9],[5,2],[60,10],[12,3],[29,5],[75,12],[41,7],[37,6],[69,10],[173,25],[110,19],[170,30],[249,47],[176,34],[68,12]],[[33199,47942],[0,-1],[-7,-8],[-31,-29],[-7,-9],[-11,-13],[-24,-24],[-19,-23],[-10,-14],[-20,-32],[-10,-19],[-2,-3],[-1,-3],[-9,-16],[-5,-12],[-13,-23],[-8,-16],[-4,-7],[-1,-3],[-2,-3],[-12,-22],[-6,-9],[-10,-26],[-20,-61],[-4,-10],[-8,-23],[-5,-13],[0,-1],[-1,-6],[-1,-3],[-3,-8],[-5,-12],[-7,-26],[-11,-44],[-2,-5],[-5,-20],[-10,-30],[-8,-15],[-11,-40],[-7,-26],[-2,-7],[-2,-4],[-3,-9],[-4,-10],[-1,-4],[-2,-6],[-2,-5],[-3,-19],[-4,-15],[-4,-8],[-3,-4],[-3,-5],[-32,-27],[-12,-11],[-2,-1],[1,0],[5,-2],[29,-11],[174,-54],[1,-1],[268,-90],[1,0],[11,-4],[241,-87],[396,-137],[11,-4]],[[33938,46759],[1,1],[1,-1],[68,-25],[69,-24],[61,-21],[20,-8],[74,-27],[45,-17],[39,-3],[29,0],[12,1],[12,0],[12,3],[1,0]],[[34382,46638],[13,-10],[10,-7],[25,-16],[25,-15],[21,-11],[8,-4],[23,-12],[40,-20],[19,-10],[42,-17],[41,-15],[36,-13],[21,-7],[10,-3],[53,-17],[21,-6],[16,-6],[46,-16],[16,-5],[15,-5],[44,-15],[15,-5],[44,-14],[55,-19],[78,-24],[44,-14],[1,0],[14,-5],[45,-13],[15,-5]],[[35238,46309],[1,0],[49,-16],[150,-48],[49,-16],[3,-1],[137,-44],[334,-109],[85,-28],[29,-9],[111,-36],[0,-1],[4,-1],[1,-1],[9,-3],[28,-9],[10,-3],[7,-2],[10,-3],[11,-4],[7,-2],[15,-5],[44,-14],[14,-5],[40,-12],[21,-7],[108,-37],[63,-19],[10,-3],[43,-13],[18,-6],[16,-5],[48,-16],[16,-5],[146,-58],[2,0],[262,-104],[70,-35],[45,-24],[47,-27],[8,-5],[2,-1],[15,-10],[4,-2],[32,-19],[68,-44],[12,-7],[0,-1],[11,-7],[17,-10],[27,-17],[57,-36],[18,-11],[97,-60],[74,-44],[9,-6],[10,-5],[23,-12],[26,-13],[23,-12],[28,-12],[55,-20]],[[37917,45224],[0,-1],[-68,-41],[-57,-29],[-51,-22],[-88,-30],[-140,-46],[-100,-34],[-135,-43],[-77,-22],[-28,-5],[-65,-12],[-263,-36],[-62,-7],[-52,-11],[-1,0],[-27,-6],[-27,-7],[-19,-5],[-21,-8],[-41,-18],[-20,-12],[-273,-169],[-55,-34],[-164,-99],[-55,-33],[-23,-15],[-70,-41],[-24,-13],[-116,-69],[-179,-106],[-112,-69],[-24,-13],[-18,-11],[-13,-9],[-65,-39],[-49,-31],[-16,-8],[-29,-15],[-39,-20],[-1,-1],[-46,-21],[-36,-18],[-54,-25],[-57,-25],[-69,-31],[-70,-32],[-18,-9]],[[32778,45326],[23,11],[13,8],[16,10],[14,8],[12,9],[9,7],[10,9],[12,12],[13,16],[35,49],[28,38],[41,58],[34,48],[35,47],[26,32],[27,28],[19,16],[4,4],[15,11],[14,12],[31,24],[4,3],[22,14],[22,16],[41,27],[33,22],[23,15],[38,29],[27,19],[1,1],[6,5],[17,15],[49,47],[15,17],[16,20],[6,9],[51,74],[24,37],[73,109],[23,37],[4,4],[11,15],[4,5],[9,14],[17,27],[11,18],[9,14],[2,3],[1,1],[75,108],[48,69],[9,15],[11,27],[1,3],[1,4],[3,10],[4,16],[1,12],[1,20],[0,7],[1,8],[3,19],[12,41]],[[31473,44937],[82,30],[192,70],[51,21],[80,31],[168,64],[68,26],[64,21],[71,19],[31,7],[4,1],[19,3],[139,20],[63,7],[50,7],[47,8],[26,5],[29,6],[48,14],[25,9],[34,14],[14,6]],[[32778,45326],[219,-153],[106,-75],[69,-51],[8,-6],[3,-3],[94,-58],[145,-100],[16,-10],[218,-157],[67,-49],[3,-3],[16,-10],[11,-9],[9,-7],[2,-2],[1,-2],[8,-7],[12,-15],[6,-7],[16,-22],[28,-35],[0,-1],[16,-24],[47,-72],[16,-25],[27,-42],[68,-103],[13,-18],[1,-2],[2,-2],[4,-6],[1,0],[7,-9],[10,-8],[20,-14],[20,-13],[123,-76],[174,-106],[27,-17],[33,-20],[35,-15],[41,-12],[30,-7],[110,-25],[45,-11],[195,-44]],[[34900,43873],[-16,-8],[-48,-23],[-16,-7],[0,-1],[-8,-3],[-240,-108],[-18,-8],[-59,-28],[-91,-41],[-184,-82],[-85,-37],[-10,-4],[-139,-62],[-10,-4],[-151,-68],[-247,-112]],[[33578,43277],[-36,-3],[-41,-4],[-22,-3],[-130,-17],[-143,-17],[-21,-2],[-66,-8],[-32,-4],[-31,-4],[-8,-1],[-71,-9],[-15,-2],[-32,-5],[-37,-6],[-2,0],[-82,-12],[-35,-5],[-12,-2],[-27,-5]],[[32735,43168],[-25,23],[-75,71],[-24,21],[-4,4],[-52,49],[-66,60],[-64,60],[-1,2],[-3,1],[-10,11],[-37,37],[-9,7],[-12,10],[-14,15],[-5,6],[-1,1],[-22,21],[-4,3],[-8,8],[-22,23],[-7,8],[-3,3],[-14,16],[-62,54],[-17,17],[-36,33],[-89,80],[-57,51],[-9,10],[-7,8],[-1,0],[-21,21],[-21,27],[-60,82],[0,1],[-3,3],[-13,19],[-8,14],[-6,8],[-50,69],[-16,22],[-1,3],[-6,8],[-17,22],[-7,10],[-14,18],[-12,15],[-3,5],[-23,33],[-7,13],[-1,2],[-3,8],[-1,4],[-2,6],[0,26],[3,13],[10,30],[15,39],[5,17],[2,8],[9,20],[1,2],[11,36],[10,22],[5,20],[2,10],[0,10],[-2,5],[0,5],[-3,12],[-5,12],[-6,10],[-1,3],[-6,10],[-4,6],[-1,1],[-5,6],[-8,12],[-13,19],[-57,70],[-21,29],[-11,15],[-6,8],[-4,4],[-29,39],[-22,30],[-18,23],[-16,23],[-11,13],[-6,8],[-6,9],[-1,1],[-2,3],[-3,4],[-2,2],[-6,4],[-2,1],[-3,3]],[[31450,94386],[22,6],[68,17],[22,6],[22,5],[65,18],[23,5],[23,7],[31,8],[24,10],[12,6],[21,9],[16,7],[47,20],[16,7],[15,7],[47,20],[14,6],[2,1],[120,32],[29,8],[25,6],[73,19],[24,7]],[[31450,94386],[20,-16],[41,-31],[32,-24],[47,-36],[14,-13],[1,0],[11,-8],[4,-3],[47,-37],[1,-1],[14,-11]],[[30703,94192],[5,-14],[6,-15],[0,-2],[6,-28],[0,-1],[2,-9],[0,-5],[1,-1],[0,-1],[2,-5],[2,-3],[5,-14],[3,-15],[1,-10],[0,-5],[1,-2],[0,-1],[1,-4],[0,-2],[1,-3],[0,-1],[3,-3],[3,-5],[5,-15],[0,-4],[10,-41],[3,-13],[0,-3]],[[30493,93627],[-1,0],[-35,5],[-8,0],[-60,8],[-43,4],[-31,5],[-27,5],[-6,1],[-9,2],[-37,7],[-22,3],[-68,18],[-13,4],[-32,10],[-1,1],[-29,11],[-22,9],[-46,24],[-13,8],[-25,14],[0,1]],[[29965,93767],[-1,-1],[-7,-6],[-23,-19],[-7,-6],[-2,-1],[-9,-9],[-9,-7],[-3,-2]],[[30703,94192],[-21,-5],[-59,-15],[-20,-5],[-15,-4],[-47,-11],[-15,-5],[-16,-3],[-47,-13],[-16,-4],[16,-12],[47,-36],[15,-12],[-21,-6],[-64,-16],[-22,-5],[0,-1],[6,-4],[10,-7],[48,-36],[16,-11],[-28,-8],[-112,-28],[-13,-4],[-4,-1],[-54,-14],[-19,-5],[-11,-3],[-12,-3],[-72,-19],[-24,-6],[-4,3],[-13,10],[-4,3],[-1,0],[-29,-25],[-88,-75],[-11,-10],[-8,-6],[-9,-10],[-3,-2],[-10,-9],[-4,-2]],[[30830,93713],[-3,9],[-1,7],[-14,49],[-1,2],[-4,14],[0,1],[-19,63],[-1,3],[-2,7],[-3,12],[0,1],[-10,37],[-9,49]],[[30763,93967],[16,5],[44,11],[15,4],[1,0],[22,6],[70,17],[22,6],[1,0],[115,30],[23,7],[5,1],[67,17],[12,4],[12,2],[5,2],[17,4],[67,17],[22,5],[0,1]],[[30790,93702],[8,3],[23,6],[9,2]],[[30830,93713],[115,30],[17,4],[52,14],[16,4],[15,4],[43,11],[14,4],[23,6],[70,18],[23,6],[23,5],[92,24],[1,0],[22,6],[115,30],[70,18],[22,7],[1,0]],[[28826,94340],[1,-1],[2,-6],[5,-9],[9,-8],[1,0],[0,-1],[6,-4],[28,-23],[44,-32],[12,-6],[39,-17],[102,-65],[10,-4],[72,-34],[73,-34],[28,-13],[42,-20],[71,-33],[2,-2],[2,-1],[7,-3],[4,-1],[23,-11],[9,-5],[1,0],[2,-1],[50,-33],[21,-13]],[[32211,94623],[20,5],[38,10],[23,6],[20,5],[0,1],[20,5],[59,16],[18,5],[1,0],[17,5],[40,11],[13,2],[17,5],[99,25],[75,-4],[2,0],[17,-4],[12,-1],[1,11],[0,10],[-1,15],[-1,6],[0,7],[-1,5],[-1,3],[-3,11],[-5,8],[-4,8],[-4,6],[-6,7],[-1,2],[-9,9],[0,1],[92,20],[5,2],[18,4],[10,2],[19,9],[9,3],[70,37],[25,13],[1,0],[17,9],[50,27],[16,8],[1,0],[1,1]],[[33624,94822],[0,-1],[3,-49],[-12,-25],[-1,-2],[-11,-20],[-2,-8],[-3,-4],[0,-1],[-4,-9],[-2,-3],[-14,-16],[-11,-12],[-14,-15],[-54,11],[-8,2],[-10,2],[-97,20],[-4,1],[-12,2],[-22,-6],[1,0],[11,-11],[54,-49],[7,-6],[15,-14],[17,-16],[9,-7],[34,-33],[94,-78],[6,-6],[25,-23]],[[32743,94214],[-6,6],[-55,40],[0,1],[-11,8],[-9,6],[-24,20],[-10,9],[-1,0],[-14,12],[-3,2],[-1,0],[-5,4],[-48,37],[-18,13],[-38,28],[-35,27],[-17,13],[-1,1],[-15,12],[-80,60],[-47,36],[-15,11],[-1,1],[-16,12],[-48,37],[-3,3],[-1,0],[-1,1],[-9,8],[0,1]],[[31677,93861],[-14,6],[-56,20],[-8,4],[-12,5],[-14,5],[-8,2],[-1,1]],[[31564,93904],[-11,8],[-10,7],[-23,17],[-10,8],[-1,0],[-6,5],[-19,13],[-1,1],[-6,4],[0,1],[-9,7],[-26,20],[-8,6],[-9,7],[-1,1],[-4,3],[-23,18],[-9,7],[0,1],[-19,13],[-42,33],[-5,4],[-6,4],[-1,1],[-1,0],[-14,12],[-1,1]],[[31299,94106],[23,5],[70,19],[23,6],[22,6],[66,17],[22,6],[32,9],[37,10],[57,14],[30,8],[1,0]],[[31682,94206],[23,6],[66,17],[44,12],[67,17],[22,6],[27,7],[82,22],[27,7],[2,0],[12,-4],[13,-7],[36,-20],[39,-19],[11,-5],[15,-6],[1,0],[23,-12],[73,-35],[25,-12],[23,-11],[71,-33],[23,-11],[1,0],[11,3],[36,10],[12,3],[3,1],[10,2],[2,1],[16,4],[46,12],[15,4],[3,2],[10,2],[3,1],[97,25],[0,1],[30,8]],[[31450,94386],[-1,0],[-31,-8],[-95,-25],[-31,-8],[-22,-6],[-67,-18],[-22,-5],[-1,-1],[-22,-6],[-69,-17],[-23,-6],[-1,0],[-22,-6],[-69,-18],[-22,-6],[-1,0],[-23,-6],[-70,-18],[-24,-6],[-22,-6],[-69,-17],[-23,-6],[-3,-1],[-11,-3],[-3,-1]],[[30703,94192],[0,1],[-1,4],[-1,14],[0,5],[-1,1],[0,1],[-3,4],[-1,3],[-1,1],[0,1],[-12,48],[0,1],[-1,1],[-2,7],[-2,5],[-3,14],[-1,5],[-1,10],[-2,4],[-1,6],[-3,11],[-2,6],[-2,8],[-1,6],[-1,1],[-2,4],[0,1],[-13,57],[-4,16],[0,2],[-3,2],[-3,3],[-5,13],[-1,3],[-1,5],[-8,47],[0,1],[-4,18],[-5,20],[-10,35],[-4,17],[0,1]],[[31030,94707],[29,-21],[17,-12],[45,-34],[1,-1],[14,-10],[43,-34],[14,-11],[0,-1],[7,-4],[54,-42],[14,-11],[1,-1],[1,0],[1,-1],[15,-11],[49,-37],[17,-13],[19,-15],[18,-14],[41,-32],[20,-16]],[[32702,94204],[41,10]],[[32743,94214],[106,28],[20,6],[59,15],[20,6],[20,5],[61,16],[21,5],[19,5],[59,16],[19,5],[21,6],[61,16],[19,5],[21,5],[63,17],[21,5],[0,1],[20,5],[61,16],[20,5]],[[34074,93761],[-4,0],[-93,2],[-47,4],[-98,11],[-80,9]],[[33229,93806],[-10,8],[-11,7],[-78,60],[-152,114],[-22,17],[-94,71],[-9,7],[-5,4],[-5,3],[-4,3],[-5,3],[-6,5],[-3,3],[-6,4],[-6,5],[-6,4],[-4,3],[-9,7],[-5,4],[-1,0],[-4,4],[-1,0],[-2,2],[-4,2],[-29,23],[-29,22],[-16,12],[-1,1]],[[35310,93786],[-23,-2],[-76,-6],[-34,-2],[-64,-4],[-47,-2],[-94,-2],[-274,-18],[-11,-1],[-122,-5],[-144,-2],[-33,1],[-59,3],[-32,-3],[-88,5],[-61,6],[-73,7],[-1,0]],[[34074,93761],[1,12],[1,1],[-28,9],[-82,28],[-17,6],[-10,3],[-1,1],[-3,1],[-12,5],[-5,2],[-28,10],[-11,4],[-15,6],[-29,22],[-19,11],[-3,2],[-7,4],[-32,20],[-30,23],[-7,11],[-3,6],[-1,3],[-3,17],[0,17],[1,19],[0,1],[-2,11],[-2,14],[-2,9],[-4,16],[0,2],[-2,5],[-16,27],[-16,21],[-4,4],[-37,32],[-137,108],[-1,0],[55,15],[-1,0],[0,1],[-1,1],[-1,5],[0,1],[-2,4],[0,4],[-2,14],[11,15],[2,1],[-34,26],[-10,7],[-7,5],[-14,11],[-19,14],[-11,9],[-4,3],[-2,1],[-13,11],[-1,0]],[[33454,94402],[26,7],[75,20],[3,1],[26,7],[35,9]],[[33619,94446],[7,2],[30,8],[133,35],[2,1]],[[28142,94129],[1,0],[25,-13],[71,-37],[7,-3],[26,-13],[0,-1],[7,-3],[24,-13],[7,-4],[18,-10],[52,-28],[17,-10],[1,0],[20,-11],[63,-33],[20,-11],[1,-1],[19,-10],[60,-32],[20,-11],[12,-7],[39,-20],[12,-7],[1,0],[21,-11],[33,-17],[34,-18],[22,-11],[0,-1],[22,-11],[44,-20],[0,-1],[23,-12],[22,-11]],[[27489,93987],[2,-1],[76,-26],[1,0],[25,-6],[76,-18],[11,-3],[15,-3],[15,-4],[13,-3],[1,0],[32,-8],[15,-3],[19,-5],[56,-13],[19,-5],[1,0],[34,-5],[102,-16],[35,-5]],[[32686,95209],[-64,-14],[-162,-36],[-31,-6],[-2,0],[-38,-5],[-28,-2],[-6,-2],[-15,-1],[-29,-4],[-34,-4],[-22,-3],[-9,-1],[-5,0],[-18,-4],[-8,-1],[-4,-2],[-23,-5],[-27,-9],[-11,-4],[-7,-3],[-4,-2],[-25,-12],[-8,-4],[-59,-28],[-27,-14],[-46,-23],[-1,-1],[-16,-8],[-26,-14],[-7,3],[-5,1],[-9,3],[-13,5],[-97,-47],[-12,-5],[-14,-6],[-81,-34],[-29,-12],[1,0],[14,-6],[24,-9],[9,-3],[3,1],[10,4],[11,6],[26,13],[11,6],[19,10],[22,11],[15,7],[7,4],[75,-56],[-1,0],[-25,-9],[1,-1],[42,-32],[7,-6],[-4,-1],[1,0],[89,-75],[-83,-22],[-251,-66],[-1,-1],[-9,6],[-24,19],[-29,22],[-86,67],[-14,10],[0,1],[-21,-9],[-4,-1],[-6,-3],[-29,-13],[-9,-4],[-12,-5],[-34,-15],[-12,-5],[-15,-6],[-23,-10],[-96,34],[-2,1]],[[31677,93861],[16,9],[46,25],[15,8],[1,1],[15,8],[46,25],[15,8],[1,0],[-9,4],[-26,9],[-8,3],[-1,1],[157,40],[1,0],[49,-20],[57,-21],[62,-23],[1,0],[14,-5],[44,-16],[14,-5],[1,-1],[33,-12],[100,-36],[34,-12],[30,-10],[24,-9],[117,-42],[27,-10],[18,-6],[52,-20],[17,-6],[50,-18],[16,-7],[1,0],[13,-5],[42,-15],[15,-5]],[[29799,93829],[6,-2],[15,-33],[19,-19],[48,-49],[17,-10]],[[29904,93716],[0,-1],[40,-24],[54,-23],[59,-27],[34,-15],[95,-25],[73,-13],[78,-7],[110,-9],[14,0]],[[28878,93731],[1,1],[6,4],[0,1],[1,1]],[[28886,93738],[24,9],[18,8],[54,21],[24,9],[25,10],[75,28],[24,9],[26,10],[76,29],[25,10],[7,3],[6,2],[38,15],[13,5],[4,1],[12,4],[4,0],[1,1],[10,5],[9,3],[16,5],[5,1],[19,6],[35,10],[12,4],[2,1],[24,8],[1,0],[3,1],[4,1],[5,2],[3,1],[2,0]],[[29492,93960],[36,-24],[55,-21],[62,-25],[73,-29],[71,-28],[10,-4]],[[29799,93829],[-1,0],[-28,-1],[-1,0],[-27,-2],[-17,0],[-45,-3],[-23,-1],[-29,-2],[-12,-3],[-38,-10],[-13,-4],[-21,-6],[-16,-4],[-29,-7],[-24,-6],[-15,-4],[-8,-1],[-1,0],[-10,-7],[-12,-5],[-59,-23],[-16,-8],[-22,-12],[-24,-11],[-44,-23],[-24,-12],[-18,-4],[-5,-2],[-84,-36],[-13,-12]],[[26830,92472],[0,-1],[9,-7],[2,-3],[5,-5],[42,-58],[95,-133],[0,-1],[46,-59],[0,-1],[18,-22],[2,-1],[39,-53],[15,-19],[9,-11],[5,-6],[1,-2],[4,-5],[24,-26],[2,-2],[21,-7],[0,-1],[20,-6],[78,-27],[3,-1],[37,-13],[6,4],[105,52],[4,1],[1,1],[2,1],[0,1],[2,0],[1,1],[2,0],[0,1],[4,2],[1,1],[2,0],[0,1],[1,0],[1,1],[1,0],[4,2],[1,0],[1,1],[0,1],[1,0],[4,2],[1,1],[10,5],[3,2],[2,1],[2,2],[3,1],[1,1],[3,2],[2,1],[6,4],[2,1],[2,2],[2,1],[1,1],[2,1],[2,2],[2,1],[2,2],[2,1],[2,2],[2,1],[3,3],[4,2],[0,2],[2,0],[1,2],[3,2],[3,3],[3,2],[3,3],[2,1],[3,3],[1,2],[3,3],[2,1],[1,1],[2,4],[2,1],[3,3],[1,2],[4,4],[1,2],[4,4],[2,4],[3,3],[50,30],[2,1],[14,18],[21,25],[19,-11]],[[30421,93505],[3,6],[9,19],[1,3],[0,1],[-1,2],[0,1],[5,4],[14,16],[4,5],[0,1],[1,1],[2,6],[1,2],[1,0]],[[26044,92289],[0,-1],[5,-3],[2,-1],[17,-16],[25,-23],[18,-16],[8,-7],[11,-11],[3,-6],[2,-6],[2,-24],[-2,-53],[-1,-29],[0,-9],[-1,-3],[-1,-11],[-3,-18],[-12,-39],[-4,-11],[-19,-49],[-1,-3],[-3,-12],[-1,-5],[0,-11],[-1,-10],[1,-5],[1,-12],[0,-1],[10,-20],[12,-19],[5,-8],[7,-10],[3,-2],[23,-24],[23,-18],[29,-18],[31,-16],[40,-17],[5,-2],[38,-13],[77,-23],[95,-40],[-8,-4],[-25,-12],[-8,-4],[-9,-4],[-20,-11],[-2,-2],[-3,-6],[1,0],[17,-7],[8,-1],[28,-5],[44,-11],[8,-4],[19,-8],[6,-1],[-1,0],[-9,-5],[-38,-19],[-148,-73],[-48,-23],[-2,-1],[-16,-9],[-54,-27],[-19,-9],[-37,-19],[-81,-40],[-32,-16],[-35,-17],[-3,-2]],[[27667,92230],[17,36],[17,32],[20,37],[23,26],[29,25],[19,15],[28,20],[16,8],[39,22],[7,5],[5,2],[9,5],[40,24],[12,7],[4,2],[3,2],[10,5],[3,2],[1,0],[14,9],[5,2],[11,7],[31,22],[8,5],[17,12],[3,8],[19,18],[18,22],[2,2],[7,14],[8,14],[0,1],[1,2],[3,13],[3,10],[0,1],[5,46],[0,54]],[[28341,92032],[-38,41],[-4,4],[-1,0],[0,1],[-11,-24],[-2,-8],[0,-9],[-1,-18],[-3,-6],[-16,-30],[-2,-6],[-4,-10],[-2,-15],[-2,-10],[-5,-36],[0,-2],[2,-27],[-6,-32],[1,-7],[1,-2],[5,-35],[-36,0],[-13,-1],[-146,-3],[-15,-1],[-33,0],[-37,-1],[-3,-5],[-4,-6],[-5,-6],[0,-1],[-15,-21],[-38,-54],[-1,-1],[0,-1],[-29,-39],[-19,1],[-6,0],[31,40],[7,8],[18,50],[5,14],[0,1],[-20,3],[-5,10],[1,5],[2,22],[1,5],[0,1],[2,31],[10,93],[7,74],[0,11],[-1,5],[-16,2],[-235,19],[-12,2],[-14,1],[-10,1],[-28,3],[-1,0],[2,1],[4,3],[4,2],[4,3],[4,4],[3,2],[4,2],[5,5],[3,2],[4,4],[4,3],[3,2],[2,2],[24,44],[7,13],[1,1],[0,1],[8,16],[7,11],[8,16],[2,3],[0,1],[1,3],[1,0],[1,3],[-18,11],[-15,9],[-1,0]],[[31150,93574],[16,9],[65,35],[22,11],[21,12],[64,35],[20,12],[1,0],[15,9],[48,25],[15,9],[17,9],[49,27],[14,9],[1,0],[17,8],[48,25],[14,9],[1,0],[16,9],[47,26],[16,8]],[[31677,93861],[1,0],[13,-4],[40,-16],[14,-5],[1,0],[21,-8],[65,-24],[23,-8],[1,0],[17,-7],[57,-20],[19,-7],[-1,0],[-16,-9],[-49,-25],[-17,-9],[1,0],[10,-4],[34,-12],[11,-3],[32,16],[3,2],[44,23],[39,-14],[40,-14],[11,-4],[1,0],[11,-4],[12,-4],[23,-9],[49,-17],[23,-9],[-15,-9],[-27,-15],[-19,-11],[-16,-9],[2,0],[29,-12],[9,-2],[10,-4],[61,-22],[14,-5],[31,-11],[1,-1],[13,-4],[43,-16],[14,-5],[1,0],[14,-6],[29,-10],[16,-6],[14,-5]],[[30911,92870],[11,9],[18,12],[15,14],[8,9],[1,0],[15,13],[45,38],[14,12],[1,0]],[[32129,93346],[68,38],[16,8],[37,21],[26,13],[0,1],[76,42],[1,0],[81,44]],[[32434,93513],[26,14],[54,29],[1,1],[77,42],[73,40],[4,2],[25,14],[82,42],[1,1]],[[32777,93698],[42,13],[1,0],[14,3],[70,18],[107,29],[59,16],[95,20],[39,6],[7,1],[1,0],[16,2],[1,0]],[[33229,93806],[1,-1],[4,-3],[28,-22],[17,-12],[80,-60],[0,-1],[4,-2],[21,6],[87,22],[222,59],[2,1],[16,4],[1,0],[11,3],[42,11],[-9,-18],[-4,-6]],[[33752,93787],[0,-1],[-35,-67],[0,-1],[-1,-10],[-99,-28],[44,-34],[-1,0],[-16,-4],[-55,-14],[-68,-18],[-21,-6],[1,-1],[32,-24],[81,-60],[0,-1],[12,-9],[1,0],[173,-128],[0,-1],[120,-89],[5,-3],[0,-1],[11,-9],[4,-3],[2,-2],[1,0],[8,-1],[92,-23],[6,-1],[69,-16],[141,-34],[30,-8],[2,0],[44,-11],[40,-9],[1,0],[17,-4],[14,-4],[42,-10],[22,-5],[89,-21],[142,-34],[8,-3],[31,-7],[8,-2],[7,-2],[14,-3],[10,-2],[210,-50],[51,-13],[83,-19],[43,-11],[9,1],[5,0],[244,19],[70,5],[255,19],[19,2],[7,1],[4,0],[571,43],[5,0],[119,9],[1,0],[19,2],[349,26],[68,5],[2208,167],[41,4],[2,0],[1,-1],[585,-196],[-17,-22],[-3,-3],[-6,-9],[-2,-2],[-9,-12],[-13,-8],[-5,-3],[-51,-23],[-15,-3],[-7,-2],[-5,-2],[-4,-2],[-5,-2],[-5,-3],[-5,-4],[-4,-3],[-5,-4],[-3,-4],[-8,-6],[-1,-2],[-1,0],[-1,-2],[-4,-5],[-1,-5],[-2,-5],[-1,-2],[-4,-10],[-1,0],[-1,-14],[-3,-18],[-6,-13],[-20,-14],[-4,-12],[-4,-9],[-1,0],[-5,-3],[-33,-19],[-14,-6],[-6,-4],[-19,-10],[-6,-3],[-2,-2],[-39,-29],[0,-1],[2,0],[-5,-4],[-2,-1],[-20,-12],[-12,-9],[-9,-3],[-7,-5],[-4,-2],[-7,-4],[-39,-15],[-10,-3],[-3,-2],[-40,-40],[-7,-8],[-8,-8],[-2,-3],[-13,-15],[-20,-18],[-4,-4],[-17,-18],[-8,-8],[-10,-12],[-1,-1],[-21,-25],[-4,-4],[-4,-5],[-29,-30],[-9,-10],[-13,-15],[-7,-7],[-9,-6],[-18,-5],[-1,0],[-11,3],[-2,-1],[-18,-19],[-1,-2],[-5,-5],[4,-3],[0,-1],[1,0],[6,-1],[1,-1],[1,-2],[10,-10],[2,-1],[15,-1],[-8,-8],[-1,-2],[-4,-1],[-20,-9],[-1,0],[-10,-5],[-10,-10],[-1,-2],[-2,-1],[-27,-12],[-4,-1],[-17,-6],[-5,-3],[16,-9],[-1,-4],[0,-4],[3,-2],[2,-1],[0,-8],[1,-8],[0,-12],[2,-7],[1,-2],[0,-39],[-1,-2],[-5,-5],[0,-4],[3,-2],[5,-3],[3,-2],[1,0],[2,-2],[0,-17],[2,-2],[0,-2],[1,-3],[1,0],[8,-8],[1,-2],[0,-1],[1,-2],[0,-3],[-1,-5],[0,-4],[2,-3],[1,-1],[0,-2],[5,-3],[1,0],[1,-2],[1,-1],[0,-9],[2,-2],[3,-4],[-5,-3],[0,-22],[2,-3],[0,-2],[1,-1],[1,-2],[1,-3],[1,-2],[0,-2],[-1,-1],[0,-6],[-2,-10],[2,-2],[0,-1],[1,-3],[0,-6],[-1,-1],[-1,-4],[-2,-5],[-6,-6],[4,0],[4,2],[7,0],[4,-2],[4,-6],[3,-6],[0,-7],[-2,-4],[0,-2],[-2,-4],[-4,-6],[-5,-7],[-10,-13],[-8,-11],[-5,-7],[-7,-16],[0,-1],[-22,-17],[-11,-11],[-14,-16],[-2,-3],[-1,-4],[-2,-3],[-3,-4],[-3,-3],[-1,-3],[-9,-11],[-4,-2],[-2,-2],[-15,-16],[-2,-3],[-8,-18],[-2,-2],[-9,-14],[-19,-13],[-7,-11],[-7,-10],[-7,-5],[-1,0],[-7,-4],[-12,-11],[-7,-7],[-10,-12],[-7,-6],[-2,-2],[-11,-19],[-4,-4],[-2,-6],[0,-2],[-5,-10],[-1,-3],[0,-2],[1,0],[0,-1],[2,-1],[6,-6],[19,-6],[14,-3],[34,-9],[6,-2],[4,-4],[13,-21],[7,-10],[2,-5],[0,-5],[-6,-13],[-1,-1],[-9,-21],[-4,-9],[-2,-5],[-3,-2],[-2,-2],[-3,-2],[-2,-1],[0,-4],[-1,-1],[0,-3],[-16,-2],[-3,-1],[-6,-1],[-3,-3],[0,-1],[2,-9],[1,0],[1,-1],[16,-6],[2,0],[2,-2],[0,-1],[2,-4],[2,-2],[4,-3],[3,-1],[1,0],[0,-2],[-2,-20],[0,-1],[-2,-2],[-2,-1],[-1,-2],[0,-1],[-1,-4],[0,-5],[-1,-4],[-1,-1],[-1,-6],[-3,-12],[-1,-8],[0,-11],[14,-14],[7,-10],[2,-3],[0,-1],[2,-2],[1,-2],[1,-1],[0,-9],[-1,-10],[0,-8],[-1,-9],[1,-1],[0,-1],[2,-1],[5,0],[3,-1],[1,-1],[1,0],[1,-12],[7,-57],[0,-5],[-1,-5],[-2,-5],[-16,-32],[-1,-3],[-1,-1],[-1,-3],[-1,-7],[1,-6],[1,-2],[0,-8],[1,-8],[2,-22],[0,-8],[1,-2],[0,-1],[7,-14],[0,-8],[-1,-5],[-2,-4],[-1,-4],[-1,-5],[0,-5],[5,-33],[0,-10],[-1,-9],[-4,-10],[-9,-9],[-4,-5],[-5,-2],[-16,-8],[-13,-7],[-42,-21],[-65,-34],[-5,-2],[-2,-2],[-11,-8],[-9,-7],[-8,-6],[-5,-2],[-14,-5],[-6,-3],[-3,-3],[-13,-14],[-6,-4],[-11,-7],[-3,-3],[-3,-1],[-3,-3],[-8,-4],[-4,-3],[-6,-2],[-7,-3],[-17,-6],[-3,-1],[-3,-2],[-39,-8],[-5,-1],[-7,-1],[-6,-1],[-11,-1],[-45,-3],[-35,0],[-22,1],[-13,1],[-5,0],[-8,-1],[-10,-1],[-71,0],[-71,1],[-17,0],[-32,2],[-13,2],[-8,2],[-20,6],[-9,3],[-2,0],[-2,1],[-11,5],[-7,4],[-7,3],[-6,4],[-30,21],[-24,21],[-7,6],[-1,0],[-6,4],[-23,12],[-5,3],[-2,2],[-3,5],[-2,2],[-1,2],[-4,4],[-7,2],[-26,4],[-7,1],[-26,6],[-40,11],[-45,11],[-36,6],[-4,2],[-29,3],[-19,1],[-14,0],[-13,-1],[-17,-1],[-17,-2],[-18,-3],[-19,-3],[-21,-5],[-72,-18],[-26,-7],[-6,-1],[-10,-4],[-71,-35],[-4,-1],[-2,0],[-2,1],[-6,-5],[-15,0],[-26,-2],[-2,0],[-4,-2],[-4,-1],[1,-1],[-1,0],[4,-4],[0,-3],[-10,-14],[-11,-11],[-2,-1],[-19,-11],[-66,-36],[-35,-21],[-3,-1],[-4,-3],[-35,-30],[-36,-28],[-45,-33],[-2,-2],[-1,-2],[0,-2],[1,-5],[1,0],[0,-1],[1,-2],[0,-1],[-2,-3],[-50,-31],[-20,-10],[-15,-8],[-14,-7],[-9,-4],[-1,-1],[-2,0],[-6,-2],[-5,0],[-11,1],[-10,2],[-4,1],[-6,0],[-4,-4],[0,-2],[2,-2],[3,-1],[32,-7],[4,-1],[5,-2],[9,-3],[6,-4],[3,-4],[1,-1],[0,-4],[-3,-6],[-4,-15],[-8,-20],[-4,-6],[-1,-2],[-4,-3],[-4,-5],[-5,-5],[-6,-5],[-8,-8],[-5,-4],[-24,-19],[-2,-1],[-3,-2],[-2,-1],[-2,-2],[-1,-2],[-2,-1]],[[30493,93627],[96,24],[24,5],[1,0],[17,5],[54,14],[18,5],[18,4],[51,14],[18,4]],[[30790,93702],[1,0],[14,-7],[27,-7],[62,-22],[20,-8],[60,-23],[19,-8],[16,-6],[47,-17],[15,-6],[1,0],[4,-2],[15,-5],[5,-2],[10,-3],[44,-12]],[[31150,93574],[50,-21],[14,-5],[1,0],[22,-7],[66,-24],[23,-8],[17,9],[65,35],[21,12],[1,0],[21,12],[65,35],[21,11],[1,0],[16,9],[48,26],[15,8],[1,0],[7,-17],[14,-28],[12,-23],[7,-17],[0,-1],[1,0],[1,-3],[1,-1],[4,-8],[3,-7],[3,-5],[0,-1],[17,-6],[50,-19],[17,-6],[23,-9],[38,-12],[34,-14],[23,-9],[28,15],[1,-1],[35,-16],[13,-3],[60,-23],[10,-3],[35,-12],[-1,0],[-14,-7],[-23,-13],[-19,-10],[-14,-8],[14,-5],[55,-20],[3,-1],[2,-1],[68,-25],[3,-1]],[[32129,93346],[-1,-1],[-75,-40],[-72,-37],[-3,-2],[-12,-3],[-49,-15],[-15,-5],[-14,-4],[-40,-12],[-12,-4],[-1,0],[-24,-8],[-1,0],[-146,-42],[-1,-1],[-24,-6],[-167,-39],[-65,-14],[-60,-18],[-28,-7],[-1,0],[-62,-15],[-6,-1],[-3,-1],[-1,0],[-30,-7],[-59,-14],[-1,0],[-37,-9],[-1,0],[-8,-4],[-26,-22],[-45,-38]],[[31039,92977],[-16,4],[-46,11],[-15,3],[-15,4],[-47,11],[-15,4],[-1,0],[17,13],[26,22],[23,19],[17,13],[-15,3],[-26,7],[-22,3],[-16,3],[-15,4],[-45,11],[-15,4],[-1,0],[-26,7],[-18,5],[-64,14],[-27,7],[-28,6],[-44,11],[-37,9],[-27,6],[-1,0],[6,5],[16,13],[5,4],[11,8],[26,23],[9,7],[1,1],[14,12],[41,37],[14,11],[0,1],[17,13],[48,41],[15,13],[1,1],[10,8],[29,24],[9,8],[0,1],[7,5],[22,19],[6,5],[6,-1],[10,-2],[7,-1],[5,0],[26,-2],[14,-1],[23,-1],[4,0],[12,11],[0,1],[-61,43],[-54,38],[-98,26],[-80,12],[-82,1],[-1,0],[-45,3],[-37,2],[-35,2]],[[30461,93572],[0,3],[4,5],[1,2],[0,2],[3,5],[7,15],[2,4],[0,1],[1,1],[4,3],[0,1],[1,1],[1,3],[6,6],[1,2],[1,0],[0,1]],[[28878,93731],[1,0],[6,-2],[17,-8],[5,-2],[63,-34],[21,-11],[1,-1],[10,-5],[32,-17],[10,-6],[20,-10]],[[28354,93814],[0,-1],[21,-3],[65,-10],[22,-3],[23,-4],[71,-11],[24,-4],[1,0],[30,-5],[29,-4],[63,-9],[32,-4],[28,-4],[73,-12],[14,-2],[28,-7]],[[27954,93792],[16,14],[41,34],[9,9],[16,13],[1,1]],[[28037,93863],[0,-1],[34,-5],[102,-16],[35,-5],[29,-4],[88,-14],[29,-4]],[[28354,93814],[-1,-1],[-20,-18],[-65,-55],[-21,-18]],[[28247,93722],[-1,0],[-14,-13],[-47,-40],[-15,-13]],[[27954,93792],[29,-7],[3,0],[17,-5],[1,0],[77,-18],[31,-8],[2,0],[25,-6],[81,-19],[27,-7]],[[29506,93144],[17,12],[22,19],[20,19],[15,13],[6,6],[19,17],[5,5],[1,0],[0,1],[-19,4],[-55,13],[-17,4],[-1,0],[-24,6],[-71,17],[-23,5],[-1,0],[-14,4],[-43,10],[-15,3],[-12,4],[-39,9],[-12,3],[-1,0],[-10,2],[-30,7],[-10,3],[-18,4],[-52,11],[-17,4]],[[28846,93496],[8,5],[32,29],[9,6],[8,9],[7,4],[11,9],[23,15],[15,10],[6,3],[49,27],[20,8],[24,11],[1,0],[4,2],[1,0],[0,1]],[[29064,93635],[3,1],[8,4],[2,2],[1,0],[7,-4],[7,-3],[0,-1],[5,-3],[16,-7],[7,-4]],[[29120,93620],[1,0],[15,-8],[128,-65],[12,-5],[21,-6],[7,-1],[17,-3],[18,0],[47,-2],[40,-6],[62,-15],[6,-2],[131,-30],[1,0],[23,-5],[72,-17],[23,-5],[1,-1],[19,-4],[56,-14],[19,-4],[0,-1],[15,-3],[46,-11],[24,-6],[27,-6],[9,-3],[1,0],[13,-3],[37,-9],[13,-3],[18,-4],[57,-14],[19,-4]],[[30118,93360],[-1,-1],[-14,-12],[-42,-38],[-14,-13],[-1,0],[-14,-13],[-46,-38],[-15,-13],[-16,-13],[-45,-38],[-15,-13],[1,0],[20,-4],[65,-16],[21,-5],[1,0],[21,-5],[67,-16],[22,-5],[24,-6],[71,-17],[24,-5],[1,0],[15,-5],[23,-5],[25,-6],[16,-3],[1,-1],[14,-3],[45,-11],[14,-3],[2,0],[15,-4],[49,-12],[16,-4],[11,-2],[33,-8],[12,-3],[-1,0],[-20,-16],[-4,-5],[-6,-5],[-17,-14],[-6,-5],[1,0],[28,-6],[82,-20],[28,-7],[15,-4],[44,-11],[14,-4],[1,0],[14,-3],[44,-10],[15,-3],[16,-4],[46,-11],[15,-3],[1,0],[15,-4],[47,-10],[15,-4]],[[30057,92943],[14,11],[40,33],[11,11],[1,0],[-23,6],[-70,15],[-23,6],[-1,0],[-22,5],[-66,16],[-21,5],[-88,20],[-21,5],[0,1],[-14,3],[-42,10],[-14,3],[-18,4],[-54,13],[-17,4],[-1,1],[-36,8],[-86,21]],[[29821,92739],[43,35],[8,9],[1,1],[3,2],[9,5],[3,3],[9,8],[35,35],[24,21],[2,2],[27,22],[10,8],[37,31],[25,22]],[[30057,92943],[1,0],[58,-14],[91,-22],[1,0],[86,-20],[58,-14],[1,0],[26,-6],[80,-20],[27,-6],[1,-1],[14,-3],[46,-11],[15,-3],[16,-4],[46,-11],[16,-3],[14,-4],[46,-11],[15,-3],[14,-4],[46,-11],[15,-4]],[[30616,92608],[2,-1],[84,-22],[29,-11],[2,-1],[16,-9],[1,0],[8,-6],[5,-4],[1,-1],[1,0],[17,-16],[8,-8],[2,-1],[4,-4],[18,-17],[5,-5]],[[29569,92489],[16,20],[4,4],[0,1],[14,16],[12,16],[29,33],[14,16],[5,5],[9,7],[4,3],[24,22],[23,22],[11,11],[10,6],[4,2],[14,13],[6,5],[4,7],[0,1],[7,4],[35,28],[7,8]],[[29821,92739],[1,0],[6,-2],[5,-1],[122,-29],[8,-1],[28,-10],[7,0],[37,-8],[78,-19],[137,-31],[99,-24],[135,-32],[69,-16],[6,5],[20,17],[7,6],[18,10],[5,4],[1,1]],[[31058,92732],[-1,0],[-42,-13],[-56,-18],[-54,-17],[-18,-6],[-32,-10],[-11,-3],[-17,-5],[-20,-5],[-14,-5],[-17,-5],[-18,-5],[-53,-14],[-89,-18]],[[30616,92608],[-6,1]],[[30610,92609],[56,53],[1,1],[8,7],[25,19],[7,7],[1,0],[4,4],[13,12],[4,3],[0,1],[7,6],[16,14],[14,12],[6,4],[13,12],[4,4],[1,0]],[[30790,92768],[13,11],[40,34],[12,11],[12,10],[44,36]],[[30911,92870],[1,0],[19,-4],[59,-15],[19,-5],[12,10],[30,27],[10,8],[0,1],[32,-8],[76,-17],[19,-5],[32,-7],[1,-1],[17,-12],[2,-1],[6,-10],[28,-26],[4,-5],[-7,-1],[-4,-1],[-32,-10],[-10,-3],[-33,-11],[-52,-16],[-48,-15],[-34,-11]],[[31058,92732],[-9,2],[-36,9],[-1,0],[-12,3],[-36,8],[-12,2],[-99,0],[-41,8],[-22,4]],[[30421,93505],[-1,0],[-7,-9],[-8,-8],[-20,-17],[-9,-9],[-1,0],[-16,-13],[-13,-11],[-35,-30],[-16,-14],[0,-1],[-14,-11],[-56,-48],[-22,5],[-64,16],[-21,5]],[[30118,93360],[13,12],[41,36],[13,12],[1,0],[16,14],[48,40],[15,14],[1,0],[12,11],[2,1],[7,4],[20,5],[29,6],[5,1],[21,3],[2,-1],[11,-2],[34,-9],[12,-2]],[[26639,93752],[-1,-1],[-24,-7],[-77,-22],[-26,-8],[-25,-7],[-77,-24],[-25,-7],[-25,-8],[-76,-23],[-26,-8],[-21,-6],[-65,-20],[-21,-7],[-21,-6],[-47,-14],[-16,-5],[-21,-6],[-13,-4],[-42,-12],[-14,-5],[-26,-7],[-10,-3],[-51,-17],[-13,-5],[-24,-9],[-5,1],[-16,4],[-5,2],[-1,0],[-15,3],[-43,10],[-4,1]],[[29506,93144],[-1,-1],[-10,-8],[-2,-2],[-38,-33],[-13,-11],[-1,0],[-12,-11],[-37,-32],[-13,-10],[-1,-1],[-12,-10],[-38,-32],[-12,-11],[-1,0],[-12,-11],[-17,-13],[-12,-11],[-8,-7],[-13,-11],[-10,-9],[-31,-27],[-11,-9],[-17,-15],[-54,-44],[-17,-15],[-18,4],[-56,13],[-18,5],[-1,0],[-24,5],[-73,17],[-24,6],[-27,7],[-10,3],[-29,7],[-42,9],[-26,6],[-1,0],[-29,7],[-85,20],[-26,7],[-3,0],[-3,-6],[-34,-32],[-1,0],[-4,-6],[-14,-8]],[[28415,93128],[7,7],[17,14],[77,64],[20,16],[3,5],[1,0],[4,6],[5,3],[30,24],[9,8],[3,2],[3,4],[2,1],[0,1],[1,0],[0,2],[2,2],[0,2],[7,4],[57,49],[1,0]],[[29020,93259],[16,-4],[52,-12],[17,-4],[1,0],[10,-3],[30,-7],[11,-2],[1,-1],[12,-3],[38,-9],[28,-6],[42,-10],[14,-3],[1,0],[23,-6],[72,-17],[24,-6],[9,-2],[28,-7],[10,-2],[9,-2],[28,-7],[10,-2]],[[27877,93726],[31,-8],[12,-3],[1,0],[83,-19],[31,-8],[1,0],[26,-6],[81,-20],[27,-6]],[[28170,93656],[1,-1],[41,-9],[124,-29],[42,-10],[1,0],[131,-32],[121,-28],[1,0],[19,-5],[136,-33],[1,0],[16,-3],[27,-6],[15,-4]],[[28846,93496],[-7,-7],[-59,-49],[-5,-6],[1,0],[13,-4],[14,-4],[1,0],[35,-7],[11,-4],[1,0],[28,-6],[84,-20],[28,-7],[1,0],[16,-4],[51,-13],[17,-4],[10,-3],[30,-6],[11,-3]],[[29127,93349],[-1,0],[-21,-18],[-64,-54],[-21,-18]],[[29020,93259],[-10,2],[-30,7],[-9,2],[-1,0],[-18,4],[-53,13],[-17,4],[-1,0],[-27,7],[-83,19],[-27,6],[0,1],[-6,1],[-9,3],[-10,2],[-6,1],[-16,4],[-3,1],[-1,0],[-15,3],[-14,3]],[[28664,93342],[-54,13],[-2,0],[-27,6],[-83,20],[-21,5],[-6,1],[-1,0],[-27,7],[-82,20],[-27,6],[-1,0],[-27,7],[-81,19],[-27,6],[-1,0],[-168,40],[-41,10],[-1,0]],[[27734,93288],[1,0],[21,-5],[33,-8],[31,-8],[22,-5],[20,-4],[62,-15],[21,-5],[1,0],[27,-6],[82,-19],[27,-7],[27,-6],[83,-20],[27,-6],[1,0],[28,-7],[85,-20],[28,-6],[1,0],[11,-3],[31,-8],[11,-2]],[[28415,93128],[-1,-1],[-5,-4],[-38,-32],[-7,-8],[0,-1],[-5,-5],[-24,-20],[-59,-49],[-1,0],[-5,-5],[-60,-50]],[[28210,92953],[13,-3],[11,-3],[1,0],[53,-12],[3,0],[1,-1],[8,-1],[130,-29],[1,0],[134,-30]],[[28565,92874],[-1,0],[-7,-7],[-86,-21],[-138,-29],[-33,-8],[-38,-8],[-89,-22],[-23,-5],[-12,-3],[-14,-4]],[[28124,92767],[-15,-3],[-54,-11],[-40,-9],[-29,-7],[-131,-31],[-42,-9],[-68,-17],[-1,0],[-6,-1],[-118,-25],[-10,-3],[-15,-3],[-66,-15],[-72,-17],[-2,-1],[-69,-15],[-10,-2],[-55,-13],[-121,-28],[-83,-19],[-99,-22],[-98,-23],[-83,-19],[-7,-2]],[[27531,93115],[1,-1],[21,-5],[65,-15],[21,-5],[1,0],[20,-5],[61,-15],[3,-1],[18,-4],[1,0],[27,-6],[19,-4],[58,-14],[6,-1],[27,-7],[27,-6],[83,-19],[18,-4],[7,-3],[1,0],[28,-7],[82,-19],[27,-7],[1,0],[9,-2],[28,-7],[19,-5]],[[26217,93006],[46,20],[30,16],[6,3],[14,8],[18,15],[1,1],[11,8],[10,9],[33,27],[14,12],[52,44],[0,1],[10,9],[32,27],[11,9],[10,9],[30,26],[10,8],[8,7],[24,20],[8,6],[8,7],[25,22],[8,6]],[[27531,93115],[0,-1],[-7,-6],[-20,-17],[-7,-6],[-9,-8],[-27,-23],[-9,-8],[-13,-13],[-28,-23],[-12,-9],[-9,-9],[-12,-11],[-14,-11],[-4,-4],[-11,-8],[-1,0],[-12,-11],[-3,-4],[-37,-30],[-14,-11],[0,-1],[-11,-8],[-32,-28],[-11,-9],[-8,-7],[-27,-23],[-10,-8],[-18,-16],[-57,-49],[-19,-16],[-1,-1],[-16,-14],[-35,-30],[-15,-13],[-17,-15],[-9,-10],[-1,0],[-32,-27],[-1,-1],[-12,-8]],[[27531,93115],[-10,2],[-30,7],[-6,1],[-2,1],[-4,0],[-14,4],[-47,10],[-14,3],[-1,1],[-17,4],[-50,12],[-16,4],[-17,4],[-48,12],[-16,3],[0,1],[-16,3],[-47,12],[-15,3],[-2,0],[-16,4],[-50,12],[-16,3],[-1,1],[-31,7],[-91,21],[-30,7],[-1,1],[-29,6],[-86,20],[-28,7],[-1,0],[-28,7],[-86,22],[-28,6],[-1,0]],[[26636,93326],[13,11],[37,33],[12,10],[0,1],[11,8],[27,23],[9,8],[9,7],[25,22],[8,6],[1,1],[10,8],[31,27],[10,8],[0,1],[13,10],[37,32],[12,10],[13,11],[38,33],[12,10],[52,44],[12,10],[0,1],[12,11],[39,33],[12,10],[0,1]],[[27696,93572],[1,0],[31,-7],[83,-20],[12,-3],[6,-1],[26,-7],[17,-4],[9,-2],[80,-20],[26,-6]],[[27987,93502],[0,-1],[-13,-10],[-38,-32],[-26,-22],[-38,-32],[-13,-11],[-13,-10],[-37,-32],[-12,-11],[-1,0],[-12,-11],[-38,-31],[-12,-11]],[[27734,93288],[-10,-9],[-30,-26],[-10,-9],[-1,0],[-13,-15],[-1,-1],[-1,0],[-1,-1],[-52,-43],[-18,-15],[-1,0],[-11,-11],[-38,-33],[-1,0],[-15,-10]],[[26594,93762],[-13,4],[-52,12],[-15,3],[-47,12],[-15,3],[-24,6],[-69,16],[-23,6],[-16,3],[-48,12],[-15,4],[-1,0],[-7,2],[-21,4],[-7,2],[-16,4],[-47,11],[-15,3],[0,1],[5,4]],[[27696,93572],[-32,8],[-97,23],[-32,7],[-1,0],[-15,4],[-45,11],[-15,3],[-15,4],[-47,11],[-15,4],[-1,0],[-29,6],[-85,21],[-28,6],[-30,8],[-89,21],[-28,6],[0,1],[-1,0]],[[27091,93716],[10,8],[32,27],[10,9],[11,9],[31,28],[10,9],[1,0]],[[27804,93663],[-1,-1],[-11,-9],[-32,-26],[-10,-9],[-1,-1],[-10,-8],[-32,-28],[-11,-9]],[[26987,93856],[-52,-17],[-58,-17],[-103,-30],[-26,-8],[-42,-13],[-40,-12],[-27,-7]],[[26639,93752],[-36,8],[-8,2],[-1,0]],[[26594,93762],[12,11],[36,34],[11,12],[22,18],[64,55],[21,17],[0,1]],[[27489,93737],[-29,7],[-86,21],[-27,6],[-2,1],[-29,6],[-90,21],[-29,7],[-1,0]],[[27354,93935],[2,0],[27,-7],[85,-20],[30,-7],[16,-4],[51,-12],[16,-4],[1,0],[11,-3],[37,-8],[11,-3]],[[27489,93737],[15,13],[43,38],[15,12],[16,14],[48,40],[15,12],[0,1]],[[27641,93867],[8,-2],[25,-6],[8,-2],[1,0],[21,-5],[67,-16],[21,-5],[1,0],[32,-8],[96,-23],[33,-8]],[[27954,93792],[-1,0],[-14,-13],[-47,-40],[-15,-13]],[[27877,93726],[0,-1],[-1,0],[-14,-12],[-37,-33],[-7,-5],[-14,-12]],[[27804,93663],[-33,7],[-97,23],[-32,8],[-1,0],[-30,7],[-92,22],[-29,7],[-1,0]],[[21384,86671],[-130,-64],[-49,-24],[-34,-17],[-149,-65],[-88,-30],[-68,-20],[-37,-9],[-33,-9],[-89,-19],[-38,-7]],[[20704,87377],[4,-24],[2,-7],[1,-2],[7,-11],[2,-2],[14,-10],[22,-10],[19,-13],[4,-3],[8,-8],[9,-14],[1,-1],[6,-9],[2,-2],[1,-3],[5,-6],[44,-63],[11,-15],[3,-5],[-35,-3],[-107,-7],[-36,-3],[2,-9],[4,-13],[25,-58],[-21,-44],[-2,-3],[-13,-26],[-11,-1],[-14,-4],[-12,-4],[-11,-4],[-10,-5],[-9,-6],[-7,-7],[-4,-7],[0,-1],[-3,-7],[13,0],[65,-15],[2,-1],[1,-1],[16,-11],[17,-18],[3,-6],[3,-4],[5,-9],[4,-7],[1,-3],[4,-8],[1,-1],[1,-6],[1,-4],[0,-9],[-1,-4],[-4,-17],[0,-3],[-1,0],[0,-1],[-2,-7],[-2,-4],[-14,-26],[-3,-2],[-4,-4],[-7,-6],[-5,-3],[-14,-8],[-17,-5],[-12,-3],[-26,-5],[-62,-2],[-14,-2],[-4,0],[-18,-4],[-14,-4],[-1,0],[-8,-4],[-5,-6],[-9,-9],[-12,-10],[-17,-8],[-4,-1],[-20,-6],[-16,-5]],[[15511,85877],[3,-4],[21,-15],[74,-59],[25,-19],[-1,0],[-6,-2],[-5,-2],[-15,-4],[-7,-1],[-19,-4],[-56,-13],[-18,-5],[-10,-3],[-10,-2],[-24,-7],[-11,-2],[-10,-3],[-4,-1],[-23,-8],[0,-1],[-9,-4],[-6,-2],[-4,-3],[-9,-5],[-16,-14],[-8,-6],[-6,-10],[-2,-16],[-1,-3],[1,-14],[0,-1],[1,-2],[1,-3],[2,-4],[7,-9],[4,-3],[2,-3],[6,-7],[3,-2],[12,-15],[9,-10],[11,-12],[4,-7],[5,-5],[5,-8],[4,-7],[2,-3],[1,-1],[6,-9],[0,-1],[1,-2],[11,-19],[3,-6],[1,-1],[1,-4],[1,0],[1,-2],[4,-6],[0,-2],[1,0],[3,-6],[1,-1],[2,-3],[3,-4],[1,-3],[1,0],[8,-12],[0,-1],[21,-26],[8,-7],[13,-11],[6,-6],[18,-17],[6,-5],[0,-1],[1,0],[19,-17],[5,-5],[3,-2],[18,-13],[34,-16],[15,-6],[30,-10],[20,-4],[7,-1],[13,-1],[32,-2],[31,0],[29,1],[4,0],[30,4],[19,4],[22,4],[7,1],[26,6],[1,0],[5,1],[15,2],[2,0],[19,3],[10,0],[23,2],[42,0],[19,-1],[48,-4],[10,0],[18,-2]],[[13458,85455],[2,-2],[0,-1],[1,0],[2,-1],[26,-14],[30,-15],[19,-12],[9,-4],[4,-2],[2,-2],[4,-2],[3,-3],[4,-2],[14,-9],[16,-13],[10,-9],[40,-43],[10,-11],[18,-19],[29,-31],[1,-1],[3,-2],[13,-11],[32,-24],[3,-3],[9,-7],[4,-2],[17,-11],[30,-19],[203,-99],[106,-52],[49,-23],[11,-6],[99,-47],[83,-40],[130,-60],[88,-42],[85,-40],[9,-5],[7,-2],[1,0],[4,-2],[9,-3],[5,-3],[1,0],[4,-3]],[[13070,84375],[150,32],[57,12],[388,91],[118,28],[30,7],[65,15],[194,45],[64,15],[58,13],[175,41],[58,13],[55,13],[169,40],[44,10],[12,3]],[[14707,84753],[39,8],[43,10],[20,5],[51,11],[44,10],[24,5],[19,4],[4,0],[12,3],[15,4],[59,14],[46,11],[79,20],[22,5],[57,13],[31,7],[1,0],[124,29],[72,16],[73,19],[38,9],[118,36],[35,10],[2,1],[17,5],[32,12],[47,17],[33,11],[37,14],[13,4],[102,36],[38,13]],[[15927,84751],[1,4],[1,1],[0,1],[1,3],[2,7],[6,22],[4,20],[9,24],[2,9],[26,81],[6,10],[0,5],[4,12],[30,77],[18,44],[17,44]],[[16888,85051],[0,-1],[1,-2],[0,-2],[1,-7],[1,-1],[25,-39],[39,-62],[2,-2],[32,-42],[22,-30],[2,-3],[6,-8],[46,-55],[27,-33],[0,-1],[103,-98],[79,-63],[18,-14],[14,-11],[111,-79],[120,-85],[44,-29],[9,-7],[6,-5],[16,-12],[4,-2],[1,0],[0,-1],[6,-3],[26,-14],[1,0],[0,-1],[17,-9],[10,-7],[145,-97],[1,-1],[43,-31],[2,-2],[35,-25],[108,-74],[36,-25]],[[20669,86407],[-50,-11],[-155,-32],[-38,-9],[-208,-42],[-82,-14],[-13,-2],[-7,-2],[-162,-24],[-118,-16],[-137,-17],[-76,-10],[-1,0]],[[20092,86816],[1,0],[28,-6],[27,-6],[25,-5],[26,-7],[5,-2],[27,-8],[12,-3],[9,-3],[50,-17],[8,-4],[3,-1],[14,-7],[22,-9],[6,-3],[53,-28],[18,-12]],[[20426,86695],[1,0],[11,-8],[13,-7],[19,-15],[2,-1],[6,-6],[1,0],[2,-3],[1,0],[1,-1],[7,-6],[23,-20],[29,-29],[13,-16],[1,-2],[9,-14],[6,-9],[4,-7],[2,-5],[4,-6],[0,-7],[1,-3],[2,-3],[3,-6],[2,-5],[5,-12],[1,-2],[1,-7],[2,-10],[1,0],[9,-15],[12,-15],[11,-12],[6,-8],[1,0],[2,-2],[5,-4],[5,-5],[13,-9],[6,-8]],[[20092,86816],[-2,0],[-9,1],[-3,1],[-73,9],[-18,2],[-35,4],[-8,2],[-16,1],[-83,2],[-68,0],[-7,-1],[-12,0],[-26,-2],[-4,0],[-17,-1],[-38,-5],[-49,-6],[-16,-2],[-19,-3],[-23,-5],[-21,-3],[-32,-7],[-14,-3],[-13,-3],[-9,-3],[-24,-3],[-93,-22],[-57,-14],[-8,0],[-80,-18],[-70,-18]],[[19780,87329],[0,-3],[2,-4],[3,-11],[1,-4],[3,-6],[3,-5],[12,-11],[9,-6],[8,-8],[4,-11],[0,-4],[1,-1],[1,-5],[1,-4],[1,-5],[2,-9],[1,-4],[3,-8],[9,-30],[5,-20],[5,-16],[5,-22],[0,-1],[1,0],[3,-14],[2,-8],[7,-22],[-76,-23],[0,-1],[12,-16],[-4,-6],[1,0],[60,-8],[-4,-8],[-2,-2],[3,0],[42,-7],[38,-3],[9,-1],[25,-2],[52,-5],[73,-7],[31,-2],[18,-3],[15,-3],[14,-5],[18,-9],[5,-3],[3,-3],[5,-4],[1,-1],[3,-5],[1,-2],[0,-1],[1,-1],[0,-1],[1,-1],[0,-20],[-2,-4],[-6,-9],[-3,-4],[-10,-8],[-7,-5],[-4,-3],[-3,-2],[-13,-12],[-1,0],[-5,-4],[-2,-2],[-8,-7],[-32,-24],[-1,0],[-13,-16],[-15,-18]],[[13070,84375],[1,-1],[10,-6],[2,-1],[25,-13],[118,-61],[39,-20],[85,-44],[46,-24],[68,-39],[1,-1],[140,-72],[86,-45]],[[34748,94746],[0,4],[15,29],[32,62],[17,36],[16,33],[10,15],[10,18],[15,30],[7,16],[23,48],[33,70],[23,46],[14,27],[24,47],[1,1],[0,1],[6,6],[0,1],[9,17],[22,42],[5,11],[2,3],[7,14],[1,3],[4,8],[2,3],[-1,10],[0,2],[7,15],[7,18],[4,11],[1,1],[1,4],[0,1],[2,9],[2,15],[0,1],[2,7],[10,72],[13,97],[3,25],[0,7],[6,24],[0,12],[1,2],[0,2]],[[32594,95299],[-9,-3],[-11,-3],[-18,-6],[-9,-2],[-73,-22],[-35,-11],[-172,-60],[-43,-19],[-21,-9],[-12,-5],[-51,-22],[-35,-15],[-146,-70],[-26,-13],[-33,-17],[-16,-9],[-52,-25],[-9,-5],[-68,-29],[-103,-43],[-3,-2],[-37,-14],[-74,-30],[-54,-20],[-64,-24],[-70,-25],[-31,-10],[-58,-17]],[[31261,94769],[-7,-3],[-28,-8],[-19,-5],[-4,-2],[-7,-1],[-32,-10],[-11,-2],[-5,-2],[-30,-7],[-36,-8],[-9,-3],[-28,-7],[-10,-2],[-5,-2]],[[31030,94707],[-47,-12],[-2,-1],[-84,-23],[-54,-14],[-16,-4],[-11,-2],[-42,-9],[-24,-6],[-16,-3],[-56,-12],[-24,-5],[-8,-2],[-24,-4],[-8,-2],[-3,-1],[-10,-2],[-3,0]],[[31736,96355],[-1,0],[-6,-4],[-21,-13],[-8,-5],[-67,-39],[-5,-3],[-76,-44],[-23,-15],[-116,-70],[-71,-42],[0,-1],[-26,-14],[-14,-8],[-110,-67],[-6,-3],[-38,-24],[-17,-11],[-19,-12],[-18,-11],[-16,-10],[-17,-11],[-26,-17],[-57,-35],[-24,-15],[-27,-16],[-79,-45],[-6,-3],[-35,-19],[-50,-32],[-17,-11],[-29,-19],[-22,-13],[-1,0],[-27,-15],[-61,-36],[-29,-19],[-5,-3],[-34,-21],[-32,-18],[-8,-5],[-45,-17],[-41,-9],[-34,-11],[-14,-7],[-10,-3],[-1,-1],[-5,-4],[-3,-3],[-11,-8]],[[34748,94747],[14,2],[13,3],[39,11],[38,10],[26,8],[99,24],[72,20],[25,7],[1,0],[16,-4],[169,-59],[2,0],[16,-6],[53,-18],[17,-6],[1,0],[17,-6],[52,-18],[8,-3],[10,-3],[1,0],[28,-10],[116,-40],[27,-8],[25,-8],[51,-18],[24,-9]],[[34671,94155],[-10,10],[-97,87],[-35,29],[-12,10]],[[34671,94155],[314,77],[1,0],[20,-5],[14,-2],[48,-7],[38,-3],[21,0],[24,-2],[29,9],[42,12],[7,3],[11,3],[30,8],[43,12],[27,6],[1,0],[17,4],[67,8],[53,7],[63,9],[23,1],[24,1],[6,0],[14,-2],[17,-2],[55,-11],[28,-5],[7,-2],[19,-4],[7,-1],[19,-7],[56,-19],[19,-6],[2,1],[9,5],[3,2],[10,-1],[6,-1],[33,-1],[15,2],[14,2],[12,2],[25,7],[32,10],[35,12],[6,2],[33,14],[1,1]],[[36746,94064],[-1,-1],[-44,-13],[-81,-23],[-58,-14],[-47,-10],[-1,-1],[-76,-15],[-38,-7],[-7,0],[-21,-5],[-1,0],[-33,-6],[-129,-24],[-77,-15],[-24,-4],[-34,-7],[-1,0],[-160,-30],[-83,-15],[-171,-32],[-7,-1],[-3,-1],[-12,-3],[-4,0],[-3,-1],[-11,-1],[-3,-1],[-1,0],[-58,-10],[-146,-25],[-25,-4],[-40,-5],[-19,-2],[-1,0],[-16,-2]],[[35310,93786],[-58,29],[-69,30],[-26,15],[-33,15],[-1,0],[-88,49],[-38,21],[-18,9],[-19,10],[-17,10],[-88,46],[-20,10],[-11,5],[-20,14],[-2,2],[-13,8],[-1,0],[0,1],[-3,2],[-22,15],[-9,7],[-11,9],[-1,0],[-14,13],[-25,22],[-22,19],[-1,1],[-8,6],[-1,1]],[[40606,94503],[-1,-1],[-213,-175],[1,-1],[45,-269],[-334,-448],[1,1],[1,0],[-1,-1],[10,1],[7,2],[0,-8],[-2,-7],[0,-2],[-4,-9],[-10,-12],[-10,-10],[-15,-12],[-18,-11],[-118,-158],[-17,-33],[-1,-1],[0,-2],[-3,-3],[-2,-3],[-139,-11],[-620,-47],[-518,174],[-1104,370],[-1,0],[-189,63],[-185,64],[-170,44],[-38,11],[-4,1],[-9,4],[-3,1],[0,1],[-18,4],[-52,13],[-17,4],[-1,0],[-7,2],[-20,5],[-6,1],[-1,1],[-11,2],[-36,8],[-10,2],[-1,0],[-3,1],[-10,3],[-2,1],[-1,1]],[[36746,94064],[-27,9],[-24,7],[-55,19],[-16,5],[-11,4],[-21,7],[-63,22],[-21,7],[-24,9],[-75,25],[-25,8],[-24,9],[-76,25],[-24,8],[-24,9],[-62,21],[-8,3],[-25,8],[-56,20],[-13,4],[-1,1]],[[36071,94294],[25,10],[40,18],[33,14],[14,5],[16,8],[3,2],[11,4],[4,3],[4,1],[16,9],[58,33],[19,10]],[[36030,95083],[3,0],[16,6],[57,15],[12,4],[7,1],[1,0],[19,6],[21,6],[33,12],[18,6],[32,12],[38,14],[53,20],[31,11],[26,10],[78,29],[25,10],[26,10],[26,9],[52,22],[25,10],[66,30],[22,9],[23,9],[35,15],[31,14],[75,28],[36,13],[24,9],[72,26],[23,9],[48,19],[2,0],[17,7],[56,22],[35,15],[29,11],[46,18],[1,0]],[[32531,95349],[-1,1],[-3,4],[-6,6],[-7,6],[-3,2],[-5,5],[-17,16],[-39,37],[-21,20],[-4,4],[-19,18],[-28,27],[-69,67],[-15,14],[-27,27],[-1,0],[0,1],[-1,0],[-4,6],[-13,12],[-47,42],[-2,1],[-16,15],[-5,5],[-16,13],[0,1],[-1,0],[87,8],[224,20],[35,3],[87,7],[-3,3],[-7,6],[-13,11],[-7,5],[-11,2],[-13,5],[-5,5],[-1,0],[0,1],[-1,3],[-3,3],[0,1],[-5,12],[-1,3],[0,6],[4,7],[5,6],[0,6],[2,5],[-1,9],[-1,6],[0,1],[-2,6],[-1,5],[-3,4],[-1,0],[-5,3],[-7,2],[-14,3],[-13,2],[-11,3],[-9,6],[-17,7],[-10,3],[-2,1],[289,20],[589,54],[-12,20],[-1,0],[0,1],[8,1],[214,34]],[[35708,94616],[9,5],[21,13],[8,4],[0,1],[-233,78],[-1,0],[35,21],[1,0],[128,75],[1,0],[131,77],[1,0],[-93,31],[-1,0],[-26,10],[-79,26],[-25,9],[-1,0],[12,3],[36,10],[12,2],[0,1],[50,13],[149,39],[50,13],[27,7],[83,21],[27,8]],[[36030,95083],[4,-4],[1,0],[7,-5],[17,-12],[91,-62],[30,-21],[13,5],[21,7],[35,10],[55,-45],[15,-7],[44,-23],[15,-8],[1,0],[18,-7],[54,-23],[19,-7],[61,-15],[180,-43],[51,-24],[153,-60],[-22,-12],[-8,-5],[-1,-1],[-16,-7],[-25,-16],[-39,-19],[-11,-8],[-1,0],[-3,-1],[-9,-4],[-5,-3],[-4,-2],[0,-1],[-7,-3],[-3,-2],[-28,-16],[-10,-6],[-19,-10],[-44,-23],[-12,-8],[-19,-10],[-5,-3],[-15,-8],[-5,-3],[-7,-4],[-23,-13],[-8,-3],[-8,-5],[-27,-15],[-9,-4],[-1,-1],[-16,-8],[-49,-27],[-17,-9],[-24,-13],[-29,-15],[-47,-26],[-25,-14]],[[36314,94411],[-18,7],[-57,19],[-19,7],[-5,1],[-14,5],[-5,2],[-22,8],[-1,0],[-68,23],[-22,7],[-1,0],[-21,8],[-61,21],[-20,7],[-1,0],[-18,6],[-57,20],[-8,3],[-10,2],[-18,6],[-50,18],[-2,0],[-15,4],[-1,1],[-18,6],[-54,19],[-9,3],[-9,2],[-2,0]],[[37170,96619],[-68,-43],[-71,-44],[-5,-3],[-6,-3],[-144,-76],[-374,-181],[-77,-36],[-111,-52],[-128,-60],[-185,-88],[-188,-92],[-91,-43],[-106,-49],[-61,-25],[-5,-2],[-56,-23],[-86,-33],[-39,-14],[-35,-12],[-29,-9],[-188,-56],[-2,-1],[-8,-1],[-3,-1]],[[35104,95672],[0,24],[1,5],[1,2],[2,16],[1,6],[1,5],[0,3],[1,0],[0,4],[2,23],[2,8],[0,2],[1,7],[1,2],[0,15],[3,14],[2,11],[20,65],[2,9],[1,3],[0,2],[1,1],[2,7],[6,14],[1,1],[0,6],[1,9],[4,27],[0,2],[1,6],[0,1],[1,1],[0,3],[-1,3],[0,1],[-1,0],[2,10],[1,13],[0,7],[1,4],[1,7],[1,10],[1,0],[0,12],[3,33],[1,10],[0,2]],[[32939,96546],[-133,-22],[-22,-4],[-39,-6],[-120,-19],[-130,-22],[-35,-6],[-73,-12],[-7,-1],[-23,-3],[-7,-1],[-31,-4],[-17,-3],[-145,-24],[-48,-7],[-21,-3],[-42,-7],[-8,-1],[-87,-14],[-35,-5],[-92,-13],[-18,-2],[-51,-8],[-2,-1],[-3,-1],[-10,-1],[-2,0],[-2,-1]],[[35277,97309],[0,-2],[-4,-15],[-2,-17],[-2,-14],[-2,-18],[-1,-1],[-2,-11],[-1,-6],[0,-14],[-2,-16],[-2,-25],[0,-1],[-1,-3],[0,-10]],[[34016,97747],[-27,-16],[0,-1],[-2,-1],[-20,-17],[-12,-9],[-50,-32],[-30,-19],[-11,-3],[-87,-56],[-104,-64],[-9,-6],[-10,-8],[0,-1],[1,0],[4,-1],[2,-1],[-52,-33],[-6,-4],[-79,-48],[-6,-4],[-92,-57],[-58,-36],[-2,-1],[-15,-10],[-37,-22],[-14,-9],[-17,-10],[-92,-58],[-60,-37],[-129,-79],[-31,-20],[-54,-33],[0,-1],[-16,-10],[-173,-109],[-1,0],[-53,-33],[-53,-34],[-103,-60],[-2,-1],[-24,-14],[-80,-47],[-27,-16],[-2,1],[-7,3],[-3,0]],[[33525,96018],[-18,17],[-14,12],[0,1],[-1,0],[-1,2],[-3,1],[0,1],[-1,1],[-12,10],[-11,10],[-10,9],[-14,13],[-11,10],[-3,2],[-9,8],[-1,2],[-1,0],[-20,19],[-19,17],[-42,39],[-21,19],[-3,3],[-2,1],[-1,1],[-12,11],[-2,2],[-4,3],[-6,6],[-5,6],[-4,4],[-11,9],[-4,3],[-6,5],[-5,7],[-1,0],[0,1],[-3,2],[-1,0],[-2,3],[-16,14],[-13,11],[-10,8],[-1,2],[-2,1],[-5,6],[-19,17],[-1,1],[-4,3],[-1,1],[-8,6],[-14,11],[0,1],[-42,37],[-13,12],[0,1],[-9,7],[-5,5],[-28,26],[-11,9],[-3,3],[-11,10],[-4,3],[-1,0],[-16,15],[-17,15],[-32,28],[-15,14],[-1,1]],[[32939,96546],[15,2],[20,3],[104,17],[35,6],[29,4],[92,15],[29,5],[2,0],[7,1],[53,9],[57,5],[47,5],[59,6],[121,11],[62,6],[33,3],[181,16],[148,13],[24,3],[38,6],[26,6],[25,9],[25,13],[15,9],[69,42],[14,9],[42,24],[12,9],[26,16],[45,27],[34,21],[10,6],[16,10],[43,28],[47,30],[84,53],[43,28],[9,5],[2,1],[17,8],[13,5],[7,3],[3,0],[1,1],[11,3],[5,1],[27,5],[11,3],[96,20],[91,18],[198,41],[15,3],[1,0],[80,17]],[[35258,97156],[0,-1],[-2,-19],[-4,-58],[-2,-19],[0,-1],[-4,-51],[-8,-91],[-5,-65],[-3,-36],[-1,-16],[0,-4],[-1,-5],[-2,-19],[0,-7],[-1,-9],[-2,-25],[-4,-41],[-1,-14],[-2,-13],[0,-5],[-2,-24],[-2,-17],[-5,-51],[-2,-16],[0,-1],[-1,-19],[-3,-33],[0,-4],[-1,-7],[-1,-17],[0,-1],[-1,-8],[-1,-24],[-6,-97],[0,-14],[-2,-14],[-3,-43],[-2,-18],[-4,-52],[-2,-18],[0,-9],[-1,-3],[0,-6],[-2,-32],[-2,-23],[-1,-4],[-1,-14]],[[35171,96088],[-22,0],[-42,-1],[-156,-4],[-36,-2],[-65,-4],[-3,-1],[-16,0],[-8,-1],[-38,-2],[-140,-10],[-47,-3],[-22,-2],[-65,-4],[-14,-1],[-8,0],[-4,-1],[-14,0],[-50,-3],[-17,-1],[-27,-3],[-43,-4],[-41,-3],[-22,-2],[-6,0],[-15,-2],[-18,-1],[-100,-7],[-32,-2],[-1,0],[-54,-4],[-164,-11],[-53,-4],[-1,0],[-29,-2],[-91,-6],[-30,-1],[-23,-2],[-73,-5],[-2,-1],[-23,0],[-3,4],[-8,8],[-20,18]],[[33681,94792],[-4,1],[-7,2],[-6,2],[-11,7],[-5,3],[-7,4],[-6,3],[-5,2],[-1,0],[-1,3],[-1,1],[-3,2]],[[33624,94822],[-5,2],[-25,6],[-8,3],[-18,4],[-8,2],[-18,3],[-8,1],[-8,3],[-8,2],[-7,3],[-7,2],[-7,1],[-7,2],[-7,1],[-9,1],[-4,1],[-1,0],[-20,-1],[-1,0],[-50,10],[-111,21],[-11,0],[-30,5],[-14,2],[-20,5],[-16,3],[-41,8],[-22,5],[-19,5],[-31,9],[-46,14],[-36,14]],[[33001,94959],[-23,9],[-21,8],[-29,11],[-21,11],[-14,9],[-40,36],[-23,22],[-5,4],[-5,6],[-1,1],[0,1],[-5,4],[-40,38],[-13,13],[-4,5],[-13,14],[-4,5],[-12,10],[-18,16],[-14,16],[-10,11]],[[32686,95209],[-28,28],[-5,4],[-2,3],[-11,11],[-18,20],[-2,2],[-9,7],[-5,4],[-11,11],[-1,0]],[[32594,95299],[-2,1],[-11,9],[-18,14],[-20,16],[-7,6],[-5,4]],[[32531,95349],[56,7],[47,5],[61,3],[46,1],[27,1],[54,0],[35,1],[7,0],[36,1],[14,-1],[17,1],[79,0],[59,2],[64,1],[108,10],[5,0],[3,1],[107,14],[50,7],[197,30],[80,11],[98,14],[22,2],[79,11],[36,5],[199,28],[176,26],[125,18],[102,14],[130,18],[174,29],[12,3],[88,17],[180,43]],[[35104,95672],[0,-2],[-1,-2],[0,-12],[-6,-24],[0,-7],[-3,-25],[-13,-97],[-10,-72],[-2,-7],[0,-1],[-2,-15],[-2,-9],[0,-1],[-1,-4],[-1,-1],[-4,-11],[-7,-18],[-7,-15],[0,-2],[1,-10],[-2,-3],[-4,-8],[-1,-3],[-7,-14],[-2,-3],[-5,-11],[-22,-42],[-9,-17],[0,-1],[-6,-6],[0,-1],[-1,-1],[-24,-47],[-14,-27],[-23,-46],[-33,-70],[-23,-48],[-7,-16],[-15,-30],[-10,-18],[-10,-15],[-16,-33],[-17,-36],[-32,-62],[-15,-29],[0,-3]],[[34748,94747],[0,-1]],[[34748,94746],[-1,-2],[0,-2],[-4,-5],[-2,-2],[-1,-5],[-10,-22],[-36,-78],[0,-1],[-8,-16],[-8,-9],[-6,-14],[-1,-3],[-13,-28],[-4,-10],[-1,0],[0,-1],[-12,-13],[-1,-10],[-12,-30],[-8,-8],[-3,-7],[0,-1],[-1,-3],[-10,-21],[-3,-8],[0,-1],[-5,-12],[-7,-12],[-40,-72],[-14,-24],[-3,-7],[-10,-18],[-2,-3],[-5,-7]],[[34517,94291],[-20,17],[-33,28],[-9,7],[-7,5],[-6,4],[-2,2],[-5,3],[-3,2],[-23,12],[-18,5],[-27,3],[-22,1],[-31,1],[-45,2],[-183,12],[-35,4],[-24,5],[-14,6],[-10,9],[-11,11],[-31,47],[-2,3],[-15,22],[-13,26]],[[33681,94792],[2,-1],[62,-16],[13,2],[9,-5],[45,-12],[8,-2],[7,-2],[20,-3],[3,-5],[2,-7],[1,-4],[1,-1],[7,-17],[13,-32],[2,-3],[1,-2],[0,-2],[1,0],[0,-1],[3,-13],[1,-4],[4,-10],[4,-11],[3,-9],[8,-23],[5,-14],[7,-25],[8,-24],[7,-18]],[[33928,94528],[-1,0],[-135,-36],[-1,0]],[[33791,94492],[-1,3],[-6,11],[0,2],[-25,26],[-1,0],[-3,11],[0,11],[-1,3],[-1,1],[0,3],[-1,11],[0,13],[-5,6],[-7,3],[-16,4],[-12,1],[-11,1],[-14,2],[-11,5],[-6,2],[-3,4],[-1,1],[-2,5],[1,5],[0,2],[-3,9],[0,7],[3,31],[2,12],[-13,15],[-2,4],[-4,11],[-3,27],[12,12],[19,22],[5,8],[0,6]],[[30598,94605],[-1,0],[-47,-9],[-143,-25],[-22,-4],[-24,-4],[-15,-2],[-40,-7],[-14,-3],[-50,-8],[-44,-8],[-69,-11],[-30,-5],[-7,-1],[-50,-9],[-47,-7],[-82,-13],[-44,-7],[-15,-3],[-45,-6],[-2,-1],[-8,-1],[-4,0],[-7,-2],[-12,-1],[-5,-1],[-3,0],[-19,-4],[-52,-9],[-217,-35],[-20,-3],[-52,-8],[-21,6],[-8,2],[-21,0],[-6,-2],[-32,-3],[-22,-3],[-17,-3],[-10,-1],[-8,-1]],[[30459,95118],[1,-1],[1,-2],[4,-10],[0,-2],[4,-12],[7,-25],[16,-57],[5,-20],[0,-7],[4,-15],[5,-14],[2,-10],[13,-43],[5,-15],[10,-43],[5,-17],[6,-26],[1,-5],[0,-9],[2,-3],[1,0],[1,-5],[1,-4],[3,-13],[14,-51],[5,-26],[1,-8],[2,-5],[7,-26],[9,-34],[4,-5]],[[38232,95910],[-30,10],[-71,25],[-42,15],[-55,18],[-38,14],[-30,9],[-1,1],[-11,5],[-7,3],[-62,20],[-20,7],[-1,0],[-49,17],[-36,13],[-5,4],[-60,23],[-16,7],[-18,11],[-4,2],[-9,7],[-22,16],[-3,3],[-1,0],[-8,8],[0,1],[-14,22],[-9,16],[-7,12],[-3,5],[-6,12],[-13,25],[-4,11],[-17,28],[-4,9],[-2,2],[-4,5],[-1,2],[-24,30],[-12,13],[-14,17],[-67,58],[-30,27],[-6,5],[-6,6],[-21,19],[-1,1]],[[37093,96665],[-12,6],[-42,22],[-17,8],[-22,12],[-1,0],[-1,2],[-1,1],[-47,23],[-28,20],[-2,1],[-18,11],[-41,25],[-28,18],[-2,2],[-6,4],[-35,23],[-5,3],[-1,1],[-23,13],[-6,4],[-3,1],[-2,2],[-22,14],[-7,5],[-9,7],[-5,3],[-22,12],[-27,10],[-17,7],[-35,9],[-6,2],[-68,16],[-32,6],[-34,8],[-1,0],[-26,6],[-7,2],[-73,14],[-27,6],[-55,13],[-5,1],[-21,4],[-57,11],[-47,11],[-56,18],[-11,3],[-47,13],[-1,0],[-54,18],[-23,7],[-44,13],[-30,9],[-1,0],[-15,5],[-46,15],[-15,5],[-5,2],[-15,4],[-5,1],[-8,4],[-36,11],[-78,25],[-56,17],[-44,13],[-2,0]],[[40564,97066],[-21,8],[-38,15],[-28,11],[-22,8],[0,1],[-221,86],[-1,1],[-73,29],[-16,6],[-9,-1],[-2,0],[45,26],[-90,36],[-1,0],[-16,6],[-5,2],[-7,3],[-22,8],[-7,3],[-176,49],[-28,-6],[-2,0],[-24,-2],[-11,0],[-13,1],[-12,1],[-9,2],[-5,3],[-13,4],[-16,11],[-19,18],[-10,10],[-3,1],[-1,1]],[[35555,97217],[-19,8],[-5,1],[-70,23],[-7,2],[-27,8],[-27,7],[-5,2],[-59,19],[-30,11],[-28,11],[-1,0]],[[37823,97231],[-27,21],[-34,28],[-29,23],[-77,10],[-1,0],[-163,124],[-60,45],[-93,-4],[-26,16],[-1,1],[-24,-1],[-21,-1],[-9,0],[-45,-1],[-24,0],[-64,-1],[-88,-2],[-68,0],[-20,-1],[-20,0],[-31,-2],[-27,-3],[-25,-5],[-6,-1],[-22,-4],[-45,-10],[-24,-5],[-19,-4],[-59,-12],[-20,-4],[-21,-5],[-64,-14],[-22,-4],[-23,-5],[-66,-13],[-3,-1],[-22,-4],[0,-1],[-17,-3],[-7,-1],[-72,-15],[-17,-3],[-7,-2],[-25,-4],[-34,-7],[-38,-8],[-25,-6],[-19,-2],[-54,-12],[-17,-4],[-7,-1],[-20,-4],[-6,-1],[-25,-5],[-36,-7],[-36,-8],[-24,-4],[-24,-6],[-74,-15],[-24,-4],[-15,-3],[-45,-8],[-5,-2],[-9,-1],[-31,-6],[-7,-2],[-21,-5],[-94,-18],[-40,-7]],[[39114,96318],[-50,21],[-1,1],[0,7],[18,22],[3,8],[-3,6],[-1,1],[-22,16],[0,1],[-2,6],[9,11],[0,3],[-9,18],[-11,21],[-26,24],[-15,12],[-2,5],[-1,3],[4,11],[5,4],[14,8],[45,18],[11,16],[-7,6],[-27,11],[-1,0],[-5,2],[-16,5],[-8,11],[-14,13],[-4,2],[-14,4],[-42,6],[-18,4],[-9,6],[0,2],[-2,4],[-11,16],[-1,0],[-7,5],[-24,12],[-1,0],[0,1],[-1,6],[0,4],[3,16],[2,4],[0,3],[-3,7],[-1,3],[-1,0],[-2,4],[-2,2],[0,4],[11,14],[-1,3],[0,7],[-2,3],[-1,1],[0,1],[-8,5],[-13,8],[-11,4],[-10,3],[-10,4],[-4,2],[0,3],[-1,1],[1,1],[0,3],[2,6],[-2,5],[-2,6],[0,3],[3,8],[20,20],[2,4],[0,4],[-2,3],[-8,6],[-23,13],[-17,10],[-1,1]],[[38445,97371],[1,-1],[8,-4],[13,-7],[20,-10],[3,-1],[23,-12],[82,-50],[23,-16],[9,-6],[29,-22],[80,-50],[1,0],[23,-15],[38,-25],[34,-20],[25,-16],[7,-5],[26,-14],[7,-5],[1,-1],[10,-6],[12,-6],[25,-10],[13,-4],[19,-7],[59,-21],[19,-7],[21,-8],[62,-21],[20,-8],[1,0],[19,-7],[59,-22],[40,-14],[61,-22],[20,-8],[1,0],[19,-6],[60,-22],[20,-7],[19,-7],[60,-22],[20,-7],[20,-8],[58,-21],[20,-7],[1,0],[43,-15],[4,-1],[94,-34],[50,-18],[32,-11],[15,-7]],[[38257,97451],[3,2],[5,3],[2,2],[17,9],[1,0],[28,14],[71,36],[241,121],[112,54],[14,6],[99,51],[3,1],[1,0]],[[40948,97900],[-1,0],[-51,-22],[-69,-31],[-94,-42],[-160,-75],[-12,-3],[-79,-44],[-75,-50],[-40,-29],[-41,-30],[-59,-37],[-81,-39],[-13,-7],[-24,-8],[-31,-12],[-29,-8],[-54,-17],[-87,-17],[-42,-7],[-52,-7],[-58,-5],[-67,-2],[-41,-1]],[[39688,97407],[-41,-2],[-63,2],[-29,1],[-23,2],[-105,12],[-116,16],[-55,8],[-66,9],[-82,9],[-63,3],[-66,3],[-91,-1],[-87,-6],[-29,-4],[-106,-18],[-24,-6],[-73,-18],[-101,-37],[-23,-9]],[[37270,95550],[202,75],[11,5],[74,28],[34,13],[19,6],[21,9],[66,24],[17,4],[21,9],[67,24],[10,4],[12,4],[33,13],[29,11],[30,12],[38,14],[33,13],[9,3],[28,11],[9,3],[1,0],[37,14],[15,6],[35,13],[111,42]],[[38232,95910],[12,5],[53,20],[40,16],[81,31],[1,0],[19,7],[59,23],[19,8],[112,43],[24,12],[1,0],[61,30],[77,41],[23,12],[5,2],[33,18],[47,25],[28,14],[31,18],[48,25],[49,26],[16,9],[15,8],[1,0],[5,3],[17,9],[5,3]],[[39114,96318],[15,8],[44,25],[15,8],[24,12],[71,38],[6,4],[18,9]],[[42086,95373],[-1,0],[-49,-15],[1,-1],[0,0],[58,-22],[114,-23],[-173,-179],[-190,-196],[-15,-16],[-882,-230],[-277,-162],[-40,-31],[-2,-2],[-24,7]],[[40606,94503],[-650,200],[-697,215],[-343,106],[-1,0],[-78,24],[-10,3],[-425,135],[-1,1],[23,3],[28,3],[7,0],[19,-3],[14,4],[12,2],[5,4],[2,3],[-8,2],[0,1],[-1,0],[0,5],[2,1],[4,-3],[17,-7],[8,-4],[7,-2],[1,-1],[17,-9],[0,-1],[2,0],[29,-15],[5,0],[9,-5],[7,-1],[0,-1],[-1,-4],[1,0],[11,-5],[14,0],[29,-10],[7,5],[12,7],[-14,7],[-28,11],[-6,3],[-9,1],[-17,9],[-25,10],[-19,6],[-9,7],[-34,14],[-16,6],[-11,6],[0,7],[2,8],[-7,7],[-7,-2],[-26,0],[-19,2],[-16,5],[-15,3],[-12,8],[-2,1],[-63,19],[-2,1],[-11,4],[-27,9],[-14,7],[-4,3],[-1,0],[-5,2],[-12,5],[-3,2],[-1,0],[-7,4],[-8,3],[-13,6],[-5,2],[-2,1],[-1,0],[-6,-6],[-6,-5],[-63,-56],[-18,5],[-36,12],[-32,12],[-29,13],[-25,11],[-26,14],[-22,13],[-21,13],[-21,11],[-26,12],[-24,9],[-51,19],[-37,11],[-34,9],[-36,9],[-39,8],[-37,6],[-38,6],[-187,23],[-18,2],[-16,2],[-17,5],[-14,4],[-14,6],[-11,6],[-10,7],[-9,8],[-13,13],[-7,5],[-1,0]],[[37368,96474],[-19,17],[-47,43],[-13,11],[-10,8],[-38,28],[-13,9],[-28,14],[-29,15],[-1,0]],[[37170,96619],[-6,3],[-9,6],[-9,5],[-4,3],[-2,0],[-1,1],[-8,5],[-13,9],[-15,9],[-3,2],[-6,3],[-1,0]],[[37093,96665],[3,4],[7,4],[15,10],[24,18],[14,10],[56,44],[64,59],[42,39],[4,3],[18,17],[17,16],[4,3],[40,35],[7,6],[22,19],[68,61],[40,35],[52,38],[27,19],[9,8],[3,2],[69,47],[35,19],[90,50]],[[37823,97231],[20,10],[7,4],[50,26],[20,10],[29,14],[21,12],[18,8],[153,73],[51,28],[65,35]],[[38257,97451],[1,0],[6,-2],[24,-12],[13,-8],[48,-22],[16,-7],[7,-4],[21,-11],[8,-4],[8,4],[3,0],[6,-3],[8,-5],[12,-4],[7,-2]],[[38445,97371],[-2,0],[-14,-5],[-105,-40],[-117,-41],[-128,-48],[1,0],[21,-5],[51,-12],[23,-6],[41,-15],[53,-27],[61,-27],[25,-5],[64,-4],[31,-10],[54,-26],[6,-6],[-2,-16],[19,-24],[-1,-5],[-2,-5],[2,-4],[4,-5],[3,-4],[2,-4],[25,-21],[19,-18],[60,-53],[10,-11],[15,-4],[49,-2],[10,-3],[6,-4],[33,-23],[13,-6],[12,-6]],[[38787,96876],[0,-1],[-11,-6],[-31,-18],[-10,-6],[-1,0],[-39,-23],[-102,-59],[-16,-9],[-21,-13],[-7,-5],[-7,-7],[0,-1],[-2,-2],[-6,-7],[-1,-1],[-3,-2],[-7,-9],[-12,-7],[-10,-7],[-12,-5],[-6,-4],[-1,-1],[-5,-2],[-3,-2],[-43,-26],[-15,-9],[-13,-9],[-42,-24],[-13,-8],[0,-1],[-15,-8],[-44,-27],[-15,-8],[-1,-1],[-18,-11],[-57,-32],[-19,-11],[-12,-8],[-39,-23],[-14,-7],[-11,-6],[-1,-1],[-39,-23],[-12,-8],[-10,-6],[-28,-17],[-9,-6],[-3,-1],[-7,-5],[-3,-1],[-7,-5],[-26,-15],[-7,-5],[-14,-8],[-38,-23],[-13,-8],[-36,13],[-49,17],[-54,18],[-8,3],[-36,11],[-1,0],[-216,72],[-19,7],[-34,10],[-1,1],[-41,-5],[-23,-1]],[[40022,96794],[8,4],[21,11],[6,3],[1,0],[18,10],[54,28],[12,6],[5,3],[1,0],[3,1],[9,4],[2,2],[80,38],[11,6],[34,16],[35,17],[104,52],[51,26],[77,40],[1,0],[8,4],[1,1]],[[40564,97066],[30,15],[17,8],[72,37],[29,15],[0,1],[5,2],[17,9],[6,3],[15,6],[46,21],[14,7],[1,0],[13,5],[12,6],[27,11],[12,6],[4,1],[11,5],[4,2],[28,12],[51,21],[29,13],[6,2],[29,12],[38,15],[12,5],[21,9],[77,31],[4,2],[31,14],[8,2],[69,24],[99,34],[129,39],[59,19],[1,0]],[[43840,96074],[-1,0],[-48,-8],[-215,-36],[-862,-356],[-628,-301]],[[42086,95373],[-470,153],[-207,68],[-676,220],[-315,103],[-1,0],[-207,68],[-401,131],[-74,16],[-1,0],[2,-5],[-9,-2],[-9,3],[-10,-1],[-13,-6],[-12,-6],[-8,-7],[0,-1],[-12,-10],[-8,-5],[-7,-7],[-3,-5],[-2,-5],[-13,-3],[-14,-3],[-44,14],[-6,2],[-2,0],[-9,2],[-24,8],[-8,3],[-1,0],[-7,2],[-16,7],[-6,2],[-1,0],[-20,8],[-4,2],[-1,0],[-3,1],[-4,1],[-4,3],[-2,1],[-1,0],[12,6],[13,8],[73,41],[23,13],[1,1],[27,15],[65,36],[18,10],[27,14],[1,1]],[[45008,96318],[-1,0],[-1167,-244]],[[43840,96074],[-297,188],[-110,69],[-406,257],[-183,116],[-20,13],[-1,1],[-3,2],[-129,82],[-40,25],[-290,186],[-50,31],[-130,86],[-43,28],[0,1],[-1,0],[2,2],[-12,11],[-13,12],[0,1],[-10,1],[-3,0],[-9,4],[-8,5],[-6,4],[-9,5],[-2,2],[-14,10],[-4,2],[-13,8],[-12,7],[-7,4],[-12,8],[-35,20],[-91,53],[-101,60],[-1,1],[-122,74],[-10,7],[-23,17],[-10,8],[-1,1],[-12,-3],[-9,-3]],[[41590,97480],[-10,9],[-44,35],[-18,14],[-9,8],[-16,13],[-21,17],[-56,45],[-8,6],[-15,10],[0,1],[-2,1],[0,1],[-19,13],[-11,8],[-2,2],[-4,3],[-9,8],[-2,1],[-3,2],[-63,49],[-20,14],[-38,21],[-18,9],[-5,3],[-1,1],[-25,14],[-8,4],[-9,5],[-2,1],[-3,2],[-2,1],[-3,2],[-8,4],[-73,40],[-17,10],[-15,8],[-18,6],[-11,7],[-12,5],[-25,10],[-7,2],[-9,5],[-1,0]],[[40948,97900],[-7,2],[-8,3],[-13,4],[-6,2],[-1,0],[-10,2],[-7,3],[-26,8],[-30,9],[-6,1],[-188,37],[-42,8],[-50,9],[-30,6],[-89,18],[-80,16],[-29,6],[-157,34],[-50,11],[-37,10],[-78,18],[-16,4],[-99,23],[-54,13],[-33,7],[-31,6],[-79,14],[-1,0]],[[45008,96318],[-231,205],[-133,119],[-363,323],[-1,0],[-257,229],[-272,229],[-2,3],[-89,110],[-1,1],[-57,43],[-31,23],[-88,63],[-1,0],[-10,9],[-82,80],[-16,14],[-15,6],[-20,2],[-23,2],[-20,-1],[-25,-1],[-24,0],[-21,2],[-13,5],[-8,1],[-20,8],[-1,1],[-1,2],[-14,7],[-1,1],[-12,5],[-20,8],[-33,9],[-13,3],[-14,0],[-15,1],[-11,3],[-15,16],[0,1],[8,0],[58,8],[-7,2],[-5,3],[-3,2],[-1,0],[-1,1],[-6,5],[-35,29],[-10,7],[-44,26],[-10,5],[-72,35],[-19,9],[-17,9],[-40,20],[-15,7],[-73,32],[-18,9],[-31,12],[-7,2],[-78,25],[-4,1],[-18,5],[-17,5],[-34,9],[-25,5],[-19,4],[-95,18],[-15,3],[-91,18],[-56,10],[-32,5],[-1,1],[-27,5],[-89,16],[-32,6],[-115,21],[-102,18],[-40,7],[-52,9],[-14,2],[-1,0],[-17,2],[-16,2],[-1,0],[-112,16],[-2,0],[-18,2],[-3,0],[-55,9],[-19,2],[-41,7],[-23,3],[-38,6],[-41,6],[-24,3],[-41,6],[-40,8],[-15,2],[-75,13],[-29,7],[-61,12],[-4,1],[-33,6],[-1,0],[-16,4],[-63,13],[-65,14],[-19,4],[-117,24],[-130,29],[-12,3],[-2,1],[-101,22],[-21,4],[-16,4],[-17,2],[-74,14],[-1,0]],[[40911,98791],[56,-11],[80,-17],[2,0],[6,-1],[12,-3],[14,-3],[2,0],[16,-4],[24,-4],[7,-2],[3,-1],[17,-3],[5,-1],[2,-1],[16,-3],[23,-5],[13,-2],[9,-2],[20,-5],[13,-2],[8,-2],[13,-3],[4,-1],[18,-3],[20,-5],[18,-4],[4,0],[7,-2],[3,-1],[18,-3],[16,-4],[5,-1],[26,-5],[24,-6],[10,-2],[11,-2],[24,-5],[18,-4],[13,-3],[3,-1],[17,-3],[13,-3],[6,-2],[13,-2],[18,-4],[7,-2],[14,-3],[19,-4],[8,-2],[2,0],[6,-2],[20,-4],[18,-4],[13,-3],[24,-5],[23,-5],[29,-6],[14,-3],[11,-3],[29,-7],[31,-6],[39,-9],[22,-5],[12,-3],[35,-7],[7,-2],[34,-7],[24,-6],[7,-2],[30,-7],[11,-2],[20,-5],[5,-1],[13,-3],[3,-1],[3,0],[4,-1],[6,-2],[10,-2],[8,-1],[5,-2],[2,0],[4,-1],[5,-1],[5,-2],[15,-3],[4,0],[8,-2],[6,-2],[11,-2],[15,-4],[9,-2],[15,-3],[7,-2],[18,-4],[16,-4],[23,-5],[5,-2],[2,0],[2,-1],[16,-3],[19,-5],[1,0],[45,-10],[9,-3],[7,-1],[22,-6],[14,-3],[2,0],[2,-1],[11,-2],[13,-3],[15,-4],[12,-3],[16,-3],[17,-5],[13,-3],[3,-1],[13,-3],[10,-2],[3,-1],[11,-2],[2,-1],[12,-3],[7,-2],[1,0],[5,-1],[7,-1],[9,-2],[8,-3],[3,0],[7,-2],[9,-2],[1,0],[5,-2],[15,-3],[4,-1],[7,-2],[15,-4],[10,-2],[16,-4],[1,0],[11,-3],[7,-2],[16,-3],[21,-5],[2,-1],[15,-4],[16,-3],[9,-3],[4,-1],[15,-3],[1,-1],[12,-2],[15,-4],[4,-1],[6,-2],[8,-2],[13,-3],[12,-3],[13,-3],[9,-2],[6,-2],[13,-3],[12,-3],[15,-4],[7,-1],[21,-6],[13,-3],[15,-3],[30,-8],[11,-3],[3,0],[4,-2],[10,-2],[5,-2],[3,0],[8,-2],[2,-1],[11,-2],[10,-3],[5,-1],[2,-1],[6,-1],[7,-2],[4,-1],[6,-1],[24,-6],[1,-1],[11,-2],[2,-1],[3,-1],[12,-3],[13,-3],[12,-3],[5,-1],[3,-1],[5,-1],[20,-6],[2,0],[13,-4],[10,-2],[8,-2],[15,-4],[5,-1],[1,0],[19,-5],[25,-7],[16,-3],[17,-5],[15,-4],[8,-2],[19,-5],[4,-1],[22,-6],[40,-10],[30,-8],[43,-11],[33,-9],[19,-5],[31,-8],[25,-6],[2,-1],[8,-2],[3,-1],[9,-2],[9,-3],[1,0],[7,-2],[3,-1],[2,0],[5,-2],[2,0],[9,-2],[19,-6],[32,-8],[15,-4],[18,-5],[13,-3],[9,-3],[5,-1],[15,-4],[22,-6],[18,-5],[13,-4],[5,-1],[9,-2],[5,-2],[9,-2],[6,-2],[18,-5],[8,-2],[6,-2],[11,-3],[5,-1],[16,-4],[6,-2],[1,0],[22,-6],[7,-2],[20,-5],[7,-2],[4,-2],[8,-2],[7,-2],[30,-8],[17,-5],[17,-4],[8,-2],[1,-1],[7,-2],[4,-1],[2,0],[5,-2],[6,-1],[11,-4],[3,0],[11,-3],[5,-2],[9,-2],[12,-4],[4,-1],[11,-3],[10,-3],[15,-4],[24,-6],[1,0],[9,-3],[18,-5],[12,-4],[12,-3],[3,-1],[2,0],[20,-6],[2,-1],[10,-2],[6,-2],[8,-3],[11,-3],[14,-3],[10,-3],[12,-4],[10,-2],[7,-2],[26,-8],[1,0],[12,-4],[11,-3],[14,-4],[9,-2],[15,-5],[15,-4],[6,-2],[4,-1],[7,-1],[8,-3],[5,-1],[2,-1],[12,-4],[7,-2],[8,-2],[7,-2],[23,-6],[31,-9],[10,-3],[19,-6],[33,-9],[11,-4],[6,-1],[7,-2],[2,-1],[6,-2],[13,-3],[2,-1],[8,-2],[4,-2],[10,-2],[7,-2],[1,0],[10,-3],[12,-4],[5,-1],[4,-2],[7,-2],[11,-3],[2,0],[1,-1],[5,-2],[7,-1],[1,-1],[10,-3],[7,-2],[10,-3],[12,-3],[2,-1],[6,-1],[5,-2],[9,-3],[8,-2],[2,-1],[19,-5],[15,-5],[26,-7],[8,-3],[16,-5],[31,-9],[8,-2],[13,-4],[30,-9],[42,-12],[4,-2],[68,-20],[47,-15],[29,-8],[33,-10],[15,-5],[57,-18],[192,-77],[77,-25],[59,-20],[51,-17],[52,-17],[116,-39],[33,-11],[12,-3],[57,-19],[149,-50],[7,-2],[12,-4],[182,-61],[619,-205],[431,-143],[125,-41],[23,-8],[-8,-2],[-2644,-574]],[[37203,98254],[2,-2],[0,-1],[-4,-2],[-14,-6],[-1,-1],[-30,-18],[-26,-13],[-27,-12]],[[39713,96270],[-9,3],[-27,10],[-108,41],[-35,13],[-1,0],[-46,17],[-135,51],[-44,17],[-1,0]],[[39307,96422],[25,13],[75,40],[24,13],[37,19],[51,27],[7,5],[49,26],[18,9],[19,9],[11,5],[31,16],[9,5],[8,4],[21,11],[6,3],[1,0],[39,20],[48,24],[92,48],[15,8],[1,0]],[[39894,96727],[30,18],[71,37],[20,11],[7,1]],[[40022,96794],[1,0],[8,-3],[21,-8],[36,-12],[10,-3],[31,-10],[15,-5],[29,-11],[19,-7],[56,-20],[19,-7],[21,-7],[50,-18],[12,-4],[22,-7],[11,-4],[33,-11],[10,-3],[21,-7],[49,-16],[14,-5],[21,-7],[-1,0],[-33,-14],[-49,-19],[-75,-30],[-24,-10],[-79,-33],[-70,-30],[-28,-11],[-55,-23],[-20,-9],[-12,-4],[-48,-20],[-21,-9],[-23,-10],[-70,-29],[-23,-10],[-20,-9],[-61,-26],[-3,-1],[-20,-10],[-17,-8],[-11,-5],[-34,-18],[-5,-3],[-16,-8]],[[1749,74174],[-23,160],[-12,83],[-8,61],[-13,88],[0,6],[-11,80],[-4,33],[-1,5],[-34,236],[-9,65],[-21,147],[0,1]],[[8393,72885],[5,25],[4,22],[2,10],[0,1],[3,17],[1,3],[6,39],[0,1],[7,27],[2,9],[0,1],[1,1],[2,17],[1,8],[1,6],[0,4],[2,18],[0,22],[-1,4],[2,9],[0,2],[1,4],[1,10],[0,2],[2,31],[4,21],[0,7],[1,2],[0,9],[1,5],[2,19],[6,58],[3,18],[1,7],[1,6],[0,14],[1,4],[0,3],[2,13],[0,2],[4,36],[1,12],[1,10],[1,1],[1,6],[3,28],[0,12],[3,16],[5,51],[2,12],[0,2],[1,3],[0,2],[1,11],[1,9],[0,2],[1,5],[3,22],[0,1],[2,13],[9,66],[1,9],[0,1],[1,7],[0,1]],[[8147,72271],[34,60],[31,75],[23,60],[2,7],[0,2],[4,10],[5,14],[23,57],[9,21],[11,25],[0,1],[22,53],[4,8],[28,69],[11,9],[26,71],[0,1],[1,1],[1,4],[3,11],[2,15],[0,3],[1,4],[3,18],[1,3],[1,8],[0,4]],[[8393,72885],[1,0],[7,-1],[8,0],[17,-2],[6,-2],[2,-1],[5,-2],[2,0],[2,-5],[1,-1],[7,-13],[16,-28],[18,-31],[9,-15],[4,-8],[6,-10],[8,-13],[46,-79],[6,-10],[1,-1],[9,-15],[0,-1],[7,-10],[9,-17],[4,-5],[13,-24],[9,-16],[10,-16],[12,-19],[1,-2],[0,-1],[16,-27],[3,-6],[1,-1],[11,-19],[3,-6],[7,1],[20,2],[7,1],[20,4],[5,0],[25,2],[20,2],[46,0],[4,1],[24,1],[10,0],[40,3],[13,1],[55,6],[54,8],[23,4],[48,8],[100,17],[3,0],[60,6],[90,3],[91,-2],[66,0],[55,4],[46,7],[1,0],[3,-3],[10,-7],[20,-16],[2,-2],[3,-2],[0,-1],[3,-2],[13,-8],[13,-11],[10,-7],[20,-12],[6,-3],[31,-14],[35,-13],[31,-9],[8,-1],[42,-9],[72,-7],[83,-8],[87,-9],[30,-3],[29,0],[15,3],[15,5],[37,17],[17,9],[23,9],[21,5],[25,5],[15,2],[6,1],[23,2],[55,0],[25,-2],[27,-1],[30,-1],[18,-1],[60,-1]],[[8414,71905],[68,2],[1,0],[94,1],[10,0],[26,1],[83,2],[27,0],[13,1],[40,1],[118,5],[40,1],[6,1],[47,2],[48,1],[143,5],[47,2],[54,1],[27,1],[55,2],[76,2],[54,1],[132,3],[128,2],[239,6],[31,1],[132,4],[140,6],[416,14],[5,1],[141,4]],[[11448,71999],[0,-1],[11,-19],[5,-10],[3,-5],[11,-18],[9,-15],[7,-11],[12,-20],[0,-1],[7,-12],[3,-5],[18,-33],[12,-21],[1,-2],[9,-16],[7,-14],[1,-1],[3,-5],[22,-39],[9,-15],[11,-19],[9,-16],[15,-26],[5,-8],[4,-7],[9,-16],[1,-3],[3,-4],[0,-1],[2,-2],[0,-1],[2,-4],[17,-29],[7,-11],[1,-3],[15,-26],[4,-8],[17,-29],[10,-17],[71,-127],[5,-7],[3,-7],[9,-15],[32,-58],[24,-44],[2,-6],[0,-1],[1,0],[0,-1],[1,-1],[22,-54],[11,-30],[5,-24],[-2,-7],[-3,-7],[-10,-18],[-5,-6],[-13,-14],[-3,-1],[-17,0],[-155,-33],[-44,0],[-79,-2],[-142,-14],[-153,-23],[-190,0],[-57,-1],[-124,-1],[-83,-13],[-55,2],[-2,0],[-81,1],[-51,2],[-145,1],[-116,-26],[-96,-9],[-21,-1],[-98,6],[-19,1],[-61,7],[-35,4],[-36,4],[-64,49],[-6,1],[-94,23],[-42,3],[-93,9],[-3,0],[-48,6],[-17,2],[-7,1],[-40,0],[-21,-2],[-21,-5],[-31,-7],[-46,-19],[-17,-4],[-63,-11],[0,-1],[1,-1],[4,-8],[3,-3],[22,-27],[2,-3],[11,-10],[15,-16],[13,-13],[34,-35],[9,-9],[8,-5],[-3,-1],[-7,-5],[-42,-17],[-2,-1],[-99,-31],[-81,-27],[-50,-16],[-3,-1],[-7,-3],[-61,-15],[-58,-11],[-97,-24],[-73,-20]],[[10675,73933],[-4,1],[-2,0],[-35,11],[-38,10],[-254,70],[-50,14],[-86,23],[-54,13],[-21,3],[-285,35],[-224,28],[-47,5],[-25,1],[-59,1],[-202,-2],[-2,0],[-361,-3],[-76,0],[-225,-3],[-75,0]],[[8550,74140],[0,3],[5,22],[21,65],[10,26],[11,23],[54,77],[198,282],[43,59],[21,31],[1,0],[18,25],[1,1],[161,227],[33,47],[73,106],[3,4],[13,20],[51,74],[109,159],[18,36],[13,29],[6,15],[3,6],[11,30],[5,14],[1,4],[2,10],[11,43],[9,35],[15,64],[1,2],[1,7],[5,19],[1,5],[13,43],[0,1],[12,56],[23,112],[12,59],[13,56],[3,16],[2,7],[2,4],[0,4],[2,9],[13,73],[5,28],[5,26],[6,32],[1,4],[4,20],[2,12],[0,5],[6,35],[3,22],[7,17],[0,1]],[[7593,71927],[1,-1],[3,-1],[3,-3],[14,-7],[26,-7],[29,-5],[31,-5],[26,-1],[50,-1],[95,1],[4,0],[72,1],[233,3],[1,0],[120,2],[9,0],[29,1],[15,0],[46,1],[14,0]],[[8414,71905],[3,-6],[16,-33],[4,-10],[14,-31],[9,-20],[6,-14],[20,-41],[1,-2],[18,-41],[22,-50],[10,-24],[8,-20],[23,-52],[7,-17],[78,-172],[24,-51],[21,-45],[30,-66],[15,-29],[32,-72],[10,-21],[23,-50],[15,-35],[69,-156],[7,-15],[3,-8],[14,-33],[22,-52],[8,-13]],[[10518,73196],[-9,5],[-6,3],[-51,14],[-31,7],[-20,5],[-33,6],[-13,3],[-86,30],[-126,62],[-38,24],[-33,28],[-22,31],[-1,2],[4,24],[5,36],[-4,25],[-1,4],[-13,18],[-4,2],[-2,2],[-9,8],[-6,4],[-2,1],[100,60],[13,8],[185,111],[80,49],[21,12],[100,60],[31,19],[8,5],[85,52],[12,7],[6,3],[16,6],[1,1]],[[10675,73933],[39,-13],[5,-2],[21,-6],[56,-19],[348,-114],[16,-5],[121,-40],[26,-9],[81,-27],[27,-8],[59,-20],[50,-17],[20,-7],[39,-13],[8,-3],[68,-22],[78,-25],[66,-26],[47,-15],[97,-32],[13,-4],[2,-1],[8,-3],[4,-1],[28,-10],[2,0],[55,-21],[36,-13],[30,-11],[20,-7],[58,-20],[19,-7],[58,-20],[99,-35],[73,-23],[59,-19],[110,-32],[20,-6],[42,-12],[49,-11],[235,-47],[118,-20],[152,-29],[52,-10],[199,-36],[205,-39],[152,-28],[164,-31],[314,-60],[176,-34],[28,-5],[38,-6],[48,-3],[29,0],[49,1],[51,3],[18,1],[4,1],[20,1]],[[14220,72313],[-42,-7],[-83,-15],[-1,0],[-149,-25],[-137,-21],[-26,-4],[-53,-6],[-36,-1],[-2,0],[-84,-10],[-77,-9],[-6,0],[-21,-2],[-11,-1],[-122,-13],[-100,-11],[-92,-9],[-241,-24],[-44,-5],[-6,0],[-139,-15]],[[10569,72462],[4,23],[35,71],[10,26],[6,13],[3,6],[0,5],[1,5],[2,8],[4,25],[1,5],[1,14],[0,3],[-1,4],[0,2],[-1,14],[2,8],[-45,5],[-46,10],[-8,1],[-29,1],[-20,-1],[-13,-1],[-57,-9],[-22,1],[-45,5],[-37,5],[-10,2],[-14,5],[-5,5],[-13,12],[0,1],[-3,5],[-12,26],[-1,2],[-9,7],[-20,6],[-75,7],[-37,-1],[-37,-4],[-55,-7],[-17,-3],[-89,-23],[-36,-13],[-7,-1],[-28,-2],[-49,-3],[-29,-1],[-11,-1],[-45,-10],[-58,-7],[-17,0],[-25,2],[-34,10],[-56,22],[-76,20],[-9,2],[-33,19],[-10,3],[-37,7],[-43,5],[-84,10],[-69,8],[-68,14],[-61,15],[-1,0],[-20,10],[-28,20],[-1,0],[0,1],[49,10],[24,5],[123,27],[48,10],[258,56],[17,5],[16,8],[14,13],[50,59],[9,10],[8,10],[1,0],[62,-11],[150,-26],[2,4],[9,4],[13,4],[16,2],[19,-1],[14,-3],[9,-5],[7,-4],[47,9],[80,17],[47,10],[24,4],[4,1],[20,2],[44,3],[32,0],[23,-2],[6,0],[16,-2],[11,-1],[27,-5],[25,-5],[1,-1],[18,-4],[3,-2],[7,5],[19,13],[3,3],[6,5],[154,87],[1,1]],[[10518,73196],[8,-6],[1,0],[13,-16],[13,-15],[41,-50],[3,-2],[15,-13],[1,-1],[16,-12],[45,-24],[4,-1],[54,-18],[34,-9],[29,-5],[36,-6],[41,-5],[18,-1],[61,-1],[106,-6],[63,1],[8,-1],[35,-7],[49,-4],[36,0],[70,6],[2,0],[50,3],[9,-3],[0,-3],[1,-2],[1,-1],[2,-1],[2,-2],[20,-7],[19,-8],[7,-3],[30,-13],[18,-6],[100,-25],[17,-5],[19,-7],[34,-14],[78,-42],[34,-16],[3,-1],[50,-18],[1,0],[12,-8],[57,7],[12,2],[60,16],[39,5],[31,2],[46,3],[65,3],[3,0],[43,6],[63,12],[23,3],[30,-1],[59,-5],[21,-3],[25,-2],[72,-10],[71,-11],[24,-2],[16,-2],[0,-5],[-6,-21],[-9,-14],[0,-1],[-1,-1],[-14,-19],[-2,-2],[-5,-7],[-12,-17],[-3,-3],[-2,-4],[0,-1],[-4,-10],[-1,-3],[0,-3],[-1,-5],[5,-19],[2,-7],[25,-83],[27,-70],[15,-35],[14,-32],[3,-8],[1,-1],[0,-2],[92,-256],[10,-20],[7,-15],[20,-42]],[[12748,72135],[-150,-19],[-470,-56],[-113,-9],[-73,-8],[-82,-10],[-69,-7],[-69,-6],[-73,-6],[-21,-2],[-8,-1],[-3,0],[-64,-5],[-32,-2],[-4,-1],[-20,-1],[-8,-1],[-20,-1],[-21,-1]],[[11448,71999],[-47,-2],[-20,0],[-124,-5],[-38,-1],[-9,-1],[-71,-3],[-94,-2],[-17,-1],[-102,-3],[-71,-3]],[[10855,71978],[-1,6],[-7,8],[-36,42],[-3,4],[-8,9],[-9,11],[-4,6],[-17,20],[-15,17],[-5,5],[-4,6],[-6,8],[-9,8],[-11,10],[-1,0],[0,1],[-1,4],[-1,5],[-1,0],[-13,15],[-4,8],[-18,21],[-2,3],[-7,8],[-4,6],[-1,0],[-2,3],[-21,25],[-22,21],[-8,8],[-1,0],[-3,8],[-2,3],[-14,24],[-7,11],[-13,29],[-2,16],[-1,4],[-1,2],[-2,5],[-2,2],[0,7],[-2,26],[2,11],[0,20],[1,9],[1,5],[0,6],[1,8]],[[2402,69496],[-13,98],[0,1],[-2,12],[-26,185],[-21,145],[-17,129],[-9,58],[-72,516],[-40,284],[-75,533],[-11,81],[-7,45],[-3,25],[-3,18],[-4,33],[-4,28],[-42,302],[-14,101],[-83,596],[-4,27],[0,1],[-2,17],[-11,73],[-15,106],[-19,139],[0,4],[-2,9],[-7,53],[-6,44],[-7,51],[-41,302],[-37,265],[-29,202],[-27,194],[0,1]],[[1749,74174],[54,-2],[78,1],[25,0],[40,1],[160,0],[64,1],[119,0],[74,1],[63,0],[760,5],[96,1],[67,0],[86,1],[402,3],[163,1],[327,2],[68,1],[33,-1],[66,0],[19,1],[30,1],[351,3],[53,-1],[43,-1],[47,-2],[51,-3],[500,-34],[110,-7],[7,-1],[109,-8],[131,-8],[155,-11],[30,-2],[47,-3],[38,-3],[257,-17],[86,-6],[128,-9],[49,0],[49,2],[48,3],[48,4],[48,5],[47,6],[37,5],[159,21],[109,15],[156,21],[23,2],[24,2],[25,2],[48,2],[56,0],[18,-1],[24,-1],[28,-1],[44,0],[33,-3],[131,-6],[160,-8],[1,0],[34,-2],[37,-1],[15,-1],[9,-1],[47,-1],[58,-2],[59,-1],[81,0],[98,-1],[36,0],[25,2]],[[8550,74140],[0,-1],[-3,-17],[-1,-1],[-6,-57],[-7,-65],[0,-3],[-2,-14],[0,-2],[-1,-5],[-3,-31],[-2,-18],[-3,-24],[-1,-16],[-1,-9],[0,-2],[-5,-40],[-1,-6],[-3,-25],[-6,-44],[0,-1],[-4,-33],[-3,-22]],[[8498,73704],[-103,4],[-240,6],[-56,1],[-81,3],[-1,0],[-1,3],[0,1],[-24,0],[-191,1],[-63,2],[-94,2],[2,-124],[4,-233],[-408,-91],[-122,-28],[-4,-1],[-10,-3],[-41,-16],[-85,-31],[42,-29],[2,-2],[200,-140],[21,-14],[-1,-1],[-187,-53],[-764,-237],[-131,-41],[-1,0],[-5,-6],[-1,-1],[-34,-39],[-17,-19],[-14,-17],[-12,-14],[-4,-4],[74,-43],[59,-33],[796,83],[26,-53],[44,-95],[67,-147],[12,1],[18,2],[20,1],[6,0],[15,2],[104,8],[106,9],[56,3],[7,1],[31,1],[76,0],[35,-1],[22,-2],[41,-2],[3,0],[263,-20],[72,-10],[120,-17]],[[8147,72271],[0,-1],[-1,0],[-43,-54],[-35,-34],[-31,-26],[-45,-32],[-11,-8],[-76,-46],[-9,-5],[-42,-19],[-112,-53],[-71,-30],[-41,-19],[-37,-17]],[[7593,71927],[-59,18],[-18,4],[-26,5],[-25,4],[-13,1],[-12,1],[-42,0],[-14,2],[-14,0],[-27,2],[-12,2],[-11,1],[-42,9],[-16,6],[-39,12],[-24,9],[-21,6],[-1,1],[-275,70],[-185,54],[-89,31],[-76,24],[-25,8],[-16,5],[-45,14],[-2,0],[-4,2],[-113,38],[-19,7],[-67,23],[-39,14],[-52,17],[-66,22],[-184,66],[-1,0],[-23,8],[-9,3],[-1,1],[0,-1],[-30,-30],[-30,-28],[-21,-20],[-21,-18],[-17,-14],[-17,-15],[-17,-12],[-19,-14],[-20,-15],[-21,-16],[-15,-11],[-20,-14],[-17,-12],[-15,-10],[-16,-10],[-15,-10],[-18,-11],[-21,-13],[-23,-14],[-32,-18],[-42,-26],[-353,-213],[-52,-31],[-21,-12],[-75,-45],[-129,-76],[0,-1],[-207,-122],[-1,0],[-234,-139],[-31,-18],[-50,-29],[-20,-12],[-20,-13],[-25,-15],[-32,-19],[-31,-18],[-20,-12],[-23,-14],[-24,-15],[-28,-17],[-45,-30],[-16,-12],[-27,-21],[-20,-16],[-17,-13],[-21,-19],[-21,-20],[-25,-25],[-20,-22],[-1,-2],[-19,-19],[-15,-19],[-13,-18],[-21,-27],[-13,-20],[-37,-59],[-137,-225],[-71,-116],[-58,-94],[-1,0],[-33,-54],[-102,-165],[-33,-52],[-17,-29],[-14,-22],[-195,-316],[-106,-174],[-21,-33],[-11,-18],[-15,-18],[-10,-15],[-14,-16],[-13,-16],[-15,-15],[-20,-21],[-23,-24],[-14,-14],[-20,-19],[-22,-20],[-12,-11]],[[34045,80055],[-1,0],[-2,-2],[-80,-82],[-44,-56],[-82,-79],[-11,-10],[-48,-53],[-81,-89],[-41,-56],[-115,-89],[-141,-91],[-144,-91],[-141,-79],[-200,-104],[-78,-51],[-157,-85],[-128,-60],[-175,-76],[-106,-49],[-76,-32],[-36,-15],[-19,-15],[-118,-60],[-130,-68],[-132,-89],[-76,-97],[5,-35],[9,-7],[77,-66],[83,-80],[67,-55],[14,-12],[5,-3],[44,-22],[34,-8],[43,-10],[19,-3],[6,-1],[7,0],[1,-1],[2,0],[7,-1],[98,-12],[47,-11],[28,-6],[106,-31],[15,-5],[55,-16],[9,-3],[8,-3],[0,-1],[2,-2],[1,0],[5,-4],[6,-4],[4,-7],[3,-3],[2,-14],[1,-2],[3,-19],[5,-7],[10,-15],[-7,-70],[-14,-36],[1,0],[8,-18],[1,-2],[5,-11],[6,-3],[23,-12],[28,-14],[16,-32],[15,-88],[-8,-48],[-5,-24],[-3,-7],[-16,-36],[1,-1],[19,-56],[4,-10],[6,-41],[4,-35],[-5,-12],[-25,-65],[-28,-34],[-6,-42],[11,-49],[0,-9],[-12,-16],[-52,-67],[-41,-66],[-3,-25],[-7,-62],[-1,-1],[-25,-81],[-1,-4],[-11,-73],[1,-2],[1,-1],[1,-2],[2,-3],[1,-2],[69,-25],[39,-21],[4,-43],[-8,-51],[-3,-13],[0,-2],[-9,-23],[-9,-5],[-82,-59],[-7,-5],[-82,-71],[-96,-117],[-29,-88],[-5,-29],[0,-8],[-2,-130],[4,-124],[1,-1],[0,-1],[-1,-55],[-18,-44],[0,-1],[3,-8],[8,-31],[1,-1],[43,-47],[10,-19],[12,-24],[0,-1],[1,-3],[15,-48],[1,-20],[3,-51],[-5,-30],[-1,-2],[0,-3],[6,-10],[77,-25],[64,-25],[26,-9],[49,-15],[22,-7],[17,-10],[21,-12],[24,-17],[15,-11],[-1,-1],[-17,-16],[-6,-3],[-32,-7],[-33,-5],[-24,0],[0,-21],[-3,-10],[-1,-4],[0,-2],[-3,-7],[-2,-4],[-6,-11],[-446,-30],[-805,-53],[-57,-4],[-17,0],[-507,-26],[-11,-1],[-471,-23],[-96,-2],[-1470,-30]],[[28394,72438],[0,-1],[-6,-86],[630,-312],[139,-70],[236,-119],[279,-140]],[[19974,69395],[-36,30],[-2,3],[-16,13],[-1,0],[-8,8],[-14,16],[-15,15],[-12,15],[-13,15],[-2,2],[-7,10],[-1,1],[-4,7],[-7,13],[-7,14],[-3,9],[-4,15],[-3,10],[-1,12],[0,10],[-1,0],[0,1],[-2,21],[0,25],[-3,13],[0,13],[-4,51],[-7,47],[-3,22],[-4,9],[-10,24],[-8,8],[0,1],[-2,10],[-1,6],[-7,17],[-4,9],[-1,0],[-1,4],[-5,8],[0,1],[-1,1],[-3,4],[-12,20],[-5,5],[-9,12],[-14,18],[-36,42],[-13,16],[-12,15],[-3,4],[-6,9],[-23,25],[-1,0],[0,1],[-5,6],[-2,4],[-4,6],[-7,14],[-1,4],[-4,8],[-1,4],[-21,89],[-12,56],[-10,25],[-15,26],[-6,8],[-12,17],[-20,24],[-84,91],[-8,8],[-21,22],[-14,16],[-48,56],[-34,37],[-18,18],[-12,10],[-13,10],[-23,16],[-63,37],[-26,20],[-66,42],[-51,30],[-155,94],[-41,25],[-18,12],[-34,22],[-33,19],[-35,16],[-101,45],[-82,35],[-164,52],[-1,1],[-82,30],[-108,37],[-71,26],[-37,13],[-32,7],[-16,-13],[-20,-18],[-24,-23],[-13,-12],[-86,-84],[-33,-34],[-38,-37],[-58,-55],[-7,-7],[-24,-22],[-77,-71],[-14,-14],[-30,-29],[0,-1],[-18,-16],[-29,-28],[-23,-22],[-88,-88],[-66,-65],[-21,-20],[-13,-15],[-16,-17],[-17,-18],[-28,-22],[-5,-5],[-1,0],[-17,-17],[-23,-26],[-84,-80],[-33,-31],[-18,-14],[-23,-16],[-25,-16],[-15,-7],[-32,-15],[-111,-52],[-55,-25],[-40,-17],[-52,-27],[-46,-24],[-61,-30],[-43,-24],[-23,-12],[-30,-19],[-49,-33],[-7,-4],[-6,-3],[-20,-15],[-10,-6],[-12,-6],[-14,-4],[-14,-3],[-17,-3],[-21,-2],[-43,1],[-23,0],[-5,1],[-10,-50],[-4,-17],[0,-2],[-34,-94],[-33,-65],[-1,-4],[-13,-37],[-15,-42],[-9,-25]],[[15376,71418],[10,5],[7,3],[6,2],[9,5]],[[15408,71433],[-87,42],[-75,36],[-501,245],[-329,167],[-24,16],[0,1],[-10,6],[-61,45],[-22,18],[-48,54],[-8,16],[-27,53],[-2,9],[-4,11],[-8,50],[-4,27],[8,40],[14,43],[0,1]],[[14220,72313],[7,9],[0,1],[-10,-1],[-28,-5],[-9,-2],[-2,0]],[[19046,72792],[2,-2],[1,0],[1,-1],[4,-5],[0,-1],[-8,-16],[-7,-11],[-28,-27],[-12,-7],[-13,-4],[-20,1],[-141,42],[-14,4],[-18,4],[-57,7],[-144,16],[-157,9],[-27,0],[-30,-2],[-47,-8],[-45,-13],[-46,-16],[-66,-24],[-68,-30],[-16,-6],[-47,-16],[-30,-9],[-33,-7],[-69,-13],[-60,-1],[-65,-5],[-79,-9],[-57,-12],[-48,-18],[-21,-14],[-4,-6],[-3,-11],[10,-36],[1,-4],[4,-37],[1,-4],[1,-18],[-19,-27],[-6,-6],[-42,-26],[-104,-71],[-10,-8],[-2,-1],[-44,-25],[-1,0],[-41,-23],[-52,-27],[-12,-6],[-77,-24],[-28,-8],[-101,-30],[-28,-8],[-17,-3],[-26,-3],[-40,0],[-17,1],[-83,4],[-25,0],[-35,-1],[-23,-3],[-17,-6],[-17,-5],[-14,-5],[-43,-6],[-36,-10],[-11,-5],[-5,-2],[-6,-4],[-2,-12],[22,-26],[18,-30],[1,-3],[17,-31],[21,-33],[0,-1],[13,-19],[6,-7],[23,-23],[35,-34],[18,-18],[3,-8],[-2,-13],[-5,-15],[-3,-8],[-13,-28],[-13,-11],[-8,-3],[-39,-3],[-7,1],[-16,4],[-9,6],[-50,29],[-7,7],[-14,19],[-13,18],[-1,1],[-5,4],[-3,3],[-16,8],[-21,9],[-4,1],[-1,0],[-15,4],[-34,7],[-25,4],[-25,-1],[-1,0],[-9,-1],[-10,-3],[-16,-6],[-19,-14],[-6,-10],[1,-10],[1,-7],[1,-5],[3,-6],[1,-4],[1,0],[11,-9],[10,-10],[72,-45],[6,-7],[1,-8],[-1,-3],[-13,-9],[-14,-5],[-42,-4],[-59,-2],[-37,-3],[-138,-22],[-38,-8],[-62,-16],[-7,-2],[-17,-7],[-41,-24],[-12,-15],[-9,-15],[1,-9],[0,-1],[4,-11],[7,-10],[10,-7],[43,-20],[41,-11],[19,-2],[49,-3],[13,-2],[0,-1],[4,-6],[0,-1],[-4,-14],[-9,-9],[-14,-10],[-15,-3],[-20,-2],[-28,1],[-9,3],[-14,6],[-1,1],[-4,3],[-8,7],[-22,25],[-20,9],[-18,3],[-32,4],[-36,3],[-27,1],[-9,0],[-11,-2],[-34,-8],[-57,-19],[-14,-11],[-16,-20],[-11,-3],[-10,-3],[-9,0],[-68,13],[-18,0],[-42,-3],[-11,0],[-4,-1],[-12,-1],[-4,0],[-17,-4],[-8,-2],[-10,-4],[-46,-32],[-3,-2],[-4,-2],[-16,-5],[-23,-7],[-21,-5],[-4,-3],[-7,-5],[0,-6],[-2,-16],[-1,-15],[1,-1],[7,-10],[0,-1],[-10,5]],[[19046,72792],[-47,6],[-33,8],[-70,32],[-51,23],[-58,5],[-68,6],[-30,9],[-1,0],[-6,23],[-12,51],[-10,10],[-11,10],[-33,16],[8,17],[41,9],[61,3],[21,14],[5,19],[-62,28],[-1,1],[-52,30],[-31,39],[-1,2],[-3,12],[18,14],[51,-4],[32,-13],[68,-57],[53,-9],[73,18],[50,32],[14,43],[-1,2],[-24,61],[-25,26],[-32,7],[-7,8],[-21,23],[-7,37],[-23,32],[-1,1],[-35,11],[-44,5],[-36,11],[-24,24],[-13,23],[-8,15],[0,1],[-23,29],[-14,16],[-1,0],[0,1],[-16,16],[-35,3],[-38,-14],[-35,-25],[-73,-19],[-60,-11],[-22,-13],[64,-21],[70,-22],[20,-27],[-29,-23],[-53,-13],[-121,0],[-102,4],[-57,-15],[-117,-50],[-95,-33],[-50,-15],[-41,2],[-36,16],[-10,20],[0,1],[6,17],[29,24],[107,48],[48,25],[56,29],[0,1],[3,15],[-26,16],[-89,0],[-79,-12],[-60,-2],[-26,3],[-3,8],[-7,16],[-10,37],[-38,16],[-32,-6],[-28,-12],[-48,-12],[-17,-3],[-28,-5],[-22,-17],[-34,-42],[-34,-15],[-57,1],[-30,14],[-2,4],[-26,43],[-25,22],[-27,27],[-30,13],[-1,0],[-24,11],[-15,4],[-1,0]],[[28013,74342],[-1,-1],[-3,-16],[219,-1071],[54,-267],[41,-198],[19,-97],[3,-9],[5,-27],[23,-111],[21,-107]],[[28394,72438],[-507,-81],[-1024,-162],[-421,-172],[-64,-26],[-241,-65],[-167,-41],[-52,-9],[-53,-10],[-18,-9],[-12,-12],[1,-12],[1,-1],[0,-1],[-3,-20],[-46,-22],[-53,-59],[-83,-28],[-121,12],[-94,34],[-93,79],[-56,-1],[-106,-1],[-156,-31],[-147,-3],[-168,-3],[-39,1],[-55,3],[-28,-25],[0,-1],[4,-30],[14,-52],[-1,0],[-37,-35],[-53,-19],[-64,-9],[-63,-3],[-64,-2],[-175,-11],[-99,26],[-57,33],[-1,58],[-2,10],[-5,23],[-7,35],[-58,8],[-30,4],[-73,-6],[-104,-39],[-109,-34],[-90,-24],[-24,4],[-122,18],[-76,20],[-228,82],[-345,103],[-62,36],[-49,45],[-64,59],[-193,68],[-306,35],[-16,19],[-10,12],[0,1],[-4,17],[-7,32],[-3,67],[14,28],[15,35],[148,103],[65,51],[46,61],[-2,82],[0,17],[24,54],[36,17],[32,16],[1,47],[-47,41],[-10,8],[-1,2],[-2,1],[-51,37],[-116,50],[-175,68],[-187,34],[-1,0],[-73,24],[-172,53],[-44,14],[-80,19],[-142,10],[-117,9],[-110,-5],[-63,-32],[-19,-9],[-41,-20],[-41,-17],[-71,-7],[-83,16],[-64,38],[-110,29],[-98,5],[-88,-22],[-22,-9],[-24,-13],[-47,-41],[-9,-40],[-2,-11],[3,-10],[21,-60],[80,-47],[41,-15],[5,-5],[2,-1],[8,-7],[5,-11],[6,-14],[-5,-13],[-3,-7],[-59,-24],[-55,-9],[-71,-12],[-54,-2],[-107,2],[-78,-2],[-68,11],[-60,19],[-71,18],[-84,24],[-92,-1],[-99,-12],[-130,2],[-105,9],[-71,-1],[-36,-18],[-59,-51],[-17,-27],[-76,-10]],[[11951,76045],[-17,7],[-12,7],[-50,24],[-1,1],[-6,3],[-39,22],[-13,7],[-50,30],[-13,7],[-77,43],[-27,14],[-12,6],[-18,6],[-38,14],[-48,19],[-61,22],[-43,15],[-59,16],[-42,10],[-9,1],[-36,8],[-24,5],[-20,4],[-40,6],[-53,6],[-39,5],[-36,2],[-4,1],[-59,3],[-1,0],[-19,2],[-24,0],[-125,3],[-42,1],[-108,2],[-52,1],[-23,1],[-114,2],[-74,-1],[-81,-1],[-279,-9],[-71,-2],[-111,-3],[-19,-1],[-58,-2],[-19,-1]],[[13156,70841],[1,0],[7,2],[21,4],[7,2],[6,-14],[2,-7],[11,-19],[10,-22],[1,0],[5,-1],[33,-2],[34,0],[10,1],[10,3],[20,9],[45,3],[27,4],[21,9],[5,6],[-2,8],[-1,5],[-1,6],[4,22],[19,23],[3,6],[-2,14],[-1,6],[-4,17],[-3,9],[2,32],[14,23],[3,13],[-3,5],[-12,24],[0,1],[-3,9],[2,4],[5,6],[4,2],[7,2],[28,5],[36,0],[39,-1],[8,0],[20,-3],[7,-1],[14,-6],[10,-4],[1,0],[1,-1],[44,-17],[11,1],[-15,22],[-1,1],[-2,4],[-3,3],[-1,4],[-1,2],[6,3],[7,1],[85,-3],[5,0],[21,-1],[77,-6],[16,0],[51,6],[25,7],[45,11],[5,0],[12,-4],[38,-27],[9,-5],[16,-7],[12,-3],[67,-6],[12,-6],[1,-1],[1,-2],[3,-4],[7,-10],[4,-2],[36,-3],[16,-5],[8,-9],[1,0],[2,-3],[11,-15],[1,-2],[-6,-5],[-14,-4],[-21,-5],[-23,-4],[-14,-1],[-27,2],[-11,1],[-14,5],[-39,25],[-16,4],[-6,0],[-33,-7],[-64,2],[-21,-5],[-59,6],[-21,-3],[-7,-4],[0,-4],[38,-7],[7,-2],[9,-5],[2,-3],[-11,-12],[1,-1],[0,-1],[3,0],[40,1],[10,-1],[0,2],[2,18],[18,1],[5,3],[10,3],[11,-1],[13,-3],[11,-4],[6,-13],[2,-2],[11,1],[22,0],[16,-1],[14,-4],[9,-4],[5,-9],[2,-2],[0,-5],[7,-4],[12,7],[16,5],[7,0],[13,-1],[9,-2],[1,0],[0,-1],[1,-1],[0,-5],[-2,-13],[1,0],[34,-6],[33,-11],[4,1],[3,2],[0,1],[-2,9],[-7,13],[-22,13],[0,1],[-1,2],[0,1],[-1,0],[54,24],[8,5],[13,11],[15,6],[7,0],[8,-2],[26,-13],[7,-2],[22,-1],[35,-5],[8,-5],[4,-3],[1,0],[0,-1],[8,-9],[6,-7],[6,-3],[6,3],[-3,8],[0,2],[-8,12],[-6,5],[-7,3],[-47,14],[-1,2],[0,2],[-2,4],[-4,2],[-28,2],[-3,1],[-15,15],[-3,2],[-18,1],[-26,-5],[-3,1],[2,8],[18,28],[8,10],[0,1],[12,8],[24,6],[21,5],[3,2],[5,5],[1,2],[-1,2],[-8,15],[0,7],[1,0],[3,4],[11,7],[73,33],[30,4],[3,1],[6,6],[12,16],[3,3],[6,15],[1,1],[11,21],[7,8],[11,5],[10,4],[24,-3],[6,-3],[16,-17],[4,-4],[30,-7],[39,-7],[77,-17],[12,-1],[136,7],[14,-2],[8,-2],[6,-4],[1,-2],[2,-2],[0,1],[14,12],[19,19],[7,0],[14,1],[19,12],[4,10],[1,4],[1,5],[1,7],[19,27],[18,14],[53,18],[12,3],[25,23],[6,3],[25,0],[10,-2],[39,-18],[3,0],[3,1],[23,27],[22,16],[17,14],[53,38],[18,10],[9,6],[7,3],[1,0]],[[15376,71418],[1,0],[76,-36],[65,-34],[1,0],[22,-9],[11,-5],[60,-36],[54,-38],[85,-79],[20,-26],[2,-2],[4,-6],[21,-26],[32,-64],[44,-89],[14,-28],[73,-158],[23,-49],[11,-20],[5,-11],[12,-27],[87,-179],[26,-54],[51,-115],[17,-39],[14,-45],[14,-44],[3,-24],[1,-70],[2,-30],[0,-32],[-3,-33],[-5,-33],[-6,-27],[-10,-41],[-9,-25],[-40,-103],[-55,-88],[-39,-63]],[[15420,77353],[-5,1],[-11,3],[-88,13],[-78,14],[-88,14],[-86,11],[-65,6],[-30,3],[-26,1],[-26,2],[-20,1],[-109,4],[-271,5],[-163,1],[-124,2],[-163,2],[-100,3],[-30,1],[-39,4],[-40,6],[-149,33],[-90,20],[-1,1],[20,17],[9,24],[22,39],[47,73],[24,37],[30,21],[26,8],[31,25],[32,21],[65,30],[81,36],[115,58],[135,69],[160,84],[243,125],[45,23],[34,17],[57,29],[8,4],[23,12],[63,32],[29,15],[9,4],[23,12],[43,23],[16,7],[22,10],[29,8],[88,21],[55,12],[122,28],[369,86],[14,4],[45,10],[63,15],[173,41],[74,18],[162,35],[56,14],[45,11],[82,20],[101,23],[175,39],[60,14],[12,3],[62,14],[101,33],[28,10],[24,7],[-80,52],[-1,1],[-148,97],[-84,62],[-31,22],[-47,30],[0,1],[-17,10],[-48,32],[-11,7],[-5,3],[-1,0]],[[17154,79340],[1,0],[12,-10],[35,-33],[12,-11],[14,-12],[4,-5],[45,-37],[21,-18],[40,-39],[1,0],[23,-29],[11,-14],[19,-25],[18,-34],[3,-8],[5,-10],[9,-22],[10,-43],[1,-18],[3,-45],[1,-7],[0,-17],[-2,-1],[-8,-1],[-3,0],[0,-12],[1,-28],[0,-22],[-1,-4],[0,-4],[-1,-26],[-2,-79],[-3,-25],[-1,-50],[0,-5],[-1,-33],[-3,-106],[0,-9],[-3,-45],[-1,-45],[0,-11],[-3,-58],[-2,-48],[-1,-8],[0,-8],[-2,-42],[0,-1],[-1,-2],[0,-22],[-1,-27],[-2,-40],[0,-6],[-1,-15],[0,-1],[-1,-3],[-3,-33],[-4,-79],[-1,-12],[-2,-36],[-4,-58],[-2,-52],[0,-101],[2,-52],[-1,-84],[-1,-46],[-2,-81],[0,-57],[2,-51],[1,-27],[0,-3],[-1,-5],[0,-24],[-1,-8],[-1,-45],[0,-13],[-1,-58],[0,-28],[-6,-320],[-1,-93],[0,-10],[-1,-13]],[[23519,68687],[7,2],[24,8],[7,1],[9,2],[7,1],[-2,8],[-5,15],[38,31],[30,21],[-1,3],[-2,11],[-2,13],[0,7],[-34,18],[-124,16],[-1,0],[-5,3],[-5,2],[-31,16],[-7,14],[-3,5],[1,2],[13,24],[8,8],[8,5],[7,6],[40,34],[26,14],[-7,17],[-5,12],[-76,48],[-163,72],[-64,32],[-1,0],[-12,24],[-18,35],[0,35],[1,24],[-3,103],[4,44],[-29,21],[-53,-20],[-31,-10],[9,-12],[6,-29],[2,-10],[-35,-36],[-12,-15],[-13,-17],[-51,-23],[-44,-11],[-41,0],[-15,8],[-22,29],[0,18],[1,38],[-43,79],[0,1],[-1,0],[-51,30],[-50,13],[-45,-4],[-30,-15],[-43,-36],[-108,-11],[-55,-9],[-54,-9],[-76,-24],[-15,2],[-37,6],[-1,0],[-2,8],[-4,8],[-2,8],[-1,19],[-5,5],[-16,35],[2,21],[1,9],[37,17],[1,1],[124,29],[90,18],[35,20],[11,18],[1,4],[0,38],[6,21],[35,18],[78,0],[62,-3],[30,-1],[57,1],[263,51],[78,25],[79,29],[49,29],[22,23],[-1,13],[-6,47],[12,54],[25,21],[34,17],[43,18],[89,53],[53,36],[42,26],[35,17],[5,23],[1,7],[-1,17],[-1,10],[0,1],[-107,2],[-69,15],[-1,0],[-20,13],[-27,18],[-8,12],[-4,5],[0,2],[12,8],[9,18],[113,12],[76,9],[39,10],[0,6],[-1,5],[-2,12],[0,6],[-1,16],[-48,56],[-86,43],[-94,51],[-31,25],[1,4],[6,16],[1,1],[0,1],[41,9],[4,-1],[76,-13],[50,-27],[44,-30],[23,-19],[38,-1],[43,-3],[48,27],[23,14],[33,15],[32,-26],[12,-9],[1,0],[37,-5],[19,-3],[30,-14],[31,-4],[38,-1],[33,-2],[33,6],[25,15],[-14,39],[-17,21],[-4,5],[-13,16],[-14,11],[-23,18],[-1,7],[-3,16],[5,19],[11,41],[79,10],[88,11],[128,-27],[39,-24],[23,-29],[5,-5],[1,-2],[4,-5],[28,-38],[12,-13],[1,0],[3,-4],[4,-5],[6,-6],[12,-10],[19,-1],[78,11],[48,9],[47,10],[67,1],[77,-3],[87,3],[147,55],[72,15],[68,9],[50,-7],[55,-17],[62,-16],[69,-7],[13,-1],[50,-2],[55,5],[27,18],[54,19],[59,7],[37,-2],[45,-6],[20,-5],[47,-10],[36,-6],[62,7],[39,30],[6,42],[-40,47],[-48,30],[-47,21],[-62,39],[-56,30],[-1,0],[-2,10],[-1,2],[-4,12],[0,1],[21,12],[31,18],[128,20],[3,1],[78,9],[38,10],[15,3],[3,4],[18,26],[11,19],[-20,26],[-12,16],[-1,0],[-15,9],[-17,10],[-47,19],[-39,19],[-5,4],[-22,27],[0,1],[19,17],[25,20],[67,27],[64,21],[14,1],[61,9],[84,-6],[59,-11],[95,-43],[81,-50],[68,-46],[1,-2],[68,-10],[16,-2],[81,14],[50,24],[53,28],[54,29],[158,98],[7,6],[15,10],[13,11],[1,-1],[9,-14],[-1,0],[-1,-2],[-5,-3],[-4,-4],[1,0],[606,104],[2076,354]],[[29672,71710],[1,0],[60,-31],[1,0],[61,-31],[483,-243],[230,-115],[231,-117],[241,-121],[203,-102],[295,-149],[207,-103],[249,-126],[108,-55],[220,-109],[449,-224],[151,-75],[84,-41],[156,-78],[1052,-524],[176,-88],[1384,-690],[120,-59],[59,-30],[61,-30],[1492,-742],[779,-380],[0,-1]],[[38225,67446],[-2209,-904]],[[36016,66542],[-434,-177],[-398,-164],[-296,-123]],[[34888,66078],[-441,-182]],[[34447,65896],[-21,-5],[-1,-1],[-45,-18],[-32,-9],[-46,-8],[-169,-22],[-109,-19]],[[34024,65814],[-40,-11],[-34,-13]],[[33950,65790],[-25,-14],[-14,-25],[-9,-31],[0,-2],[-7,-50],[-13,-68],[-9,-23],[-12,-15],[-24,-18],[-27,-11],[-46,-10],[-22,-4],[-48,-8],[-119,-12],[-50,-8],[-18,-6],[-36,-18],[-47,-42],[-15,-19],[-26,-15],[-56,-25],[-14,-4],[-29,-4],[-26,2],[-10,2],[-40,12],[-6,0],[-26,11],[-39,12],[-57,24],[-60,20],[-41,8],[-38,2]],[[32941,65451],[-57,0]],[[32884,65451],[-63,-3],[-127,-12],[-98,-15],[-73,-13],[-63,-20],[-61,-33],[-25,-15],[-8,-7],[-16,-18],[-8,-10],[-5,-11],[0,-2],[-1,-3],[-5,-9]],[[32331,65280],[0,-22]],[[32331,65258],[9,-17],[1,-4],[3,-2],[3,-5],[14,-11],[17,-12],[21,-12],[64,-26],[3,-1],[17,-8],[14,-14],[12,-11],[4,-6],[1,-1]],[[32514,65128],[2,-2]],[[32516,65126],[1,-3],[2,-2],[2,-3],[5,-20],[-2,-14],[-1,-5],[0,-1],[-19,-22]],[[32504,65056],[-27,-19],[-57,-29],[-23,-6]],[[32397,65002],[-12,-4],[-41,-9],[-46,-1],[-59,8],[-49,13],[-12,5],[-16,5],[-5,1],[-102,35],[-45,12],[-66,6],[-81,-6],[-45,-12],[-38,-9],[-39,-13],[-56,-26],[-8,-5],[-26,-20],[-7,-20],[2,-34],[1,-21],[0,-5],[-2,-10],[-6,-19],[-14,-29]],[[31625,64844],[0,-2]],[[31625,64842],[-7,-5],[-14,-12],[-16,-8],[-28,-11],[-55,-14],[-49,-6],[-32,1],[-20,1],[-65,9],[-46,10],[-6,0],[-24,8],[-3,0]],[[31260,64815],[-1,0]],[[31259,64815],[-1,0],[-25,6],[-43,11],[-21,6],[-66,24],[-38,20],[-7,8],[-20,24],[-5,10],[-8,13],[-10,20],[-9,20],[-11,13],[-10,13],[-29,19],[-27,12],[-27,9],[-65,9],[-42,3],[-52,1],[-53,-7],[-59,-15],[-50,-20],[-47,-39],[-33,-44],[-35,-54],[0,-1]],[[30466,64876],[0,-2]],[[30466,64874],[-30,-34],[-43,-28],[-7,-4],[-27,-6],[-51,-4],[-17,-1],[-144,4],[-81,9],[-45,9],[-18,3],[-33,11],[-10,4],[-9,7]],[[29951,64844],[-14,14]],[[29937,64858],[-5,7],[-4,17],[2,17],[3,31],[-1,8],[-2,14],[-21,20],[-3,1],[-36,16],[-57,17],[-41,9],[-20,3],[-11,2],[-86,9],[-68,4],[-62,-5],[-30,-2],[-64,-15],[-77,-22],[-76,-30],[-36,-25],[-44,-18],[-57,-36],[-18,-14],[-8,-16],[3,-26],[0,-2],[1,-3],[3,-7],[2,-4],[9,-16],[3,-6],[1,-3],[2,-2],[3,-5],[10,-10],[13,-10],[5,-3],[3,-2],[4,-3],[30,-8],[2,-1],[12,-2],[38,-2],[5,0],[16,1],[21,1],[9,2],[26,6],[12,2],[10,1],[13,2],[48,3],[42,-3],[29,-6],[14,-5],[16,-5],[3,-3],[31,-21],[7,-6],[4,-8],[10,-14]],[[29575,64682],[6,-27],[0,-22]],[[29581,64633],[-2,-6],[-14,-47],[0,-8],[1,-10],[1,-7],[1,-6],[2,-9],[1,-7],[7,-70],[0,-17],[-10,-24]],[[29568,64422],[-20,-18]],[[29548,64404],[-28,-11],[-21,-4],[-37,0],[-90,4],[-200,18],[-59,14],[-35,12],[-19,8],[-40,25],[-25,16]],[[28994,64486],[-4,3]],[[28990,64489],[-25,18],[-18,22],[-2,5],[-15,37],[-1,1],[0,1],[2,4],[5,8],[0,11],[-1,8],[-6,14],[-1,0],[0,1],[-21,23],[-22,14],[-13,4],[-39,11],[-26,6],[-18,1]],[[28789,64678],[-8,-1],[-39,-34]],[[28742,64643],[-15,-18],[-11,-17],[-2,-5],[-5,-4],[-38,-51],[-18,-16],[-22,-21],[-27,-18],[-60,-21],[-83,-27]],[[28461,64445],[-40,-19]],[[28421,64426],[-10,-7],[-21,-33]],[[28390,64386],[0,-21]],[[28390,64365],[1,-1],[3,-18],[6,-19],[0,-1],[3,-7],[8,-18],[17,-14],[16,-9],[13,-7],[24,-7],[3,0],[28,-5],[33,-6],[21,-2],[54,-7],[35,-6],[32,-7],[8,-3],[27,-8],[8,-3],[11,-9],[13,-10],[3,-3]],[[28757,64195],[5,-5]],[[28762,64190],[3,-5],[5,-9],[5,-7],[3,-8],[2,-3],[3,-29],[-9,-27],[-6,-16]],[[28768,64086],[-13,-18]],[[28755,64068],[-5,-4],[-72,-47],[-21,-25],[-2,-7],[-1,-2],[3,-7],[0,-3],[1,0],[1,-2],[0,-1],[3,-5],[14,-9],[16,-10],[46,-20],[10,-3],[85,-28],[16,-5]],[[23519,68687],[1,0],[8,-11],[13,-15],[10,-11],[7,-8],[32,-38],[13,-15],[5,-11],[7,-15],[5,-5],[18,-16],[52,-48],[16,-11],[10,-5],[14,-4],[17,-2],[27,-3],[28,-2],[112,4],[13,-3],[4,-2],[6,-6],[0,-10],[-22,-18],[-36,-18],[-27,-8],[-25,-3],[-5,-1],[-9,-7],[14,-24],[-5,-11],[-21,-28],[0,-1],[2,-2],[0,-1],[2,-4],[23,-10],[5,-5],[1,-20],[2,-17],[-1,-5],[-27,-44],[-5,-11],[9,-26],[2,-7],[22,-26],[13,-13],[6,-4],[14,-7],[67,-22],[9,-7],[-1,0],[-3,-5],[-46,-28],[-26,-24],[-19,-23],[-7,-10],[-16,-39],[-11,-16],[-10,-10],[-13,-7],[-13,-5],[-18,-4],[-25,-3],[-46,-2],[-13,1],[-43,3],[-124,9],[-36,-1],[-28,-4],[-43,-12],[-20,-15],[-31,-26],[-14,-13],[-34,-24],[-21,-10],[-15,-3],[-8,2],[-4,3],[-4,4],[0,1],[9,25],[0,1],[-8,35],[-3,12],[-5,11],[-3,4],[-5,9],[-1,0],[-3,3],[-54,28],[-13,10],[0,10],[11,5],[29,5],[6,6],[3,7],[0,1],[-12,17],[-28,19],[-13,6],[-4,0],[-19,-3],[-24,9],[-34,5],[-56,6],[-60,4],[-39,2],[-141,-7],[-13,0],[-86,5],[-14,0],[-21,-5],[-31,-17],[-41,-10],[-37,-12],[-26,-6],[-25,-6],[-63,-5],[-23,-8],[-6,-10],[-10,-2],[-47,0],[-16,-2],[-6,-1],[-55,-19],[-5,0],[-28,-2],[-37,-1],[-44,-7],[-19,-7],[-11,-10],[-19,-5],[-15,-3],[-11,-6],[-14,-5],[-31,-3],[-62,2],[-66,2],[-26,5],[-45,-2],[-193,-2],[-28,-2],[-5,-2],[-10,-7],[-11,-5],[-6,-2],[-7,4],[-1,1],[0,1],[-1,1],[5,18],[0,1],[-18,26],[0,2],[-1,5],[5,11],[1,1],[-1,1],[-2,6],[-25,7],[-22,17],[-25,10],[-5,4],[-1,0],[-6,5],[0,5],[15,20],[0,8],[-3,12],[-4,8],[-7,5],[0,1],[-10,4],[-24,4],[-4,4],[-5,7],[-1,0],[-16,12],[-1,0],[-3,8],[12,17],[1,0],[-3,3],[-11,1],[-30,-8],[-48,7],[-50,2],[-24,0],[-18,-3],[-7,-1],[-7,-8],[0,-3],[11,-14],[2,-3],[2,-1],[12,-8],[63,-18],[26,-17],[1,-3],[2,-2],[1,-2],[-3,-2],[-20,-13],[-2,-6],[-6,-7],[-4,-2],[-14,-1],[-18,1],[-10,2],[-15,9],[-1,0],[-3,1],[-26,4],[-4,3],[-1,1],[-6,13],[-1,1],[-8,5],[-10,9],[-3,3],[14,9],[4,9],[1,1],[-16,16],[0,1],[-2,5],[-5,12],[0,1],[-9,7],[-8,-5],[-5,-12],[-5,-6],[1,0],[16,-10],[0,-1],[1,-4],[-9,0],[-8,2],[-8,-2],[-16,-22],[-7,-3],[-5,0],[-7,2],[-2,4],[-1,22],[-4,5],[0,1],[-3,3],[-32,3],[-7,3],[-4,6],[-4,7],[-6,6],[-16,17],[-13,-1],[-5,-1],[-10,2],[-1,0],[1,8],[12,7],[22,8],[1,0],[-1,1],[0,4],[-5,1],[-11,2],[-19,0],[-26,-5],[-7,0],[-14,5],[-9,4],[-1,5],[-4,11],[-4,2],[-3,0],[-3,-1],[-11,-8],[-5,-1],[-11,-2],[-39,2],[-30,-9],[-43,6],[-2,2],[0,1],[16,6],[12,3],[0,2],[1,0],[-7,10],[0,1],[1,8],[-12,2],[-8,-2],[-5,-2],[0,-2],[3,-9],[0,-1],[-1,-1],[-15,-2],[-19,-2],[-8,1],[-10,7],[-1,0],[-1,5],[0,1],[-1,2],[0,1],[-6,12],[-1,1],[0,1],[-20,9],[-7,2],[-23,2],[-39,-3],[-14,4],[-1,11],[-16,10],[-1,1],[7,4],[8,9],[1,2],[-7,3],[-24,-7],[-5,2],[-1,0],[2,8],[0,52],[-4,7],[-38,23],[-61,27],[-43,11],[-59,11],[-14,4],[-38,22],[-5,3],[-57,17],[-19,16],[-47,-7],[-16,-1],[-40,-1],[-43,1],[-19,0],[-12,2],[-28,6],[-29,11],[-11,1],[-3,2],[-9,5],[-2,1],[-1,1],[-1,0],[-170,-45],[-51,-14],[-128,-37],[-19,-7],[-35,-11],[-52,-17],[-20,-8],[-28,-10],[-37,-12],[-63,-20],[-157,-48],[-232,-72],[-68,-19],[-100,-31],[-237,-75],[-50,-15],[-3,-1],[-142,-44],[-208,-64],[-8,-3]],[[16166,69612],[6,-2],[9,-2],[7,-1],[6,-1],[0,-1],[48,-9],[194,-41],[54,-11],[137,-27],[234,-42],[160,-30],[1,0],[11,-2],[140,-24],[217,-39],[31,-6],[70,-13],[1,0],[54,-10],[34,-7],[42,-7],[34,-3],[31,-2],[5,0],[4,1],[34,0],[51,4],[136,14],[90,12],[33,0],[107,12],[113,12],[26,2],[79,10],[118,13],[136,16],[295,36],[5,1],[37,5],[1,0],[57,5],[55,7],[33,2],[22,3],[9,0],[16,1],[24,1],[29,-2],[25,-2],[26,-5],[48,-9],[124,-25],[42,-8],[44,-7],[78,-10],[61,-9],[71,-8],[50,-4],[31,-1],[4,-1],[56,-1],[111,-2],[1,0]],[[19974,69395],[73,-70],[15,-15],[11,-9],[40,-39],[6,-5],[9,-9],[27,-26],[85,-81],[83,-80],[13,-12],[14,-14],[42,-40],[32,-30],[54,-52],[73,-71],[2,-1],[25,-25],[120,-113],[173,-163],[12,-10],[14,-9],[11,-6],[21,-8],[126,-44],[53,-20],[80,-29],[22,-6],[13,-3],[20,-1],[23,0],[24,1],[16,2],[19,4],[17,5],[71,28],[109,42],[34,8],[19,2],[57,0],[216,-27],[255,-30],[402,-47],[19,-2],[18,0],[130,4],[223,7],[203,7],[23,1],[19,3],[15,4],[16,5],[14,6],[11,7],[7,8],[27,40],[29,41],[8,13],[9,9],[13,19],[4,7],[19,28],[0,2],[16,16],[15,12],[20,12],[27,10],[30,10],[99,26]],[[17333,75543],[15,0],[10,3],[5,1],[20,1],[50,5],[14,1],[16,1],[123,12],[13,1],[20,1],[6,1],[19,1],[7,1],[57,6],[12,1],[68,7],[20,2],[25,3],[1,0],[45,4],[57,6],[18,1],[25,2],[8,1],[17,2],[94,9],[20,2],[40,2],[23,2],[56,5],[107,10],[24,-1],[129,13],[18,2],[68,6],[37,3],[72,6],[93,8],[33,3],[28,2],[6,1],[0,-1],[1,-2],[19,5],[49,15],[64,20],[31,10],[162,51],[90,29],[211,66],[13,4],[6,5],[3,1],[28,24],[74,62],[57,48],[14,14],[23,16],[12,7],[5,3],[8,6],[28,13],[18,8],[85,28],[60,18],[36,10],[64,20],[184,61],[162,54],[79,28],[103,37],[52,17],[50,15],[35,10],[68,20],[8,3],[6,2],[1,-1],[15,-10],[46,-21],[5,-5],[0,-1],[14,-17],[5,-6],[3,-4],[0,-1],[12,-6],[0,-1],[19,-19],[8,-12],[2,-4],[0,-53],[6,-21],[3,-9],[2,-3],[19,-19],[7,-25],[0,-2],[-2,-26],[-39,-101],[5,-25],[39,-48],[1,-2],[41,-27],[61,-21],[264,-50],[186,-40],[3,0],[99,-22],[81,-5],[70,0],[101,-6],[74,2],[72,-1],[188,20],[3,1],[95,10],[6,1],[131,4],[27,-3],[34,-6],[42,-23],[119,-68],[187,-94],[186,-15],[337,-41],[179,-18],[179,-17],[27,-2],[77,-5],[20,-1],[7,0],[243,-6],[10,-3],[91,-22],[14,-7],[106,-56],[107,-56],[62,-33],[64,-33],[34,-18],[135,-30],[65,-15],[148,-11],[32,9],[1,0],[17,-5],[94,-24],[1,0],[17,-3],[60,-1],[625,4],[2,0],[197,1],[823,5],[896,5],[897,4]],[[28568,75243],[-1,0],[-554,-901]],[[28013,74342],[-698,-8],[-2002,-24],[-88,-1],[-697,-9],[1,-24],[1,0],[9,-4],[0,-1],[1,-2],[1,-1],[0,-7],[-3,-4],[1,-1],[0,-1],[1,-1],[0,-5],[-3,-4],[-16,-12],[-4,-6],[-2,-5],[-1,-7],[-10,-7],[0,-2],[-4,-3],[-2,-3],[-15,-8],[1,-1],[2,-3],[4,-7],[0,-1],[-7,-7],[0,-4],[4,-10],[-4,-4],[-6,-4],[-6,-2],[-4,-2],[0,-2],[-10,-6],[0,-1],[3,-4],[-1,0],[-6,-3],[0,-2],[1,-1],[-11,-1],[0,-1],[1,-2],[5,-1],[4,1],[0,-7],[-9,-9],[-1,-3],[-5,-1],[0,-1],[1,-1],[3,-5],[-11,-1],[-2,-2],[-2,-4],[1,-1],[1,-2],[-2,-7],[-2,-6],[-8,-10],[-9,-9],[1,-6],[1,-5],[0,-6],[-4,-4],[-16,-4],[-7,-1],[-29,0],[-13,1],[-12,2],[-8,2],[-38,0],[-2,-3],[0,-1],[2,-14],[7,-32],[0,-3],[-48,-2],[-37,-3],[-229,-36],[-75,-18],[-23,-10],[-74,-28],[-108,-29],[-67,-12],[-46,-8],[-22,-3],[-117,-14],[-70,-2],[-65,1],[-41,-1],[-36,1],[-13,0],[-48,2],[-24,0],[-32,-2],[0,-1],[-19,-49],[-6,-16],[-50,-133],[-2,-5],[-25,-43],[-104,6],[-140,9],[-3,0],[-49,3],[-43,3],[-28,4],[-47,8],[-99,18],[-423,77],[-84,15],[-267,48],[-130,25],[-61,14],[-65,16],[-268,63],[-137,33],[-55,13],[-51,12],[-48,12],[-22,4],[-16,3],[-16,1],[-30,1],[-114,1],[-46,1],[-307,7],[-314,9],[-88,2],[-28,2],[-75,8],[-169,23],[-108,15],[-52,6],[-11,2],[-205,24],[-17,2],[-36,4],[-34,3],[-34,2],[-24,2],[-32,1],[-191,7],[-326,13],[-226,9],[-22,1],[-16,2],[-35,3],[-77,3],[-38,2],[-10,0],[-33,2],[-11,0],[-14,1],[-33,1],[-123,6],[-21,1],[-49,1],[-154,9],[-216,9],[-87,9],[-18,6],[-17,7],[-29,15],[-10,8],[-3,1],[-3,3],[-7,6],[-4,6],[-8,13],[-4,15],[-2,6],[2,22],[2,23],[4,25],[4,27],[6,26],[6,28],[7,27],[3,12],[5,16],[0,1],[3,13],[5,14],[6,14],[5,14],[4,12],[0,1],[1,1],[1,3],[1,2],[3,9],[5,12],[7,16],[7,14],[5,13],[6,14],[7,13],[4,9],[3,4],[1,2],[5,11],[8,16],[8,15],[3,5],[0,1],[2,2],[0,1],[5,11],[6,12],[7,13],[7,12],[6,12],[6,13],[7,12],[12,24],[7,13],[6,12],[5,12],[7,12],[4,8],[0,1],[2,3],[5,8],[4,8],[3,8],[6,11],[5,10],[6,11],[4,9],[7,10],[7,9],[9,9],[9,7],[12,8],[13,6],[13,7],[2,1],[21,11],[11,6],[11,5],[10,5],[38,17],[1,0],[-86,50],[-3,1],[-7,4],[-1,1],[-21,12],[-1,0],[-33,22],[-8,5],[-57,26],[-53,17],[-10,2],[-22,3],[-35,6],[-45,4],[-65,5],[-14,0],[-9,1],[-7,0]],[[17216,73551],[0,-12],[-7,-114],[0,-77],[-6,-55],[-2,-16],[-39,-75],[-61,-64],[-104,-70],[-127,-56],[-55,-16],[-102,-28],[-98,-17],[-60,-9],[-2,0],[-9,-2],[-14,-2],[-12,-2],[-8,-1],[-1,0],[-126,-18],[-377,-56],[-18,-2],[-21,-4],[-87,-13],[-23,-3],[-40,-7],[-7,0],[-1,-1],[-22,-2],[-2,-1],[-20,-3],[-90,-14],[-43,-7],[-2,0],[-54,-8],[-44,-7],[-17,-3],[-109,-15],[-90,-13],[-176,-24],[-209,-28],[-302,-70],[-150,-60],[-4,-3],[-2,-1],[-7,-3],[-14,-7],[-7,-4],[-4,-1],[-39,-23],[-28,-17],[-1,-1],[-55,-38],[-41,-34],[-43,-46],[-23,-28],[-14,-19],[-12,-23],[-7,-13]],[[14178,72315],[-17,-3],[-14,-3],[-107,110],[-27,27],[-35,36],[-11,11],[21,3],[17,3],[55,6],[141,46],[65,28],[1,0],[-276,108],[-2,1],[15,0],[96,-6],[104,-5],[67,-4],[61,6],[34,9],[64,33],[66,42],[46,22],[11,15],[11,18],[28,20],[42,15],[42,0],[54,-7],[22,4],[9,13],[0,17],[21,31],[1,1],[1,0],[0,1]],[[14784,72913],[1,3],[25,27],[6,13],[0,1],[-19,13],[-70,4],[-9,7],[2,5],[0,1],[1,0],[34,17],[35,27],[12,12],[22,3],[71,-12],[11,-2],[34,-4],[47,7],[47,17],[42,23],[34,2],[45,-20],[48,-18],[25,-6],[26,2],[25,5],[76,49],[88,84],[34,15],[63,7],[32,8],[9,12],[1,1],[-17,5],[-73,19],[-48,19],[-6,8],[-2,2],[-2,3],[26,19],[44,6],[92,-17],[87,-17],[4,0],[36,-1],[33,10],[31,27],[34,14],[67,8],[19,7],[37,23],[66,62],[0,1],[-117,-3],[-73,11],[-66,23],[-20,9],[-68,22],[-40,13],[-117,7],[-256,0],[-81,6],[-18,6],[-11,9],[-1,0],[2,3],[1,7],[56,18],[45,15],[1,1],[-4,8],[-11,31],[0,2],[-1,0],[-120,87],[-105,61],[-7,4],[0,1],[-1,0],[-12,9],[-134,101],[-45,52],[-23,27],[-14,10],[-57,40],[-10,17],[-11,17],[-12,18],[-3,5],[-8,31],[-16,63],[-56,50],[-71,31],[-23,31],[-1,10],[0,16],[12,6],[5,3],[42,1],[15,2],[18,3],[12,5],[15,16],[12,23],[0,1],[2,1],[2,4],[-50,18],[-14,6],[-2,2],[-11,26],[-22,15],[-26,12],[-22,9],[-86,27],[-47,9],[-86,3],[-112,0],[-35,-4],[-15,-4],[-81,-31],[-9,-2],[-13,-2],[-112,7],[-176,1],[-83,-2],[-62,9],[-17,1],[-4,2],[-68,41],[-52,56],[-11,7],[-17,7],[-10,4],[-25,1],[-85,-9],[-103,-6],[-10,2],[-25,15],[-10,4],[-28,0],[-146,-3],[-81,2],[-21,2],[-25,3],[-13,5],[-1,0],[82,22],[1,0],[-31,13],[-56,42],[-15,12],[-9,9],[-2,5],[0,14],[-1,6],[2,26],[16,50],[1,3],[-1,4],[-1,3],[-4,8],[-19,9],[-16,7],[-32,18],[-41,35],[-11,7],[-3,2],[-1,1],[-29,9],[-5,1],[-6,5],[-1,0],[-5,10],[-1,4],[-5,9],[-4,4],[0,1],[-1,0],[-14,10],[-19,9],[-2,1],[-31,13],[-32,11],[-12,3],[-60,16],[-21,6],[-70,13],[-34,8],[-1,0],[-22,5],[-75,14],[-42,16],[-49,14],[-76,29],[-14,8],[-59,52],[-57,43],[-34,18],[-5,3],[-25,11],[-29,11],[-25,9],[-19,5],[-35,1],[-14,-1],[-51,-11],[-30,-3],[-143,3],[-16,-3],[-59,-19],[-30,-4],[-133,7],[-109,0],[-189,16],[-75,12],[-24,6],[-19,6],[-26,12],[-28,15],[-1,1],[417,117],[22,7],[16,5],[38,12],[14,5],[15,5],[27,10],[14,6],[28,11],[15,7],[18,7],[14,5],[13,7],[36,18],[15,8],[14,7],[13,7],[13,8],[11,6],[12,8],[24,14],[11,8],[10,7],[12,9],[11,8],[12,9],[11,9],[16,14],[11,10],[9,8],[19,19],[10,9],[5,7],[9,10],[9,9],[7,9],[6,8],[6,10],[7,10],[5,9],[6,10],[156,287]],[[11951,76045],[1,0],[43,-18],[47,-18],[49,-15],[38,-11],[52,-12],[58,-13],[45,-8],[116,-20],[5,-3],[20,-5],[197,-35],[137,-24],[203,-38],[24,-5],[31,-6],[81,-14],[10,-1],[31,-4]],[[17333,75543],[0,-2],[-1,-3],[1,-1],[0,-1],[-2,-48],[0,-2],[-4,-23],[-5,-57],[-12,-87],[0,-3],[-3,-56],[0,-2],[-3,-15],[-2,-13],[-3,-14],[-7,-46]],[[17292,75170],[0,-1],[-7,-47],[-3,-22],[-12,-55],[-4,-38],[-5,-27],[-9,-48],[-21,-100],[-17,-110],[-7,-51],[-15,-86],[-16,-97],[-33,-170],[-28,-154],[0,-3],[-6,-30],[-1,-6],[-5,-31],[-7,-44],[-12,-64],[-8,-62],[-2,-18],[-1,-16],[-1,-1],[-4,-27],[3,-40],[0,-1],[29,-187],[3,-22],[0,-2],[2,-6],[1,-5],[0,-5],[2,-6],[0,-4],[2,-5],[0,-2],[1,0],[1,-4],[1,-3],[6,-1],[1,0],[24,-2],[9,0],[9,-1],[4,-1],[38,-10],[12,-4]],[[17373,76727],[-2,-65],[0,-10],[-2,-51],[-2,-136],[0,-74],[-1,-7],[0,-36],[-1,-20],[0,-10],[-1,-7],[-1,-79],[0,-4],[-3,-45],[0,-1],[-4,-45],[-1,-32],[-1,-36],[-2,-56],[-2,-37],[-2,-64],[-1,-14],[0,-7],[-1,-22],[-2,-35],[0,-12],[-1,-32],[-5,-115],[0,-57],[-1,-4],[0,-1],[-1,-7],[0,-18],[-2,-23],[-1,-22]],[[17333,75543],[-31,-2],[-22,-1],[-85,-4],[-75,-7],[-26,-2],[-28,-2],[-33,-2],[-47,-1],[-18,0],[-48,1],[-47,1],[-12,0],[-53,3],[-91,8],[-69,6],[-349,28],[-188,15],[-3,0],[-49,3],[-146,13],[-18,1],[-31,3],[-49,4],[-114,9],[-31,2],[-48,4],[-209,17],[-31,2],[-166,12],[-112,7],[-61,4],[-386,24],[-242,14],[-51,3],[-152,8],[-51,2],[-125,7],[-80,4],[-302,16],[-118,7],[-101,8],[-70,8],[-24,2],[-80,9],[-120,17],[-2,1]],[[13139,75795],[75,117],[37,58],[71,109],[17,23],[9,11],[17,19],[1,3],[112,120],[2,2],[106,110],[46,44],[43,54],[17,37],[6,18],[0,3],[3,8],[1,2],[0,1],[1,1],[0,1],[7,0],[19,4],[14,3],[68,16],[41,11],[105,70],[30,15],[5,2],[28,9],[12,5],[41,27],[44,19],[16,13],[28,12],[68,26],[26,14],[64,25],[68,37],[76,34],[28,15],[60,43],[60,34],[60,44],[34,19],[37,17],[12,7],[66,27],[90,20],[15,7],[11,18],[8,5],[1,0],[5,3],[12,18],[27,17],[49,18],[31,23],[5,3],[87,39],[146,48],[1,1],[29,10],[3,1],[7,3],[1,0],[71,35],[1,0]],[[15420,77353],[2,0],[73,-12],[70,-11],[31,-8],[41,-13],[4,-1],[2,0],[43,-16],[1,0],[82,-29],[106,-40],[59,-24],[20,-8],[16,-8],[31,-15],[144,-72],[34,-18],[69,-35],[40,-18],[195,-76],[11,-6],[15,-6],[66,-24],[41,-12],[3,-1],[87,-20],[85,-19],[91,-23],[162,-38],[0,-1],[37,-6],[39,-8],[2,0],[22,-6],[46,-11],[137,-31],[23,-6],[23,-4]],[[32436,99882],[7,0],[21,-2],[2,0],[18,-1],[22,-2],[16,0],[4,-1],[16,-1],[11,0],[7,-1],[34,-2],[23,-1],[15,-1],[5,0],[17,-2],[23,-1],[20,-2],[15,0],[12,-1],[10,-1],[10,0],[8,-1],[23,-1],[28,-2],[20,-1],[5,-1],[11,0],[13,-1],[3,-1],[18,-1],[20,-1],[14,-1],[1,0],[10,-1],[6,0],[12,-1],[8,0],[8,-1],[5,0],[8,-1],[12,0],[6,-1],[2,0],[6,-1],[14,0],[1,-1],[32,-2],[1,0],[12,-1],[8,0],[3,-1],[9,0],[8,-1],[6,0],[9,-1],[6,0],[8,-1],[9,0],[5,-1],[6,0],[11,-1],[6,0],[12,-1],[5,-1],[4,0],[13,-1],[9,0],[7,-1],[5,0],[12,-1],[5,0],[8,-1],[4,0],[4,-1],[10,-1],[17,0],[13,-1],[2,0],[8,-1],[18,-1],[6,-1],[22,-2],[14,-1],[7,0],[14,-1],[23,-2],[12,-1],[7,-1],[21,-1],[20,-1],[11,-1],[3,0],[6,-1],[14,-1],[111,-8],[27,-2],[22,-2],[21,-2],[20,-1],[26,-2],[25,-3],[8,0],[12,-1],[13,-1],[4,0],[3,-1],[9,0],[8,-1],[9,-1],[8,-1],[3,0],[11,-1],[12,0],[8,-1],[9,-1],[11,-1],[10,0],[10,-2],[9,0],[6,-1],[5,0],[15,-1],[4,-1],[10,0],[3,-1],[12,0],[7,-1],[1,-1],[9,0],[8,-1],[6,0],[9,-1],[7,0],[7,-1],[5,-1],[10,0],[4,-1],[9,-1],[6,0],[11,-1],[10,-1],[13,-1],[12,-1],[8,0],[25,-3],[12,-1],[15,-1],[1,0],[36,-3],[4,-1],[16,-1],[7,-1],[9,0],[6,-1],[9,0],[14,-2],[18,-1],[8,-1],[12,-1],[8,-1],[6,0],[13,-2],[22,-1],[22,-3],[13,-1],[1,0],[20,-1],[4,-1],[19,-1],[23,-2],[10,-1],[4,-1],[23,-2],[13,-1]],[[32227,97843],[-19,-5],[-25,-5],[-87,-18],[-118,-18],[-27,-4],[-115,-13],[-98,-10],[-62,-5],[-58,-4],[-33,-2],[-115,0]],[[33558,99139],[49,0],[12,1],[6,2],[1,0],[3,3],[6,14],[2,5],[0,2],[1,5],[0,1],[3,5],[0,1],[6,6],[29,16],[23,13],[16,8],[27,10],[8,3],[1,0],[12,4],[14,4],[3,1],[25,11],[50,28],[3,3],[21,10],[1,0],[5,3],[19,11],[14,9],[48,26],[13,7],[26,13],[36,19],[57,30],[50,27],[35,18],[1,0],[24,13],[100,52],[28,18],[13,12],[7,7],[79,94],[5,9],[0,7],[-6,12],[-2,2],[-4,6],[0,1],[52,37]],[[34480,99728],[1,0],[8,-1],[4,-1],[42,-3],[19,-2],[46,-4],[22,-2],[30,-3],[45,-4],[20,-2],[29,-3],[30,-3],[31,-3],[41,-4],[29,-3],[10,-1],[28,-2],[26,-3],[20,-2],[11,-1],[6,-1],[12,0],[22,-3],[30,-3],[41,-4],[31,-3],[19,-2],[18,-2],[25,-3],[39,-4],[9,0],[5,-1],[32,-3],[22,-3],[16,-1],[13,-2],[31,-3],[34,-3],[19,-2],[4,-1],[20,-2],[25,-3],[25,-2],[20,-2],[30,-4],[4,0],[34,-4],[30,-3],[9,-1],[12,-1],[8,-1],[14,-2],[18,-1],[5,-1],[7,-1],[21,-2],[29,-4],[2,0],[22,-2],[15,-2],[11,-1],[25,-3],[28,-3],[26,-3],[10,-1],[5,-1],[13,-1],[9,-1],[5,-1],[12,-1],[14,-2],[13,-1],[34,-4],[13,-2],[4,0],[25,-3],[22,-3],[12,-1],[8,-1]],[[38264,99265],[1,0],[287,-51],[282,-48],[81,-14],[56,-10],[254,-43],[69,-13],[12,-3],[1,0],[2,1],[24,5],[5,-1],[4,0],[24,-5],[8,-1],[33,-6],[17,-3],[10,-1],[11,-2],[30,-5],[24,-5],[19,-3],[22,-4],[1,-1],[14,-2],[13,-2],[17,-3],[11,-2],[18,-3],[1,0],[25,-5],[3,0],[47,-9],[19,-3],[16,-4],[35,-6],[59,-10],[44,-8],[31,-6],[60,-11],[32,-6],[13,-3],[31,-5],[2,-1],[10,-2],[51,-9],[30,-6],[3,-1],[25,-4],[33,-6],[30,-6],[7,-2],[5,-1],[16,-3],[20,-4],[26,-4],[48,-10],[17,-3],[1,0],[8,-2],[6,-1],[4,-1],[36,-6],[31,-6],[16,-4]],[[34016,97747],[-47,18],[-23,8],[-106,37],[-63,21],[-7,3],[-19,7],[-53,18],[-28,9],[-27,9],[-21,8],[-28,11],[-36,12],[-22,7],[-154,55],[-130,44],[-58,20],[-14,2],[-33,9],[-29,2],[-7,1],[-54,0],[-28,-3],[-49,-9],[-47,-12],[-59,-15]],[[32446,99230],[90,-7],[42,-4],[148,-11],[67,-6],[3,0],[93,-9],[112,-7],[89,-6],[71,-5],[72,-6],[1,0],[34,-4],[47,-4],[45,-4],[198,-18]],[[33558,99139],[4,-1],[1,0],[49,-5],[81,-7],[9,0],[136,-13],[1,0],[14,-2],[37,-3],[322,-30],[49,-4],[35,-3],[99,-8],[5,-1],[9,-1],[2,0],[92,-9],[39,-4],[193,-18],[63,-6],[56,-5],[61,-6],[90,-8],[197,-19],[114,-13],[2,0],[25,-3],[52,-7],[83,-8],[104,-5],[134,-8],[65,-5]],[[34988,98375],[-47,8],[-137,24],[-45,8],[-29,6],[-88,15],[-28,5],[-1,1],[-36,6],[-109,20],[-37,6],[-51,10],[-156,28],[-52,9],[-30,6],[-93,16],[-31,6],[-31,5],[-94,17],[-30,6],[-40,7],[-105,17],[-15,4],[-39,7],[-31,8],[-13,3],[-10,3],[-38,10],[-28,8],[-31,8],[-13,3],[-42,12],[-10,2],[-38,11],[-1,0],[-39,10],[-230,62],[-111,30],[-25,8],[-12,7],[-5,2],[-2,0],[-2,2],[-22,14],[-86,67],[-1,1],[-52,42],[-34,27],[-15,13],[-47,37],[-15,13],[-21,17],[-12,9]],[[32874,98009],[-61,-16],[-151,-39],[-141,-36],[-218,-56],[-1,1],[-51,-14],[-24,-6]],[[32227,97843],[-3,6],[0,1],[20,28],[0,2],[-3,4],[-2,3],[-12,7],[-8,6],[-2,2],[-6,4],[-8,8],[-34,20],[-10,32],[-89,281],[-22,42],[-18,33],[-4,7],[-12,23],[146,90],[-2,6],[-3,-1],[-9,-1],[-13,0],[-4,-4],[-9,-3],[-82,-4],[-18,-1],[-94,-6],[-1,0],[-29,-2],[-37,-2],[-23,0],[-23,1],[-15,5],[-6,5],[-1,0],[-1,2],[-1,3],[-1,2],[-1,0],[0,9],[2,10],[0,1],[9,39],[1,21],[-1,2],[-7,20],[0,1],[-47,-3],[-61,-3],[-81,-4],[-24,-1],[-22,-2],[-1,0],[3,7],[1,2],[2,5],[22,41],[0,2],[4,8],[1,1],[3,5],[11,18],[1,1],[1,0],[3,9],[7,13],[3,4],[4,9],[1,8],[3,11],[0,19]],[[31649,99289],[60,-4],[8,-1],[26,-1],[35,-3],[40,-3],[70,-4],[37,-3],[112,-7],[107,-8],[39,-3],[21,-1],[42,-3],[12,-1],[35,-2],[12,-1],[28,-3],[32,-3],[35,-3],[18,-2],[28,-3]],[[32446,99230],[1,0],[3,-2],[17,-13],[3,-2],[1,-1],[38,-34],[5,-4],[13,-13],[11,-10],[9,-7],[12,-9],[16,-13],[17,-13],[13,-10],[21,-17],[6,-4],[21,-17],[25,-20]],[[32678,99041],[-84,-29],[-93,-20],[-63,-19],[-99,-17],[-64,-11],[-17,-3],[1,0],[31,-30],[8,-8],[10,-7],[63,-58],[-15,-4],[7,-14],[2,-15],[0,-1],[6,-8],[31,-48],[30,-30],[15,-16],[6,-6],[-87,-17],[-87,-16],[1,0],[25,-22],[129,-104],[40,10],[165,40],[7,-6],[24,-19],[-15,-4],[-185,-46],[-61,-15],[-23,-6],[-70,-17],[-23,-5],[12,-11],[39,-32],[7,-6],[5,-5],[12,-10],[3,-3],[6,-3],[16,-11],[16,-9],[23,-11],[9,-3],[18,-8],[8,-2],[40,-14],[40,-15],[20,-7],[-1,-1],[-10,-5],[-11,-6],[-9,-11],[-1,-9],[0,-4],[1,-3],[4,-5],[3,-5],[28,-24],[82,-68],[42,-34],[10,-7],[28,-24],[9,-8],[1,0],[11,-9],[3,-3],[49,-35],[16,-12],[0,-1],[8,-6],[2,-1],[9,-6],[23,-16],[9,-7],[1,-1]],[[32436,99882],[-47,-80],[-131,6],[-137,7],[-120,2],[-7,-6],[-30,-27],[-142,-1],[-15,-59],[9,-19],[0,-2],[4,-9],[24,-69],[4,-24],[4,-28],[-102,-15],[1,0],[0,-2],[10,-12],[4,-13],[4,-11],[2,-11],[0,-23],[-2,-14],[-5,-12],[-7,-18],[-2,-3],[-12,-17],[-14,-16],[-1,0],[-22,-15],[-30,-12],[-32,-10],[-47,-10],[0,-1],[17,-28],[2,-4],[9,-12],[2,-3],[1,-1],[7,-3],[14,-5],[9,-2],[-2,0],[-38,2],[1,-1],[6,-3],[12,-5],[7,-2],[5,-2]],[[31649,99289],[-2,1],[-8,0],[-25,1],[-1,0],[-2,-17],[0,-8],[-1,-1],[-1,-5],[2,-32],[0,-16],[-1,-12],[0,-6],[1,-9],[0,-7],[1,-4],[0,-8],[1,-11],[1,-27],[1,-5],[0,-2],[-1,-5],[0,-22],[3,-64],[1,-19],[0,-23],[1,-9],[1,-56],[0,-27],[1,-17],[0,-54],[1,-18],[0,-7],[1,-10],[0,-2],[1,-20],[2,-14],[4,-20],[0,-17],[-2,-7],[-3,-15]],[[31625,98695],[-47,2],[-139,5],[-22,1],[-25,0],[-106,4],[-306,10],[-13,1],[-16,2],[-19,4],[-15,7],[-11,10],[-13,15],[0,1],[-35,-6],[-55,-9],[-24,-3],[-19,-1],[-11,1],[-8,0],[-27,6],[-6,3],[-5,3],[-6,5],[-6,6],[-4,7],[0,5],[-103,-11],[-14,-23],[0,-8],[-38,-46],[-6,-7],[-24,-29],[-72,-101],[1,0],[140,-24],[0,-1],[-52,-75],[-70,12],[-43,-66],[-24,7],[-41,-59],[-52,11],[-61,-124],[-14,2],[0,-210],[-108,-37],[-40,-41],[-12,-19],[-190,-5],[5,-16],[8,-30],[-16,-2],[9,-27],[14,-32]],[[26417,99967],[14,0],[6,1],[21,0],[10,1],[41,0],[10,1],[12,0],[2,1],[21,0],[17,1],[34,0],[15,1],[12,0],[8,1],[29,0],[27,1],[25,1],[23,0],[10,1],[42,0],[7,1],[34,0],[5,1],[27,1],[26,0],[18,1],[35,0],[37,1],[10,0],[22,1],[17,0],[29,1],[24,0],[17,1],[18,0],[17,1],[48,0],[7,1],[47,0],[12,1],[14,0],[28,1],[38,0],[30,1],[52,0],[15,1],[37,0],[15,1],[52,0],[14,1],[47,0],[15,1],[84,0],[29,1],[54,0],[7,1],[79,0],[14,1],[119,0],[8,1],[148,0],[12,1],[641,0],[16,-1],[145,0],[27,-1],[93,0],[11,-1],[61,0],[50,-1],[37,0],[23,-1],[65,0],[34,-1],[32,0],[46,-1],[47,0],[23,-1],[21,0],[22,-1],[36,0],[32,-1],[46,0],[19,-1],[18,0],[34,-1],[34,0],[20,-1],[30,0],[19,-1],[33,0],[14,-1],[26,0],[10,-1],[39,0],[17,-1],[7,0],[46,-1],[18,0],[5,-1],[26,0],[17,-1],[13,0],[16,-1],[24,0],[20,-1],[32,0],[13,-1],[27,0],[21,-1],[11,0],[30,-1],[28,0],[46,-2],[7,0],[26,-1],[19,0],[18,-1],[29,-1],[26,-1],[47,-1],[32,-1],[34,-1],[24,-1],[20,-1],[23,0],[23,-1],[21,0],[15,-1],[28,-1],[33,-1],[8,0],[4,-2],[9,-3],[103,2],[41,0],[16,-4],[12,0],[3,-1],[23,0],[16,-1],[16,0],[13,-1],[13,0],[11,-1],[3,0],[9,-1],[29,0],[12,-1],[5,0],[15,-1],[12,-1],[28,0],[15,-1],[6,0],[11,-1],[18,0],[17,-1],[13,-1],[3,0],[18,-1],[21,-1],[14,0],[21,-1],[11,-1],[9,0],[12,-1],[25,0],[8,-1],[7,0],[14,-1],[11,0],[4,-1],[16,0],[12,-1],[15,0],[14,-1],[17,-1],[20,-1],[2,0],[16,-1],[15,0],[11,-1],[15,0],[14,-1],[4,-1],[14,0],[9,-1],[8,0],[34,-2],[12,0],[20,-1],[4,-1],[10,0],[24,-1],[14,-1],[12,0],[17,-1],[6,0],[17,-1],[13,-1],[10,0],[26,-2],[15,-1],[5,0],[20,-1],[9,0],[15,-1],[11,-1],[18,0],[13,-1],[3,-1],[35,-1],[26,-2],[3,0],[27,-1],[14,-1],[20,-1],[24,-2],[14,-1],[11,0],[10,-1],[16,0],[12,-1],[18,-1],[5,0],[11,-1],[20,-1],[11,-1],[7,0],[14,-1],[12,-1],[17,-1],[20,-1],[24,-1],[8,-1],[11,0],[9,-1],[20,-1],[15,-1],[3,0]],[[35781,98937],[5,7],[12,19],[1,2],[3,4],[10,21],[4,10],[6,14],[0,5],[5,12],[10,17],[6,15],[20,44],[5,10],[0,1],[1,1],[1,3],[0,2],[1,2],[2,7],[5,12],[6,12],[20,41],[16,34],[2,5],[33,72],[7,17],[1,3],[41,129],[25,74],[10,34]],[[36039,99566],[1,0],[8,-1],[7,-1],[7,0],[16,-2],[6,-1],[16,-2],[15,-2],[20,-2],[15,-2],[10,-1],[26,-3],[6,-1],[21,-2],[20,-3],[22,-3],[26,-3],[10,-1],[12,-1],[17,-2],[2,-1],[8,-1],[13,-1],[7,-1],[15,-2],[19,-2],[1,0],[19,-2],[20,-3],[25,-3],[7,-1],[4,0],[8,-2],[15,-1],[16,-2],[15,-2],[21,-3],[23,-3],[16,-2],[18,-2],[16,-2],[11,-1],[9,-2],[4,0],[19,-2],[19,-3],[6,-1],[27,-3],[6,-1],[9,-1],[13,-1],[12,-2],[27,-4],[8,-1],[6,0],[6,-1],[7,-1],[1,0],[4,-1],[2,0],[6,-1],[5,0],[19,-3],[14,-2],[23,-3],[8,-1],[10,-1],[8,-1],[13,-2],[19,-2],[2,-1],[4,0],[17,-2],[14,-2],[20,-3],[7,-1],[4,0],[4,-1],[17,-2],[14,-2],[25,-3],[7,-1],[13,-2],[17,-2],[13,-2],[17,-2],[20,-3],[22,-3],[3,0],[2,-1],[20,-2],[12,-2],[7,-1],[20,-2],[16,-3],[25,-3],[20,-3],[22,-3],[8,-1],[6,-1],[11,-1],[5,-1],[17,-2],[5,-1],[6,-1],[26,-4],[28,-4],[18,-2],[25,-3],[21,-4],[12,-1],[7,-1],[4,-1],[10,-1],[10,-2],[47,-6],[5,-1],[20,-3],[41,-6],[21,-3],[10,-1],[39,-6],[3,0],[10,-2],[17,-2],[40,-6],[5,-1],[4,0],[15,-2],[7,-1],[9,-2],[11,-2],[20,-2],[7,-1],[6,-1],[19,-3],[9,-1],[33,-6],[11,-1],[18,-3],[10,-1],[25,-4],[13,-2],[8,-1],[9,-2],[19,-3],[33,-4],[10,-2],[28,-4],[24,-4],[9,-1],[17,-3],[19,-3],[4,0],[15,-3],[3,0],[8,-1],[16,-3],[1,0],[13,-2],[9,-1],[5,-1],[3,-1],[4,0]],[[38264,99265],[-9,-6],[-18,-10],[-27,-12],[-19,-9],[-76,-37],[-29,-14],[-85,-42],[-55,-26],[-9,-5],[-4,-2],[-1,-1],[-1,0],[-5,-2],[-6,-3],[-37,-19],[-124,-61],[-70,-35],[-25,-12],[-80,-36],[-8,-4],[-8,-31],[-11,-53],[-10,-20],[-17,-21],[-11,-12],[-9,-10]],[[34016,97747],[50,32],[40,25],[6,5],[171,111],[6,3],[111,71],[35,22],[31,23],[27,17],[0,1],[56,36],[11,7],[157,99],[6,4],[33,21],[17,10],[1,1],[8,5],[7,5],[19,12],[9,6],[14,10],[19,13],[74,50],[28,18],[35,21],[1,0]],[[36718,98061],[-1,0],[0,-1],[-9,-3],[-34,-12],[-9,-4],[-87,-29],[-37,-12],[-36,-14],[-8,-3],[-32,-11],[-11,-4],[-33,-11],[-7,-3],[-12,-4],[-56,-20],[-18,-6],[-33,-12],[-35,-12],[-63,-23],[-7,-2],[-25,-10],[-35,-20],[-143,-91],[-30,-18],[-3,-3],[-34,-21],[-83,-53],[-31,-17],[-79,-48],[-17,-11],[-16,-9],[-18,-12],[-25,-16],[-15,-9],[-72,-45],[-159,-99],[-1,0],[-20,-13],[-36,-24],[-7,-5],[-49,-34],[-15,-8]],[[35277,97309],[-89,33],[-14,5],[-64,20],[-30,11],[-7,3],[-41,15],[-25,9],[-27,9],[-1,0],[-70,26],[-46,16],[-53,18],[-22,8],[-30,9],[-1,0],[-29,11],[-19,7],[-101,35],[-30,10],[-17,6],[-50,16],[-31,11],[-40,15],[-16,5],[-22,8],[-161,55],[-18,6],[-15,4],[-59,20],[-25,8],[-48,17],[-25,9],[-16,6],[-7,3],[-1,0],[-3,1],[-6,3],[-2,0]],[[34988,98375],[61,39],[49,33],[134,85],[40,26],[21,12],[1,1],[32,23],[19,11],[32,22],[22,14],[32,20],[30,19],[67,43],[4,3],[79,51],[18,12],[4,3],[29,18],[1,1],[19,13],[15,13],[6,7],[5,6],[0,1],[18,18],[13,14],[33,42],[8,11],[1,1]],[[35781,98937],[15,-2],[276,-20],[43,-4],[64,-6],[1,0],[62,-5],[51,-4],[321,-29],[82,-7],[215,-21],[124,-11],[11,-1],[181,-17],[65,-6],[28,-3],[110,-10],[80,-9]],[[37225,98277],[-110,22],[-18,3],[-9,2],[-37,8],[-42,8],[-76,16],[-32,7],[-4,1],[-59,11],[-26,-4],[-4,-2],[-16,-10],[-1,0],[-4,-2],[-3,-2],[-18,-9],[2,-1],[66,-48],[0,-1],[3,-1],[9,-7],[35,-14],[6,-3],[14,-6],[47,-18],[33,16],[54,-19],[21,-7],[37,-13],[10,-5]],[[37103,98199],[-82,-30],[-24,-9],[-24,-8],[-16,-4],[-9,-3],[-40,-15],[-27,-11],[-32,-12],[-38,-14],[-60,-21],[-11,-3],[-14,-5],[-8,-3]],[[36718,98061],[-13,3],[-40,8],[-41,7],[-72,13],[-49,9],[-53,8],[-1,1],[-53,9],[-124,23],[-37,6],[-53,9],[-1,0],[-21,5],[-7,1],[-48,9],[-40,8],[-29,5],[-40,7],[-121,21],[-40,8],[-35,6],[-22,4],[-82,15],[-18,3],[-17,2],[-92,18],[-19,4],[-260,47],[-92,17],[-1,0],[-40,7],[-37,7],[-83,16],[-40,7],[-2,0],[-5,1],[-2,0]],[[37201,98254],[12,11],[12,12]],[[37225,98277],[9,12],[1,3],[9,13],[11,20],[32,61],[3,11],[0,1],[68,119],[31,59],[1,2],[0,1],[3,4],[24,47],[29,53],[44,75],[20,24]],[[37510,98782],[1,0],[346,-38],[1,0],[72,-8],[261,-27],[74,-8],[30,-3],[87,-9],[30,-2],[54,-6],[6,-1],[53,-5],[91,-10],[15,-1],[43,-3],[11,-1],[2,0],[42,-3],[67,-6],[161,-11],[28,-2],[74,-5],[124,-8],[227,-21],[73,-5],[25,0],[283,-30],[204,-19],[2,5],[0,1],[3,9],[0,1],[1,3],[8,12],[4,4],[8,7],[11,10],[47,35],[70,46],[45,28],[75,49],[73,46],[113,76]],[[40455,98882],[12,-2],[10,-2],[21,-4],[22,-4],[16,-3],[7,-2],[45,-9],[26,-5],[6,-1],[14,-3],[24,-5],[8,-1],[23,-5],[30,-6],[17,-4],[7,-1],[17,-3],[14,-3],[32,-7],[4,0],[25,-5],[37,-8],[21,-4],[18,-4]],[[40911,98791],[-55,-30],[-1,0],[-51,-27],[-89,-45],[-42,-20],[-8,-2],[-61,-31],[-29,-15],[-25,-12],[-63,-32],[-105,-53],[-1,-1],[-2,-1],[-9,-4],[-3,-1]],[[40367,98517],[-1,-1],[-38,-20],[-93,-48],[-2,-1],[-13,-6],[-169,-84],[-89,-45],[-75,-39],[-60,-31],[-125,-65],[-11,-3]],[[39691,98174],[-1,0],[-9,-5],[-18,-9],[-63,-31],[-23,-11],[-22,-10],[-59,-29],[-19,-10],[-3,-1],[-91,-47],[-105,-53],[-179,-91],[-82,-42],[-12,-6],[-24,-14],[-5,-2],[-92,-47],[-30,-16]],[[38854,97750],[-6,2],[-19,6],[-2,1],[-32,10],[-25,7],[-20,5],[-18,4],[-55,9],[-49,7],[-7,2],[-6,2],[-17,5],[-7,4],[-11,11],[-16,19],[-10,14],[-1,0],[-15,7],[-14,14],[-9,10],[-4,3],[-7,8],[-10,9],[-9,3],[-1,0],[-8,4],[-7,5],[-6,5],[-4,4],[-1,0],[-2,2],[-1,3],[-3,5],[-10,12],[-13,11],[0,1],[-7,11],[-2,4],[-5,7],[-6,5],[-5,7],[-6,7],[-1,4],[-2,2],[-8,14],[-1,2],[-1,7],[0,17],[1,3],[0,8],[-1,2],[0,4],[-3,5],[-1,2],[-1,1],[-3,6],[-5,5],[-2,3],[-2,1],[-8,8],[-6,5],[-3,1],[-9,7],[-11,6],[-18,9],[-16,6],[-14,4],[-16,3],[-5,0],[-4,1],[-9,1],[-5,1],[-88,0],[-30,-2],[-3,-1],[-5,1],[-3,1],[-18,0],[-2,-1],[-2,0],[-3,-1],[-9,0],[-3,1],[-4,1],[-3,0],[-9,3],[-4,1],[-3,2],[-4,1],[-3,1],[-2,1],[-6,2],[-4,1],[-2,2],[-6,2],[-6,3],[-3,1],[-2,1],[-3,2],[-2,1],[-5,2],[-9,4],[-4,2],[-5,1],[-5,3],[-10,4],[-6,3],[-12,5],[-3,1],[-6,3],[-6,2],[-2,2],[-9,6],[-5,3],[-13,11],[-12,9],[-9,5],[-1,0],[-3,1],[-2,1],[-10,0],[-3,-1],[-2,0],[-1,-1],[-3,0],[-3,-1],[-7,-2],[-6,-2],[-2,0],[-5,-2],[-11,-2],[-8,-2],[-5,-1],[-6,-1],[-5,-2],[-5,-1],[-12,-3],[-3,-2],[-6,-2],[-5,-1],[-1,0],[-5,-3],[-6,-2],[-8,-3],[-3,-1],[-2,0],[0,-1],[-1,0],[-1,-1],[0,-1],[-1,0],[0,-2],[-2,-4],[-5,-5],[-2,-1],[-2,-2],[-3,-1],[-2,-1],[-3,-2],[-4,-1],[-3,-1],[-8,-2],[-1,-1],[-7,-2],[-2,-2],[-2,-1],[-1,-1],[0,-1],[-6,-3],[-1,-1],[0,-2],[1,0],[1,-1],[0,-1],[5,-5],[0,-1],[1,-2],[0,-1],[1,-1],[1,-2],[1,-1],[0,-3],[2,-2],[0,-3],[1,-1],[-1,-1],[0,-1],[-3,-3],[-1,0],[-6,-3],[-2,0],[-4,-1],[-2,-1],[-2,0],[-2,-1],[-3,0],[-3,-1],[-2,0],[-4,-2],[-10,0],[-3,1],[-1,1],[-2,0],[-3,1],[-12,0],[-2,-1],[-5,0],[-2,1],[-2,0],[-2,2],[-6,4],[-2,2],[-5,4],[-4,3],[-3,2],[-2,1],[-2,2],[-1,0],[-4,3],[-2,1],[-5,3],[-5,2],[-5,3],[-7,4],[-3,1],[-1,2],[-3,2],[-1,1],[-4,3],[-2,2],[-2,0],[-2,1],[-3,0],[-2,1],[-5,0],[-3,1],[-4,0],[-6,1],[-3,0],[-4,2],[-1,0],[-4,5],[-3,5],[-2,5],[0,16],[-1,3],[-1,0],[0,1],[-2,4],[-2,1],[0,1],[-1,0],[0,2],[-1,1],[-1,0],[-1,1],[-1,0],[-1,1],[-2,0],[-1,1],[-2,1],[-14,0],[1,5],[8,48],[0,1],[-33,-7],[-2,-1],[-13,-3],[-24,-6],[-27,-6],[-18,-2],[-20,-3],[-35,-7],[-19,-3],[-33,0],[-20,3],[-32,7],[-8,1],[-10,1]],[[37203,98254],[-2,0]],[[2402,69496],[185,-34],[131,-21],[14,-2],[13,-2],[10,-2]],[[2755,69435],[1,0],[17,-3],[14,-2],[1,0],[104,-17],[64,-10],[426,-67],[82,-13],[137,-22],[32,-5],[240,-38],[11,-1],[139,-22],[376,-59],[238,-38],[167,-26],[84,-13],[21,-4],[49,-8],[13,-2],[20,-4],[14,15],[54,50],[211,190],[38,35],[32,28],[22,19],[11,10],[52,45],[21,18],[14,13],[17,15],[56,52],[34,31],[70,63],[66,60],[1,1],[34,30],[21,19],[42,37],[29,26],[18,19],[1,1],[12,17],[2,3],[2,2],[14,20],[47,67],[26,37],[23,32],[7,16],[0,1],[12,12],[3,4],[6,5],[1,2],[1,1],[8,12],[64,92],[16,27],[1,3],[3,7],[1,6],[2,18],[1,0],[6,1],[19,5],[1,0],[13,4],[7,1],[384,90],[2,0],[172,-34],[2,0],[24,-5],[477,-100],[23,-5],[116,-21],[46,-8],[61,-3],[54,0],[66,5],[45,2],[70,3],[74,7],[57,8],[36,6],[39,7],[42,14],[60,21],[438,168],[72,30],[51,20],[86,53],[28,25],[99,85],[47,35],[44,31],[67,29],[17,10]],[[8946,70726],[3,-5],[7,-11],[1,-2],[4,-5],[3,-5],[3,-3],[2,-3],[0,-1],[2,-2],[2,-3],[2,-2],[0,-1],[2,-4],[2,-1],[34,-37],[14,-15],[7,-8],[21,-22],[3,-4],[8,-8],[54,-52],[28,-28],[36,-13],[13,-5],[31,-13],[31,-12],[25,-10],[27,-10],[27,-11],[28,-11],[35,-14],[44,-16],[19,-8],[112,-44],[63,24],[79,42],[59,25],[22,14],[31,25],[4,11],[-3,52],[1,14],[11,13],[10,11],[13,7],[2,1],[1,0],[7,-7],[8,-7],[13,-15],[5,-5],[16,3],[323,64],[5,0],[49,9],[97,14],[227,37],[318,51],[49,10],[208,38],[52,10],[64,12],[156,33],[43,8],[41,7],[48,6],[30,3],[23,3],[140,11],[30,3],[24,2],[1,0],[44,4],[71,5],[103,10],[458,43],[135,12],[32,3],[117,11],[53,4],[63,5],[40,1],[67,-9],[33,-10],[30,-11],[25,-19],[11,-11],[5,-4],[0,-1],[23,-58]],[[13156,70841],[1,-1],[4,-9],[5,-11],[3,-6],[25,-58],[9,-19],[0,-1],[1,-1],[15,-35],[2,-5],[15,-32],[4,-10],[7,-12],[1,-1],[5,-6],[5,-7],[1,0],[20,-19],[9,-7],[3,-2],[37,-25],[4,-3],[3,-1],[23,-12],[7,-4],[98,-49],[121,-62],[51,-26],[55,-28],[13,-6],[9,-5],[25,-12],[9,-4],[44,-22],[5,-1],[13,-5],[60,-24],[32,-13],[3,0],[143,-53],[50,-18],[101,-38],[69,-25],[105,-38],[179,-66],[203,-75],[137,-50],[24,-9],[17,-6],[0,-1],[87,-32],[44,-17],[32,-11],[3,-1],[94,-36],[15,-5],[16,-7]],[[2629,67863],[-12,84],[-88,622],[-6,43],[-2,20],[-2,16],[-18,133],[-57,420],[-4,25],[-38,269],[0,1]],[[2629,67863],[9,2],[823,170],[1,0],[22,5],[26,7],[116,30],[147,38],[97,25],[245,61],[2,1],[62,19],[44,17],[24,10],[19,10],[18,9],[26,20],[19,12],[21,24],[11,19],[41,48],[179,211],[176,208],[36,41],[81,99],[1,0],[303,-50],[120,-19],[228,-37],[398,-65],[27,-5],[33,-9],[19,-6],[71,-28],[252,-99],[10,-4],[33,-13],[85,-32],[15,-7],[32,-13],[6,4],[185,161],[86,76],[2,0],[8,-1],[133,-30],[113,-31],[21,-6],[103,-1],[35,-3],[19,-1],[54,2],[5,-5],[8,-6],[39,6],[54,6],[-5,8],[-10,14],[-1,2],[-33,56],[-7,13],[126,217],[1,0],[19,5],[164,39],[151,37],[114,29],[71,19],[299,73],[181,45],[66,15],[54,13],[34,9],[27,8],[0,1],[9,3],[24,6],[245,65],[98,27],[67,16],[51,9],[31,5],[47,6],[134,15],[278,32],[185,22],[299,36],[1,0],[64,7],[190,22],[63,7],[6,-21],[9,-28],[17,-35],[5,-12],[1,-4],[1,0],[54,-86],[48,-79],[27,-33],[24,-23],[25,-18],[3,-2],[32,-20],[36,-23],[81,-49],[76,-46],[36,-22],[31,-20],[42,-26],[6,-4],[79,-48],[32,-19],[37,-22],[42,-22],[4,-2],[11,-5],[1,-1],[2,-1],[1,-1],[46,-19],[43,-16],[34,-12],[79,-26],[35,-9],[140,-39],[97,-26],[22,-2],[45,-13],[75,-21],[80,-24],[27,-8],[10,-3],[59,-19],[4,-2],[62,-25],[9,-3],[44,-22],[33,-19],[15,-7],[17,-11],[19,-12],[21,-15],[21,-14],[10,-7],[1,-1],[52,-38],[144,-42],[62,-18],[109,-25],[18,-5],[236,-84],[138,-48],[37,38],[37,39],[18,23],[44,49],[25,27],[66,72],[8,9],[20,25],[1,4],[180,190],[34,36],[71,76],[64,71],[18,23],[13,7],[14,11],[7,5],[114,123],[1,0],[-2,10],[35,38],[42,44],[55,49],[29,31],[41,44],[30,32],[137,149],[13,11],[17,10],[17,7],[5,2],[2,1],[16,6],[29,7],[127,30],[33,8],[154,39],[74,17],[122,28],[360,82],[7,2],[121,27],[1,0]],[[15222,69809],[53,-19],[5,-2],[173,-64],[18,-7],[39,-15],[28,-11],[81,-32],[4,0],[30,-10],[58,-11],[13,-2],[8,-1],[20,-3],[30,-2],[32,-1],[22,0],[41,1],[41,3],[43,3],[25,0],[30,-2],[1,0],[25,-2],[18,-2]],[[16060,69630],[22,-4],[27,-4],[1,0],[30,-5],[5,-1],[14,-3],[7,-1]],[[16166,69612],[0,-3],[-9,-45],[-3,-11],[-9,-41],[-4,-10],[-1,-7],[-12,-33],[-5,-13],[-13,-27],[-68,-133],[-5,-9],[-49,-91],[-112,-211],[-12,-23],[-23,-45],[-21,-53],[-11,-38]],[[3071,64692],[-55,392],[-47,335],[-26,189],[-47,340],[-3,14],[-1,11],[-2,6],[-67,484],[-3,24],[-26,188],[-7,52],[-50,362],[-15,106],[-8,54],[-5,38],[-10,71],[-1,4],[-1,12],[-48,340],[-6,40],[-5,35],[-9,74]],[[3071,64692],[81,-8],[110,-11],[112,-12],[73,-7],[70,-8],[34,-3],[43,-4],[74,-7],[34,-1],[36,0],[20,1],[18,5],[16,4],[59,22],[7,3],[80,31],[21,8],[60,24],[19,7],[108,41],[178,69],[141,55],[106,41],[57,22],[124,47],[21,8],[198,76],[118,44],[38,14],[168,61],[132,49],[25,10],[21,11],[1,0],[5,-1],[17,-4],[4,-1],[68,26],[57,23],[109,44],[159,64],[103,39],[125,48],[96,36],[287,110],[7,3],[89,34],[203,77],[56,22],[441,168],[114,43],[202,78],[1,0],[93,36],[141,53],[1,0],[73,29],[286,109],[87,33],[214,81],[193,74],[260,100],[261,99],[154,57],[259,98],[96,37],[348,134],[1,0],[93,35],[184,68],[102,39],[212,81],[206,78],[75,29],[297,112],[26,10],[79,30],[27,10],[20,7],[57,22],[18,7],[20,7],[57,22],[19,7],[5,1],[8,4],[1,0],[10,4],[26,10],[1,0],[-10,6],[-33,17],[-7,-2],[-18,9],[-1,0],[-7,7],[-4,0],[-11,6],[-1,9],[28,10],[7,-5],[14,-11],[38,-38],[2,-3],[6,-4],[13,6],[7,2],[21,8],[5,2],[2,1],[66,19],[10,3],[4,0],[38,5],[40,4],[54,0],[50,-4],[18,-3],[28,-5],[31,-9],[16,-4],[42,-19],[15,-7],[22,-10],[-1,1],[-7,12],[20,-4],[61,-10],[21,-3]],[[18641,61246],[-6,1],[-48,-3],[-80,0]],[[18507,61244],[-14,0],[-82,1]],[[18411,61245],[-15,-9],[1,-1],[-1,0],[10,-7],[-77,-4],[-54,-20],[-38,-57],[-18,-29]],[[18219,61118],[-12,-18]],[[18207,61100],[-11,-14],[-6,-4],[-10,-6],[-36,-14],[-63,-22],[-78,-27],[-18,-5],[-3,0],[-222,-84],[-27,-9],[-131,-54],[-9,-5],[-11,-5],[-6,-2],[-16,-5],[-13,-3],[-19,0],[-14,1],[-18,-6],[-4,-3],[-27,-21],[0,-1],[-8,-15],[-1,-2],[-2,-2],[-3,-10]],[[17451,60782],[-5,-10],[-13,-29],[-4,-5],[-27,-23],[-16,-28],[-1,-1],[0,-6],[-2,-13],[-9,-20],[-40,-11],[-52,-39],[-14,-9],[-49,-14],[-8,-4],[-17,-10],[-10,-7],[-6,-1],[-44,-15],[-5,-2],[-24,0],[-56,12],[-27,0],[-32,2],[-16,5],[-21,4],[-15,3],[-32,0],[-35,-14],[-64,-8],[-28,-20],[-50,-11],[-10,-2],[-37,-2],[-6,0]],[[16676,60504],[-51,11]],[[16625,60515],[-17,5],[-50,14],[-49,2],[-27,-3]],[[16482,60533],[-157,-2]],[[16325,60531],[-204,6],[-22,2],[-35,3],[-92,-1],[-11,-1],[-59,-3],[-109,-8],[-129,-15]],[[15664,60514],[-45,-11]],[[15619,60503],[-89,-23],[-46,-7],[-62,-12],[-71,7],[-42,-7]],[[15309,60461],[-1,0],[-16,-2],[-30,-16]],[[15262,60443],[-54,-3]],[[15208,60440],[-19,1],[-24,1],[-38,8],[-31,15],[-32,21],[-8,5],[-66,15],[-29,3],[-44,4],[-40,8],[-43,-2],[-35,-9]],[[14799,60510],[-31,-10]],[[14768,60500],[-3,-4],[-1,-2],[-8,-7],[-6,-3],[-79,-5],[-60,3],[-52,-1],[-38,1],[-75,9],[-19,0],[-53,3],[-18,-7],[-34,-2],[-60,1],[-24,-5],[-23,-27],[-14,-4]],[[14201,60450],[-11,0]],[[14190,60450],[-1,0],[-21,2],[-26,4],[-46,11],[-33,10],[-15,6],[-64,20],[-29,16],[-17,4],[-28,7],[-11,3],[-1,5],[-1,2],[-12,8],[-27,10],[-29,23],[-8,5],[-32,13],[-8,1],[-25,1],[-57,13]],[[13699,60614],[-29,0]],[[13670,60614],[-45,-7],[-36,-3],[-25,-7],[-26,0],[-18,2],[-7,1],[-43,19],[-66,25],[-18,2],[-6,3],[-6,2],[-63,35]],[[13311,60686],[-38,16]],[[13273,60702],[-78,31],[-29,12],[-8,5],[-29,27],[-32,20],[-54,50],[-8,7],[-1,1],[0,3],[-12,8],[-30,21],[-51,30],[-12,6],[-12,5],[-16,3],[-14,0],[-250,9]],[[12637,60940],[-90,3]],[[12547,60943],[-6,-1],[-513,23],[-1153,51],[-530,25],[-642,30],[-138,7],[-313,15],[-43,2],[-132,-7],[-458,-18]],[[8619,61070],[-341,-10]],[[8278,61060],[-559,-19],[-112,-5],[-233,-8],[-589,-17],[-314,-11],[-305,-10],[-27,-2]],[[6139,60988],[-4,-1]],[[6135,60987],[-305,-8],[-255,-8],[-75,-3],[-1,0],[-160,-5],[-173,0],[-78,-1],[-56,-1],[-99,-1],[-84,-2],[-48,-1],[-176,-6],[-148,-6],[-28,-1],[-87,-3],[-28,-1],[-264,-10],[-467,-18],[-6,-1],[-2,11],[-1,9],[-1,4],[-19,142],[-21,155],[0,1],[-16,112],[-44,312],[-88,630],[-2,12],[-4,22],[-104,756],[-42,300],[0,1],[-1,4],[-135,976],[-1,9],[-17,117],[-4,29],[-24,178],[0,1]],[[12206,67602],[1,0],[5,2],[0,1],[5,0],[-5,2],[-2,1],[-1,0],[3,4],[2,5],[0,1],[3,4],[3,6],[7,11],[16,28],[1,3],[9,15],[6,9],[2,7],[12,21],[3,9],[17,-2],[69,-10],[84,-12],[31,35],[8,9],[-28,23],[-5,15],[0,1],[71,13],[3,-3],[93,18],[165,28],[302,56],[47,9],[17,3],[3,1],[5,0],[1,1],[-55,34],[-6,4],[-1,0],[8,5],[17,9],[21,12],[1,0],[-52,20],[-17,7],[-1,0],[9,5],[-17,6],[-1,1],[145,84],[1,0],[-29,12],[-11,4],[-9,4],[-31,12],[-10,5],[-8,2],[-3,1],[-21,9],[-8,3],[-13,5],[-1,1],[-5,1],[-36,15],[-14,6],[-3,1],[-11,4],[-3,1],[-1,0],[6,2],[19,5],[15,3],[14,4],[31,7],[39,10],[24,5],[160,39],[81,19],[126,30],[131,32],[156,38],[171,43],[107,25],[123,29],[475,116],[397,94],[64,15],[44,12],[63,16],[292,70],[1,0],[74,15],[26,4],[4,0],[31,3],[8,1],[42,-3],[55,-3],[36,-1]],[[15809,68819],[6,0],[7,-1],[12,0],[7,-1],[32,-1],[29,-3],[4,0],[64,-7],[111,-45],[20,-8],[34,-15],[131,-54],[217,-88],[161,-63],[17,-6],[42,-16],[92,-34],[54,-20],[208,-82],[12,-5],[161,-59],[298,-100],[386,-139],[5,-2],[87,-32],[87,-33],[98,-37]],[[18191,67968],[1,0],[61,-23],[76,-27],[212,-75],[21,-6],[19,-5],[56,-12],[47,-13],[40,-12],[42,-14],[31,-11],[15,-8],[6,-3],[9,-4],[9,-5],[18,-12],[11,-8],[8,-9],[3,-3],[8,-9],[2,-3],[0,-1],[4,-5],[3,-9],[0,-1],[6,-8],[9,-10],[11,-10],[1,0],[13,-10],[12,-6],[45,-24],[11,-7],[10,-10],[5,-6],[1,-1],[2,-4],[4,-6],[0,-4],[1,-5],[0,-16],[-4,-23],[0,-9],[76,-3],[117,-21],[174,-34],[72,-26],[26,-21],[17,-20],[15,-16],[0,-1],[2,-37],[2,-36],[18,-44],[39,-21],[54,4],[124,58],[102,57],[98,45],[64,21],[58,5],[67,-7],[60,7],[111,28],[63,13],[128,24],[55,16],[59,37],[36,38],[2,3],[4,5],[29,38],[14,33],[-9,30],[0,1],[-31,32],[-15,23],[-1,1],[70,50],[84,35],[99,22],[60,37],[72,52],[49,29],[52,8],[53,6],[124,-4],[125,-22],[56,-50],[41,-45],[65,-10],[1,-1],[39,-48],[30,2],[22,3],[14,0],[3,-5],[-11,-19],[-2,-8],[229,-107],[1,0],[146,-82],[2,-5],[1,-2],[14,-3],[498,-279],[186,-81],[5,-8],[12,-17],[146,-45],[338,-103],[87,-28],[12,-4],[146,-45],[84,-26],[8,-3],[244,-76],[29,-8],[57,-17],[-1,0],[-108,-40],[-19,-7],[-167,-66],[-63,-25],[-25,-11],[-20,-9],[-11,-8],[-6,-6],[-2,-3],[-12,-14],[-37,-52],[-24,-33],[-73,-100],[-25,-33],[0,-1],[-3,-3],[-35,-45],[-30,-37],[-84,-109],[-35,-45],[-3,-4],[-2,-4],[-9,-19],[-32,-71],[-31,-68],[-11,-23],[-20,-43],[-29,-64],[-27,-56],[-14,-31],[-1,-2],[-9,-14],[-28,-55],[-115,-246],[-21,-44],[-42,-91],[-43,-90],[0,-4],[-1,-2],[3,-17],[2,-8],[10,-59],[29,-151],[6,-28],[33,-179],[24,-120],[22,-115],[6,-31],[32,-153],[9,-38],[13,-14],[23,-22],[16,-17],[30,-26],[79,-63],[24,-20],[22,-19],[30,-30],[-7,-5],[-37,-30],[-29,-19],[-23,-19],[-22,-21],[-12,-13],[-11,-10],[-21,-30],[-16,-25],[-29,-38]],[[22319,61774],[-1,0],[-46,-2],[-58,15],[-38,13],[-40,9],[-42,3]],[[22094,61812],[-21,0]],[[22073,61812],[-16,-2],[-64,-24],[-17,-4],[-16,-7],[-67,-22],[-42,-11],[-49,-7],[-36,-1],[-52,5],[-57,17]],[[21657,61756],[-56,25]],[[21601,61781],[-28,14],[-25,14],[-27,17],[-31,16],[-41,2],[-99,7],[-6,1],[-69,-1],[-50,10],[-38,-1],[-7,-1],[-36,2],[-37,5],[-15,2],[-40,-2],[-6,-1],[-16,-6],[-27,-15],[-51,-17],[-20,-11],[-9,-10],[-45,-25],[-28,-6],[-21,-4],[-1,0],[-7,-1],[-69,-8],[-4,3],[-68,-5],[-48,-14],[-3,-1],[-10,-8],[-4,-3],[-6,-3],[-12,-10],[0,-1],[-2,-1],[-35,-77],[-10,-9]],[[20550,61633],[-28,-20]],[[20522,61613],[-25,-13],[-66,-28],[-52,-19],[-16,-10],[0,-1],[-2,-2],[-3,-34],[-8,-19],[-20,-23],[-16,-10],[-30,-15]],[[20284,61439],[-26,-4]],[[20258,61435],[-20,3],[-10,3],[-51,16],[-28,8],[-52,1]],[[20097,61466],[-32,-6]],[[20065,61460],[-1,0],[-94,-40],[-158,-66],[-41,-15],[-24,-5],[-34,-1],[-8,0],[-12,1]],[[19693,61334],[-6,1]],[[19687,61335],[-8,3],[-5,1],[-5,0]],[[19669,61339],[-14,1]],[[19655,61340],[-14,0],[-14,-1],[-12,-1],[-10,-3],[-6,-3],[-6,-6]],[[19593,61326],[0,-4]],[[19593,61322],[7,-6],[10,-8]],[[19610,61308],[0,-3]],[[19610,61305],[-3,-3],[-4,-5],[-4,-4],[-9,-4]],[[19590,61289],[-8,-3],[-13,0]],[[19569,61286],[-2,1],[-20,5],[-18,0],[-10,-1],[-15,-16],[0,-7],[-2,-5],[-16,-8],[-7,-3],[-3,-2],[-21,-9],[-10,-4],[-7,-4],[-1,0],[-1,-1],[-9,-1],[-5,0],[-27,-1],[-38,-1],[-23,7],[-37,6],[-25,12]],[[19272,61254],[-1,1]],[[19271,61255],[-14,4],[-18,3],[-14,1],[-18,0],[-35,-3],[-35,-9],[-15,-4],[-2,0],[-11,-4],[-26,-2],[-50,-3],[-58,0]],[[18975,61238],[-57,0]],[[18918,61238],[-1,0],[-24,2],[-20,0],[-22,1],[-67,2],[-41,1],[-66,-2],[-14,2],[-2,0]],[[18661,61244],[-1,0],[-19,2]],[[18641,61246],[-140,123],[-83,73],[-28,25],[-10,8],[-13,12],[-1,1],[-21,24],[-51,55],[-130,130],[-23,22],[-29,28],[-122,119],[-8,8],[-26,25],[-11,11],[-1,0],[-34,33],[-15,14],[-34,34],[-80,75],[-7,8],[-44,42],[-12,12],[-5,4],[-42,41],[-130,124],[-35,35],[-10,11],[-1,2],[-21,23],[-7,7],[-14,15],[-2,1],[-12,11],[-1,1],[-6,5],[-22,14],[-29,24],[-2,2],[-106,102],[-24,28],[-3,4],[-2,3],[-1,1],[-4,6],[-2,7],[-4,9],[-1,2],[-24,25],[-1,0],[-141,138],[-57,56],[-174,170],[-61,60],[-15,15],[-116,111],[-81,78],[-61,59],[-138,132],[-14,14],[-377,364],[-4,4],[-14,13],[-21,20],[-40,39],[-142,137],[-9,10],[-35,34],[-12,12],[-105,102],[-36,35],[-35,35],[-1,0],[-24,24],[-27,26],[-18,18],[-2,1],[-5,6],[-10,9],[-136,133],[-54,52],[-17,17],[-49,46],[-1,1],[-1,2],[-1,1],[-33,32],[-80,78],[-125,123],[-155,150],[-70,67],[-117,113],[-1,0],[-1,2],[-19,18],[-7,6],[-30,30],[-15,17],[-13,12],[-140,141],[-55,55],[0,1],[-1,0],[0,1],[-76,74],[-27,27],[-67,65],[-160,149],[-88,87],[-21,21],[-81,80],[-1,0],[-9,9],[-61,59],[-24,24],[-10,12],[-52,55],[-51,54],[-102,99],[-87,84],[-19,19],[-98,93],[-10,10],[-9,8],[-51,48],[-23,23],[-103,97],[-53,51],[-20,19],[-33,31],[-7,6],[0,1],[-6,6],[-132,128],[-265,255],[-1,0],[-148,148],[-30,28],[-22,22],[-87,84],[-22,21],[-45,43],[-23,22],[0,1],[-8,7],[-12,14],[0,1],[5,7],[13,21],[8,12],[3,4],[7,12],[1,2],[2,3],[0,1]],[[31822,96406],[-18,-10],[-50,-30],[-18,-11]],[[31736,96355],[-33,-5],[-3,0],[-70,-12],[-38,-6],[-102,-17],[-198,-30],[-66,-11],[-60,-9],[-182,-28],[-60,-9],[-13,-3],[-40,-5],[-12,-3],[-45,-7],[-103,-16],[-30,-5],[-45,-6],[-30,-6],[-93,-14],[-31,-5],[-8,-1],[-23,-4],[-8,-1],[-213,-34],[-22,-2],[-1,0]],[[31682,97120],[2,-6],[5,-14],[0,-3],[5,-7],[6,-11],[15,-19],[13,-12],[5,-4],[1,-2],[3,-4],[2,-1],[17,-12],[1,-1],[29,-22],[30,-22],[39,-28],[24,-14],[4,-3],[32,-16],[35,-17],[6,-2],[130,-53],[5,-2],[38,-15],[49,-19],[14,-6],[83,-34],[50,-20],[48,-21]],[[32373,96730],[-36,-21],[-32,-19],[-52,-30],[-23,-14],[-3,-2],[-37,-21],[0,-1],[-35,-20],[-77,-45],[-25,-14],[-4,-2],[-35,-21],[-38,-23],[-59,-35],[-29,-16],[-28,-17],[-38,-23]],[[31822,96406],[-2,1],[-16,5],[-52,18],[-16,5],[-1,1],[22,13],[26,17],[35,20],[9,9],[0,2],[-2,10],[0,2],[-3,8],[-1,2],[0,1],[-3,8],[-6,11],[-5,9],[-4,7],[-1,2],[0,1],[-5,9],[-8,15],[-6,14],[-2,2],[-2,3],[-4,8],[-2,6],[-6,10],[-10,19],[-4,9],[0,1],[-1,0],[24,3],[72,10],[24,3],[0,1],[-3,7],[-3,3],[-3,5],[-7,12],[-11,14],[-7,10],[-1,1],[-39,-6],[-43,-6],[-108,-15],[-44,-5],[-25,0],[-25,3],[-17,5],[-16,6],[-7,5],[-8,4],[-11,10],[-7,8],[-2,3],[-1,0],[-1,3],[-4,7],[-1,3],[0,2],[-1,3],[0,7],[-1,6],[-1,4],[0,9],[5,10],[8,11],[1,2],[10,10],[0,1],[-22,5],[-13,4],[-7,1],[-20,8],[-17,10],[-11,9],[-21,19],[-6,5],[-1,1],[-18,10],[-1,1],[-1,-1],[-37,-4],[-5,-1],[-79,-12],[-30,-5],[-38,-5],[-1,0],[-109,-17],[-146,-23],[-118,-17],[-41,-4],[-26,-1],[-2,0],[-35,-5],[-65,-9],[-37,-6],[-100,-15],[-15,-2],[-128,-20],[-13,-2],[-8,-1],[-67,-11],[-33,-4],[-5,1],[-3,2],[-1,0],[-3,8],[-9,26],[-4,16],[-3,13],[0,1],[-28,-1],[-49,-2],[-36,-3],[-27,-2],[-1,0]],[[29795,97817],[54,-3],[26,0],[9,-1]],[[29884,97813],[6,0],[118,-4],[4,0],[120,-4],[33,-1],[96,-4],[49,-2],[88,-4],[75,-3],[54,-2],[61,-3],[25,-1],[117,-5],[46,-1],[62,-3],[44,-1],[83,-3],[199,-7],[97,-3],[58,-1],[24,-1],[108,-1],[19,0]],[[31470,97759],[0,-6],[3,-7],[4,-16],[4,-8],[0,-2],[4,-12],[3,-8],[2,-8],[2,-5],[1,-3],[10,-25],[0,-2],[2,-6],[0,-3],[5,-11],[0,-1],[5,-15],[9,-26],[7,-22],[1,-1],[5,-15],[2,-13],[10,-25],[8,-22],[2,-9],[4,-11],[23,-69],[6,-19],[7,-23],[30,-90],[3,-11],[10,-30],[20,-56],[10,-30],[0,-1],[7,-21],[3,-7]],[[31682,97120],[-31,0],[-17,1],[-20,5],[-22,8],[-21,8],[-17,6],[-52,20],[-18,6],[-22,8],[-27,10],[-39,14],[-20,5],[-5,0],[-14,2],[-17,0],[-25,-2],[-12,-2],[-16,-2],[-7,-1],[-24,-3],[-40,0],[-16,-1],[-7,-1],[-5,-1],[-18,-3],[-6,6],[-5,6],[-1,1],[-1,2],[-1,0],[-61,-8],[-115,-15],[-32,-2],[-40,-2],[-63,-3],[-79,-3],[-239,-12],[-80,-3],[-69,-4],[-210,-10],[-70,-3],[-24,-1],[-1,0],[-76,-4],[-18,-1],[-8,0]],[[29838,97644],[2,-6],[0,-3],[3,-12],[9,-30],[1,-5],[2,-8],[0,-1],[2,-6],[2,-3],[3,-9],[0,-2],[4,-11],[2,-5],[1,-3],[4,-20],[1,-4],[7,-22],[1,-2],[1,-4],[1,-11],[0,-1],[2,-5],[1,0],[1,-5],[9,-33],[1,-4],[3,-7],[1,-5],[4,-12],[0,-2],[1,-5],[8,-30],[2,-9],[0,-1],[1,-5],[1,0],[1,-1],[3,-15],[0,-5],[1,-3],[1,-4],[9,-30],[2,-8],[1,-2],[0,-2],[1,-6],[1,-1],[0,-1],[8,-27],[0,-1],[2,-5],[0,-1],[1,-3],[3,-12],[0,-3],[2,-8],[1,-5],[7,-29],[4,-14],[0,-5],[2,-9],[1,-7],[1,-2],[0,-3]],[[29971,97141],[0,-1],[2,-5],[1,-6],[9,-31],[1,-2],[2,-12],[1,0],[3,-11],[3,-14],[6,-21],[2,-4],[1,-6],[0,-2],[1,0],[1,-7],[1,-4],[7,-34],[1,-3],[2,-8],[2,-7],[1,-3],[4,-19],[0,-2],[2,-13],[2,-6],[0,-4],[1,-1],[1,-10],[3,-13],[2,-11],[3,-9],[1,-5],[1,-6],[5,-16],[6,-18],[0,-1],[1,-1],[6,-28],[3,-16],[0,-1]],[[30059,96780],[3,-11],[7,-32],[1,-2],[2,-11],[1,-7],[5,-18],[7,-36],[8,-40],[4,-17],[1,-5],[1,-3],[1,-5],[2,-6],[2,-9],[4,-14],[3,-9],[0,-3],[1,-2],[1,-6],[0,-1],[20,-84],[10,-43],[7,-32],[1,-2],[11,-44],[13,-61],[19,-82],[9,-43],[4,-36]],[[30207,96116],[-11,-1],[-10,-2],[-1,0],[0,-1],[1,-1],[0,-2],[2,-14],[5,-33],[26,-104],[2,-6],[4,-15],[1,0],[2,-11],[12,-50],[5,-19],[4,-16],[4,-15],[15,-66],[25,-91],[10,-38],[13,-49],[5,-19],[3,-9],[1,-1]],[[26417,99967],[-170,-51],[-43,-11],[-50,-14],[23,-23],[18,-20],[17,-17],[44,-34],[17,-13],[19,-11],[25,-13],[27,-12],[27,-10],[24,-10],[23,-11],[21,-11],[23,-14],[24,-18],[12,-12],[0,-2],[119,-114],[2,-2],[4,-3],[10,-9],[7,-10],[13,-28],[0,-3],[1,-5],[3,-5],[6,-5],[7,-4],[51,-19],[27,-15],[14,-7],[10,-7],[11,-5],[3,-2],[16,-11],[33,-21],[16,-13],[14,-16],[3,-5],[4,-6],[5,-17],[0,-2],[2,-3],[0,-7],[1,-14],[0,-21],[6,-6],[10,-5],[6,-1],[6,0],[36,-3],[13,0]],[[24791,96437],[-19,0],[-61,-2],[-19,-1],[-36,-2],[-13,-1],[-31,-2],[-11,-1],[-22,0],[-253,-12],[-12,0],[-65,-3],[-15,0],[-61,-2],[-215,-10],[-37,-2],[-24,-1],[-60,-2],[-18,-1],[-162,-7],[-32,-2],[-21,-2],[-147,-6],[-25,-1],[-30,-1],[-118,-5],[-45,-4],[-48,-2],[-137,-6],[-6,0],[-48,-2]],[[19289,99351],[5,1],[5,0],[12,2],[11,1],[0,1],[13,1],[10,1],[14,2],[5,1],[17,2],[7,1],[4,1],[9,1],[2,0],[3,1],[11,1],[19,3],[6,1],[5,1],[4,0],[7,1],[8,1],[4,1],[8,1],[2,0],[6,1],[22,4],[1,0],[10,1],[14,2],[9,1],[5,1],[14,2],[8,1],[2,0],[3,1],[6,1],[19,2],[26,4],[22,3],[19,3],[22,2],[4,1],[3,0],[18,3],[20,3],[28,4],[2,0],[20,2],[8,2],[9,1],[19,3],[12,1],[7,1],[9,1],[8,1],[7,1],[9,1],[29,4],[30,4],[7,1],[9,2],[17,2],[15,2],[16,2],[17,2],[24,3],[4,1],[3,0],[19,3],[17,2],[10,1],[4,1],[20,2],[10,2],[1,0],[16,2],[3,0],[8,2],[14,1],[11,2],[13,1],[18,2],[19,3],[13,2],[3,0],[12,2],[10,1],[1,0],[2,1],[10,1],[6,0],[5,1],[4,0],[7,1],[11,1],[11,2],[14,2],[9,1],[5,1],[6,0],[5,1],[6,1],[10,1],[2,0],[19,3],[13,1],[3,1],[1,0],[16,2],[12,1],[16,3],[9,0],[8,1],[12,2],[14,2],[14,1],[9,2],[16,2],[7,1],[10,1],[11,1],[4,0],[4,1],[10,1],[7,1],[5,1],[7,0],[2,1],[6,1],[4,0],[21,3],[11,1],[3,0],[12,2],[16,2],[7,1],[7,0],[11,2],[9,1],[7,1],[4,0],[8,1],[6,1],[8,1],[4,0],[4,1],[9,1],[15,1],[13,2],[3,1],[15,1],[5,1],[20,2],[10,2],[20,2],[31,4],[4,0],[22,3],[22,2],[1,0],[21,3],[16,1],[1,1],[2,0],[18,2],[22,3],[26,3],[22,2],[31,4],[31,3],[11,1],[15,2],[28,3],[15,2],[12,1],[18,3],[10,0],[12,2],[25,2],[10,2],[7,0],[17,3],[4,0],[19,2],[22,2],[29,4],[4,0],[13,1],[13,2],[9,1],[25,2],[11,1],[10,2],[8,0],[23,3],[15,2],[7,1],[16,1],[15,2],[12,1],[11,1],[54,6],[22,2],[32,3],[19,2],[2,1],[9,1],[7,0],[8,1],[4,0],[13,2],[22,2],[20,2],[12,2],[6,0],[14,1],[16,2],[17,2],[14,1],[1,1],[1,0],[15,1],[18,2],[3,0],[20,2],[13,2],[14,1],[1,0],[11,1],[17,2],[13,1],[3,0],[15,2],[14,1],[17,2],[22,2],[1,0],[14,2],[16,1],[6,1],[21,2],[4,0],[21,2],[23,3],[15,1],[7,1],[26,2],[34,3],[25,3],[24,2],[1,0],[26,3],[15,1],[14,1],[34,3],[26,3],[22,2],[1,0],[23,2],[40,4],[17,1],[8,1],[6,1],[8,1],[9,0],[2,1],[8,0],[11,1],[10,1],[7,1],[10,0],[19,2],[10,1],[6,1],[7,0],[15,2],[8,0],[6,1],[7,1],[5,0],[10,1],[4,0],[15,2],[14,1],[17,1],[3,0],[17,2],[4,0],[5,1],[10,1],[9,0],[29,3],[3,0],[29,3],[20,1],[9,1],[30,3],[18,1],[11,1],[26,2],[22,2],[14,1],[18,2],[15,1],[8,1],[5,0],[20,2],[35,3],[68,6],[26,1],[23,2],[26,3],[16,1],[9,0],[7,1],[22,2],[26,2],[23,2],[25,2],[26,2],[23,1],[2,0],[6,1],[23,2],[15,1],[13,1],[16,1],[19,1],[23,2],[34,2],[6,1],[23,2],[15,1],[11,1],[26,2],[14,1],[3,0],[11,1],[12,1],[1,0],[13,1],[13,0],[5,1],[8,0],[12,1],[14,1],[11,1],[12,1],[7,0],[4,1],[14,0],[7,1],[14,1],[3,1],[9,0],[13,1],[1,0],[11,1],[15,1],[13,1],[9,0],[10,1],[11,1],[14,1],[11,0],[7,1],[7,0],[7,1],[11,1],[10,0],[14,1],[7,1],[7,0],[8,1],[7,0],[5,1],[6,0],[8,1],[11,0],[9,1],[6,0],[3,1],[14,0],[9,1],[6,0],[6,1],[10,0],[3,1],[9,0],[12,1],[4,0],[5,1],[8,0],[11,1],[9,1],[14,0],[6,1],[12,0],[25,2],[11,1],[21,1],[16,1],[10,1],[19,1],[4,0],[12,1],[7,0],[4,1],[11,0],[15,2],[20,0],[5,1],[10,0],[12,1],[14,1],[17,1],[5,0],[9,1],[14,1],[20,1],[9,0],[4,1],[13,1],[29,1],[6,1],[43,2],[14,1],[9,1],[43,2],[7,0],[33,2],[5,1],[19,1],[23,1],[9,1],[11,0],[14,1],[15,1],[5,0],[9,1],[20,1],[18,1],[26,1],[20,1],[6,0],[20,2],[17,0],[3,1],[18,1],[22,1],[4,0],[17,1],[15,1],[8,0],[20,1],[3,0],[20,1],[26,2],[21,1],[16,0],[10,1],[20,1],[7,0],[7,1],[12,0],[14,1],[9,0],[20,1],[28,2],[1,0],[29,1],[9,1],[14,0],[17,1],[5,0],[4,1],[17,0],[8,1],[18,1],[23,1],[18,0],[7,1],[7,0],[14,1],[15,0],[17,1],[13,1],[16,0],[14,1],[15,1],[17,0],[12,1],[2,0],[15,1],[12,0],[6,1],[12,0],[10,1],[18,0],[17,1],[1,0],[16,1],[21,1],[17,0],[12,1],[6,0],[12,1],[14,0],[12,1],[4,0],[21,1],[21,0],[17,1],[23,1],[1,0],[13,1],[18,0],[7,1],[19,0],[20,1],[15,0],[5,1],[16,0],[2,1],[34,0],[16,1],[9,0],[8,1],[19,0],[7,1],[26,0],[14,1],[12,0],[11,1],[14,1],[30,0],[11,1],[26,0],[6,1],[6,0],[18,1],[15,0],[16,1],[15,0],[17,1],[9,0],[9,1],[34,0],[15,1],[29,0],[3,1]],[[27489,93987],[-1,0],[-9,-1],[-96,-28],[-29,-23]],[[27354,93935],[-16,-14],[-49,-39],[-32,-26],[-45,-37],[-16,-13]],[[27196,93806],[-25,6],[-61,15],[-13,3],[-25,6],[-16,4],[-52,12],[-15,4],[-2,0]],[[26987,93856],[-40,11],[-13,3],[-1,0],[-31,7],[-6,2],[-20,4],[-7,1],[-21,6],[-66,15],[-21,5],[-1,0]],[[22522,94264],[22,22],[22,6],[5,3],[5,7],[4,21],[19,48],[2,5],[17,15],[49,25],[5,6],[0,3],[-7,12],[3,7],[0,1],[-9,5],[-12,3],[-7,0],[-33,-4],[-9,2],[-8,2],[-6,4],[-1,0],[-3,17],[0,2],[-3,0],[-12,8],[-47,17],[-13,6],[-10,2],[-30,3],[-43,-2],[-20,5],[-17,1],[-19,8],[-21,19],[-2,3],[-4,9],[0,43],[-16,11],[-22,7],[-36,12],[-10,9],[1,6],[2,13],[-9,9],[-6,11],[-1,0],[8,3],[-10,24],[-6,14],[-1,4],[-1,5],[3,1],[11,4],[31,4],[26,3],[59,0],[33,3],[0,-1],[5,-33],[1,-8],[533,131],[-1,0],[-1,-1]],[[22932,94829],[-4,-8],[-3,-6],[-22,-30],[-5,-8],[-12,-28],[-2,-12],[2,-8],[1,-3],[2,-7],[14,-12],[1,0],[2,-2],[5,-6],[6,-8],[0,-5],[1,0],[14,-6],[10,-1],[19,-2],[12,-7],[53,-12],[10,-4],[8,-3],[0,-1],[-4,-3],[-8,-8],[-12,-5],[-29,-7],[-4,-2],[-5,-8],[1,0],[113,7],[4,0],[57,3],[297,21],[117,8],[1,0],[59,-4],[15,45],[7,22],[1,1],[22,56],[22,33],[23,24],[3,4],[9,6],[26,21],[17,10],[2,2],[11,8],[1,0],[-79,126],[-9,14],[-69,112],[-6,13],[-5,12],[-3,10],[-2,9],[2,13],[0,2],[6,17],[11,23],[3,4],[14,17],[25,23],[36,31],[33,26],[27,22],[20,22],[15,24],[0,1],[4,19],[0,6],[1,19],[-3,13],[-5,18],[-12,34],[-15,33],[-2,5],[-10,24],[-1,1],[0,7],[-1,3],[-1,2],[0,1],[1,0],[15,-9],[12,-7],[24,-21],[61,-40],[30,-18],[24,-16],[44,-30],[45,-27],[3,-2],[1,0],[7,-4],[23,-16],[25,-14],[59,-40],[2,-2],[2,-1],[10,-8],[5,-3],[11,-6],[40,-27],[14,-9],[73,-38],[5,-3],[15,-8],[105,-40],[18,-4],[11,-5],[7,-3],[1,0],[3,-2],[14,-5],[4,-2],[1,0],[7,-3],[2,0],[23,-9],[6,-2],[8,-4],[63,-24],[92,-36],[297,-141]],[[25040,94136],[-4,-14],[-6,-15],[-4,-12],[0,-6],[-4,-10],[-3,-5],[-2,-6],[-1,-7],[-5,-16],[-19,-68],[-4,-14],[-4,-9],[-5,-14],[-33,-110],[-11,-39],[-4,-16],[-10,-30],[-8,-14]],[[18497,96154],[9,-23],[1,-4],[0,-3],[2,-7],[3,-18],[-1,-17],[-3,-17],[12,-19],[34,-42],[14,-12],[31,-20],[35,-21],[26,-18],[9,-8],[11,-9],[4,-4],[10,-11],[4,-5],[2,-2],[4,-6],[3,-5],[8,-15],[8,-23],[0,-1],[2,-22],[-1,-18],[-1,-12],[-2,-12],[-11,-26],[-56,-63],[-44,-46],[-13,-14],[-9,-10],[-82,-87],[-55,-61]],[[15838,95372],[-7,6],[-18,10],[-33,19],[-22,13],[-25,15],[-28,15],[-29,17],[-12,6],[-45,26],[-47,27],[-18,11],[-13,7],[-41,24],[-12,7],[-35,20],[-3,1],[-14,6]],[[11752,97639],[10,3],[29,10],[20,6],[23,7],[27,9],[50,16],[11,4],[34,10],[27,9],[7,2],[73,23],[1,0],[35,12],[34,10],[46,14],[23,8],[9,3],[15,4],[33,10],[17,6],[7,2],[12,3],[40,13],[27,8],[17,5],[3,1],[1,0],[41,13],[29,9],[17,5],[4,1],[41,12],[29,9],[12,4],[18,5],[15,5],[57,17],[23,6],[8,3],[13,4],[10,2],[7,2],[41,12],[32,10],[2,1],[1,0],[23,7],[13,4],[6,1],[44,13],[29,9],[22,6],[19,6],[47,13],[10,3],[12,3],[29,9],[25,7],[3,0],[38,12],[30,8],[34,10],[19,5],[41,12],[14,4],[25,6],[24,7],[12,4],[36,10],[24,6],[12,4],[2,0],[5,2],[10,2],[5,2],[5,1],[25,7],[2,1],[2,0],[10,3],[8,2],[9,3],[6,1],[11,3],[14,4],[16,5],[4,0],[8,2],[11,3],[30,9],[21,5],[16,5],[27,7],[7,2],[20,6],[43,11],[27,7],[8,2],[3,1],[17,5],[10,3],[12,3],[33,8],[17,5],[27,7],[18,5],[10,3],[10,2],[10,3],[40,10],[33,9],[13,3],[16,5],[18,4],[29,8],[17,4],[43,11],[22,6],[51,13],[5,1],[35,9],[20,5],[6,2],[12,3],[30,7],[36,10],[30,7],[3,1],[18,4],[11,3],[10,3],[14,3],[10,3],[48,12],[13,3],[19,5],[1,0],[23,5],[17,5],[24,6],[9,2],[8,2],[23,6],[16,3],[5,1],[12,4],[18,4],[2,1],[13,3],[7,2],[1,0],[25,6],[18,4],[7,2],[6,1],[13,3],[20,5],[7,2],[9,2],[17,4],[1,0],[35,9],[13,3],[8,2],[10,2],[20,5],[19,4],[5,1],[33,9],[2,0],[21,5],[36,8],[2,1],[22,5],[16,4],[21,5],[17,4],[4,1],[10,2],[19,4],[10,3],[3,1],[17,3]],[[19289,99351],[2,0],[49,4],[53,4],[53,5],[52,5],[18,2],[36,5],[47,7],[60,11],[37,7],[17,4],[61,5],[54,2],[65,-7],[65,-1],[76,2],[115,7],[62,3],[13,-8],[39,-27],[48,-33],[109,-71],[26,-16],[0,-1],[34,-15],[50,-22],[86,-27],[122,-38],[95,-28],[12,-4],[66,-23],[59,-24],[9,-4],[18,-9],[0,-1],[1,0],[9,-6],[8,-6],[1,-1],[15,-10],[21,-12],[2,-2],[18,-13],[4,-5],[9,-9],[3,-4],[2,-1],[1,-1],[1,-2],[12,-11],[7,-7],[6,-4],[8,-8],[9,-8],[29,-25],[9,-8],[1,0],[2,-3],[1,0],[1,-1],[8,-7],[3,-3],[5,-4],[10,-9],[21,-19],[24,-21],[13,-11],[1,-2],[0,-1],[1,-1],[19,-16],[28,-24],[28,-26],[5,-5],[1,0],[4,-4],[7,-8],[10,-9],[23,-19],[1,0],[3,-5],[1,-1],[2,-3],[7,-8],[2,-2],[24,-28],[5,-6],[18,-23],[5,-7],[9,-15],[8,-12],[5,-9],[7,-11],[7,-15],[8,-14],[0,-1],[5,-10],[13,-27],[1,-1],[17,-37],[26,-54],[11,-23],[4,-11],[10,-25],[5,-12],[10,-25],[3,-6],[2,-7],[3,-7],[10,-24],[2,-5],[11,-27],[3,-8],[1,-4],[3,-8],[9,-19],[0,-1],[3,-6],[5,-14],[6,-13],[21,-53],[10,-24],[0,-1],[1,-2],[0,-1],[1,-1],[7,-18],[1,-2],[1,-1],[3,-7],[6,-16],[25,-61],[6,-13],[1,-4],[4,-9],[8,-17],[6,-16],[19,-47],[6,-13],[1,-2],[4,-9],[1,-1],[0,-1],[4,-10],[3,-5],[1,-3],[6,-12],[2,-7],[1,-3],[1,-1],[6,-14],[22,-50],[15,-33],[26,-50],[5,-7],[29,-41],[4,-4],[41,-53],[19,-24],[24,-30],[5,-7],[3,-4],[1,0],[10,-14],[5,-4],[0,-4],[1,-4],[1,-1],[12,-15],[2,-2],[1,-2],[1,-1],[60,-63],[22,-23],[25,-28],[20,-22],[0,-1],[50,-54],[4,-7],[22,-28],[0,-1],[56,-73],[15,-19],[66,-76],[105,-123],[40,-47],[1,0],[0,-1],[19,-25],[29,-37],[28,-34],[10,-11],[7,-8],[29,-35],[66,-75],[37,-42],[12,-13],[14,-16],[27,-30],[29,-32],[19,-22],[21,-22],[22,-24],[10,-8],[7,-11],[16,-24],[2,-6],[1,-1],[1,-4],[1,-2],[12,-12],[19,-18],[7,-8],[10,-12],[13,-16]],[[23000,96357],[-1,0],[-5,-1],[-100,-5],[-12,-1],[-50,-2],[-120,-3],[-136,-5],[-107,-3],[-26,-1],[-78,0],[-17,-1],[-10,1],[-11,1],[-25,5],[-25,2],[-92,11],[-42,4],[-54,7],[-62,7],[-16,3],[-30,5],[-19,2],[-16,2],[-26,3],[-76,10],[-25,4],[-76,10],[-68,9],[-12,0],[-25,4],[-114,28],[-72,17],[-188,45],[-18,4],[-88,22],[-81,20],[-69,15],[-5,0],[-2,1],[-77,12],[-76,12],[-1,0],[-123,20],[-121,18],[-81,13],[-134,17],[-27,5],[0,-68],[-1,-91],[-2,-7],[-3,-6],[-6,-7],[-8,-5],[-10,-6],[-11,-4],[-13,-4],[-14,-3],[-86,-11],[-11,-2],[-31,-5],[-26,-5],[-44,-10],[1,0],[9,-9],[8,-11],[1,0],[0,-1],[2,-8],[0,-2],[1,-2],[1,-3],[-2,-7],[-55,-92],[-16,-27],[-7,-6],[-11,-7],[-7,-4],[-9,-3],[-10,-3],[-15,-4],[-500,-74],[-97,-14],[-224,-33],[-16,-2],[-47,-7],[-11,-2],[-19,-1],[-14,-1],[-22,2],[-107,10],[-61,7],[-34,4],[-138,14],[-14,2],[-18,2],[-15,2],[-39,2],[-42,0],[-5,-1],[-20,0],[-8,1],[-2,-1],[-7,0],[-11,-2],[-10,-2],[-4,-1],[-4,-2]],[[18497,96154],[-6,13],[-1,4],[-6,13],[-14,40],[-2,5],[-15,25],[-22,17],[-23,15],[-42,21],[-16,6],[-20,6],[-9,3],[-19,5],[-24,5],[-19,4],[-8,1],[-12,3],[-2,0],[-12,-2],[-32,-6],[-9,-3],[-13,-2],[-46,-10],[-24,-1],[-29,2],[-13,5],[-12,5],[-14,11],[0,1],[-2,58],[-13,15],[-12,7],[-12,8],[-12,12],[0,1],[-2,25],[0,1],[14,25],[22,14],[3,2],[56,24],[35,14],[0,8],[-2,15],[0,5],[-5,12],[-10,13],[-1,1],[-14,15],[-19,12],[-2,2],[-29,15],[-61,21],[-5,2],[-46,13],[-48,13],[-24,11],[-18,11],[-6,5],[-12,8],[-13,13],[-47,63],[-11,15],[-12,15],[-12,14],[-6,8],[-14,17],[-18,16],[-38,22],[-46,26],[-28,10],[-46,15],[-89,25],[-54,14],[-31,13],[-27,17],[-3,1],[-6,4],[-24,18],[-43,39],[-22,20],[-43,41],[-6,5],[-14,11],[-4,2],[-19,12],[-28,15],[-39,16],[-49,14],[-53,11],[-47,6],[-39,2],[-45,0],[-44,-3],[-25,-2],[-15,-3],[-4,-1],[-7,-1],[-16,-45],[-3,-9],[0,-1],[-5,-11],[-19,-32],[-32,-30],[-22,-12],[-12,-5],[-21,-3],[-10,-3],[-7,-8],[-9,-20],[-11,-7],[-24,-15],[-50,-19],[0,-1],[2,-2],[0,-1],[-1,0],[-11,-3],[-19,-3],[-10,0],[-7,-1],[-17,2],[-101,12],[-3,0],[-38,3],[-1,0],[-30,2],[-32,1],[-16,0],[-118,-5],[-18,2],[-94,16],[-19,4],[-12,2],[-27,19],[-2,1],[37,-11]],[[15959,97055],[0,-1],[2,0],[-2,1]],[[15959,97055],[-23,14],[-29,13],[-59,16],[-47,11],[-41,13],[-27,18],[-11,14],[-1,1],[27,15],[8,6],[56,32],[15,18],[6,11],[1,0],[-4,6],[-10,18],[-18,17],[-16,12],[-1,2],[-1,3],[-6,13],[-1,0],[-24,4],[-26,12],[-2,0],[-2,1],[-2,0],[-19,4],[-54,-1],[-24,2],[-23,7],[-28,12],[-26,22],[-21,12],[-38,25],[-17,13],[-60,30],[-170,89],[-1,1],[-19,13],[-11,17],[-9,15],[-32,19],[-16,13],[-9,5],[-2,0],[-3,6],[-2,3],[0,12],[-9,18],[-1,6],[0,1],[8,12],[5,7],[4,7],[8,5],[-2,1],[-1,0],[0,1],[18,19],[1,12],[24,13],[4,4],[9,13],[2,3],[1,1],[14,3],[4,2],[6,2],[21,10],[21,7],[16,6],[30,11],[7,2],[32,12],[10,5],[37,15],[9,4],[19,7],[-3,6],[-2,7],[0,1],[-5,12],[-5,7],[-4,5],[-7,9],[-12,6],[-19,9],[-46,20],[-26,13],[-6,6],[-1,0],[0,1],[7,38],[0,4],[17,96],[6,33],[0,1],[1,3],[0,5],[8,70],[-10,19],[-15,27],[-25,33],[-19,25],[-13,17],[-7,9],[-4,6],[-25,21],[-14,22],[-4,6],[-2,13],[0,1],[1,25],[-1,5],[0,4],[-1,8],[-5,9],[-2,3],[0,3],[-37,44],[-7,10],[0,1],[-4,8],[-1,0],[0,15],[-2,18],[0,17]],[[15140,98574],[3,1],[8,2],[10,2],[6,2],[44,10],[7,2],[8,1],[29,7],[25,6],[14,3],[17,4],[32,7],[38,9],[17,4],[6,1],[2,1],[43,9],[13,3],[12,3],[9,2],[4,1],[16,3],[15,4],[24,5],[6,1],[12,3],[39,9],[9,2],[25,5],[4,1],[1,0],[55,12],[16,4],[22,5],[28,6],[2,0],[20,5],[14,2],[15,4],[16,3],[7,2],[11,2],[14,3],[19,4],[1,1],[1,0],[12,3],[6,1],[7,1],[16,4],[6,1],[17,4],[13,3],[17,3],[12,3],[5,1],[14,3],[5,1],[6,1],[7,2],[21,4],[10,2],[3,1],[13,2],[9,2],[2,1],[97,20],[5,1],[22,5],[13,3],[18,3],[27,6],[45,9],[68,14],[23,5],[75,15],[26,5],[17,3],[47,10],[29,6],[23,5],[46,9],[8,1],[6,1],[28,6],[27,5],[50,10],[32,6],[19,4],[11,2],[7,1],[9,2],[21,4],[10,2],[1,1],[19,3],[16,3],[8,2],[5,1],[48,8],[15,4],[4,0],[16,3],[18,4],[19,4],[5,1],[8,1],[16,3],[6,1],[2,0],[17,3],[16,4],[22,3],[20,5],[14,2],[11,2],[10,2],[19,3],[14,3],[24,4],[13,3],[6,1],[10,2],[17,3],[10,2],[6,1],[8,1],[3,1],[8,1],[16,3],[5,1],[3,1],[18,3],[14,3],[16,3],[13,2],[3,0],[11,3],[16,2],[10,2],[1,0],[13,3],[3,0],[11,2],[16,3],[13,3],[13,2],[3,0],[8,2],[16,3],[9,1],[3,1],[11,2],[2,0],[16,3],[14,3],[8,1],[4,1],[4,0],[12,2],[12,3],[27,5],[4,0],[26,5],[26,4],[4,1],[25,4],[1,1],[60,10],[8,1],[16,3],[12,2],[7,1],[19,4],[25,4],[1,0],[26,5],[18,3],[20,3],[11,2],[10,2],[17,3],[11,2],[5,0],[6,1],[11,2],[10,2],[19,3],[11,2],[16,2],[6,1],[24,5],[25,4],[15,2],[7,1],[19,4],[16,2],[11,2],[10,2],[24,4],[19,3],[8,1],[11,2],[22,3],[22,4],[3,0],[15,3],[8,1],[3,1],[19,3],[3,0],[19,3],[7,2],[10,1],[19,3],[27,5],[20,3],[4,1],[17,2],[6,1],[21,3],[15,3],[2,0],[24,4],[25,4],[24,4],[33,5],[16,2],[20,4],[30,4],[16,3],[18,2],[13,3],[19,3],[22,3],[30,5],[14,2],[11,2],[135,20],[137,21],[4,0],[2,1],[14,2],[9,1],[3,1],[3,0],[6,1],[1,0],[5,1],[6,0],[8,2],[14,2],[12,2],[15,2],[3,0],[4,1],[13,1],[4,1],[7,1]],[[27034,94141],[-9,-8],[-30,-25],[-9,-8],[-15,-12],[-43,-37],[-15,-13],[-10,-8],[-1,-1],[-34,-30],[-12,-9],[-10,-8],[-28,-24],[-10,-8],[-9,-8],[-28,-25],[-11,-7]],[[26760,93910],[-9,2],[-31,8],[-10,2],[-4,1],[-10,3],[-4,1],[-1,0],[-20,5],[-19,4],[-4,1],[-33,9],[-25,8],[-9,5],[-19,9],[-14,8],[-5,3],[-23,14],[-31,14],[-8,2],[-23,8],[-92,20],[-22,5],[-1,0]],[[18451,95473],[-32,-33],[-27,-30],[-49,-58],[-5,-6],[-4,-13],[-5,-18],[-5,-19],[1,-15],[4,-13],[1,-3],[7,-9],[3,-5],[24,-21],[22,-15],[27,-15],[38,-13],[136,-30],[46,-13],[44,-16],[34,-14],[27,-15],[27,-20],[19,-20],[0,-1],[13,-16],[0,-1],[1,-1],[5,-10],[16,-38],[8,-12],[5,-7],[1,-3],[1,0],[22,-27],[50,-54],[20,-22],[5,-6],[7,-9],[4,-10],[2,-4],[2,-6],[1,-6],[1,-7],[0,-5],[-2,-9],[-1,-10],[-5,-15],[-7,-11],[-18,-20],[-22,-16],[-18,-11],[0,-1],[4,-3],[3,-2],[1,0],[2,-1],[7,-4],[1,0],[0,-1],[5,-4],[0,-1],[1,-2],[1,-5],[2,-4],[10,-10],[-1,0],[0,-1],[-3,-1],[-9,-4],[-4,-2],[-1,0],[-17,-8],[-41,-18],[-15,-6],[-18,-8],[-3,0],[-7,-20],[0,-1],[31,-15],[60,-22],[10,-4],[25,-4],[40,-7],[26,-5],[29,-21],[16,-27],[2,-3],[3,-5],[7,-19],[-34,-4],[-18,-1],[-10,-1],[0,-1],[8,-10],[0,-2]],[[16565,94779],[39,16],[32,13],[31,15],[34,17],[7,5],[5,6],[3,6],[2,6],[0,6],[-2,5],[-7,7],[-7,5],[-8,3],[-9,4],[-35,20],[-5,4],[-32,17],[-47,27],[-20,10],[-28,15],[-19,9],[-24,14],[-18,10],[-2,1],[-5,4],[-55,31],[-20,11],[-1,1],[-33,19],[-37,22],[-65,36],[-27,15],[-7,4],[-7,7],[-42,24],[-22,12],[-108,62],[-112,63],[-63,36],[-2,0],[-1,1],[-8,3],[-1,0],[-1,1]],[[15838,95372],[7,1],[102,33],[324,106],[103,33],[5,2],[14,5],[44,14],[15,5],[2,0],[175,60],[155,58],[119,43],[324,119],[32,11],[4,2],[19,6],[102,29],[55,15],[15,4],[87,24],[31,8],[34,7],[31,6],[8,2],[9,4],[5,3],[1,1],[60,-3],[74,-3],[106,-4],[29,-3],[20,-3],[18,-4],[13,-6],[1,0],[12,-6],[23,-15],[33,-27],[36,-31],[19,-18],[11,-11],[2,0],[3,-4],[33,-34],[13,-17],[10,-10],[23,-26],[8,-8],[32,-34],[95,-102],[17,-19],[7,-8],[5,-5],[1,-2],[7,-7],[7,-9],[10,-11],[6,-7],[4,-4],[28,-29],[19,-21],[1,-2],[4,-5],[1,-2]],[[25059,95223],[1,7],[2,16],[-1,22],[-1,17],[0,4],[-2,57],[-4,16],[0,25],[-1,37],[0,9],[-2,8],[-3,20],[-1,10],[-5,12],[-2,3],[0,2],[-4,8],[-8,38],[-2,9],[-36,135],[-12,48],[-1,1],[-2,7],[0,2],[-6,23],[-1,3],[-1,6],[-15,50],[-29,99],[-3,10],[-12,43],[-14,50],[-4,18],[-16,54],[-1,4],[-4,14],[-9,28],[-1,5],[-9,41],[-5,38],[-1,10],[-3,18],[0,3],[-2,5],[-1,3],[0,8],[-1,6],[-1,5],[-2,7],[-1,6],[-4,20],[0,3],[-3,11],[-2,9],[0,1],[-3,5],[-1,1],[0,4],[-3,11],[-2,3],[0,1],[-1,5],[-1,1],[-3,9],[-1,4],[0,1],[-4,8],[-9,32],[-1,5],[-3,10],[-1,0]],[[24791,96437],[-10,45],[-1,6],[-2,8],[-36,121],[-2,7],[-12,37],[0,2],[-19,61],[-9,26],[-5,17],[-2,7],[-11,31],[-7,22],[-2,17],[3,13],[30,51],[1,1],[37,59],[16,25],[1,1],[6,4],[18,31],[24,35],[14,24],[1,0],[12,20],[14,22],[22,36],[13,19],[2,4],[8,13],[2,4],[21,32],[1,1],[2,3],[45,73],[21,23],[6,6],[11,12],[14,13],[1,0],[11,10],[10,9],[16,12],[11,8],[13,9],[7,5],[22,15],[42,28],[61,32],[113,57],[97,49],[36,18],[95,48],[120,64],[154,80],[16,7],[21,8],[14,4],[8,2],[0,1],[17,3],[13,3],[99,11],[39,2],[90,11],[22,3],[17,5],[22,6],[91,31],[13,4],[38,15],[83,38],[47,27],[100,63],[20,11],[28,12],[102,42],[96,40],[20,7],[60,27],[30,15],[20,17],[4,4],[5,3],[101,75],[89,42],[84,30],[1,0],[-17,20],[-17,8],[-16,7],[-58,45],[-38,16],[-51,20],[-2,2],[-34,24],[-1,2],[-4,16],[-3,11],[-51,29],[-6,3],[-66,27],[-45,19],[-124,29],[-116,51],[-37,23],[-44,44],[12,137],[15,10],[0,23],[14,16],[21,62],[101,101],[136,94],[6,-4],[7,-4],[23,-2],[11,0],[26,4],[19,10],[9,15],[48,21],[1,4],[1,1]],[[26957,99266],[55,-4],[232,-20],[60,-5],[74,-5],[100,-9],[76,-5],[46,-4],[43,-2],[39,-2],[56,-1],[28,0],[85,-1],[28,0],[36,2],[65,4],[28,1],[20,0],[17,-1],[19,-1],[21,-4],[22,-7],[31,-10],[29,-7],[33,-8],[43,-10],[29,-5],[49,-9],[33,-4],[35,-4],[41,-2],[161,-7],[29,-2],[11,0],[141,-7],[55,-3],[23,-3],[16,-3],[52,-10],[76,-17],[49,-10],[-1,0],[-15,-10],[-32,-18],[-75,-42],[-72,-39],[-40,-22],[-11,-4],[1,0],[12,-8],[8,-6],[1,0],[9,-6],[29,-23],[5,-3],[58,-46],[61,-46],[13,-9],[1,-1],[17,-9],[22,-10],[26,-9],[6,-2],[73,-24],[16,-5],[19,-6],[19,-8],[20,-9],[18,-13],[5,-3],[15,-10],[16,-11],[11,-7],[19,-9],[14,-4],[28,-6],[52,-7],[125,-20],[101,-16],[1,0],[10,-1],[57,-10],[97,-15],[14,-2],[91,-16],[68,-11],[0,-1],[-5,-6],[-13,-17],[-14,-17],[-41,-53],[-5,-5],[-14,-18],[-14,-22],[-44,-67],[-14,-23],[-1,0],[-13,-20],[-11,-20],[-1,-1],[0,-1],[-9,-14],[-27,-54],[-15,-38],[-4,-20],[-5,-21],[-1,-23],[26,0],[0,-1],[-3,-16],[0,-7],[4,-21],[1,-6],[10,-58],[1,-3],[0,-5],[1,-5],[1,-4],[5,-11],[0,-1],[1,-9],[2,-7],[42,-143]],[[29795,97817],[26,-103],[0,-1],[3,-13],[10,-42],[4,-14]],[[29838,97644],[-11,-1],[-31,-4],[-11,-2],[-21,-2],[-102,-15],[-8,-1],[-100,-9],[-115,-15],[-74,-12],[-68,-12],[-3,-1],[-87,-17],[-32,-7],[-1,0],[-46,-11],[-4,-1],[-77,-18],[-55,-15],[-45,-12],[-44,-12],[-128,-34],[-7,-2],[-38,-11],[-6,-2],[-1,0],[-54,-16],[-42,-13],[-121,-34],[-41,-11],[-14,-4],[-13,-5],[-16,-5],[-74,-20],[-18,-5],[-31,-8],[-42,-11],[-126,-35],[-42,-11],[-52,-15],[-156,-43],[-52,-15],[-13,-5],[-20,-5],[-21,-6],[-83,-23],[-34,-9],[-49,-13],[-76,-20],[-54,-16],[-15,-3],[-10,-3],[-38,-12],[-22,-4],[-49,-14],[-135,-37],[-53,-16],[-21,-7],[-28,-9],[-38,-14],[0,-1],[-30,-11],[-15,-6],[-32,-15],[-7,-5],[-11,-9],[-13,-7],[-11,-6],[-11,-5],[-6,-2],[-7,-2],[-3,-1],[-14,-4],[-16,-1],[-10,0],[3,-5],[2,-6],[1,-7],[1,-12],[1,-1],[0,-8],[1,-12],[2,-10],[3,-28],[-2,-23],[-1,-6],[-4,-11],[-1,-4],[-13,-28],[-4,-11],[-13,-31],[-11,-11],[0,-8],[1,-7],[0,-3],[-2,-11],[-2,-8],[-1,-2],[4,-24],[0,-11],[3,-7],[2,-6],[5,-14],[1,-3],[1,-1],[5,-7],[19,-13],[15,-9],[24,-14],[9,-5],[12,-3],[2,-1],[41,-12],[35,-10],[16,-4],[87,-25],[25,-7],[37,-10],[38,-10],[65,-18],[48,-13],[38,-11],[44,-12],[131,-36],[44,-12],[17,-5],[23,-6],[27,-7],[18,-4],[69,-16],[32,-7],[4,-2],[8,-1],[42,-10],[58,-13],[67,-15],[110,-37],[52,-18],[104,-35],[1,-1],[11,-4],[40,-12],[12,-4],[1,-1],[6,-1],[21,-6],[6,-2],[8,-3],[22,-6],[1,-1],[6,-2],[23,-7],[69,-22],[22,-7],[28,-6],[6,-2],[91,-27],[7,-2],[30,-12],[2,0],[4,-1],[15,-5],[5,-2]],[[28664,96023],[14,5],[11,3],[37,9],[48,7],[6,1],[23,2],[18,1],[25,3],[18,0],[22,1],[32,0],[21,-1],[18,-1],[11,0],[33,-2],[37,-6],[40,-7],[2,-1],[48,-11],[34,-13],[69,-34],[23,-12],[29,7],[1,0],[151,-88],[122,-70],[37,-22],[104,-57],[88,-56],[59,-32],[73,-26],[113,-34],[28,-8],[28,-5],[31,-6],[41,-8],[43,-3],[53,-5],[4,0],[66,-1]],[[30325,95553],[0,-4],[2,-1],[1,-3],[0,-2]],[[30328,95543],[1,-4],[0,-1],[1,0],[0,-1],[4,-10],[1,-6],[14,-42],[1,-4],[4,-11],[1,-1],[4,-14],[3,-11],[14,-44],[12,-37],[1,-1],[1,-2],[0,-1],[29,-110],[0,-1],[19,-55],[2,-9],[1,-5],[9,-27],[3,-11],[3,-6],[3,-11]],[[30459,95118],[-18,-1],[-14,-1],[-13,-3],[-8,-2],[-15,-7],[-40,-20],[-1,-1],[-20,-11],[-22,-12],[-34,-19],[-3,-1],[-5,-3],[-3,-2],[-43,-24],[-131,-72],[-37,-20],[-7,-3],[-43,-22],[-7,-4],[-11,-6],[-179,-95],[-35,-18],[-25,-15],[-6,-4],[-30,-19],[-8,-5],[-4,-5],[-31,-33],[-31,-38],[-28,-28],[-28,-34],[-2,-3],[-28,-28],[-29,-21],[-68,-46],[-6,-3],[-34,-18],[-21,-8],[-27,-11],[-17,-7],[-28,-11],[-56,-21],[-25,-5],[2,0],[6,-2],[17,-3]],[[29263,94403],[-3,0],[-61,-4],[-97,-5],[-114,-6],[-9,-1],[-46,-3],[-19,0],[-56,-3],[-29,-2],[-5,-1],[-15,0]],[[26582,94245],[-1,-1],[-26,-22],[-1,0],[-13,-11],[-5,-4],[-54,-46],[-18,-16],[-10,-8],[-14,-13],[-73,-61],[-24,-21]],[[26343,94042],[-7,-6],[-33,-29],[-120,-103],[-35,-30]],[[26148,93874],[-259,61],[-1,0],[-847,201],[-1,0]],[[25040,94136],[2,6],[3,10],[0,2],[1,0],[1,7],[6,19],[1,2],[0,1],[2,6],[0,1],[6,23],[21,70],[4,14],[3,9],[5,20],[8,29],[0,19],[1,11],[0,5],[-1,6],[0,1],[-2,4],[-2,3],[22,-2],[3,0],[16,-1],[27,-1],[27,2],[2,0],[26,6],[30,11],[25,15],[42,31],[4,2],[21,13],[19,15],[7,7],[2,7],[-3,6],[-7,11],[-2,4],[-11,27],[-7,16],[0,1],[-7,4],[-2,1],[-1,0],[49,23],[68,32],[76,35],[33,15],[14,7],[1,0],[-34,15],[-82,37],[-14,6],[-6,3],[-34,16],[-54,29],[-69,31],[-4,1],[-14,6],[-24,11],[-37,16],[-71,31],[-45,19],[-108,49]],[[24977,94961],[53,26],[15,9],[12,12],[6,12],[2,71],[-2,34],[-1,3],[0,10],[-1,15],[-1,10],[0,5],[-1,6],[0,1],[-1,8],[0,14],[-1,4],[0,1],[1,7],[1,9],[0,5]],[[25059,95223],[1,0],[86,-14],[33,-2],[189,1],[36,-1],[1,0],[106,3],[252,7],[129,3],[151,3],[45,1],[43,0],[39,1],[25,0],[14,1],[24,0],[115,3],[9,0],[29,-4],[39,23],[33,15],[37,18],[117,50],[82,29],[13,5],[73,21],[4,1],[45,10],[11,3],[39,10],[3,1],[62,16],[15,4],[93,23],[51,11],[43,10],[18,4],[24,4],[69,13],[36,7],[41,8],[20,4],[100,22],[37,8],[3,1],[41,9],[106,26],[39,13],[7,1],[8,2],[47,13],[47,14],[89,31],[28,12],[114,48],[35,18],[39,21],[233,113],[52,24],[92,46],[135,67],[35,13],[22,6],[1,0]],[[27489,93987],[-24,9],[-24,11],[-1,0],[-116,39],[-1,0],[-25,8],[-33,11],[-43,14],[-25,8],[-1,0],[-7,2],[-21,8],[-7,2],[-25,9],[-14,4],[-62,21],[-25,8],[-1,0]],[[27034,94141],[-42,14],[-128,42],[-42,14],[-1,0],[-40,13],[-10,4],[-109,36],[-40,13],[-1,1],[0,-1],[-13,-11],[-26,-21]],[[26582,94245],[-51,16],[-332,110],[-1,0],[-71,24],[-181,81],[-1,1],[29,37],[1,1],[1,0],[5,2],[7,3],[63,56],[78,67],[22,18],[51,45],[14,11],[21,19]],[[28142,94129],[-9,-7],[-27,-23],[-8,-8],[-17,-14],[-47,-41],[-16,-14],[-31,8],[-91,21],[-31,8],[-7,1],[-22,6],[-7,1],[-1,0],[-42,-7],[-34,-6],[-20,-4],[-2,0],[-93,-16],[-20,-4],[-44,-9],[-80,-16],[-16,-6],[14,-6],[15,-6],[-17,0]],[[28142,94129],[-6,4],[-20,11],[-6,2],[-1,0],[0,1],[-2,1],[-15,8],[-50,26],[-16,9],[-1,0],[-12,7],[-34,17],[-3,2],[-22,12],[-33,17],[-10,5],[-1,1],[-1,0],[-2,1],[-20,11],[-69,37],[-23,12],[-1,0],[-21,11],[-65,33],[-20,11],[-1,1],[-20,10],[-52,27],[-9,5],[-5,2],[-15,8],[-1,1],[-135,71],[-1,0],[-38,-32],[-46,11],[-138,32],[-46,11],[-45,10],[-132,31],[-44,10],[0,1],[-32,7],[-95,22],[-31,7],[0,1],[-28,6],[-85,20],[-28,6],[-37,9],[-109,26],[-36,8],[0,1],[-37,8],[-106,25],[-34,8],[-1,0],[-12,3],[-39,9],[-12,3],[-1,0]],[[26237,94736],[14,12],[18,15],[15,14],[3,3],[5,4],[14,12],[6,5],[17,16],[6,5],[1,0],[0,4],[9,5],[22,20],[14,15],[0,1],[1,0],[70,54],[2,0],[57,-7],[74,0],[43,4],[50,10],[239,82],[140,37],[12,3],[43,12],[152,0],[94,-19],[22,0],[110,-19],[22,-8],[14,-5],[104,-20],[12,-2],[78,-28],[2,-1],[88,-23],[116,-9],[65,-10],[189,1],[87,-3],[130,-3],[117,-13],[51,-15],[95,-49],[31,-26],[20,-16],[64,-38],[2,-1],[19,-15],[40,-33],[21,-17],[15,-13],[0,-18],[1,-9],[0,-2],[-7,-3],[-15,-7],[-1,-3],[-6,-29],[-36,-52],[-5,-32],[-1,-4],[-6,-9],[-8,-13],[0,-30],[1,-45],[14,-30],[4,-9],[2,-4]],[[28809,94378],[0,-1],[7,-14],[6,-13],[3,-8],[1,-2]],[[28826,94340],[-8,-1],[-15,-3],[-15,-2],[-2,0],[-46,-7],[-16,-2],[-1,0],[2,-1],[0,-1],[10,-8],[7,-8],[2,-6],[0,-1],[3,-6],[-5,-6],[-3,-4],[-6,-4],[-5,-2],[-12,-7],[-13,-7],[-15,-7],[-17,-6],[-18,-7],[-12,-4],[-14,-4],[-14,-2],[-21,-1],[-52,-5],[-11,-2],[-18,-3],[-26,-4],[-31,-2],[-29,-1],[-24,-1],[-21,-1],[-24,-5],[-21,-7],[-68,-27],[-1,0],[-11,-4],[-36,-14],[-12,-4],[-13,-5],[-38,-14],[-14,-5]],[[22220,93393],[0,-1],[-1,-4],[-8,-36],[-2,-7],[0,-6],[-2,-6],[0,-5],[-6,-25],[-1,-8],[0,-3],[-8,-19],[-5,-8],[-20,-18],[-11,-7],[-13,-8],[-27,-12],[-32,-14],[-75,-30],[-1,-1],[-27,-13],[-20,-8],[-86,-35],[-16,-8],[-43,-18],[-19,-8],[-31,-13],[-32,-13],[-19,-8],[-53,-22],[-20,-8],[-9,-3],[-1,0],[-91,-32],[-14,-5],[-14,-4],[-18,-6],[-3,-2],[-38,-12],[-7,-2],[-21,-7],[-16,-5],[-38,-15],[-9,-3],[-18,-7],[-45,-17],[-2,-1],[-2,-3],[-20,-12],[-2,-2],[-7,-5],[-20,-16],[-13,-9],[-44,-36],[-13,-14],[-14,-12],[-28,-23],[-24,-21],[-73,-62],[-25,-21],[-1,-2],[-2,-2],[-5,-4],[-3,-2]],[[26128,92980],[1,0],[8,1],[12,2],[28,7],[21,8],[19,8]],[[26217,93006],[0,-1],[-5,-11],[0,-4],[4,-2],[9,-5],[4,-1],[124,14],[55,5],[1,0],[5,-2],[16,-4],[5,-1],[-18,-10],[-6,-8],[-2,-1],[-29,-26],[-10,-8],[-6,-5],[-1,-1]],[[25416,92077],[-41,-17],[-115,-46],[-24,-11],[-12,-5],[-1,0],[-59,-24],[-56,-23],[-47,-19],[-46,-19],[-1,-1],[-1,0],[-41,-17],[-115,-46]],[[23568,91960],[-23,0],[-28,2],[-99,7],[-38,2],[-1,0],[3,9],[6,19],[3,8],[1,1],[1,6],[3,2],[0,1],[-87,13],[-18,5],[-7,3],[-7,1],[-6,2],[-6,6],[-90,108],[0,1]],[[22008,91261],[32,10],[1,0],[-3,2],[-7,4],[-24,14],[-8,4],[-7,4],[-2,2],[-1,0],[34,10],[101,27],[33,9],[7,2],[17,5],[12,4],[16,5],[5,1],[33,9],[70,20],[28,6],[15,4],[18,3],[18,1],[24,2],[23,2],[8,0],[18,1],[0,-1],[1,-2],[0,-3],[7,-18],[1,-6],[1,0],[32,2],[99,4],[32,2],[1,-1],[3,-10],[0,-2],[4,-13],[8,-25],[2,-9],[1,-4],[31,1],[91,5],[31,2],[87,4],[44,3],[20,1],[1,0],[116,6],[14,2],[84,36],[38,15],[58,23],[56,23],[36,15],[2,1],[4,10],[6,16],[7,15],[4,10],[1,1],[3,6],[1,4],[2,4],[4,11],[6,15],[4,11],[4,10],[13,30],[4,11],[22,50],[1,1],[61,167],[1,9],[0,3],[1,1],[5,21],[7,17],[6,16],[1,1],[22,52],[8,4],[0,1]],[[23568,91960],[1,-1],[33,-3],[63,-4],[166,-10],[81,-6],[129,-9],[11,0],[10,-1],[55,-4],[197,-13],[65,-4],[1,0],[97,-7],[292,-19],[29,-2],[38,-18],[15,-7],[1,-1],[5,-2]],[[24857,91849],[-1,0],[-122,-50],[-121,-49],[-58,-23],[-1,-1],[-23,-9],[-34,-14],[-151,-59],[-107,-46],[-1,0],[-181,-75],[-98,-40],[-175,-69],[-170,-69],[-19,-8],[-62,-25],[-106,-43],[-98,-41],[-1,0],[-66,-28],[-41,-17],[-112,-45],[30,-36],[2,-2],[14,-18],[6,-7],[5,-5],[0,-1],[2,-3],[2,-1],[1,-1],[1,-2],[9,-9],[2,-3],[4,-4],[1,-2],[8,-9],[6,-6],[2,-3],[1,-2],[9,-9],[1,-2],[10,-11],[7,-8],[10,-11],[27,-31],[2,-2],[1,-2],[6,-6],[2,-3],[2,-2],[-22,-3],[-15,-2],[0,-5],[1,-9],[4,-15],[1,-5],[0,-1],[-32,-3],[-4,-1],[-6,-1],[-9,0],[-5,-1],[-5,0],[-5,-1],[-5,0],[-6,-1],[-8,-1],[-4,0],[-1,-1],[-8,0],[-5,-1],[-8,0],[-4,-1],[-5,0],[-4,-1],[-8,0],[-5,-1],[-4,0],[-9,-1],[-20,-2],[-86,-7],[-3,0],[-12,-1],[0,-1],[2,-5],[1,0],[1,-5],[0,-2]],[[25763,93532],[-5,-4],[-12,-11],[-43,-37],[-116,-99],[-6,-6],[10,-3],[7,-1],[15,-3],[1,0],[12,-4],[-1,0],[-221,-207]],[[24430,93227],[-7,3],[-20,10],[-7,3],[-46,21],[-45,21]],[[25083,93691],[14,-3],[52,-13],[23,-5],[2,-1],[55,-12],[14,-4],[23,-5],[1,0],[20,-5],[62,-14],[21,-5],[1,0],[22,-5],[64,-15],[21,-5],[1,0],[20,-5],[63,-14],[22,-6],[21,-4],[62,-15],[20,-5],[7,-1],[17,-5],[5,-1],[7,-2],[21,-5],[8,-1],[11,-3]],[[22901,92750],[4,0],[66,5],[89,7],[18,0],[47,3],[1,0],[149,13],[100,7],[52,3],[1,0],[187,14],[31,0],[26,-2],[12,-1],[4,-1],[54,-8],[103,-14],[6,-1],[158,-22],[29,-5],[18,-2],[43,-4],[22,-1],[59,0],[20,1],[52,1],[86,2],[44,1],[111,3],[1,0],[62,3],[97,11],[118,15]],[[24991,92458],[-5,0],[-5,-1],[-9,0],[-2,-1],[-2,0],[-7,-2],[-40,-9],[-27,-16],[-17,-18],[-1,-15],[0,-1],[-1,-9],[-1,-3],[0,-3],[-1,-1],[0,-1],[-10,-14],[-22,-5],[-4,-1],[-7,-2],[-89,-17],[-73,-14],[-4,0],[-17,-2],[-14,-1],[-18,1],[-12,0],[-10,1],[-2,1],[-9,1],[-1,1],[-16,8],[-5,4],[-4,2],[-1,1],[-7,6],[-1,1],[-5,0],[-2,1],[-5,0],[-4,1],[-5,0],[-4,1],[-4,0],[-4,1],[-4,0],[-4,1],[-5,0],[-4,1],[-4,0],[-3,1],[-5,1],[-4,0],[-2,1],[-2,0],[-9,3],[-3,0],[-3,1],[-3,0],[-3,1],[-3,0],[-3,1],[-4,1],[-3,0],[-4,1],[-6,0],[-4,1],[-17,0],[-3,-1],[-3,0],[-9,-1],[-5,-1],[-4,-1],[-15,-3],[-4,-1],[-3,-1],[-3,0],[-4,-2],[-3,0],[-4,-2],[-3,-1],[-2,0],[-2,-1],[-3,-1],[-2,-1],[-3,-1],[-4,-2],[-2,0],[-2,-1],[-1,-1],[-3,-1],[-6,-3],[-7,-3],[-13,-6],[-3,-2],[-15,-7],[-2,-1],[-2,0],[-1,-1],[-2,-1],[-1,0],[-2,-1],[-2,0],[-2,-1],[-1,0],[-4,-1],[-3,-1],[-2,-1],[-3,0],[-2,-1],[-1,-1],[-2,0],[-1,-1],[-1,0],[-4,-2],[-23,-10],[-4,-4],[-4,-1],[-6,-4],[-1,-1],[-4,-2],[-3,-3],[-3,-1],[-4,-2],[-6,-5],[-12,-8],[-29,-12],[-11,-5],[-1,0],[-22,-9],[-3,-1],[-50,-15],[-1,-1],[-9,-3],[-5,-1],[-81,-26],[-14,-3],[-74,-22],[-11,-2],[-9,-3],[-32,-4],[-13,-2],[-87,-5],[-5,-1],[-39,-4],[-66,-7],[-2,-1],[-41,-7],[-21,-3],[-88,-2],[-11,-1],[-28,-5],[-23,-5],[-8,-1],[-33,0],[-50,4],[-20,2],[-21,1],[-27,7],[-20,8],[-3,1],[-40,15]],[[23175,92156],[-8,3],[-50,7],[-27,3],[-20,6],[-16,12],[-9,9],[-3,4],[-3,12],[-1,3],[-5,20],[-13,9],[-2,1],[-2,2],[-10,7],[-1,1],[-4,3],[-10,7],[-1,1],[-1,0],[-5,5]],[[22901,92750],[-8,17],[-1,8],[-1,5],[4,14],[3,12],[8,21],[8,27],[0,10],[3,11],[1,1],[13,10],[6,8],[1,2],[4,4],[3,5],[2,4],[0,3],[-4,3],[-8,2],[-1,1],[-3,5],[-1,1],[-1,2],[0,3],[-3,2],[-1,1],[-1,3],[0,4],[1,3],[0,3],[-1,1],[13,15],[42,33],[7,7],[34,24],[10,8],[5,5],[0,1],[3,2],[3,3],[3,2],[3,3],[2,1],[7,4],[2,2],[0,29],[-1,1],[0,2],[-1,1],[1,1],[3,2],[5,1],[1,2],[0,1],[-1,1],[1,1],[1,2],[3,3],[0,1],[-1,2],[0,4],[5,15],[2,1],[2,0],[5,1],[3,0],[5,3],[2,2],[-2,3],[0,1],[1,3],[3,2],[4,2],[6,6],[3,1],[6,3],[0,1],[1,3],[2,1],[3,3],[9,3],[10,2],[6,3],[5,3],[2,3],[1,6],[2,3],[0,1],[1,2],[1,1],[1,-1],[18,-9],[16,-10],[54,-32],[35,-20],[10,2],[35,10],[12,3],[1,0],[0,-1],[17,-8],[25,-15],[10,-5],[3,-2],[7,4],[22,7],[149,-71],[274,105],[264,-42],[49,20],[201,79],[8,3],[1,0],[12,5],[37,12],[11,5],[1,0]],[[24430,93227],[2,3],[0,1],[7,2],[42,15],[13,5],[34,1],[26,1],[75,1],[34,0],[22,2],[92,4],[-1,9],[0,1],[10,-1],[41,-1],[2,0],[19,-1],[3,0],[101,-2],[1,0],[134,-3],[1,0],[32,-1],[31,-1],[40,-18],[4,-1],[1,0],[16,-8],[54,-23],[18,-8],[1,-1],[21,-8],[64,-27],[21,-9]],[[24771,92778],[-118,-15],[-97,-11],[-62,-3],[-1,0],[-111,-3],[-44,-1],[-86,-2],[-52,-1],[-20,-1],[-59,0],[-22,1],[-43,4],[-18,2],[-29,5],[-158,22],[-6,1],[-103,14],[-54,8],[-4,1],[-12,1],[-26,2],[-31,0],[-187,-14],[-1,0],[-52,-3],[-100,-7],[-149,-13],[-1,0],[-47,-3],[-18,0],[-89,-7],[-66,-5],[-3,0]],[[20664,92646],[99,0],[25,1],[14,0],[8,1],[23,2],[26,0],[20,1],[58,1],[18,0],[10,1],[29,1],[8,0]],[[21002,92654],[7,0],[17,1],[7,0],[2,2],[6,5],[2,2],[16,0],[5,1],[25,0],[77,2],[25,1],[40,1],[40,0],[80,1],[22,0],[18,1],[15,0],[32,1],[13,0],[15,1],[7,0],[136,4],[21,0],[115,7],[34,2],[167,8],[1,0],[114,6],[139,8],[129,6],[75,3],[71,3],[44,3],[18,1],[22,1],[36,3],[26,1],[54,4],[55,4],[61,6],[29,2],[22,1],[54,4],[5,0]],[[22901,92750],[1,0]],[[22902,92750],[0,-1],[7,-9],[0,-5],[3,-2],[7,-5],[4,-3],[2,-1],[3,-1],[4,-2],[2,-2],[1,0],[1,-1],[1,-3],[-3,-3],[-2,-4],[-8,-8],[-2,-1],[-3,-2],[-7,-3],[-9,-3],[-7,-2],[-10,-3],[-9,-3],[-4,-2],[-5,-2],[-6,-2],[-4,-1],[-7,-3],[-11,-5],[-18,-9],[-6,-5],[-9,-5],[-5,-3],[-7,-2],[-12,-4],[-9,-4],[-3,-1],[-2,-2],[-3,-1],[-4,-2],[-5,-2],[-4,-3],[-3,-1],[-2,-2],[-4,-3],[-8,-4],[-5,-2],[-5,-1],[-7,-2],[-7,-1],[-14,0],[-3,-1],[-6,-1],[-18,-2],[-4,0],[-9,-2],[-1,0],[-11,-3],[-2,-1],[-7,-2],[-9,-3],[-7,0],[-3,-1],[-7,0],[-3,-1],[-5,-1],[-4,-1],[-4,-2],[-2,-3],[0,-2],[-1,-8],[2,-15],[0,-9],[-2,-9],[-7,-11],[-5,-6],[0,-3],[-1,-6],[2,-9],[5,-11],[4,-9],[3,-4],[1,-1],[3,-4],[1,-1],[5,-4],[22,-13],[29,-12],[38,-18],[37,-18],[6,-2],[5,-1],[43,-19],[42,-18],[9,-5],[6,-3],[30,-12],[12,-4],[9,-4],[11,-4],[8,-2],[14,-6],[2,-1],[18,-11],[14,-12],[11,-17],[0,-2],[2,-8],[4,-3],[7,-6],[2,-1]],[[22984,92271],[-360,-27],[-18,-1],[-25,-2],[-125,-9],[-128,-9],[-248,-18],[-404,-27],[-134,-9],[-3,0],[-346,-22],[-19,0],[-28,-3],[-80,-7],[-24,-4],[-36,-3],[-6,0],[-21,-2],[-7,-1]],[[25416,92077],[1,5],[0,1],[1,0],[22,9],[42,16],[23,7],[39,14],[47,19],[33,12],[59,23],[2,0],[-85,46],[-2,3],[-17,9],[-62,34],[-1,0],[-21,11],[-9,4],[-24,12],[-10,2],[-24,7],[-2,1],[-71,15],[-11,2],[-1,0],[-25,5],[-4,0],[-29,5],[-40,8],[-29,5],[-12,2],[-7,3],[-27,8],[-1,0],[-25,9],[-44,16],[-29,16],[-22,12],[-8,5],[-7,5],[-12,12],[-6,5],[-12,12],[-1,0],[-5,1],[-9,0]],[[24991,92458],[-5,7],[-1,1],[-3,4],[-32,28],[-1,2],[-85,93],[0,1],[-28,31],[-9,7],[-22,22],[-6,7],[-1,0],[-15,21],[-12,15],[-1,0],[-1,4],[-4,10],[0,10],[-1,7],[1,11],[0,9],[2,8],[5,14],[0,3],[-1,3],[0,2]],[[24771,92778],[4,13],[2,11],[10,28],[0,1],[10,10],[177,19],[91,10],[3,0],[30,3],[21,2],[18,2],[43,4],[8,0],[17,2],[-4,16],[-6,31],[0,32],[38,40],[26,23],[43,48],[18,18],[30,29],[24,23],[17,16]],[[25391,93159],[13,-2]],[[25404,93157],[0,-1],[1,0],[3,-1],[55,-23],[304,-69],[-1,0],[-3,-3],[-21,-18],[-5,-4]],[[25608,92925],[-6,-6],[-1,0],[0,-1],[-2,-2],[-8,-6],[-1,-1],[-11,-9],[-14,-13],[-19,-16],[-2,-1],[0,-1],[-4,-3],[-2,-2],[-5,-4],[-14,-12],[-2,-2],[-11,-9],[-27,-23],[-8,-8],[-5,-4],[-2,-2],[-23,-19],[-4,-3],[-3,-3],[2,0],[7,-2],[19,-4],[6,-2],[1,0],[5,-1],[11,-3],[12,-3],[67,-17],[37,-9],[22,-5],[3,-1],[118,-27],[44,-10],[64,-17],[25,-7],[59,-23],[4,-2],[14,9],[73,62],[46,39],[190,162],[15,14],[2,1],[49,41],[2,-3],[24,-26],[8,-6]],[[26363,92935],[-18,-16],[-6,-5],[1,0],[10,-3],[34,-8],[11,-2],[0,-1],[40,-40],[106,-104],[23,-23],[6,-5],[28,-28],[6,-7],[22,-21],[6,-7]],[[26807,92495],[1,-1],[20,-18],[0,-1],[1,-1],[0,-1],[1,-1]],[[26830,92472],[-46,-10],[-50,-12],[-45,-11],[-25,-5],[-72,-17],[-60,-15],[-45,-10],[-155,-37],[-47,-12],[-94,-20],[-147,-34]],[[26044,92289],[-51,-12],[-73,-21],[-59,-19],[-24,-8],[-1,0],[-144,-49],[-92,-36],[-105,-39],[-4,-1],[-44,-17],[-29,-10],[-2,0]],[[25737,93038],[2,0],[28,5],[1,0],[2,1],[25,4],[16,0],[28,-2],[25,1],[1,0],[13,-3],[41,-9],[13,-3],[1,0],[17,-4],[53,-11],[18,-4],[56,-12],[4,-1],[3,-1],[12,-2],[2,-1],[15,-3],[9,-3],[0,-1],[5,-3],[2,-3],[0,-1],[-1,-2]],[[26128,92980],[-48,-6],[-80,-8],[-227,-24],[-20,-3],[-84,-8],[-32,-3],[-4,0],[-7,-1],[-3,0],[-4,-1],[-8,-1],[-3,0]],[[25608,92925],[10,9],[1,0],[8,8],[28,24],[5,4],[6,5],[9,8],[8,8],[2,0],[13,13],[3,2],[16,14],[2,2],[8,6],[10,10]],[[23443,94077],[3,-1],[75,-19],[42,-12],[20,-6],[103,-26],[40,-8],[18,-4],[77,-18],[131,-29],[11,-3],[74,-19],[75,-18],[22,-5],[80,-19],[32,-7],[55,-12],[90,-20],[71,-16],[145,-33],[1,0],[305,-71]],[[24913,93731],[1,0],[169,-40]],[[25083,93691],[0,-1],[-5,-4],[-29,-17],[-109,-63],[-36,-21],[-30,-20],[-59,-36],[-10,-8],[-14,-13],[-9,-12],[-7,-12],[-2,-1],[-13,1],[-22,0],[-20,-2],[-17,-7],[-50,-16],[0,-1],[1,-2],[0,-3],[1,-16],[0,-6],[4,-49],[0,-1],[-110,-1],[-53,-18],[-160,-64],[-29,-13]],[[24305,93285],[-118,57],[-53,32],[-28,20],[-44,39],[0,1],[-230,0],[-57,-1]],[[20490,94401],[4,10],[1,0],[18,-1],[51,-4],[196,-15],[55,-4],[84,-5],[54,-2],[55,-2],[102,-4],[8,-1],[56,-1],[43,-2],[36,-1],[37,-2],[25,-1],[32,-1],[5,0],[38,-2],[1,0],[42,-1],[53,-2],[26,0],[46,-2],[5,0],[43,-3],[76,-1],[42,-1],[90,-3],[93,-5],[4,0],[32,-2],[44,-3],[36,-1],[52,-4],[21,-3],[54,-8],[71,-11],[59,-10],[37,-6],[97,-17],[33,-5],[67,-9],[8,-2]],[[22522,94264],[34,-5],[52,-9],[60,-9],[199,-33],[31,-6],[54,-11],[2,0],[3,-1],[12,-3],[3,0],[1,-1],[112,-23],[8,-2],[73,-17],[277,-67]],[[23443,94077],[-1,-1],[-8,-5],[1,0],[4,-1],[82,-20],[36,-8],[0,-1],[-1,0],[-2,-2],[-23,-17],[-26,-18],[-5,-27],[-5,-4],[-23,-14],[-5,-5],[-21,-24],[1,-9],[1,-3],[1,-13],[3,-7],[-1,-3],[-4,-8],[-4,-3],[-24,-14],[-7,-9],[-4,-6],[-21,-18],[0,-1],[6,-10],[3,-3],[17,-8],[5,-5],[3,-4],[1,-7],[3,-19],[-5,-3],[-11,-7],[-18,-8],[-17,-8],[-2,-8],[18,-1],[28,-15],[49,-41],[41,-34],[8,-7],[29,-24],[51,-40],[42,-35],[9,-9],[10,-16],[1,-2],[4,-5],[3,-6],[7,-15],[0,-1],[1,-4],[1,-8],[1,-1],[1,0],[3,-4],[0,-1],[7,-5],[7,-4],[10,-3],[8,-2],[52,-6],[5,-1],[5,-3],[1,-3],[1,-17]],[[23775,93433],[-43,1],[-39,-2],[-21,-1],[-67,-7],[-84,-17],[-42,-7],[-26,-4],[-24,-2],[-51,-5],[-7,0],[-35,-1],[-9,1],[-130,8],[-7,1],[-36,2],[-83,6],[-36,2],[-253,16],[-66,3],[-35,-1],[-13,-1],[-105,-8],[-35,-3],[-69,-5],[-152,-11],[-62,-5],[-25,0]],[[22220,93393],[-13,0],[-17,-1],[-41,4],[-44,5],[-129,15],[-30,5],[-8,1],[-70,8],[-37,4],[-13,2],[-96,12],[-37,4],[-5,0],[-5,1],[-10,1],[-4,1],[-44,4],[-17,6],[-3,1],[-26,0],[-13,-1],[-33,-1],[-44,-4],[-92,-16],[-93,-17],[-76,-13],[-13,-3],[-44,-8],[-21,-4],[-112,-19],[-44,-8],[-19,-4],[-59,-10],[-14,-3],[-5,-1],[-14,-2],[-20,-4],[-23,-4],[-15,-2],[-11,-2],[-31,-6],[-22,-4],[-32,-6],[-25,-5],[-46,-8],[-16,-3],[-1,0],[-25,-5],[-28,-6],[-1,0],[-16,-3],[-34,-4],[-27,-1]],[[26807,92495],[-16,16],[-62,60],[-1,0],[-2,3],[-4,4],[-21,19],[-54,54],[-3,2],[-12,12]],[[26632,92665],[5,4],[3,4],[12,10],[5,4],[1,0],[31,-8],[96,-22],[31,-8],[2,0],[26,-6],[80,-18],[18,-4],[8,-3]],[[26950,92618],[-11,-10],[-3,-2],[-41,-35],[-14,-12],[-1,-1],[-73,-63]],[[25687,79741],[-24,-2],[-73,-6],[-25,-2],[-759,-63],[-159,-13],[-599,-50],[-294,-29],[-946,-87],[-706,-75],[-202,-15],[-462,-34],[-290,-16],[-85,1],[-86,0],[-47,1],[-316,35],[-235,21],[-169,16],[-14,1],[-360,30],[-541,57],[-496,14],[-583,-20],[-320,-34],[-167,-18],[-99,-17],[-1,-1],[-78,-14],[-360,-70],[-37,-11]],[[17154,79340],[-1,0],[-7,-2],[-2,-1]],[[11652,81193],[1,0],[21,-4],[11,-7],[0,-1],[7,-12],[1,0],[27,-14],[95,-59],[58,-29],[141,-57]],[[16639,80541],[0,-1],[3,-6],[3,-4],[2,-4],[11,-25],[4,-12],[7,-16],[8,-17],[3,-8],[17,-43],[20,-54],[7,-22],[13,-44],[4,-12],[0,-1],[1,-4],[0,-1],[1,0],[19,-68],[2,-8],[2,-6],[10,-38],[1,-2],[4,-13],[10,-40],[2,-6],[0,-1],[37,-126],[0,-1],[4,-11],[1,-3],[0,-2],[3,-11],[4,-10],[7,-22],[0,-5],[1,-4],[5,-14],[2,-8],[1,-3],[1,-5],[0,-1],[7,-24],[5,-11],[0,-1],[13,-30],[2,-5],[3,-8],[2,-5],[6,-18],[6,-28],[9,-25],[1,-4],[4,-9],[0,-1],[2,-6],[1,-4],[2,-11],[0,-4],[1,-4],[0,-1],[6,-9],[5,-25],[1,0],[1,-2],[0,-2],[9,-29],[8,-30],[7,-19],[4,-8],[4,-12],[0,-1],[22,-33],[26,-34],[54,-51],[1,0],[12,-12],[12,-11],[36,-34],[13,-11]],[[17144,79337],[-1,0],[-126,-36],[-315,-91],[-62,-21],[-122,-40],[-1,0],[-15,-5],[-5,-2]],[[16497,79142],[-376,-125],[-130,-43],[-512,-148],[-395,-46],[-176,-15],[-277,-25],[-75,-9],[-42,-5],[-34,-4],[-37,3],[-80,-8],[-351,-38],[-117,-13],[-690,-86],[-443,-11],[-570,20],[-221,12],[-16,1],[-257,4],[-5,1],[-608,37],[-154,9],[-51,3],[-205,11]],[[13691,84048],[113,35],[77,24],[56,17],[516,161],[49,15],[74,25],[21,7],[1,0],[13,4],[31,10],[204,66],[15,5],[51,16],[297,94],[56,15],[40,11],[63,20],[7,2],[38,12],[112,36],[221,70],[118,38],[7,2],[56,18]],[[15927,84751],[-6,-20],[0,-11],[-37,-109],[-4,-13],[-32,-85],[-5,-13],[-63,-196],[-1,-4],[-2,-4],[-5,-17],[-2,-6],[-12,-37],[-5,-12],[-11,-36],[-17,-51],[-2,-9],[-12,-36],[-3,-14],[-10,-32],[-2,-9],[0,-1],[-5,-11],[-1,-2],[0,-3],[-2,-7],[0,-2],[-8,-27],[-4,-9],[-14,-49],[-18,-58],[0,-1],[-17,-59],[-7,-27],[-3,-12],[-5,-19],[-7,-18],[-19,-64],[-2,-10],[-7,-27],[-2,-9],[-1,-3],[-3,-7],[-20,-71],[-4,-9],[-2,-11],[-24,-85],[-7,-24],[-3,-11],[-1,-1],[-3,-5],[-13,-27],[-1,-3],[-9,-10]],[[15331,83281],[17,11],[22,13],[22,10],[58,26],[34,14]],[[15484,83355],[2,0],[46,16],[75,19],[1,1],[42,11],[106,26],[71,17],[95,23],[48,11],[199,48],[231,56],[83,21],[59,13],[26,7],[25,6],[9,2],[140,35],[39,11],[57,17],[39,11],[116,37],[121,38],[258,86],[76,25],[6,2],[94,31],[59,20],[2,0],[37,12],[116,37],[12,4],[28,6],[12,4],[8,3],[21,4],[11,1],[7,1],[6,1],[31,6],[92,18],[31,7],[5,3],[15,12],[5,3],[1,1]],[[18047,84068],[2,1],[8,5],[2,1],[30,22],[12,9],[118,97],[37,30],[2,2]],[[16381,82584],[-7,1],[-22,2],[-7,1],[-2,0],[-79,-94],[-82,-95],[-112,-130],[-42,-48],[-9,-11],[-3,-4],[-15,-17],[-64,-74],[-2,-3],[-3,-3],[-2,-1],[-2,-5],[-3,-4]],[[13729,82194],[-5,2],[-73,17],[-91,23],[-102,28],[-77,23],[-74,24],[-93,32],[-17,6],[-190,69],[0,1],[-6,2],[-1,0],[-242,89],[-275,98],[-139,51],[-10,5],[-3,1],[-99,35],[-79,30],[-1,0]],[[12152,82730],[-12,-5],[-6,-4],[-14,-11],[-83,-43],[-39,-21],[-23,-12],[-234,-127],[-2,-1],[-87,-46],[-12,-7],[-16,-8],[-5,-2],[-23,-12],[-38,-15],[-5,-3],[-23,-9],[-24,-7],[-186,-62],[-124,-40],[-25,-9],[-41,-11],[-19,-5]],[[16639,80541],[-32,-5],[-16,-2],[-76,-8],[-21,-13],[-11,-22],[-13,-15],[-6,-3],[-33,-21],[-17,-29],[-18,-11],[-56,-23],[-67,-29],[-25,-11],[-31,-26],[-20,-9],[-76,-13],[-21,-6],[-31,-5],[-116,8],[-51,-3],[-7,-1],[-221,-44],[-8,-1],[-23,-4],[-7,-2],[-1,0],[-20,-4],[-43,-5],[-98,-28],[-34,-9],[-44,-11],[-12,-4],[-49,-32],[-5,-2],[-104,-14],[-16,-3],[-63,-6],[-23,1],[-31,1],[-14,3],[-50,10],[-161,50],[-72,24],[-48,18],[-58,22],[-1,1],[-26,10],[-43,13],[-44,10],[-52,3],[-36,-2],[-21,-10],[-21,-20],[-21,-11],[-69,-12],[-23,-3],[-12,0],[-24,8],[-9,18],[-27,23],[-3,4],[0,1],[-3,5],[-5,34],[-5,11],[-3,7],[-27,14],[-45,12],[-38,8],[-34,5],[-49,4],[-88,6],[-190,3],[-62,9],[-115,5],[-45,-3],[-33,-8],[-43,-1],[-78,17],[-29,14],[-28,17],[-13,11],[-17,15],[-2,4],[-1,0],[-52,74],[-25,22],[-34,31],[-1,1],[0,1],[-23,13],[-85,26],[-32,7],[-83,18],[-32,9],[-125,33],[-102,29],[-100,31],[-2,1],[-104,37],[-145,51],[-126,49],[-101,45],[-101,48],[-17,8],[-1,0]],[[12014,81010],[28,15],[13,8],[9,5],[2,1],[12,8],[22,14],[50,33],[163,120],[42,31],[16,12],[7,6],[170,123],[31,22],[27,21],[41,30],[111,83],[11,8],[43,30],[22,16],[10,7],[42,29],[29,22],[29,20],[11,7],[25,14],[20,11],[40,26],[23,19],[40,27],[152,101],[57,38],[15,9],[148,98],[123,82],[26,17],[78,53],[13,9],[13,8],[0,1],[1,0]],[[13729,82194],[1,-1],[81,-15],[105,-17],[33,-6],[210,-33],[106,-16],[143,-21],[74,-10],[13,-1],[94,-10],[86,-7],[1,0],[21,-3],[216,-14],[104,-7],[95,-5],[190,-8],[149,-5],[159,-2],[19,-1],[136,-1],[94,1],[10,0],[5,10],[5,8],[1,1],[14,23],[20,28],[11,17]],[[15925,82099],[1,0],[0,-1],[2,-4],[0,-2],[4,-7],[0,-1],[6,-11],[3,-7],[0,-1],[5,-9],[21,-42],[1,-1],[8,-14],[11,-20],[21,-46],[17,-35],[11,-23],[17,-35],[3,-7],[26,-58],[12,-25],[47,-105],[84,-181],[49,-107],[13,-27],[7,-15],[15,-33],[2,-4],[1,-1],[2,-5],[0,-8],[5,-10],[2,-3],[19,-41],[69,-145],[8,-17],[5,-13],[55,-127],[22,-53],[43,-96],[11,-24],[6,-14],[25,-53],[0,-1],[33,-75],[21,-50],[1,-1]],[[12922,84342],[1,0],[348,-184],[0,-1],[-83,-106],[1,0],[152,-112]],[[11111,82270],[1,0],[58,-25],[4,-1],[31,-12],[163,-61],[61,-24],[3,-1],[1,0],[10,-4],[49,-19],[33,-13],[86,-30],[64,-21],[14,-4],[48,-15],[43,-14],[65,-20],[64,-19],[43,-14],[-15,-40],[-47,-122],[-13,-31],[-1,-3],[-3,-7],[-8,-23],[-27,-67],[-9,-23],[0,-1],[-33,-84],[-52,-137],[-31,-90],[-10,-29],[-2,-4],[-4,-10],[-29,-72],[-3,-7],[-9,-23],[-4,-7]],[[11652,81193],[-2,-6],[-34,-92],[-36,-94],[-37,-100],[-20,-52],[-19,-44],[-38,-97]],[[10138,83458],[-1,-1],[-50,-11],[-130,-28],[-23,-5],[-50,-11],[-1,0],[-47,-10],[-71,-13],[-1,-1],[-20,-3],[-10,-2],[-77,-11],[-27,-4],[-59,-6],[-127,-9],[-4,0],[-58,-3],[-161,-7],[-15,-1],[-43,-2],[-1,0],[-14,-1]],[[13341,83939],[19,6],[248,77],[81,26],[2,0]],[[13691,84048],[1,-1],[57,-32],[44,-23],[87,-46],[1,0],[129,-70],[1,0],[0,-1],[91,-48],[102,-55],[70,-37],[62,-33],[148,-78],[70,-36],[87,-47],[143,-74],[36,-19],[75,-41],[8,-4],[21,-10],[17,-8],[1,0],[23,-7],[38,-10],[5,0],[1,-1],[34,-8],[35,-8],[14,-5],[100,-23],[100,-28],[31,-9],[2,-3],[5,-2],[1,0]],[[15331,83281],[0,-1],[-17,-10],[-16,-11],[-25,-18],[-9,-7],[-60,-41],[-56,-4],[-61,-6],[-77,-6],[-80,-7],[-18,-1],[-186,-14],[-331,-26],[-153,-12],[-829,-64],[-37,-3],[-82,-7],[-24,-2],[-161,-13],[-13,-2],[-1,0],[-36,-9],[-205,-65],[-7,-3],[-85,-26],[-186,-59],[-67,-21],[-85,-27],[-8,-3],[-28,-8],[-33,-11],[-59,-19],[-11,-2],[-9,-2],[-16,-2],[-6,0],[-18,-3],[-4,-1],[-1,0],[-19,-5],[-3,-1],[-13,-6],[-44,-23]],[[12152,82730],[-68,24],[-16,6],[-19,6],[-98,36],[-68,24],[-135,49],[-10,4],[-380,137],[-197,71],[-205,74],[-58,21],[-82,30],[-286,102],[-102,38],[-60,22],[-26,10],[-202,73],[-2,1]],[[10138,83458],[21,4],[62,13],[20,5],[11,2],[49,11],[14,3],[52,14],[58,18],[44,15],[53,19],[1,0],[69,30],[47,24],[116,60],[84,44],[130,68],[58,30],[19,10],[39,21],[66,33],[73,34],[132,55],[8,3],[67,26],[23,8],[7,3],[85,31],[75,25],[62,16],[45,10],[2,0]],[[11730,84093],[0,-1],[28,-14],[2,0],[11,-7],[39,-25],[2,-1],[83,-51],[22,-16],[8,-16],[6,-24],[5,-16],[1,-7],[12,-39],[0,-2],[18,-66],[15,-40],[1,0],[0,-1],[5,-16],[8,-26],[6,-17],[20,-60],[13,-37],[1,-3],[2,-5],[11,-33],[2,-7],[4,-10],[3,-11],[0,-3],[1,-1],[0,-1],[1,-2],[0,-1],[19,-58],[4,-14],[3,-7],[10,-24],[8,-14],[6,-11],[3,-6],[1,-3],[22,1],[121,10],[119,9],[-1,3],[-7,18],[-19,54],[-1,0],[-2,1],[-33,-1],[-3,1],[-1,1],[-1,0],[-5,15],[2,1],[3,1],[63,4],[168,8],[4,10],[24,44],[4,8],[0,1],[23,32],[18,22],[32,31],[15,15],[30,21],[18,10],[35,21],[4,3],[15,6],[17,9],[31,13],[32,13],[31,11],[77,24],[66,20],[17,5],[51,16],[18,6],[12,3],[37,12],[12,4],[24,7],[68,21],[23,8],[63,20],[1,0]],[[28443,91668],[-7,11],[-12,17],[-28,40],[-39,56],[-3,4],[0,1],[-7,45],[-17,107],[-2,8],[2,6],[4,11],[0,1],[3,25],[1,5],[1,4],[2,23]],[[28341,92032],[18,-19],[39,-9]],[[34728,88981],[2,-2],[9,-3],[7,-3],[34,-16],[1,-19],[0,-9],[-12,-39]],[[28991,91429],[1,-3],[1,-9],[-1,-10],[-4,-14],[1,-7],[0,-1],[1,-1],[1,-4],[1,0],[0,-1],[9,-9],[1,-2],[3,-1],[3,-3],[2,-1],[1,0],[9,-4],[2,-1],[11,-7],[37,-24],[25,-17],[20,-14],[1,-1],[31,-20],[37,-25],[38,-28],[15,-10],[2,-2],[17,-11],[14,-8],[17,0],[4,1],[1,0],[1,-1],[3,-2],[2,-2],[8,-5],[13,-8],[6,-4],[-14,-1],[-8,0],[1,-1],[8,-4],[53,-35],[69,-45],[6,1],[5,2],[4,-3],[1,-1],[3,-2],[13,-7],[83,-67],[106,-72],[10,-7],[8,-6],[1,0],[0,-1],[7,-4],[22,-15],[8,-5],[26,-18],[80,-54],[1,0],[27,-19],[9,-5],[26,-17],[8,-6],[-1,-2],[-2,-3],[-10,-17],[-21,-35],[-20,-36],[-2,-5],[-2,-3],[-28,-47],[-17,-30],[-5,-10],[-8,-17],[-9,-14],[-7,-10],[-1,-1],[-6,-10],[-14,-23],[-1,0],[0,-1],[-4,-8],[-6,-10],[-8,-14],[-24,-40],[-7,-14],[-7,-11],[-13,-24],[-6,-9],[-1,-2],[-6,-9],[-11,-20],[-14,-25],[-5,-10],[-13,-19],[-16,-28],[-12,-22],[-39,-67],[-14,-22],[0,-1],[-11,-20],[-17,-28],[-87,-145],[-2,-3],[-25,-46]],[[28354,89665],[-27,1],[-81,2],[-27,1],[-27,0],[-82,2],[-15,1],[-12,0],[-75,3],[-205,6],[-22,1],[-52,0],[-24,1],[-49,1],[-198,0],[-33,1],[-101,2],[-28,0],[-5,1],[-24,0],[-42,1],[-28,-1],[-32,0],[-26,-1],[-8,0],[-26,-3],[-27,-1],[-47,-5],[-10,-1],[-2,0],[-12,-2],[-10,-1],[-28,-4],[-9,-1],[-58,-9],[-178,-36],[-49,-8],[-73,-8],[-52,-2],[-61,-1],[-68,1],[-1,0],[-20,1],[-75,7],[-1,0]],[[28310,90899],[1,0],[46,-2],[35,22],[1,0],[194,-44],[18,-4],[5,4],[259,-76],[0,-1],[-19,-12],[-296,-205],[1,0],[18,-15],[108,-77],[85,-55],[160,-109],[79,-59],[94,-62],[-1,0],[-4,-3],[-13,-8],[-5,-2],[-1,0],[-18,-11],[-56,-32],[-19,-11],[-1,-1],[-15,-8],[-17,-10],[-29,-17],[-15,-9],[1,0],[17,-13],[35,-24],[18,-8],[5,-2],[30,-11],[20,-7],[204,-66],[42,-14],[41,-14],[24,-7],[9,-3],[14,-2],[12,-2],[9,-2]],[[29386,89917],[7,-2],[3,0]],[[29396,89915],[-1,0]],[[29395,89915],[-8,-16],[-51,-91],[-8,-13],[-24,-42],[-4,-5],[-4,-8],[-4,-7],[-13,-19],[-1,-1],[-3,-6],[-35,-62]],[[29240,89645],[-2,0],[-14,1],[-9,1],[-45,1],[-105,2],[-44,2],[-84,2],[-98,0],[-36,1],[-90,2],[-96,4],[-31,0],[-81,2],[-93,0],[-44,1],[-13,1],[-1,0]],[[28354,89665],[2,1],[4,3],[3,2],[1,0],[-6,9],[-1,1],[45,-1],[-61,102],[-30,51],[-65,131],[-102,206],[-190,354],[-27,49],[-19,31],[-15,26],[-5,-3],[-2,-1]],[[36899,90591],[0,-1],[-2,-2],[-11,-5],[-28,-16],[-6,-3],[-6,-4],[-11,-11],[-28,-30],[-6,-6],[-6,-4],[-4,-2],[-3,-1],[-28,-8],[-12,0],[-6,-1],[-4,0],[-4,-2],[-3,-1],[-3,-2],[-60,-45],[-3,-3],[-2,-3],[0,-7],[2,-2],[9,-8],[3,-4],[4,-4],[3,-6],[0,-4],[-1,-4],[-2,-5],[-1,-4],[-2,-2],[0,-1],[-2,-3],[-14,-14],[-23,-20],[-4,-3],[-5,-5],[-3,-5],[-7,-11],[-2,-3],[-4,-3],[-18,-15],[-41,-31],[-3,-2],[-2,-3],[-8,-8],[-1,-2],[0,-2],[1,-1],[0,-1],[1,-1],[0,-2],[-2,-6],[-17,-30],[-2,-4],[-3,-4],[-3,-11],[-1,-3],[-1,-2],[-3,-3],[-3,-4],[-2,-2],[-1,-3],[0,-2],[-1,-3],[-7,-10],[-1,-2],[-1,-3],[0,-8],[-1,-1],[-1,-2],[0,-2],[-1,-2],[0,-1],[-9,-16],[-2,-2],[-2,-3],[-4,-2],[-2,-3],[-2,-2],[-2,-3],[-1,-4],[-1,0],[0,-3],[-2,-12],[0,-2],[-12,-16],[-2,-1],[-2,-2],[-9,-3],[-3,-2],[-44,-35],[-17,-10],[-6,-5],[-6,-3],[-10,-2],[-4,-1],[-5,-2],[-2,-1],[-4,-1],[-6,0],[-4,-1],[-5,0],[-6,-3],[-7,-3],[-44,-20],[-13,-5],[-8,-2],[-3,-1],[-14,-4],[0,-1],[-3,-3],[-6,1],[-2,0],[-26,-8],[-37,-10],[-71,-20],[-23,-5],[-17,-4],[-18,-4],[-16,-5],[-12,-2],[-28,-4],[-45,-6],[-3,0],[-2,-1],[-7,0],[-1,1],[-4,2],[-5,5],[-134,0],[-188,-54],[-60,-10],[-29,-6],[-5,0],[-15,-3],[-36,-3],[-24,-4],[-12,-1],[-33,5],[-10,-3],[-23,-4],[2,-1],[0,-12],[-37,-9],[-202,-49],[-17,-7],[-22,-14],[-22,-18],[-28,-19],[-85,-47],[-12,-7],[-25,-16],[-4,-2],[-18,-14],[-9,-6],[-6,-8],[-5,-6],[-1,-2],[-6,-7],[-4,-1],[-2,0],[-13,-4],[-14,-5],[-3,-3],[-4,-1],[-6,-4],[-9,-5],[-6,-5],[-9,-12],[-7,-6],[-5,-2],[-15,-2],[-45,-14],[-12,-4],[-7,-8],[0,-11],[2,-1],[5,-4],[6,-4],[4,-3],[34,-15],[17,-11],[1,0],[4,-8],[-3,-9],[0,-1],[1,-3],[3,-5],[3,-3],[1,-3],[-1,-1],[0,-6],[2,-5],[0,-2],[2,-2],[5,-12],[9,-16],[-4,-16],[0,-2],[-12,-111],[-5,-28],[-2,-11],[-2,-10],[-10,-53],[-3,-15],[-2,-31],[0,-7],[-2,-45],[-1,-6],[-1,-2],[-5,-3],[-3,-3],[-1,0],[-1,-1],[0,-1],[-2,-3],[1,-15],[0,-8],[1,-3],[2,-2],[2,-3],[1,-2],[0,-12],[1,-2],[0,-1],[1,-1],[4,-2]],[[34728,88981],[-33,10],[-8,3],[-425,214],[-426,214],[-471,238],[-112,57],[-1,0],[-354,179],[-1,0],[-157,90],[-45,20],[-65,29],[-65,32],[-43,21],[-8,4],[-65,35],[-87,47],[-135,68],[-74,37],[-24,13],[-3,1],[-5,2],[-60,26],[-10,5],[-9,5],[-27,14],[-30,17],[-93,50],[-1,1],[-29,16],[-1,0],[15,45],[0,2],[9,60],[3,27],[3,39],[-5,85],[-8,36],[-11,49],[-16,43],[-5,10],[-16,36],[-10,20],[-3,4],[-1,5],[-4,6],[-3,5],[-7,11],[-19,29],[-6,9],[-6,6],[-17,23],[-13,17],[-21,26],[-26,31],[-21,25],[-1,0],[-11,12],[-31,37],[-11,12],[-10,12],[-5,5],[-15,17],[-32,36],[-6,7],[-10,9],[0,1],[-1,2],[-25,30],[-6,8],[-30,36],[-1,0],[-27,6],[-7,1],[-21,5],[-13,3],[-10,3],[-6,1],[-8,2],[-13,3],[-11,2],[-40,10],[-7,1],[-7,2],[-9,2],[-7,2],[-8,2],[-9,1],[-5,2],[-18,4],[-7,2],[-8,1],[-7,2],[-9,2],[-8,2],[-63,15],[-13,2],[-107,25],[-2,1],[-62,14],[-2,0],[-19,5],[-49,11],[-29,-7],[-7,2],[-16,-4],[-10,-2],[-15,-4],[-14,-4],[-10,-4],[-11,-2],[-6,-3],[-13,-3],[-26,7],[-1,0],[9,10],[1,0],[-20,6],[-9,-11],[-61,16],[0,1],[1,0],[11,9],[24,23],[1,1],[10,13],[1,0],[-4,1],[-295,67],[-49,12],[-9,2],[-11,3],[-16,4],[-33,7],[-77,19],[-112,26],[-100,23],[-17,3],[-1,1],[-15,3],[-49,11],[-120,28],[-58,14],[-3,1],[-104,23],[-35,8],[-69,15],[-33,8],[-3,0],[-30,7],[-97,21],[-9,2],[-69,15],[6,-7],[34,-43],[-1,0],[-23,-2],[-149,-13],[-1,0],[18,26],[0,1],[-130,5],[-1,0],[20,8],[11,9],[2,9],[1,16],[-2,12],[-5,21],[-8,0],[-82,-2],[-1,0],[-3,27],[-1,2],[0,2],[-12,3],[-241,54],[-4,1],[-289,65],[-2,0],[-5,1],[-18,4],[-4,1]],[[28398,92004],[0,83],[3,9],[2,3],[12,35],[0,1],[5,12],[50,139],[13,36],[66,69],[86,93],[120,58],[138,38],[16,5],[34,-2],[126,-6],[119,-12],[80,-8],[50,-6],[104,-25],[73,-18],[65,-16],[7,-2],[2,-1]],[[29569,92489],[2,-1],[73,-25],[135,-44],[66,-20],[172,-41],[193,6],[268,32],[214,67],[25,8],[76,24],[18,5],[8,2]],[[30819,92502],[161,24],[27,4],[188,29],[19,3],[30,-3],[207,-1],[18,-3],[159,-26],[60,-13],[106,-32],[0,-1],[-1,-9],[-13,-100],[-11,-88],[-9,-80],[-10,-79],[0,-4],[-4,-35],[-4,-27],[-3,-29],[0,-2],[-1,-2],[-2,-17],[1,-26],[1,-13],[0,-1],[50,-71],[20,-27],[7,-9],[5,-6],[5,-8],[16,-22],[1,-1],[0,-1],[4,-5],[0,-1],[2,-2],[23,-32],[10,-13],[184,-120],[65,-42],[216,-75],[199,-62],[156,-41],[328,-65],[344,-69],[49,-9],[146,-29],[48,-10],[1,0],[163,-37],[194,-42],[292,-66],[64,-14],[28,-5],[254,-49],[280,-53],[1,0],[1002,-191],[351,-71],[639,-129],[14,-3]],[[28109,88758],[17,11],[10,8],[6,-2],[14,10],[5,3],[9,7],[5,3],[14,-3],[9,6],[-12,4],[-1,0],[24,13],[3,4],[2,2],[5,4],[3,3],[5,4],[8,6],[6,4],[7,5],[8,5],[5,4],[9,6],[4,3],[10,7],[14,10],[15,10],[8,7],[21,-7],[20,-7],[42,-14],[16,-5],[7,-3],[30,-10],[10,-3],[9,-3],[19,-6],[17,-7],[38,-12],[18,-6],[11,-4],[8,-2],[7,-3],[11,-3],[3,-2],[17,-5],[6,-2],[0,-1],[-21,-36],[0,-1],[22,-2],[14,-2],[33,-4],[13,-1],[6,9],[14,19],[0,1]],[[26388,89193],[26,2],[34,3],[182,10],[13,1],[47,2],[95,4],[36,1],[77,2],[54,-2],[9,0],[93,-4],[17,-1],[94,-7],[13,-1],[50,-3],[167,-13],[54,-6],[25,-4],[-1,-1],[-6,-8],[-6,-15],[-2,-16],[0,-3],[-1,-5],[1,-8],[0,-12],[-1,-8],[0,-8],[-1,-15],[-1,-8],[0,-3],[1,-7],[0,-7],[1,-24],[2,-4],[0,-1],[8,-21],[7,-17],[1,-6],[1,-2],[3,-12],[6,-26],[7,-28],[5,-14],[2,-10],[1,-4],[0,-1],[2,-8],[0,-2],[1,-5],[1,-30],[2,-5],[1,-4],[2,-2],[0,-2],[2,-4],[15,-21],[14,-21],[4,-5],[1,-1],[1,-2],[12,-16],[10,-15],[2,-1],[5,-9],[24,-31],[3,-4],[10,-14],[0,-1],[9,-15],[1,-1],[7,-15],[4,-6],[3,-15],[3,-6],[2,-10],[4,-14],[14,-47],[0,-1],[1,-4],[1,-3],[8,-26],[30,3],[11,4],[3,1],[81,57],[11,8],[15,11],[1,0],[16,9],[4,3],[19,15],[6,8],[7,11],[0,12],[-2,10],[-2,5],[16,1],[14,2],[3,0],[12,1],[14,3],[11,5],[10,6],[29,19],[20,15],[1,0],[13,9],[38,26],[13,9]],[[28064,88771],[0,-1]],[[28064,88770],[1,0],[9,-2],[29,-8],[6,-2]],[[28109,88758],[1,0],[5,-2],[-1,0],[-5,-4],[37,-9],[-1,-1],[-14,-10],[-36,10],[-4,-3],[-3,-1],[-42,-30],[-12,-9],[-3,-1],[-9,-8],[-6,-3],[21,-6],[11,-3],[5,-2],[4,-1],[5,-2],[7,-2],[10,-3],[16,-4],[20,-6],[14,-4],[4,-2],[12,-3],[9,-3],[8,-2],[11,-3],[19,-6],[8,-2],[-21,-14],[1,0],[6,-1],[5,-2],[35,-11],[11,-3],[59,-18],[178,-53],[42,-13],[17,-4],[4,0],[7,-2],[3,-1],[-1,0],[-6,-12],[-14,-25],[-7,-11],[-7,-12],[-2,-2],[-9,-15],[-17,-30],[-7,-12],[-15,-28],[-4,-6],[-29,-50],[-14,-26],[-17,-27],[-7,-14],[-8,-14],[-7,0],[-7,1],[-1,0],[-8,2],[-3,0],[-36,5],[-23,-10],[-7,-3],[-10,-4],[-3,2],[-9,3],[-106,50],[-9,6],[-5,3],[-18,9],[-5,3],[-30,-11],[-4,-2],[-13,-4],[-4,-3],[-22,13],[-14,-5],[-48,-18],[1,0],[56,-32],[-57,-24],[-32,16],[-100,48],[-33,16],[-4,1],[-2,2],[-4,1],[-9,3],[-13,7],[-21,13],[-16,14],[-5,6],[-1,1],[-79,-31],[-21,-8],[-37,-14],[-8,-3],[-37,-14],[-16,-6],[-31,-12],[-24,-9],[-23,-9],[-24,-9],[-46,-18],[-28,-11],[-17,-7],[-1,3],[-1,4],[-3,16],[-8,39],[-2,9],[0,1],[-19,-5],[-19,-15],[-40,-32],[-84,-64],[-10,-8],[-11,-8],[1,0],[2,-4],[2,-5],[1,-2],[1,-4],[2,-5],[1,-5],[0,-3],[1,-5],[0,-56],[3,-116],[-43,-18],[-74,-31],[-87,0],[-156,49],[-85,27],[-47,0],[-51,-2],[-5,0]],[[26767,87351],[1,0],[10,-1],[97,-3],[18,-1],[29,-1],[49,-2]],[[26612,88016],[0,-3],[4,-20],[7,-25],[2,-11],[3,-12]],[[26628,87945],[32,-136],[1,-3],[0,-1],[1,-4],[1,-6],[0,-1],[77,-412],[1,-1],[3,-2],[8,-4],[7,-4],[3,-3],[2,-4],[2,-9],[1,-4]],[[26767,87351],[-19,0],[-18,1],[-27,1],[-96,3],[-69,2],[-8,0],[-49,1],[-8,0],[-54,2],[-35,1],[-61,3],[-86,2],[-25,1],[-36,1],[-63,1]],[[34769,88890],[0,-1],[-9,-28],[0,-2],[-3,-3],[-6,-12],[-19,-36],[-31,-61],[-7,-19],[0,-1],[-5,-8],[-21,-45],[-5,-10],[-2,-2],[-2,-3],[-3,-4],[-11,-24],[2,-2],[0,-1],[-4,-10],[-13,-25],[0,-3],[-28,-56],[0,-1],[1,0],[0,-1],[8,0],[3,-1],[1,0],[1,-1],[0,-19],[1,-1],[0,-1],[1,0],[6,-3],[30,-13],[6,-3],[1,-3],[0,-10],[-2,-1],[-6,-6],[-3,-2],[-3,-3],[-4,-20],[-1,-2],[0,-1],[-3,-14],[-6,-24],[-13,-42],[-7,-19],[-5,-11],[-1,-2],[-4,-11],[-11,-23],[-2,-8],[-13,-35],[-10,-26],[-7,-17],[-5,-10],[-11,-24],[-9,-16],[-2,-2],[-6,-10],[-19,-35],[-25,-45],[-43,-75],[-2,-3],[-1,0],[-15,-30],[-6,-10],[0,-2],[-6,-8],[-3,-6],[-6,-8],[-6,-9],[-10,-11],[-8,-8],[-24,-22],[-13,-8],[-11,-7],[-6,-3],[-4,-3],[-10,-5],[-8,-5],[-6,-2],[-3,-2],[-10,-3],[-9,-2],[-16,-4],[0,-1],[-1,-1],[-6,-12],[-2,-5],[-1,0],[-10,-16],[-7,-12],[-29,-18],[-7,-4],[0,-1],[1,-2],[1,-3],[0,-11],[-2,-8],[-3,-4],[-15,-12],[-5,-2],[-3,-1],[-2,-1],[-4,0],[-7,-3],[-4,-2],[-3,-3],[-4,-6],[-4,-12],[0,-4],[2,-3],[1,-1],[2,-7],[0,-3],[-1,-1],[-2,-4],[-2,-1],[-1,-2],[-24,-24],[-25,-21],[-28,-25],[-4,-4],[-8,-7],[-3,-4],[-4,-3],[-12,-11],[-14,-10],[-11,-10],[-9,-7],[-2,-2],[-16,-13],[-26,-19],[-32,-21],[-43,-26],[-32,-16],[-3,-2],[-14,-8],[-40,-22],[0,-1],[-6,-4],[-3,-3],[-4,-5],[-3,-3],[0,-1],[-2,-1],[-4,-4],[-2,-1],[-2,-3],[-17,-8],[-42,-21],[-28,-15],[-37,-18],[-12,-5],[-13,-6],[-19,-9],[-10,-4],[-17,-7],[-20,-8],[-13,-5],[-38,-14],[-7,-3],[-54,-19],[-16,-5],[-9,-3],[-10,-3],[-26,-9],[-7,-3],[-3,-1],[-2,-1],[-1,-2],[-13,-9],[-40,-18],[-2,-1],[-1,0],[-64,-32],[-10,-4],[-28,-8],[-4,-1],[-4,-2],[-16,-12],[-23,-16],[-3,-3],[-23,-17],[-35,-25],[-5,-4],[-6,-4],[-12,-10],[-8,-7],[-40,-33],[-39,-34],[-6,-5],[-43,-31],[-68,-47],[-1,-1],[-4,0],[-2,1],[-4,1],[-4,0],[-1,-2],[-1,0],[-5,-4],[-11,-7],[-14,-9],[-29,-17],[-61,-30],[-2,-1],[-3,-1],[-2,0],[-11,-2],[-14,-3],[-7,-1],[-6,-1],[-4,-1],[-4,0],[-12,3],[-14,3],[-3,0],[-9,2],[-53,18],[-69,-54],[0,0],[51,-2],[15,-6],[11,3],[12,3],[2,-1],[46,-24],[2,-3],[0,-3],[-5,-6],[-1,-2],[-19,-27],[-25,-33],[-6,-8],[-4,-5],[-6,-6],[-8,-7],[-10,-8],[-9,-8],[-8,-7],[-14,-12],[-50,-30],[-14,-9],[-27,-16],[-5,-1],[-3,-1],[-22,-1],[-4,0],[-41,-8],[-6,-1],[-3,-1],[-2,-1],[-10,-7],[-14,-9],[-11,-7],[-2,-2],[0,-1],[-1,-2],[1,-2],[2,-3],[1,-5],[-1,-2],[-1,-4],[0,-1],[-3,-3],[-3,-4],[-2,-2],[-8,-4],[-6,-2],[-5,-2],[-4,-1],[-5,-2],[-3,-1],[-7,-2],[-15,-9],[-53,-29],[-12,-7],[-36,-19],[-72,-36],[-34,-19],[-29,-18],[0,-1],[1,0],[-3,-9],[-2,-5],[-4,-15],[-10,-10],[-59,-28],[-11,-6],[-14,-6],[-42,-22],[-82,-41],[-41,-23],[-30,-15],[-36,-10],[-53,-13],[-20,-5],[-77,-22],[-19,-2],[-17,-1],[-56,-3],[-101,-7],[-9,-1],[-6,-1],[-16,-2],[-48,-8],[-180,-35],[-30,-6],[-18,-3],[-29,-4],[-4,0],[-6,-1],[-41,-5],[-88,-10],[-45,-6],[-14,-1],[-16,-2],[-7,-1],[-10,0],[-56,1],[-14,0],[-12,1],[-7,-1],[-7,-2],[-7,-5],[-16,-13],[-4,-5],[-3,-2],[-1,-2],[-4,-6],[0,-2],[-1,-2],[-2,-10],[-1,-4],[-5,-4],[-5,-3],[-17,-12],[-71,-46],[-77,-55],[-49,-32],[-13,-9],[-10,-8],[-6,-4],[-11,-9],[-14,-8],[-19,-12],[-30,-17],[-12,-5],[-4,-3],[-105,-54],[-87,-48],[-14,-8],[-25,-14],[-21,-11],[-8,-7],[-3,-4],[-1,-3]],[[28349,87561],[21,20],[11,17],[4,21],[0,1],[-3,19],[-6,37],[-15,78],[-11,59],[0,1],[-4,22],[-1,8],[-6,28],[-4,18],[-12,50],[0,2],[64,42],[54,35],[184,124],[35,19],[136,87],[120,76],[44,29],[16,10],[19,15],[10,6],[90,59],[44,28],[67,44],[62,41],[42,28],[-5,2],[-15,3],[-6,1],[-24,8],[-20,6],[-13,4],[-17,5],[-21,7],[-24,7],[-141,42],[-100,30],[-1,1],[-30,6],[-120,35],[-5,2],[-7,4],[-4,4],[-1,0],[-1,3],[-1,1],[0,2],[-1,3],[-5,4],[-6,4],[-7,3],[-1,0],[-11,4],[-2,1],[-8,2],[-1,1]],[[28712,88780],[30,48],[7,13],[22,37],[3,4],[8,13],[3,-1],[16,0],[4,6],[12,16],[12,22],[7,12],[0,1],[16,25],[46,76],[2,3],[13,22],[1,1],[27,43],[3,5],[1,2],[26,43],[34,54],[31,55],[31,50],[16,28],[36,56],[4,8],[12,18],[13,24],[1,2],[2,1],[1,0],[-1,4],[-2,2],[0,2],[-5,2],[0,1],[6,8],[1,1],[1,0],[2,3],[1,1],[16,30],[34,61],[15,27],[3,5],[13,24],[4,6],[0,1]],[[29240,89645],[1,0],[11,-1],[45,-1],[135,-5],[45,-1],[129,-4],[103,-4],[284,-7],[5,0],[125,-7],[148,-3],[29,-1],[256,-7],[159,-5],[68,-3],[80,-4],[2,0],[128,-10],[188,-13],[3,0],[166,-21],[199,-34],[342,-65],[308,-58],[1,0],[139,-28],[174,-37],[174,-33],[939,-182],[410,-80],[409,-79],[151,-29],[150,-30],[23,-3]],[[27122,87090],[-5,1],[-20,5],[-2,0],[-23,5],[-72,16],[-24,5],[-6,1],[-10,3],[-9,2],[-6,0],[31,14],[68,30],[27,13],[30,15],[2,0],[-24,10],[-69,30],[-22,9],[-2,1],[-22,10],[-27,12],[-40,18],[-22,10],[18,9],[19,8],[39,18],[19,8],[1,0]],[[26971,87343],[34,-1],[4,0],[45,-4],[57,-4],[9,-1],[25,-4],[12,-1],[19,-5],[138,-24],[2,0],[5,-1],[2,-1],[1,2],[39,24],[121,77],[172,112],[69,45],[6,4],[7,4],[1,0],[8,-1],[74,-17],[140,-32],[113,-21],[17,-3],[64,-17],[11,5],[74,35],[43,19],[43,24],[4,4],[19,0]],[[28349,87561],[12,-2],[10,-3],[12,-6],[5,-5],[0,-5],[-12,-98],[0,-6],[-1,-4],[1,0],[73,-12],[16,-3],[109,-21],[69,-19],[19,-2],[16,-2],[24,-6],[5,-1],[7,-5],[1,0],[182,-88],[12,-6],[-1,0],[-1,-1],[-419,-282],[-144,-97],[-29,-15]],[[22485,90722],[71,13],[156,13],[63,2],[134,-4],[-1,6],[-2,9],[-1,3],[-2,11],[-3,13],[-1,5],[-1,3],[-2,8],[0,1],[-9,35],[-3,12],[20,2],[60,4],[20,1]],[[22984,90859],[58,4],[98,7],[75,8],[45,5],[12,1],[28,4],[84,13],[27,4],[1,-1],[8,-6],[22,0],[4,1],[9,1],[8,1],[12,2],[13,2],[12,2],[27,5],[2,-4],[2,-2],[135,28],[148,30],[6,-5],[7,2],[117,23],[281,55],[284,57],[21,4],[113,23],[109,19],[74,17],[378,75],[99,19],[256,52],[85,18],[188,38],[248,47],[-2,-1],[-148,-73],[-19,-9],[19,0],[67,1],[24,-2]],[[26021,91324],[-1,0],[-8,-5],[-28,-13],[-26,-13],[-3,-1],[-5,-3],[1,0],[22,-2],[1,0],[95,-8],[159,-13],[6,-1],[11,-2],[278,-42],[74,-8],[340,-32],[770,80],[282,30],[278,57],[107,58],[44,41],[34,33],[10,15],[20,51],[2,24],[0,21],[-15,30],[0,1],[-11,21],[-4,8],[0,1],[-3,4],[-7,11],[-1,1]],[[28443,91668],[1,0],[11,1],[43,4],[14,1],[30,3],[87,8],[262,23],[87,7],[2,-8],[9,-95],[2,-107],[0,-76]],[[28991,91429],[-6,-22],[-2,-10],[-6,-12],[-19,-31],[-7,-11],[-19,-19],[-2,-3],[-8,-8],[-4,-3],[-14,-15],[-25,-25],[-23,-17],[-19,-14],[-34,-23],[-38,-27],[-15,-10],[-16,-10],[-1,-1],[-6,-3],[-27,-16],[-10,-6],[-41,-26],[-74,-50],[-10,-6],[-3,-3],[-39,-24],[-21,-14],[-62,-40],[-20,-13],[-66,-40],[-44,-28]],[[28310,90899],[-147,-95],[-63,-41],[-17,-10],[-11,-7],[-79,-51],[-27,-16],[-7,-5],[-22,-14],[-6,-4],[-17,6],[-1,0],[-20,7],[-14,5],[-12,5],[-12,8],[0,-1],[5,-11],[18,-36],[1,-1],[3,-7],[0,-1],[4,-4]],[[27886,90626],[-35,-23],[-19,-12],[-33,-20],[-51,-34],[-79,-50],[-55,-35],[-59,-37],[-91,-58],[-82,-53],[-59,-37],[-59,-38],[-34,-23],[-52,-32],[-92,-60],[-45,-29],[-13,-9],[-1,-1],[-56,-39],[-21,-15],[-32,-20],[-1,-1],[-22,-11],[-67,-44],[-73,-48],[-83,-54],[-68,-45],[-9,-6],[-5,-3],[-18,-12],[-66,-45],[-5,-3],[-13,-8],[-43,-25],[-67,-43]],[[22999,89945],[-9,10],[-23,27],[-2,4],[-7,8],[-53,63],[-40,48],[-11,13],[-12,15],[-22,26],[-2,3],[-8,10],[-1,1],[-1,0],[0,1],[-3,3],[-1,2],[-19,23],[-63,76],[-69,85],[-1,1],[0,1],[-3,3],[-30,37],[-13,17],[-26,32],[-17,21],[-8,12],[-9,14],[-1,1],[0,1],[-16,30],[-4,7],[-12,29],[-12,39],[-18,48],[-7,21],[-7,20],[0,1],[-2,4],[-1,6],[-3,6],[0,2],[-1,2],[-1,3]],[[25687,79741],[-7,11],[-21,34],[-5,9],[-1,2],[-1,1],[-7,-1],[-12,-1],[-61,-6],[-20,-2],[-62,-6],[-267,-21],[-658,-53],[-335,-21],[-77,-5],[-18,3],[-9,5],[0,1],[-2,6],[8,6],[14,6],[12,5],[8,2],[2,1],[-10,-1],[-16,-1],[-1,0],[0,10],[-6,-3],[-16,-11],[-54,-15],[-19,-2],[-54,0],[-81,-4],[-110,-23],[-2,0],[-80,-8],[-98,-3],[-2,0],[16,6],[48,7],[10,1],[6,3],[7,18],[8,2],[52,4],[33,2],[11,8],[24,4],[19,10],[32,5],[10,4],[22,15],[-18,4],[-2,2],[0,1],[19,7],[8,10],[27,15],[32,26],[15,5],[13,1],[22,-12],[8,0],[26,13],[4,5],[22,6],[18,11],[15,13],[-3,2],[-8,1],[-15,0],[-6,6],[15,6],[28,5],[7,2],[11,6],[-35,18],[-32,16],[-5,1],[0,1],[-16,6],[-97,37],[-237,92],[-268,102],[-55,21],[-41,28],[-51,16],[-21,6],[-121,50],[-74,31],[-2,0],[-31,19],[-11,11],[-15,4],[-1,0],[5,19],[2,7],[-1,20],[-1,24],[-26,62],[-19,24],[-24,20],[-46,38],[-81,16],[-87,27],[-15,4],[-79,6],[-67,0],[-210,-4],[-211,-2],[-25,-3],[-4,-1],[-24,-1],[-24,-3],[-9,-1],[-10,1],[-41,0],[-114,-2],[-132,-3],[-87,6],[-177,8],[-196,11],[-110,11],[-49,2],[-41,0],[-68,-3],[-72,-9],[-55,-4],[-62,2],[-68,5],[-67,9],[-69,12],[-42,4],[-37,-2],[-39,-4],[-33,-8],[-24,-1],[-34,1],[-47,8],[-43,7],[-28,6],[-107,11],[-95,10],[-85,1],[-108,-2],[-84,-13],[-56,-16],[-14,-1],[-24,-1],[-31,2],[-47,0],[-52,1],[-44,-10],[0,-1],[-6,-8],[-6,-10],[-13,-26],[-16,-12],[-45,-15],[-41,-8],[-30,-9],[-33,-36],[-43,-15],[-50,3],[-57,17],[-75,35],[-54,19],[-102,19],[-71,8],[-35,2],[-1,0],[3,3],[31,28],[15,16],[112,92],[15,13],[353,282],[202,163],[80,64],[86,69],[16,16],[-18,-2],[-53,-3],[-19,-2],[-36,-2],[-46,-3],[-64,-5],[-38,-2],[-6,0],[-47,-2],[-50,1],[-17,0],[-292,5],[-206,4],[-40,1],[-271,4],[-103,2],[-353,7],[-179,2],[-28,-1],[-27,143],[-19,99],[-12,63],[-2,12],[-3,19],[-1,4],[-5,28],[-3,16],[-4,23],[-1,1],[-1,5],[-3,18],[-4,23],[-2,11],[-7,32],[-3,15],[-1,4],[-3,15],[-4,12],[0,2],[-1,3],[-4,17],[-2,5],[0,5],[-7,32],[-22,111],[-3,17],[-8,12],[-5,4],[-2,2],[-25,14],[-215,131],[-148,90],[-4,1],[-7,4],[-11,4],[-16,4],[-17,3],[-23,4],[-398,50],[-47,7],[-37,8],[-39,11],[-38,15],[-34,19],[-32,22],[-62,35],[-48,22],[-29,11],[-46,11],[-45,9],[-1,0],[-21,3],[-40,3],[-49,7],[-1,0]],[[16381,82584],[52,60],[157,178],[52,60],[49,54],[3,5],[6,6],[60,69],[68,69],[34,30],[61,54],[2,2],[0,1],[32,27],[3,3],[113,89],[37,29],[24,19],[73,57],[23,18],[1,1],[133,102],[398,306],[133,103],[34,26],[60,45],[30,24],[12,9],[34,25],[2,1],[5,4],[0,1],[1,0],[3,2],[1,1],[42,33],[125,98],[40,31],[1,0],[0,1],[1,0]],[[28995,83167],[2,0],[0,-4],[1,-2],[8,-4],[7,-9],[3,-5],[3,-1],[3,-3],[2,-1],[-2,-1],[0,-12],[1,-2],[3,-4],[0,-1],[3,-5],[3,-4],[1,0],[5,-6],[2,-3],[1,0],[13,-7],[15,-7],[21,-11],[33,-15],[17,-9],[50,-25],[7,-3],[2,-2],[7,-10],[2,-3],[3,-4],[17,-19],[25,-30],[5,-3],[18,-12],[3,-13],[1,-5],[4,-15],[-1,-8],[-12,-4],[-7,-3],[0,-1],[2,-4],[-6,-3],[-1,0],[-2,-1],[0,0],[3,-3],[0,-1],[1,0],[5,-2],[9,-2],[102,-16],[4,0],[112,-18],[37,-7],[3,-2],[23,-5],[33,-6],[33,-9],[6,-2],[15,-3],[15,-4],[13,-4],[7,-4],[12,-6],[11,-9],[0,-1],[5,-4],[24,-8],[4,-1],[6,-2],[14,-10],[2,-3],[2,-2],[7,-10],[4,-3],[4,-2],[7,-3],[9,-2],[47,-3],[31,-8],[20,-8],[41,-11],[9,-6],[12,-5],[16,-4],[2,-1],[1,-2],[2,-2],[18,-5],[7,-2],[12,-3],[8,-3],[9,-6],[6,-6],[6,-7],[3,-6],[0,-1],[1,0],[10,-6],[0,-1],[1,-1],[1,-4],[2,-6],[3,-2],[4,-2],[5,-4],[11,-1],[14,-7],[6,-6],[1,0],[0,-1],[12,-6],[10,-4],[11,-4],[13,-5],[5,-4],[6,-1],[11,-5],[2,-2],[3,-4],[1,-2],[1,0],[1,-2],[0,-1],[2,-1],[12,-4],[10,-3],[5,-1],[4,-1],[1,-1],[14,-4],[9,-4],[48,-14],[10,-5],[8,-3],[25,-10],[1,-1],[33,-9],[44,-13],[33,-13],[72,-27],[1,-4],[0,-3],[4,-4],[15,-8],[16,-6],[38,-23],[20,-8],[1,0],[0,-1],[7,-6],[6,-4],[17,-7],[0,-1],[5,-1],[0,-1],[3,-1],[6,-3],[13,-5],[16,-6],[23,-5],[35,-7],[24,-5],[23,-3],[25,-1],[38,2],[12,2],[24,2],[14,0],[23,2],[11,0],[58,-4],[12,-2],[26,-5],[19,-4],[21,-5],[17,-2],[41,-4],[18,-4],[23,-5],[6,1],[5,1],[27,-5],[1,0],[26,-6],[13,-4],[12,-3],[3,-1],[7,-4],[6,-2],[4,-4],[12,-13],[2,-2],[4,-6],[-2,-32],[-2,-22],[1,0],[8,-10],[12,-14],[14,-16],[1,0],[107,-30],[1,0],[3,-1],[99,-37],[90,-35],[8,-3],[2,0],[29,-5],[23,-40],[7,-12],[37,-22],[4,-3],[80,-17],[1,0],[83,8],[10,-4],[1,0],[7,-5],[1,-1],[31,-4],[16,-1],[25,-3],[3,0],[20,-6],[6,-3],[9,-5],[-3,-15],[0,-1],[-1,-3],[0,-1],[1,-1],[0,-1],[3,-3],[0,-1],[7,-14],[14,-7],[25,-16],[16,-37],[1,-1],[15,-16],[13,-12],[7,-8],[43,-24],[1,0],[35,-9],[68,-19],[51,-29],[16,-10],[15,-13],[23,-21],[11,-10],[15,-14],[6,-5],[0,-1],[64,-38],[74,-3],[84,4],[35,2],[190,-2],[6,-2],[44,-4],[88,-13],[28,-3],[18,-3],[20,-4],[58,-10],[31,-5],[24,-7],[14,0],[16,-3],[16,-2],[12,0],[19,-1],[6,-1],[38,-1],[21,-1],[10,-1],[3,0],[3,2],[4,5],[11,7],[3,1],[3,0],[11,-1],[1,0],[18,-3],[3,0],[7,-1],[9,-8],[1,-1],[29,2],[29,1],[14,-1],[8,-1],[26,-8],[14,-4],[8,-2],[8,-3],[15,-2],[26,-1],[17,-3],[25,-5],[7,-2],[17,-1],[12,0],[12,-3],[13,-6],[18,-10],[10,-4],[22,0],[16,-12],[1,0],[1,-1],[12,-6],[31,-12],[10,-9],[11,-4],[11,-1],[4,-1],[2,0],[4,-4],[4,-3],[7,-3],[16,-2],[1,0],[6,-3],[10,-9],[3,-5],[2,-2],[7,-13],[1,-1],[1,-2],[3,-4],[4,-3],[13,-5],[10,-6],[42,-8],[1,0],[12,4],[5,4],[6,1],[2,1],[7,5],[0,1],[2,2],[7,2],[3,0],[17,-3],[14,-2],[5,-2],[17,-7],[18,-8],[11,-7],[14,-10],[8,-7],[7,-11],[1,-3],[13,-19],[0,-1],[2,-11],[4,-20],[0,-5],[1,-1],[0,-1],[1,0],[0,-1],[2,-3],[1,-1],[2,-1],[1,-1],[2,0],[0,-1],[-1,0],[-1,-3],[0,-2],[2,-2],[18,-5],[1,-1],[11,-1],[21,-6],[7,-4],[18,-8],[16,-10],[1,-1],[14,-9],[5,-2],[21,-8],[16,-5],[3,-1],[7,-4],[1,-2],[4,-3],[0,-1],[5,-2],[7,-3],[30,-215],[3,-22],[32,-237],[0,-4],[1,-6],[21,-152],[7,-90],[6,-66],[-8,-7],[-18,-13],[-20,-11],[-12,-8],[-2,0],[-18,-18],[-3,-7],[0,-2],[-1,-5],[1,-6],[-24,-23],[-10,-2],[-7,-6],[-9,-11],[-1,0],[2,-4],[-58,-58],[-3,-4],[-2,-2],[-6,-5],[-19,-21],[-6,1],[-8,-6],[-5,0],[-10,-10],[5,-5],[-7,-9],[-10,-10],[-10,-11],[-17,-18],[-39,-42],[-10,-10],[-12,-4],[-31,0]],[[34045,80055],[-3016,-46],[-374,-6],[-374,-5],[-1717,-27],[-66,3],[-42,-4],[-125,-13],[-42,-5],[-383,-39],[-1,-1],[-553,-27],[-64,-6],[-522,-49],[-678,-56],[-401,-33]],[[18286,84227],[-6,1],[-10,2],[-7,2],[-4,2],[-1,1]],[[18258,84235],[177,132],[40,31],[148,114],[131,101],[142,107],[151,117],[69,56],[208,168],[72,58],[12,10],[100,80],[41,33],[28,23],[53,46],[27,22],[14,11],[21,17],[47,41],[68,57],[45,34],[37,30],[0,1],[8,6],[10,9],[12,8],[7,6],[39,32],[80,68],[31,28],[38,32],[0,1],[38,28],[7,6],[96,84],[35,30],[9,9],[31,25],[10,8]],[[28787,85096],[0,-1],[-13,-23],[-8,-12],[-18,-26],[-12,-8],[-18,-9],[-21,-13],[-9,-18],[-3,-9],[-5,-14],[-11,-18],[-11,-12],[-25,-16],[-26,-9],[-20,-113],[-12,-51],[-3,-12],[-15,-57],[-32,-64],[-1,-1],[-15,-31],[3,-23],[1,-8],[0,-5],[3,-22],[-1,-48],[-2,-13],[3,-23],[1,-9],[0,-11],[5,-56],[1,-6],[9,-42],[13,-57],[11,-57],[19,-56],[11,-45],[0,-1],[5,-17],[0,-1],[27,-43],[6,-2],[45,-16],[47,-9],[1,-63],[3,-5],[6,-18],[2,-5],[1,-3],[1,-4],[2,-3],[2,-10],[38,-79],[6,-25],[8,-36],[16,-67],[36,-40],[26,-29],[7,-17],[11,-26],[-10,-43],[-39,-45],[-31,-32],[-28,-24],[0,-1],[8,-30],[32,-42],[2,-25],[2,-26],[13,-17],[54,-51],[29,-25],[43,-27],[30,-19],[8,-5]],[[28995,83167],[-669,-34],[-81,-6],[-15,5],[-76,56],[-1,0],[-659,-3],[-659,-2],[-142,-1],[-165,0],[-1678,-7],[-1976,43],[-346,8],[-180,5],[-416,9],[-89,2],[-44,1],[-68,2],[-5,14],[0,1],[-5,15],[0,1],[-22,4],[-24,4],[-63,6],[-56,6],[-24,6],[-30,12],[-4,0],[-7,-14],[16,-11],[0,-1],[-5,-3],[-83,14],[-43,7],[-41,1],[-3,0],[-112,-4],[-6,0],[-121,4],[-4,2],[-1,0],[1,1],[88,0],[5,4],[-11,4],[-92,5],[-60,2],[-52,4],[-56,4],[-68,-6],[-31,-7],[-11,-4],[-55,-25],[-77,-16],[-6,-2],[-18,-9],[-13,-8],[-30,-28],[-21,-10],[-55,-18],[-27,-17],[-6,-3],[-17,-4],[-72,-13],[-25,-6],[-39,-12],[-34,-13],[-50,-12],[-73,-10],[-37,-2],[-36,0],[-18,1],[-44,6],[-137,13],[-97,4],[-75,6],[4,33],[5,53],[1,7],[0,29],[-1,9],[-1,25],[-39,101],[-1,2],[0,1],[-24,66],[-28,81],[-16,44],[-5,14],[-15,44],[-12,34],[-20,53],[-1,6],[-19,58],[-1,12],[-1,8],[0,18],[4,18],[8,25],[-11,2],[-20,2],[-20,4],[-210,58],[-385,106],[-386,107],[-86,24],[-172,45],[-1,0]],[[22735,85582],[-52,-24],[-154,-75],[-52,-25],[-74,-36],[-39,-20],[-26,-12],[-11,-6],[-31,13],[-55,15],[-32,19],[-27,21],[-34,14],[-13,4],[-53,16],[-44,12],[-72,19],[-22,8],[-6,2],[-51,12],[-51,4],[-29,0],[-35,1],[-78,1],[-9,0],[-50,9],[-35,5],[-24,1],[-9,1],[-26,0],[-38,-3],[-13,-1],[-16,-1],[-48,0],[-45,1],[-3,1],[-23,2],[-20,3],[-27,4],[-31,6],[-18,4],[-80,16],[-18,4],[0,1],[-1,0],[4,3],[11,12],[4,3],[15,15],[28,27],[18,18],[16,15],[51,51],[-9,1],[-15,2],[-47,8],[-44,8],[-1,0],[-11,2],[-73,11],[-294,42],[-41,7],[-1,0],[-43,7],[-127,20],[-43,6],[-15,1],[-25,5],[-24,6],[-62,15],[-31,7],[-21,5],[-18,4],[-1,0],[-4,1],[-13,3],[-4,1]],[[20340,85904],[15,14],[24,19],[46,40],[29,24],[36,34],[5,3],[39,33],[3,3],[11,7],[3,3],[4,3],[13,10],[5,4],[30,23],[94,69],[30,22],[10,8],[31,22],[8,7],[1,0],[1,1]],[[20778,86253],[4,3],[7,5],[66,45],[61,39],[13,8],[1,1],[37,24],[11,8],[1,1],[20,14],[61,43],[19,13],[1,1],[44,31],[86,60],[4,3],[40,27],[40,29],[3,2],[17,12],[53,36],[13,10],[4,3]],[[21384,86671],[40,17],[61,26],[1,1],[6,3],[16,10],[21,12],[8,4],[34,20],[43,21],[11,6],[112,55],[42,21],[17,9],[52,28],[17,8],[1,1],[18,9],[53,26],[17,9],[21,10],[28,14],[35,17],[22,10],[20,11],[44,22],[15,8],[20,11],[106,53],[7,4],[89,45],[27,13],[71,36],[3,1],[74,39],[41,22],[96,49],[250,135],[1,0]],[[25019,87402],[-3,-28],[-2,-17],[0,-4],[-3,-24],[-1,-1],[-13,-26],[-7,-11],[-1,-1],[-10,-9],[-21,-13],[1,-1],[34,-24],[14,-9],[85,-70],[26,-22],[7,-5],[3,-6],[2,-2],[1,-9],[29,-25],[45,-37],[29,-24],[1,-1],[111,-55],[7,-6],[1,0],[86,6],[48,2],[232,10],[169,8],[133,5],[60,3],[12,1],[161,5],[48,2],[8,0],[73,1],[84,0],[56,1],[19,0],[11,-9],[2,-2],[5,-3],[35,-29],[13,-12],[22,5],[22,6],[63,16],[25,6],[10,4],[2,1],[30,7],[44,11],[43,11],[133,33],[15,3],[29,8],[7,1],[21,5],[7,2],[32,8],[7,2],[1,0]],[[27122,87090],[29,-6],[86,-19],[29,-6],[38,17],[113,53],[37,17],[1,1],[153,71],[0,-1],[1,0],[119,-56],[1,0],[35,-18],[86,-40],[62,-29],[14,-2],[-1,0],[-2,-3],[1,0],[31,-15],[44,-20],[7,-4],[25,-14],[0,-1],[55,-30],[7,-4],[23,-13],[8,-4],[16,-10],[3,-2],[27,-15],[24,-13],[19,-9],[82,-6],[1,-1],[18,-36]],[[28314,86872],[1,0]],[[28315,86872],[295,-217],[0,-1],[187,-138],[484,-357],[378,-280],[380,-279],[9,-7]],[[30048,85593],[-1,0],[-1,-2],[-1,-4],[-6,-6],[-9,-8],[-56,-35],[-9,-5],[-5,-5],[-2,-3],[-16,-11],[-1,0],[-39,-29],[-22,-16],[-25,-10],[-8,-3],[-11,-3],[-11,-1],[-17,0],[-15,1],[-24,0],[-11,-2],[-9,-1],[-27,-9],[-46,-17],[-28,-8],[-11,-6],[-4,-2],[-48,-14],[-15,-3],[-22,-5],[-84,-15],[-52,-9],[-3,0],[-20,-4],[-11,-2],[-15,-2],[-6,-1],[-2,0],[-10,-1],[-9,-2],[-13,-2],[-23,-4],[-32,-6],[-21,-7],[-11,-2],[-8,-2],[-11,-1],[-6,-1],[-3,0],[-8,-1],[-7,-1],[-11,-4],[-7,-4],[-7,-5],[-5,-6],[-3,-5],[-1,-6],[-7,-7],[-8,-4],[-31,-16],[-14,-6],[-11,-4],[-14,-4],[-8,-3],[-7,-2],[-7,-3],[-16,-6],[-12,-5],[-12,-8],[-1,0],[-15,-10],[-5,-4],[-6,-3],[-15,-5],[-7,-3],[-6,-2],[-30,-30],[-6,-3],[-5,-2],[-10,-2],[-9,-1],[-6,-2],[-5,-1],[-10,-4],[-8,-2],[-4,-2],[-16,-10],[-9,-9],[-3,-5],[-2,-6],[-2,-4],[-4,-4],[-6,-3],[-6,-2],[-29,-10]],[[28787,85096],[-41,-7],[-20,-4],[-5,-2],[-7,-3],[-9,-6],[-12,-9],[-9,-13],[-11,-11],[-25,-21],[-1,-6],[-6,-11],[-4,-6],[-36,-5],[-10,-4],[-28,-16],[-5,-2],[-39,-7],[-4,-2],[-26,-19],[-3,-1],[-2,-2],[-9,-5],[-23,-9],[-36,-14],[-12,-1],[-62,-5],[-37,-6],[-38,-1],[-40,-6],[-5,0],[-42,7],[-38,3],[-566,47],[-395,33],[-170,14],[-1448,122],[-1268,106],[-88,7],[-1,1],[-92,7],[-390,33],[-209,17],[-159,15],[-1,0],[10,8],[1,7],[0,5],[1,7],[0,2],[-4,4],[3,6],[9,9],[4,11],[-1,3],[-1,4],[0,3],[-7,7],[-1,0],[0,1],[-10,8],[0,10],[-2,5],[-1,1],[-4,3],[-9,8],[-1,0],[-340,67],[-37,5],[-15,2],[-8,1],[-41,12],[-50,7],[-21,7],[-21,12],[-5,3],[-2,2],[-4,3],[-12,7],[-9,6],[-13,9],[-29,23]],[[22735,85582],[13,10],[23,13],[5,2],[80,36],[41,18],[42,19],[26,11],[23,11],[54,25],[24,12],[1,0],[-13,4],[-35,8],[-148,32],[-49,11],[159,103],[30,32],[159,172],[-420,223],[-64,35],[-14,7],[-14,8],[-129,68],[0,1],[-39,-12],[-5,-1],[-31,-6],[-31,0],[-35,-4],[-13,-1],[-13,1],[-17,1],[-10,3],[-2,2],[6,6],[-5,1],[-52,17],[-16,4],[-31,3],[-26,5],[-16,-1],[-14,2],[-31,12],[-19,11],[-3,1],[-1,1],[1,2],[0,4],[6,3],[7,7],[0,3],[-3,3],[-1,2],[-1,0],[-41,12],[-27,7],[-58,5],[-17,-2],[-57,-8],[-30,-13],[-9,-2],[-36,-2],[-27,-6],[-13,-5],[-14,-9],[-8,-8],[-34,-13],[-22,-19],[-9,-14],[-6,-10],[-16,-10],[-10,-2],[-27,-4],[-77,-7],[-14,-4],[-2,-4],[-3,-8],[3,-16],[0,-17],[-6,-11],[-27,-6],[-18,-5],[-31,0],[-44,-10],[-21,-7],[-22,-2],[-16,0],[-98,4],[-29,-2],[-25,3],[-6,2],[-14,6],[-20,6],[-6,-1],[-13,-3],[-8,-3],[-4,-1],[-48,0],[-75,-7],[-50,-2],[-14,-7],[-11,-12],[-20,-11],[-16,-5],[-18,-5],[-54,-6],[-21,-3],[-30,-6],[-1,0],[-11,-8],[-25,2]],[[26583,88181],[5,-27],[12,-56],[12,-82]],[[26612,88016],[-24,-1],[-17,-1],[-21,0],[-58,-3],[-27,-1],[-15,-1],[-12,0],[-25,-1],[-27,-1],[-52,-2],[-35,-1],[-36,8],[-47,11],[-24,6],[-71,-44],[-24,-14],[-38,-23],[-12,-7],[1,0],[6,-2],[19,-8],[21,-8],[38,-16],[21,-8],[19,-8],[23,-10],[23,-9],[8,-3],[0,-36],[-25,-13],[-24,-12],[-26,-14],[-8,-4],[-75,1],[-17,-19],[-33,-28],[-40,-11],[-28,-7],[-7,-2],[-171,-45],[-31,-8]],[[22452,90820],[1,-2],[3,-8],[5,-18],[4,-12],[0,-1],[2,-10],[1,-1],[3,-8],[6,-14],[0,-1],[3,-9],[3,-8],[2,-6]],[[22485,90722],[-24,-1]],[[22461,90721],[-13,-3],[-41,-8],[-13,-2],[-1,0],[-73,-15],[-140,-34],[-62,-19],[-183,-84],[-6,-3],[-42,-28],[-339,-224],[-152,-131],[-116,-101],[-125,-107],[-49,-42],[-2,-3],[-23,-28],[-61,-66],[-3,-4],[-14,-11],[-18,-15],[-11,-5],[-30,-13],[-78,-10],[-17,-2],[-2,-1],[-1,0],[-107,-14],[-30,-5],[-30,-16],[-22,-38],[-14,-35],[6,-15],[4,-12],[5,-13],[1,-33],[19,-15],[1,-1],[16,-12]],[[23006,89935],[167,18],[151,18],[58,5],[241,24],[152,13],[12,1],[11,1],[7,1],[189,14],[136,10],[262,16],[95,2],[95,-2],[166,-10],[180,-23],[157,-32],[70,-17],[49,-14],[41,-15],[237,-94],[24,0],[9,1],[13,3],[5,1],[14,3],[11,-5],[57,-25],[57,-26],[119,-44],[3,-1],[58,-19],[17,-5],[49,-16],[15,-5],[26,-5],[24,-4],[93,-21],[22,-4],[22,-5],[56,-8],[19,-2],[74,-7],[76,-3],[32,-1],[1,0]],[[26378,89653],[-14,-13],[-25,-16],[-5,-3],[-10,-7]],[[26324,89614],[-12,-8],[-98,-63],[-35,-20],[-77,-49]],[[24673,88550],[3,-2],[1,-1],[5,-4],[3,-3],[3,-2],[1,0],[6,-6],[2,-1],[15,-12],[37,-31],[7,-6],[5,-4],[10,-9],[9,-7],[4,-3],[21,-18],[5,-4],[3,-3],[3,-2],[22,-19],[39,-33],[5,-5],[22,-17],[9,-8],[3,-3],[23,-18],[23,-19],[3,-3],[7,-6],[22,-18],[35,-30],[12,-8],[33,-28],[7,-7],[27,-21],[1,0],[11,-10],[28,-23],[1,0],[3,-3],[4,-3],[10,-8],[2,-2],[30,-25],[4,-4],[1,0],[7,-5],[51,-41],[45,-38],[3,-4],[33,-25],[35,-28],[33,-28],[14,-10],[31,-27],[27,-22],[35,-29],[5,-4],[14,-10],[3,-3],[4,-2],[33,-28],[0,-1],[18,-14],[17,-14],[6,-6],[18,-15],[41,-34],[7,-5],[12,-9],[17,-13],[1,0],[0,-1],[5,-4],[8,-7],[8,-8],[2,-1],[5,-4]],[[25741,87671],[6,-4],[37,-30],[126,-105],[37,-31],[5,-3],[17,-14],[1,0],[0,-1],[3,-2],[11,-8],[25,-21],[13,-11],[2,-1],[1,0],[16,-13],[15,-11],[3,-2],[2,-2],[1,0],[4,-4],[33,-26],[12,-10],[2,-2]],[[26113,87370],[-18,0],[-22,3],[-35,1],[-12,0],[-10,1],[-77,1],[-74,3],[-30,0],[-28,1],[-33,0],[-12,2],[-200,5],[-1,0],[-214,6],[-92,3],[-128,3],[-108,3]],[[25019,87402],[-150,4],[-182,4],[-267,7],[-22,0],[-26,3],[-1,0],[-28,2],[-73,2],[-69,1],[-3,0],[-157,5],[-59,1],[-73,2],[-33,1],[-6,0],[-23,-2],[-95,3],[-5,0],[-31,3],[-4,0],[-2,-1],[-27,-2],[-21,1],[-27,0],[-37,1],[-88,2],[-50,2],[-39,1],[-180,5],[-60,2],[-203,8],[-54,0]],[[25753,89245],[1,-1],[8,-1],[18,-4],[4,-2],[9,-2],[48,-10],[3,-1],[126,-28],[30,-3],[53,-7],[8,0],[25,-2],[8,0],[6,-1],[4,0],[28,1],[9,0],[50,-2],[58,2],[90,6],[49,3]],[[26388,89193],[0,-1],[3,-11],[60,-279],[1,-1],[34,-182],[62,-334],[1,-3],[8,-50],[26,-151]],[[26583,88181],[-22,-1],[-17,0],[-51,-3],[-18,0],[-24,-2],[-71,-3],[-3,0],[-21,-1],[-43,0],[-21,1],[-67,9],[-32,4],[-1,0],[-12,1],[-11,1],[-65,8],[-4,0],[-24,3],[-62,9],[-10,1],[-35,2],[-10,1],[-1,0],[-20,2],[-14,3],[-8,1],[-15,4],[-16,7],[-9,6],[-2,1],[-1,0],[0,1],[-1,3],[-3,5],[-1,4],[0,1],[-2,5],[3,9],[0,1],[5,15],[1,1],[-26,3],[-58,9],[-17,2],[-25,4],[-1,0],[15,13],[21,27],[2,4],[80,137],[2,1],[2,5],[5,4],[4,5],[9,6],[21,9],[15,5],[1,0],[-5,5],[-2,4],[-7,6],[-3,6],[-1,8],[3,5],[0,1],[8,10],[7,14],[4,15],[0,12],[-1,11],[0,1],[-1,0],[0,1],[-1,2],[-4,10],[-6,8],[-3,3],[0,1],[-16,13],[-20,16],[-16,13],[-3,2],[-10,8],[-39,30],[-14,10],[-21,16],[-3,3],[-4,3],[-17,13],[-37,30],[-19,16],[-1,1],[-23,18],[-63,52],[-5,4],[-22,18],[-1,1],[-26,19],[-2,2],[-22,18],[-2,1],[-1,0],[-25,15],[-40,16],[-11,4],[-20,6],[-9,2],[-13,1],[-1,0],[-7,2],[-23,7],[-3,0],[-2,3]],[[24673,88550],[-2,-1],[-5,-3],[-2,-1]],[[24167,88970],[12,2],[9,2],[8,3],[12,4],[2,1],[9,4],[1,0],[42,28],[127,82],[27,19],[14,8],[1,1],[3,2],[13,8],[4,2],[1,1],[12,8],[36,23],[2,1],[10,10],[19,12],[39,28],[2,0],[169,112],[8,5],[61,39],[18,12],[57,35],[17,11],[33,-10],[41,-14],[28,-10],[25,-11],[30,-12],[16,8],[22,13],[21,10],[5,2],[12,4],[4,3],[19,6],[4,1],[23,9],[13,6],[14,5],[18,6],[1,0],[16,-7],[19,-7],[8,-3],[23,-4],[42,0],[35,2],[15,2],[41,5],[1,0],[-6,9],[0,1],[-2,3],[0,1],[-14,26],[-3,5],[-2,4],[-1,1],[26,3],[39,9],[30,11],[8,3],[13,6],[12,6],[4,4],[10,7],[12,9],[15,18],[4,3],[3,10],[1,0],[46,-6],[54,-5],[85,-10],[47,-5],[11,0],[13,-3],[25,-3],[12,-3],[26,-5],[9,-3],[12,-5],[11,-2],[1,0],[26,-9],[6,-2],[20,-7],[84,-24],[15,-5],[19,-5]],[[26102,89474],[-69,-46],[-43,-29],[-57,-40],[-84,-52],[-1,-1],[-24,-16],[-64,-41],[-7,-4]],[[25753,89245],[0,-1],[-35,-23],[-88,-58],[-19,-13],[-35,-22],[-1,-1],[-1,0],[-12,-8],[-20,-11],[-20,-14],[-14,-8],[-13,-8],[-41,-26],[-13,-7],[0,-1],[-1,-1],[-13,-8],[-43,-26],[-12,-9]],[[25372,89000],[-1,0],[-11,-7],[-14,-8],[-14,-10],[-7,-4],[-11,-7],[-5,-4],[-9,-6],[-31,-20],[-11,-7],[-14,-9],[-13,-9],[-35,-23],[-5,-2],[-14,-9],[-13,-9],[-20,-12],[-20,-13],[-14,-8],[-1,0],[-63,-42],[-1,-1],[-12,-8],[-40,-24],[-14,-9],[-14,-11],[-5,-3],[-42,-30],[-1,0],[-60,-37],[-184,-118]],[[20704,87377],[-25,-1],[-18,-1],[-6,0],[-118,-6],[-5,-1],[-43,-1],[-15,-1],[-45,-2],[-14,-1],[-68,-4],[-90,-5],[-3,0],[-112,-6],[-13,-1],[-18,-1],[-38,-1],[-59,-3],[-56,-3],[-35,-2],[-59,-3],[-26,-2],[-42,-2],[-16,-1]],[[19780,87329],[-1,0]],[[19779,87329],[-16,-1],[-112,-6],[-167,-9],[-219,-9],[-15,-1],[-114,-6],[-30,0],[-38,-2],[-41,-3],[-81,-3],[-84,-4],[-68,-3],[-33,-2],[-103,-4],[-33,-2]],[[19415,88861],[28,8],[92,14],[63,7],[20,-2],[84,-15],[70,-9],[45,3],[8,0],[20,9],[23,16],[34,40],[2,11],[5,17],[-7,70],[-2,15],[28,38],[40,19],[61,3],[51,-9],[55,-19],[43,-14],[43,-2],[43,4],[115,27],[59,16],[52,20],[111,64],[51,23],[12,6],[68,19],[86,27],[59,49],[-1,71],[0,1],[-30,40],[-16,21],[-1,1],[-29,23],[-63,49],[-13,10],[-28,21],[-1,0]],[[20695,89553],[12,2],[12,3],[16,3],[34,6],[87,14],[41,6],[32,8],[227,41],[77,14],[85,16],[74,12],[445,78],[96,23],[6,2],[232,39],[23,2],[20,6],[230,40],[71,11],[322,45],[161,21],[1,0]],[[22999,89945],[3,-5],[3,-4],[1,-1]],[[23006,89935],[2,-2],[5,-6],[1,-1],[0,-1],[6,-8],[1,0],[2,-3],[5,-5],[9,-12],[2,-3],[1,-1],[5,-6],[15,-14],[5,-5],[0,-1],[4,-5],[12,-11],[25,-27],[11,-9],[4,-4],[5,-4],[24,-19],[6,-4],[17,-12],[5,-5],[19,-14],[10,-7],[1,-1],[17,-13],[26,-19],[63,-46],[121,-96],[11,-8],[18,-13],[1,-1],[21,-13],[52,-39],[1,-1],[1,0],[2,-3],[3,-2],[2,-2],[6,2],[8,5],[33,-24],[94,-71],[12,-10],[19,-14],[4,-4],[14,-12],[5,-4],[30,0],[8,-1],[7,-2],[7,-3],[4,-3],[2,-3],[6,-11],[6,-6],[7,-4],[-1,0],[-16,-2],[-18,0],[1,-1],[6,-4],[17,-16],[5,-5],[17,-16],[5,-5],[6,-4],[4,-4],[0,-1],[7,-6],[4,-4],[27,-23],[20,-19],[21,-20],[25,-24],[3,-2],[0,-1],[21,-17],[35,-35],[61,-59],[14,-13],[17,-16],[15,-14],[1,-1],[35,-27],[16,-15]],[[24167,88970],[-6,-1],[-10,-4],[15,-13],[39,-35],[14,-12],[3,-3],[0,-1],[25,-18],[23,-19],[44,-33],[13,-11],[4,-3],[6,-5],[18,-14],[24,-21],[11,-9],[1,0],[20,-18],[9,-7],[56,-45],[34,-26],[14,-13],[4,-3],[7,-4],[16,-14],[1,-2],[2,-3],[11,-7],[5,-4],[1,0],[1,-2],[4,-3],[5,-4],[4,-3],[22,-16],[10,-8],[29,-23],[9,-8],[1,0],[1,-2],[1,-3],[4,-3],[1,0],[0,-1],[1,-1]],[[24664,88545],[-52,-33],[-67,-42],[-92,-58],[-51,-31],[-3,-1],[-227,-141],[-44,-27],[-49,-31],[-28,-17],[-48,-30],[-54,-36],[-128,-82],[-9,-5],[-187,-117],[-185,-114],[-109,-70],[-11,-6],[-28,-17],[-41,-25],[-123,-77],[-44,-27],[-35,-22],[-1,0],[-10,-8],[-79,-50],[-21,-12],[0,-1],[-14,-8]],[[22924,87457],[-140,2],[-1,0],[-87,3],[-51,1],[-12,0],[-87,4],[-99,0],[-62,-1],[-18,0],[-115,-5],[-130,-7],[-574,-30],[-137,-6],[-18,0],[-40,-3],[-29,-1],[-23,-1],[-65,-4],[-239,-16],[-121,-7],[-172,-9]],[[19415,88861],[1,0],[1,-1],[8,0],[193,-68],[73,-33],[41,-26],[22,-21],[5,-4],[26,-30],[8,-9],[0,-1],[1,-2],[3,-5],[11,-19],[14,-22],[22,-60],[6,-14],[1,-4],[4,-10],[1,-1],[0,-1],[1,-3],[17,-30],[8,-9],[17,-20],[1,-2],[1,0],[39,-35],[30,-21],[3,-3],[6,-4],[13,-9],[9,-5],[41,-23],[3,-1],[124,-55],[22,-8],[53,-18],[-43,-27],[-33,-21],[-25,-15],[-206,-124],[-44,-27],[-35,-20],[-48,-30],[-2,0],[-70,-43],[-83,-48],[-18,-11],[-33,-18],[0,-1],[-1,0],[-33,-22],[-156,-91],[-34,-20],[-13,-9],[-1,-1],[-9,-6],[-30,-17],[-8,-4],[-15,-6],[0,-1],[-47,-27],[-44,-26],[-108,-61],[-167,-99],[-81,-47],[-11,-6],[-38,-23],[-16,-9],[-36,-22],[-18,-8],[-3,-2],[-96,-57],[-7,-9],[-5,-7],[-3,-8],[0,-15],[2,-7],[1,-2],[-1,-2],[0,-5],[-1,-4],[0,-2]],[[18625,87274],[-22,0],[-52,-3],[-109,-5],[-68,-3],[-36,-1],[-9,0],[-65,-2],[-9,0]],[[18049,87519],[99,-66],[16,-14],[15,-14],[0,-1],[3,-4],[1,-1],[6,-10],[3,-9],[1,-5],[1,-2],[0,-1],[-1,-11],[0,-6],[-1,-4],[-2,-12],[2,-12],[1,-3],[1,-2],[7,-12],[17,-27],[12,-15],[18,-21],[5,-5],[0,-1],[2,-1]],[[14534,89579],[1,0],[15,-15],[27,-25],[3,-3],[3,-1],[18,-10],[25,-10],[29,-8],[30,-6],[33,-3],[69,-4],[36,-4],[16,-3],[14,-3],[51,-13],[10,-4],[7,-3],[1,-1],[6,-3],[12,-5]],[[19415,88861],[-2,0],[-85,-24],[-37,-14],[-8,-9],[-2,-15],[1,-1],[29,-19],[67,-24],[100,-25],[11,-4],[121,-41],[54,-22],[7,-9],[7,-8],[1,0],[2,-15],[0,-4],[-24,-28],[-63,-50],[-44,-29],[-47,-20],[-65,-18],[-44,-23],[-36,-30],[-39,-27],[-48,-20],[-42,-5],[-46,1],[-35,8],[-34,13],[-39,24],[-3,2],[-4,6],[-8,11],[14,22],[41,16],[44,14],[7,7],[12,13],[0,21],[-3,3],[-10,11],[-10,10],[-20,9],[-42,10],[-42,8],[-50,7],[-51,0],[-50,-4],[-33,-6],[-14,-6],[-3,-2],[-10,-9],[-2,-15],[7,-9],[2,-4],[5,-5],[0,-1],[16,-13],[2,-2],[1,-5],[0,-3],[1,-8],[0,-4],[-14,-20],[-16,-7],[-53,-9],[-61,0],[-47,-2],[-44,-8],[-38,-18],[-47,-19],[-16,-16],[0,-1],[-1,-9],[0,-2],[-2,-10],[6,-10],[0,-1],[7,-16],[13,-10],[22,-10],[25,-3],[24,-2],[58,8],[43,6],[28,1],[26,-1],[28,-6],[14,-6],[15,-6],[30,-14],[22,-18],[12,-36],[13,-33],[23,-36],[0,-1],[4,-17],[13,-58],[0,-12],[-19,-10],[-6,-4],[-2,0],[-35,-4],[-38,3],[-28,6],[-29,5],[-40,-2],[-41,-8],[-36,-16],[-10,-15],[0,-21],[17,-26],[12,-19],[0,-1],[-1,-3],[-3,-18],[-3,-5],[-21,-12],[-2,-2],[-32,-3],[-78,7],[-15,2],[-21,5],[-6,2],[-19,26],[-26,12],[-41,11],[-53,2],[-56,0],[-36,-7],[-35,-16],[-1,0],[-33,-30],[-15,-48],[-20,-44],[-25,-20],[-48,-22],[-56,-24],[-18,-13],[-1,-1],[-1,-8],[-12,-44],[0,-1],[3,-13],[0,-1],[20,-17],[54,-35],[26,-3],[144,-14],[18,-2],[12,-8],[0,-1],[6,-7],[12,-16],[0,-4],[-2,-23],[-3,-6],[-7,-12],[-21,-6],[-26,0],[-63,12],[-30,2],[-26,-5],[-64,-36],[-30,-15]],[[13324,88907],[16,6],[38,10],[90,23],[40,12],[49,15],[38,11],[120,36],[74,23],[15,4],[11,4],[1,1],[12,2],[181,54],[43,13],[131,39],[35,11],[15,4],[1,1],[59,18],[10,3],[204,68],[40,14],[25,11],[76,31],[18,9],[102,46],[99,45],[73,33],[0,1]],[[14940,89455],[1,-1],[182,-68],[51,-19],[17,-7],[93,-34],[85,-27],[101,-27],[18,-4],[1,0],[85,-21],[32,-6],[108,-21],[77,-11],[96,-13],[59,-6],[65,-8],[60,-7],[148,-16],[12,-2],[1,0],[79,-9],[86,-9],[114,-9],[32,-1],[43,-4],[40,-2],[52,-3],[30,0],[102,-10],[83,-9],[1,0],[58,-7],[161,-15],[102,-9],[22,-2],[22,-3],[49,-6],[39,-3],[50,-3],[161,-7],[25,1],[13,5],[2,0],[35,-2],[49,-2],[12,-1],[73,-4],[25,-1],[26,0],[35,-3],[19,-2],[18,0],[32,-1],[16,-1],[308,0],[56,-1],[19,0],[93,-2],[234,-3],[26,-1],[18,-1],[20,-3],[71,-9],[60,-12],[32,-7],[277,-60],[1,0],[92,-21],[36,-9],[10,-2],[90,-32],[15,-5],[5,-2],[5,-1],[9,-3]],[[16888,85051],[-20,48],[-1,1],[-3,7],[0,2],[-9,35],[-1,7],[-2,4],[-7,32],[-8,94],[0,1],[4,44],[1,12],[3,35],[1,9],[0,3],[1,0]],[[19283,86166],[1,-1],[20,-5],[1,-1],[9,-11],[29,-32],[38,-39],[39,-40],[34,-24],[-74,-31],[-147,-65],[-64,-30],[-13,-5],[-11,-6],[-80,-35],[-71,-32],[-14,-6],[-105,-48],[-71,-32],[-45,-21],[-32,-15],[-85,-39],[-69,-32],[-31,-13],[-34,-15],[-1,0],[-8,-3],[-48,-21],[-81,-33],[-43,-17],[-64,-23],[-196,-69],[-345,-111],[-120,-38],[-75,-22],[-148,-46],[-75,-24],[-244,-77],[-100,-30],[-37,-12],[-35,-11]],[[19145,86719],[13,-12],[19,-16],[57,-46],[23,-16],[20,-14],[4,-3],[11,-9],[9,-7],[0,-1],[3,-3],[6,-7],[1,-2],[1,0],[21,-18],[18,-18],[1,0],[0,-1],[10,-6],[15,-12],[13,-12],[5,-5],[2,-3],[4,-4],[1,-4],[3,-6],[21,-24],[10,-11],[15,-19],[4,-4],[19,-24],[12,-14],[7,-9],[12,-13],[12,-15],[42,-51],[18,-22],[6,-8],[1,-2],[2,-2],[19,-22],[3,-5],[6,-9],[1,0],[0,-1],[2,-1],[1,-3],[0,-1],[1,-2],[3,-4]],[[19622,86228],[-73,-10],[-23,-3],[-47,-6],[-144,-20],[-7,-1],[-73,-12]],[[16936,87149],[-2,2],[-1,2],[-3,4],[-1,1],[0,1],[-16,24],[-9,14],[-2,2],[-4,6],[-20,28],[-40,48],[-30,31],[-1,2],[-37,37],[-16,20],[-3,4],[-2,2],[-17,22],[-43,46],[-7,7],[-10,14],[-2,2],[-1,0],[0,1],[28,0],[6,1],[3,0],[73,-2],[197,-18],[31,-2],[21,-2],[41,-2],[14,-2],[11,-2],[84,-14],[44,-4],[30,-2],[24,0],[6,1],[28,6],[47,19],[81,28],[75,10],[58,2],[55,-2],[80,-8],[49,-6],[50,0],[57,6],[27,3],[80,14],[37,7],[43,19]],[[18049,87519],[0,-4],[9,-47],[23,-114],[8,-40],[3,-13],[7,-38],[-1,-1],[-5,-6],[-2,-2],[2,0],[10,1],[21,1],[98,3],[32,1],[1,0]],[[18255,87260],[0,-1],[2,-2],[6,-7],[4,-3],[7,-7],[40,-20],[4,-3],[22,-10],[1,-1],[32,-17],[19,-10],[70,-37],[73,-39],[17,-9],[43,-24],[11,-5],[3,-1],[5,-3],[2,-1],[2,0],[3,-2],[2,0],[5,-3],[14,-6],[4,-1],[4,-3],[12,-6],[1,0],[25,-9],[15,-7],[14,-5],[18,-9],[11,-4],[48,-18],[38,-20],[1,-1],[7,-5],[18,-11],[14,-9],[36,-28],[6,-4],[0,-1],[2,-3],[2,-2],[0,-1],[1,0],[11,-10],[28,-22],[8,-7],[10,-6],[4,-3],[10,-9],[7,-4],[14,-12],[3,-2],[9,-8],[5,-4],[6,-5],[22,-18],[30,-24],[10,-6],[26,-21],[3,-3],[6,-5],[7,-5],[4,-5],[3,-4]],[[14534,89579],[-171,-32],[-507,-98],[-7,-1],[-97,-19],[-26,-4],[-49,-7],[-12,-1],[-145,-25],[-132,-23],[-336,-58],[-147,-25],[-8,-3],[-12,-2],[-33,-6],[-138,-21],[-11,-2],[-35,-6]],[[14288,85940],[3,0],[5,4],[12,85],[1,4],[-2,10],[-3,29],[0,1],[-22,22],[-22,5],[-37,-4],[-57,-17],[-24,-7],[-25,-2],[-14,5],[-17,39],[-10,8],[-11,2],[-14,-1],[-47,-1],[-9,5],[0,1],[-2,7],[0,2],[4,22],[-7,17],[-3,2],[-22,16],[-1,1],[-3,5],[-9,13],[7,41],[0,1],[29,27],[26,19],[12,3],[25,6],[63,4],[38,4],[29,18],[6,13],[-7,12],[-2,5],[-5,11],[0,1],[-1,12],[-1,25],[49,35],[11,8],[78,33],[10,5],[119,42],[27,7],[52,14],[54,0],[57,7],[48,9],[54,-3]],[[16395,86045],[-61,7],[-85,2],[-63,0],[-56,-5],[-90,-20],[-116,-33],[-93,-27],[-150,-43],[-170,-49]],[[15511,85877],[-1,0],[-26,-7],[-13,-3],[-18,-5],[-47,-12],[-26,-7],[-1,0],[-34,-6],[-103,-8],[-187,-11],[-94,-9],[-106,-18],[-355,-71],[0,-1],[1,0],[8,-11],[2,-2],[4,-6],[8,-8],[7,-9],[-1,0],[-57,19],[-2,3],[0,4],[-4,28],[-7,7],[-25,0],[-20,2],[-1,0],[1,1],[2,12],[9,9],[8,9],[11,16],[-2,11],[0,1],[-20,5],[-59,14],[-17,9],[-8,6],[-19,0],[-16,3],[-9,5],[-1,0],[-1,5],[-3,7],[-1,3],[0,3],[-2,10],[3,6],[0,2],[3,12],[3,11],[3,8],[-6,15],[-1,5],[-2,5],[0,1]],[[11596,88424],[15,5],[46,13],[15,5],[93,29],[39,12],[39,13],[53,15],[26,8],[69,20],[10,3],[25,7],[103,28],[73,20],[234,64],[103,28],[5,2],[17,5],[6,1],[60,17],[74,21],[52,14],[2,1],[55,14],[61,17],[32,8],[21,6],[29,9],[45,13],[32,9],[68,19],[134,35],[92,22]],[[13324,88907],[1,0],[2,-2],[21,-17],[12,-10],[4,-4],[4,-3],[4,-4],[2,-3],[29,-36],[5,-7],[16,-23],[18,-19],[3,-8],[6,-10],[0,-1],[1,0],[2,-3],[2,-2],[7,-16],[7,-15],[7,-9],[3,-4],[3,-6],[16,-28],[0,-1],[13,-26],[3,-4],[2,-6],[6,-12],[15,-36],[2,-9],[3,-9],[2,-39],[0,-147],[1,-1],[0,-2],[1,-6],[0,-5],[3,-14],[5,-10],[1,-1],[0,-1],[22,-22],[6,-7],[2,-3],[5,-8],[1,-3],[5,-9],[0,-13],[-1,-13],[0,-1],[-1,-2],[-10,-16],[-21,-24],[-13,-14],[-6,-6],[-16,-19],[-6,-6]],[[15774,87017],[1,0],[9,-3],[5,-2],[87,-22],[8,-2],[47,-8],[14,-1],[67,-7],[50,-3],[66,1],[61,2],[63,7],[55,9],[63,14],[60,16],[45,13],[165,48],[1,0],[0,-2],[3,-3],[1,-3],[2,-2],[5,2],[10,2],[16,4],[42,10],[7,2],[17,4],[27,8],[22,6],[8,4],[13,3],[40,12],[14,3],[11,4],[2,1],[41,11],[14,4]],[[16936,87149],[1,-1],[9,-18],[12,-23],[6,-11],[13,-25],[4,-9],[32,-65],[8,-17],[16,-42],[10,-27],[11,-26],[6,-15],[6,-14],[31,-70],[2,-8],[4,-8],[10,-28],[1,-1],[0,-1],[37,-77],[2,-5],[1,-3],[67,-155],[16,-42],[11,-30],[13,-35],[1,-1],[19,-42],[2,-3],[2,-4]],[[16405,86071],[13,36],[3,6],[4,11],[12,30],[35,90],[15,39],[21,53],[-34,4],[-27,-2],[-13,-3],[-16,-3],[-55,-9],[-150,-15],[-73,-7],[-1,0],[-65,-5],[-1,0],[-19,-1],[-38,-4],[-18,-2],[-18,0],[-6,-1],[-4,0],[-5,1],[-23,3],[-8,1],[-4,1],[-3,1],[-13,2],[-8,2],[-18,6],[-1,0],[-36,9],[-13,3],[-16,5],[-51,14],[-17,4],[-12,3],[-34,10],[-12,3],[-30,8],[-91,23],[-30,8],[-29,7],[-5,1],[-32,5],[-26,1],[-28,-1],[-21,-3],[-8,-1],[-26,-6],[0,-1],[2,-1],[-1,0],[-29,-8],[-88,-24],[-30,-8],[-16,-5],[-50,-13],[-17,-5],[-18,-5],[-56,-15],[-18,-5],[-11,-3],[-13,-4],[-22,-6],[-11,-4],[-32,27],[-70,56],[-2,5],[0,10],[40,40],[5,4],[22,18],[57,27],[5,10],[-2,8],[-12,22],[0,9],[29,39],[14,14],[10,13],[2,3]],[[15058,86596],[1,1],[1,0],[-17,-2],[-19,-2],[-15,0]],[[16054,85115],[1,5],[2,6],[1,6],[1,3],[1,1],[0,1],[1,2],[24,66],[13,31],[6,15],[2,10],[7,14],[1,3],[12,40],[6,14]],[[16132,85332],[8,7],[6,21],[1,0],[6,22],[3,8],[5,15],[4,14],[15,43],[5,14],[5,13],[21,56],[1,4],[4,9],[1,19],[3,18],[1,5],[5,15],[12,31],[19,48],[19,49],[4,12],[15,36],[12,33],[0,1],[8,18],[0,1],[8,22],[2,3],[2,7],[3,9],[0,1],[2,5],[21,49],[26,61],[5,13],[11,30],[0,1]],[[16395,86045],[2,5],[6,16],[2,4],[0,1]],[[16405,86071],[1,0],[126,-24],[381,-70],[127,-23],[34,-8],[101,-24],[34,-8],[26,35],[17,24],[40,85],[1,3],[1,1],[6,24],[3,9],[13,50],[0,1],[2,61],[-1,10],[-1,16],[-4,36],[-7,22],[-2,8],[-5,19],[-5,17],[-2,4],[-2,3],[0,1]],[[17289,86343],[30,18],[1,0],[0,1],[246,171],[24,17],[68,45],[13,-6],[13,-13],[10,-11],[18,-16],[39,-34],[36,-31],[12,-13],[31,-32],[55,-46],[11,-9],[16,-15],[19,-14],[12,-8],[19,-10],[21,-10],[21,-9],[41,-14],[26,-5],[105,-19],[98,-18],[12,-1],[29,-5],[25,-3],[12,-2],[31,-3],[33,-2],[35,-3],[38,-4],[17,-1],[56,-5],[39,-3],[116,-10],[40,-2],[100,-8],[299,-24],[70,-5],[29,-5]],[[19255,86176],[7,-6],[21,-4]],[[19283,86166],[-1,0],[-1,-1],[-68,-15],[-20,-4],[-41,-10],[-94,-32],[-99,-28],[-61,-20],[-89,-30],[-151,-50],[-111,-35],[-30,-10],[-106,-34],[-22,-7],[-109,-34],[-143,-47],[-31,-9],[-9,-3],[-105,-33],[-1,0],[-76,-25],[-83,-26],[-136,-45],[-9,-3],[-75,-26],[-1,0],[-8,-4],[-39,-13],[-145,-48],[-26,-8],[-23,-6],[-57,-18],[-29,-10],[-140,-47],[-56,-19],[-3,0],[-8,-3],[-171,-57],[-5,-2],[-15,-5],[-4,-1],[0,-1],[-7,-2],[-13,-4],[-8,-3],[-7,-3]],[[16847,85385],[-19,-6],[-52,-18],[-18,-6],[-8,-2],[-25,-9],[-9,-3],[-14,-4],[-41,-15],[-15,-5],[-37,-13],[-110,-40],[-36,-13],[-37,-13],[-88,-30],[-23,-7],[-37,-11],[-1,0],[-7,-2],[-23,-8],[-7,-3],[-2,0],[-27,-12],[-6,-2],[-55,-19],[-58,-17],[-38,-12]],[[21739,91401],[2,0],[2,-2],[87,-47],[18,-11],[103,-59],[1,0],[8,-5],[1,0],[4,-2],[1,-1],[29,-16]],[[21995,91258],[12,3],[1,0]],[[22008,91261],[1,0],[46,-27],[20,-9],[30,-18],[16,-10],[17,-9],[1,-1],[7,-3],[72,-32],[9,-5],[10,-4],[50,-25],[18,-10],[1,-1],[16,-11],[4,-2],[8,-7],[2,-2],[5,-4],[8,-7],[8,-8],[0,-1],[9,-9],[0,-2],[6,-9],[2,-2],[3,-4],[3,-6],[1,-3],[2,-5],[1,-5],[3,-6],[0,-1],[1,-4],[3,-9],[15,-41],[4,-14],[5,-13],[3,-10],[10,-31],[5,-14],[5,1],[16,1],[5,0],[0,-1],[4,-10],[9,-33],[0,-2],[-1,-10],[-1,-1],[-3,-1],[-11,-1],[-4,0]],[[22452,90820],[-3,0],[-9,-1],[-4,0],[-16,-1],[-1,-1],[-72,-4],[-150,-11],[-26,-1],[-7,0],[-110,-8],[-15,-1],[-36,-3],[-149,-10],[-50,-3],[-14,-1],[-31,-3],[-34,-3],[-76,-8],[-5,0],[-20,-2],[-44,-5],[-47,-5],[-16,-2],[-126,-14],[-47,-5],[-20,-2],[-9,-1],[-49,-6],[-20,-2],[-8,-1],[-25,-3],[-8,0],[-20,-2],[-60,-7],[-19,-2],[-26,-2],[-73,-9],[-24,-2],[-4,0],[-20,-3],[-69,-7],[-23,-2],[-277,-30],[-830,-88],[-277,-30]],[[19356,91108],[1,0],[51,1],[10,0],[57,1],[82,-5],[48,-3],[62,-4],[40,-4],[71,-6],[48,-3],[40,-4],[1,0],[59,-5],[177,-14],[23,-2],[36,-2],[1,0],[12,-1],[39,-4],[14,0],[3,-1],[13,-2],[10,0],[39,-3],[44,-3],[27,-1],[74,-7],[29,-3],[118,-9],[76,-7],[74,-6],[66,-5],[51,-4],[38,-3],[110,-9],[112,-9],[87,-7],[26,-2],[90,-8],[7,-1],[13,0],[6,-1],[104,-8],[22,-2],[66,-5],[22,-2],[19,-2],[27,-2],[31,-3],[18,-3],[1,11],[0,10],[-1,62],[0,1],[-1,20],[15,1],[12,0],[6,1],[16,1],[12,3],[14,5],[11,6],[7,6],[2,8],[-1,5],[-1,2],[-6,7],[-5,3],[-37,29],[-2,1],[0,1],[-12,7],[-11,7],[-3,1],[-39,25],[-2,1],[-13,9],[-1,0],[7,2],[20,7],[39,13],[26,10],[15,6],[11,4],[33,11],[11,4],[29,9],[17,5],[15,5],[25,8],[21,7],[7,2],[9,4],[2,1],[16,5],[1,1],[0,-1],[1,0],[6,-3],[2,0],[17,-9],[23,-11],[21,7],[10,3]],[[16546,92465],[26,8],[32,8],[9,3],[39,12],[27,8],[3,1],[4,1],[6,3],[3,1],[0,1],[14,3],[15,4],[85,25],[27,9],[11,3],[16,5],[77,24],[27,9],[23,7],[72,21],[23,8],[1,0],[8,2],[21,6],[1,0],[7,3],[7,1],[9,3],[33,10],[85,25],[60,19],[48,15],[15,4],[3,2],[42,13],[15,5],[13,2],[42,13],[63,19],[101,31],[53,17],[1,0],[37,11],[111,34],[37,11],[26,7],[21,5],[31,8],[36,7],[8,2],[20,1],[18,0],[33,-2],[7,0],[43,-2],[11,-1],[32,-2],[10,-1],[29,-2],[87,-7],[29,-2],[67,-5],[5,-1],[150,-11],[7,0],[38,-2],[66,-4],[24,-2],[9,0],[45,-4],[19,-1],[22,-2],[2,0]],[[16875,90144],[-1,0],[-53,-18],[-40,-14],[-70,-22],[-52,-16],[-55,-17],[-274,-86],[-121,-35],[-100,-28],[-195,-49],[-162,-37],[-13,-3],[-232,-46],[-29,-6],[-520,-107],[-2,0],[-422,-81]],[[14534,89579],[-4,4],[-7,9],[-8,11],[-2,2],[-20,27],[-5,3],[-20,16],[-12,10],[-47,25],[-54,22],[-91,35],[-76,40],[-37,28],[-23,17],[0,1],[-28,45],[0,1],[-4,6],[0,1],[-2,2],[0,1],[-73,-9],[-8,-1],[-86,-13],[-32,-8],[-23,-8],[-59,-45],[-2,-1],[-21,-11],[-47,-12],[-11,-4],[-13,-1],[-28,2],[-45,11],[-14,6],[-7,4],[-65,18],[-41,15],[-40,26],[-27,12],[-48,11],[-50,7],[-12,2],[-20,2],[-31,2],[-44,7],[-3,1],[-28,8],[-5,4],[0,1]],[[19213,91105],[0,-1],[1,-7],[43,0],[16,1],[82,2],[1,0],[38,-37],[0,-1],[6,-13],[5,-11],[0,-14],[-7,-25],[-4,-17],[-8,-5],[-13,-8],[-43,-18],[-38,-16],[-13,-5],[-26,-13],[-22,-13],[-16,-10],[-16,-22],[-5,-6],[-31,-56],[-37,-65],[-3,-8],[-4,-6],[-15,-29],[-23,-42],[-9,-14],[-1,-2],[-1,-1],[-13,-15],[1,0],[63,-17],[37,-11],[118,-30],[17,-5],[18,-2],[39,-3],[42,0],[36,1],[1,0],[12,1],[1,0],[7,-6],[1,0],[2,-2],[2,-1],[15,-10],[8,-7],[4,-3],[2,-4]],[[19483,90529],[-11,-1],[-193,-20],[-3,-1],[-51,-5],[-107,-12],[-483,-52],[-210,-22],[-314,-34],[-48,-5],[-40,-4],[-216,-25],[-125,-15],[-21,-2],[-2,0],[-23,-2],[-6,-1],[-91,-15],[-36,-5],[-116,-22],[-77,-16],[-75,-23],[-44,-12],[-23,-6],[-88,-25],[-37,-11],[-29,-8],[-76,-23],[-8,-2],[-38,-10],[-1,0],[-2,-1],[-11,-4],[-3,-1]],[[16875,90144],[-16,15],[-16,16],[-14,15],[-43,58],[-14,28],[-10,19],[-4,16],[-2,14],[4,15],[3,10],[1,1],[0,2],[2,3],[9,25],[20,30],[9,12],[17,21],[0,1],[3,4],[7,7],[32,36],[3,4],[72,72],[51,42],[1,0],[13,12],[16,11],[3,2],[46,36],[47,28],[33,20]],[[17970,90971],[-13,-3],[-6,-2],[-55,-12],[-19,-4],[-35,-9],[-82,-19],[-26,-6],[-7,-1],[-29,-7],[-87,-20],[-42,-9],[-39,-10],[-47,-11],[-6,-1],[-1,0]],[[17970,90971],[-1,1],[-1,2],[-2,3],[-9,14],[0,20],[2,5],[18,20],[25,17],[3,2],[6,8],[-2,10],[-1,7],[-6,20],[-9,15],[-1,1],[-3,5],[-4,5],[-6,13],[-1,3],[-6,13],[0,1],[-6,5],[-11,6],[-39,10],[-34,5],[-86,3],[-5,1],[-2,1],[-16,5],[-9,4],[-17,22],[-1,1],[-8,5],[-12,6],[-2,3],[-7,9],[-26,11],[-4,6],[-11,15],[-12,7],[-6,3],[-9,4],[-32,15],[-1,0],[-7,7],[0,1],[3,10],[7,7],[12,8],[23,12],[16,7],[7,5],[8,6],[7,7],[0,3],[-3,6],[0,1],[-21,16],[-8,8],[0,1],[-2,4],[-1,4],[-1,2],[0,2],[5,11],[19,6],[10,3],[16,3],[12,7],[0,3],[-1,4],[-1,3],[-3,7],[1,8],[0,1],[4,2],[9,5],[55,10],[17,4],[6,2],[27,10],[8,8],[-1,8],[0,1],[-2,8],[5,11],[21,7],[9,4],[1,1],[6,13],[0,1],[-6,3],[-3,2],[-2,0],[-7,4],[-1,0],[0,1],[-1,0],[-3,2],[-7,1],[-10,3],[-44,4],[-58,16],[-53,9],[-9,5],[-6,3],[-7,7],[-15,13],[-10,6],[-7,3],[-37,8],[-19,-6],[-24,-6],[-46,-8],[-35,-5],[-70,-23],[-15,-2],[-12,-1],[-7,2],[-11,4],[-12,8],[-10,7],[-1,0],[0,1],[-1,0],[-10,7],[-4,5],[-1,2],[-19,30],[-5,5],[-1,2],[-3,3],[-19,17],[-26,11],[-51,9],[-11,3],[-61,22],[-20,12],[-11,11],[-4,13],[-1,2],[-1,3],[-2,8],[-32,31],[-1,0],[-2,4],[-1,1],[-2,7],[0,2],[-1,1],[0,1],[3,20],[12,26],[1,0],[-2,2],[-3,5],[0,1]],[[17052,91898],[8,2],[143,43],[19,5],[70,21],[69,20],[82,25],[246,74],[44,13],[1,0],[37,11],[43,13],[130,39],[43,13],[1,0],[55,17],[148,44],[18,5],[5,2],[12,4],[37,11],[47,14],[75,23],[68,19],[40,12],[7,2],[1,0],[54,14],[43,12],[1,0]],[[18352,91062],[-20,-5],[-62,-15],[-21,-4],[0,-1],[-19,-4],[-41,-10],[-16,-4],[-20,-4],[0,-1],[-36,-8],[-110,-26],[-37,-9]],[[20502,93289],[0,-1],[4,-7],[0,-3],[5,-29],[2,-13],[1,-14],[0,-3],[-3,-9],[17,-71],[2,-11],[4,-18],[5,-22],[1,-1],[2,-10],[1,-7],[1,-11],[12,-41],[5,-17],[2,-18],[0,-12],[4,-19],[5,-16],[9,-28],[0,-6],[1,-4],[0,-2],[1,-3],[1,-5],[1,-11],[2,-3],[3,-6],[3,-8],[4,-10],[3,-12],[3,-10],[0,-1],[2,-9],[1,-1],[0,-2],[1,-1],[3,-13],[4,-11],[3,-9],[0,-3],[3,-7],[5,-14],[4,-10],[1,-4],[1,-3],[0,-2],[2,-7],[0,-2],[4,-5],[0,-2],[2,-7],[4,-12],[0,-1],[1,-2],[1,-3],[0,-5],[4,-3],[0,-1],[1,-1],[0,-1],[5,-12],[4,-11],[1,-1],[1,-6],[1,-1],[2,-9]],[[19681,92544],[-3,2],[-11,4],[-2,1],[-1,1],[-50,24],[-47,24],[-7,4],[-21,10],[-13,6],[-8,5],[-51,26],[-35,18],[-14,7],[-9,3],[-31,16],[-4,2],[-22,12],[-31,13],[-40,13],[-35,8],[-21,5],[-19,3],[-2,1],[-5,1],[-1,0],[-7,2],[-5,1],[-15,4],[-8,2],[-7,1],[-40,8],[-7,1],[-91,19],[-44,12],[-15,5],[-30,6],[-2,0],[-16,5],[-11,3],[-28,8],[-52,16],[-27,8]],[[18793,92854],[-11,4],[-35,11],[-11,4],[-38,12],[-111,36],[-29,9],[-9,3],[-52,16],[-4,1],[-82,27],[-20,5],[-48,19],[-14,6],[-31,12],[-18,10],[-22,11],[-50,29],[-114,65],[-25,15],[-69,39],[-14,7],[-50,30],[-5,2],[0,1]],[[15288,92193],[32,5],[26,4],[62,12],[30,6],[83,17],[8,2],[59,10],[56,8],[135,17],[11,1],[75,9],[1,0],[40,5],[40,4],[70,13],[11,3],[37,9],[1,0],[0,1],[7,2],[11,3],[28,8],[29,9],[33,11],[19,5],[25,8],[14,5],[64,18],[14,4],[44,13],[130,40],[63,20]],[[16546,92465],[14,-10],[0,-1],[12,-10],[14,-21],[2,-5],[3,-5],[2,-4],[1,-3],[0,-1],[13,-28],[4,-8],[3,-7],[31,-71],[2,-4],[3,-5],[8,-9],[6,-4],[6,-6],[15,-7],[18,-6],[12,-2],[25,-6],[44,-10],[4,-1],[15,-5],[9,-5],[6,-4],[10,-9],[7,-12],[1,-1],[0,-2],[7,-21],[6,-17],[1,-6],[2,-5],[3,-9],[7,-23],[3,-8],[0,-1],[1,-1],[13,1],[41,3],[13,2],[0,-1],[4,-4],[4,-8],[1,-1],[1,-3],[2,-3],[1,-2],[14,-6],[13,-3],[46,-8],[6,-4],[4,-5],[1,-1],[3,-4],[2,-4],[5,-7],[7,-13],[1,-1],[0,-2],[-1,-2],[1,0],[0,-1],[5,-23],[8,-44],[-11,-21],[-4,-5],[-3,-5],[-2,-6],[-1,-8],[1,0],[3,-5],[1,0],[4,-6],[3,-4]],[[17052,91898],[-1,0],[-9,-3],[-194,-59],[-43,-13],[-77,-23],[-5,-3],[-41,-13],[-179,-53],[-152,-44],[-85,-24],[-14,-4]],[[16252,91659],[6,-4],[22,-15],[44,-24],[15,-8],[30,-17],[108,-58],[52,-30],[6,-4],[4,-2],[43,-24],[25,-14],[26,-14],[0,-1],[49,-32],[9,-5],[2,-2],[1,0],[6,-4],[14,-9],[38,-26],[1,-2],[1,-1],[143,-102],[1,0],[2,-2],[3,-2],[2,-2],[1,0],[12,-9],[2,-1],[13,-9],[10,-6],[13,-10],[41,-29],[14,-9],[63,-44],[7,-6],[2,-2],[0,-1],[4,-3],[6,-5],[143,-102],[16,-10],[4,-3],[1,-1],[38,-23],[11,-8],[23,-15],[52,-37],[44,-31],[15,-12],[3,-2],[4,-3],[2,-2],[16,-12],[11,-3]],[[17476,90857],[0,-1],[-1,0],[-7,-1],[-87,-21],[-24,-5],[-19,-4],[-27,-11],[-24,-11],[-11,-6],[-15,-8],[-75,-46],[-6,-4],[-32,-20]],[[17148,90719],[-10,3],[-6,2],[-32,11],[-17,6],[-15,6],[-21,11],[-54,20],[-47,17],[-22,8],[-157,55],[-17,5],[-9,4],[-42,14],[-19,6],[-66,19],[-45,12],[-26,6],[-6,1],[-63,18],[-8,3],[-38,12],[-109,40],[-1,0],[-7,5],[-16,5],[-15,6],[-56,21],[-3,1],[-13,4],[-10,3]],[[19356,91108],[-28,0],[-85,-2],[-29,-1],[-1,0]],[[19213,91105],[-26,-1],[-73,-1],[-5,0],[-26,-1],[-21,-1],[-12,0],[-48,-1],[-20,0],[-24,-1],[-72,-1],[-25,-1],[-10,0],[-34,-1],[-56,0],[-39,-1],[-93,-4],[-44,-2],[-21,-1],[-62,-2],[-1,0],[-9,-1],[-10,-1],[-3,0],[-22,-2],[-24,-3],[-11,-2],[-44,-9],[-24,-6],[-2,0]],[[18352,91062],[2,5],[0,1],[4,7],[6,5],[5,5],[15,9],[17,12],[20,14],[5,6],[12,10],[10,10],[10,25],[7,17],[6,16],[12,31],[3,8],[1,1],[9,23],[9,26],[2,8],[14,36],[3,6],[4,11],[16,42],[3,8],[1,4],[5,12],[8,21],[1,2],[0,1],[1,4],[3,8],[0,1],[5,3],[3,11],[16,46],[5,12],[1,3],[0,1],[3,6],[4,11],[3,10],[2,8],[1,1],[0,7],[9,21],[6,17],[16,48],[3,8],[0,1],[1,12],[0,1],[4,13],[9,33],[3,6],[0,3],[1,0],[0,2],[2,12],[6,18],[15,47],[0,12],[-1,7],[-1,1],[-3,4],[-11,17],[-5,8],[-9,15],[-1,4],[0,14],[21,17],[7,14],[14,18],[26,30],[41,45],[12,16],[1,0],[13,10],[14,8],[21,14],[15,8],[1,1],[33,20],[10,5],[12,4],[20,5],[-2,2],[0,9],[-1,2],[-1,1],[0,1],[-9,4],[-30,15],[-33,18],[-4,3],[-30,20],[-7,5],[-20,15],[-1,1],[-11,9],[-10,10],[-5,4],[-2,2],[-6,4],[-11,10],[-29,24],[-65,54],[-7,6],[-31,21],[0,1]],[[18599,92356],[92,21],[149,31],[133,24],[53,9],[25,2],[135,21],[14,2],[4,1],[15,2],[2,0],[9,1],[9,2],[27,4],[99,15],[8,1],[11,3],[50,8],[139,22],[46,8],[61,11],[1,0]],[[19681,92544],[14,2],[80,12],[36,5],[221,32],[25,3],[95,11],[101,11],[16,1],[111,11],[181,9],[103,5]],[[20664,92646],[0,-1],[12,-12],[2,-3],[2,-2],[3,-6],[2,-3],[3,-3],[4,-11],[4,-8],[4,-13],[5,-13],[0,-2],[1,-2],[4,-17],[1,-4],[-1,0],[0,-3],[2,-5],[0,-1],[-1,-9],[1,-14],[0,-2],[1,-3],[1,-12],[6,-15],[0,-1],[3,-5],[5,-9],[9,-13],[1,-1],[14,-16],[14,-14],[2,-1],[16,-14],[17,-13],[4,-2],[11,-8],[3,-2],[0,-10],[-2,-15],[0,-6],[1,-3],[8,-36],[1,-4],[1,-5],[1,0],[6,-16],[4,-10],[0,-1],[6,-10],[1,-3],[11,-18],[2,-3],[3,-4],[16,-20],[5,-6],[13,-14],[14,-14],[17,-16],[3,-4],[0,-1],[1,0],[41,-37]],[[20972,92127],[2,0],[9,-8],[23,-21],[36,-31],[62,-59],[14,-12],[15,-15],[2,-3],[3,-2],[2,-1],[9,-9],[44,-38],[14,-12],[0,-1],[8,-7],[17,-15],[74,-67],[24,-23],[8,-8],[1,0],[1,-1],[1,0],[3,-4],[24,-23],[0,-1],[27,-29],[5,-7],[18,-23],[29,-41],[9,-13],[12,-19],[31,-48],[2,-3],[1,-2],[15,-18],[22,-20],[7,-8],[6,-5],[2,-2],[7,-6],[1,-1],[35,-27],[19,-15],[11,-8],[27,-16],[4,-3],[81,-51]],[[21739,91401],[-178,94],[-37,29],[-5,4],[-1,0],[-5,4],[-11,-8],[-64,4],[-57,3],[-42,3],[-15,1],[-37,3],[-45,2],[-64,3],[-1,0],[-35,2],[-104,6],[-34,2],[-1,0],[-27,2],[-85,5],[-28,1],[-20,2],[-25,2],[-34,2],[-18,1],[-2,1],[-33,2],[-98,10],[-32,3],[-9,1],[-23,2],[-7,1],[-1,0],[-20,3],[-14,1],[-47,5],[-20,2],[-4,0],[-15,1],[-5,1],[-46,4],[-8,1],[-17,2],[-1,0],[-20,2],[-7,1],[-48,7],[-19,3],[-3,0],[-14,2],[-47,7],[-15,3],[-2,0],[-3,1],[-10,2],[-4,0],[-42,8],[-125,22],[-14,3],[-30,3],[-14,4],[-3,1],[-45,8],[-16,2],[-49,9],[-38,6],[-109,19],[-49,8],[0,-18],[-3,-16],[-4,-18],[-12,-76],[-1,-3],[-1,-4],[0,-1],[-2,-6],[-14,-25],[-1,-1],[-1,-2],[-8,-20],[-1,-3],[-27,-52],[-7,-10],[-12,-21],[-1,0],[0,-1],[-1,-2],[-13,-21],[-24,-45],[-54,-103],[-56,-105],[-34,-64],[-5,-4]],[[18528,94430],[1,0],[33,2],[21,2],[81,6],[85,8],[55,5],[37,2],[80,5],[31,2],[17,1],[8,1],[11,0]],[[18988,94464],[6,2],[5,0],[5,1],[40,4],[9,0],[16,1],[62,3],[49,2],[54,2],[118,0],[96,-1],[62,-3],[75,-4],[173,-12],[92,-7],[34,-3],[12,0],[4,-1],[208,-16],[224,-19],[54,-4],[76,-6],[10,-1],[18,-1]],[[20490,94401],[-8,-18],[-2,-10],[-6,-13],[-19,-40],[-13,-15],[-20,-20],[-35,-25],[-26,-22],[-5,-7],[-16,-22],[-1,0],[-1,-4],[-8,-21],[-5,-17],[-1,-47],[-1,-55],[1,-9],[1,-11],[-4,-6],[19,-52],[10,-18],[11,-21],[10,-24],[18,-43],[17,-30],[3,-8],[4,-10],[11,-27],[12,-34],[4,-14],[3,-9],[6,-37],[1,-5],[5,-34],[0,-7],[8,-64],[3,-25],[-2,-12],[3,-26],[2,-25],[4,-21],[4,-34],[5,-26],[1,-5],[5,-18],[1,-6],[6,-43],[2,-14],[0,-9],[2,-20],[2,-23],[1,-6]],[[20502,93289],[-1,0],[-21,-1],[-8,1],[-4,0],[-84,6],[-30,3],[-175,12],[-293,24],[-31,4],[-47,9],[-18,3],[-27,4],[-10,2],[-24,4],[-4,0],[-1,1],[-29,5],[-14,2],[-60,10],[-14,3],[-29,4],[-22,5],[-25,4],[-22,4],[-69,11],[-53,5],[-12,1],[-39,1],[-35,0],[-15,-1],[-3,-1],[-148,-14],[-51,-4],[-10,-2],[-33,-3],[-9,-2],[-2,0],[-17,-2],[-2,0],[-50,-5],[-9,0],[-10,-1],[-16,0],[-15,-1],[-36,-4],[-22,-1],[-25,-2],[-46,1],[-82,2],[-16,-1],[-11,-2],[-6,0],[-12,-2],[-14,-4],[-28,-10],[-27,-10],[-24,-9],[-37,-14],[-14,-5],[-18,-4],[-30,-5],[-68,-9],[-59,-8],[-38,-7],[-14,-2],[-79,-12],[-78,-12],[-52,-7],[-29,-6],[-30,-6],[-56,-9],[-16,-2],[-13,-2]],[[17931,93228],[-2,1],[-2,2],[-4,2],[-37,22],[-2,1],[-1,0],[-82,49],[-58,36],[-47,28],[-14,9],[-16,9],[-91,52],[-15,8],[-17,8],[-67,37],[-49,29],[-48,29],[-32,23],[-72,42],[-162,74],[-48,19],[-4,2],[-24,11],[-69,36],[-16,9],[-9,5],[-2,2],[-1,0]],[[15787,91386],[14,-8],[19,-16],[13,-11],[3,-2],[40,-33],[23,-21],[18,-24],[32,-40],[11,-14],[13,-12],[0,-1],[4,-7],[0,-1],[2,0],[17,-14],[15,-16],[57,-59],[17,-18],[2,-1],[12,-8],[8,-4],[14,-5],[30,-9],[8,-3],[1,-1],[7,-2],[24,-9],[7,-4]],[[16198,91043],[-1,0],[-17,1],[-2,0],[-31,3],[-43,1],[-30,2],[-128,6],[-68,2],[-58,-2],[-97,-8],[-14,-1],[-46,-5],[-20,-2],[-75,-9],[-44,-8],[-8,-2],[-60,-10],[-45,-9],[-66,-14],[-8,-1],[-2,0],[-8,-2],[-7,-3],[-1,0],[-10,-4],[-10,-3],[-35,-15],[-22,-8],[-8,-2],[-23,-9],[-8,-2],[-25,-9],[-36,-9],[-21,-4],[-14,-2],[-45,-6],[-63,-10],[-183,-27],[-18,-3],[-75,-10],[-47,-7],[-16,-1],[-32,-5],[-36,-3],[-87,-9],[-18,-1],[-15,-3],[-85,-10],[-16,-2],[-33,-4],[-1,0],[-8,-1],[-25,-3],[-3,0],[-6,-2],[1,0],[88,-74],[20,-18],[4,-10],[1,-2],[0,-8],[-3,-16],[-21,-18],[-49,-35],[-1,-1],[-46,-25],[-1,0],[-38,-33],[-11,-24],[6,-33],[3,-5],[10,-19],[22,-33],[13,-10],[22,-14],[58,-20],[110,-38],[72,-26],[34,-29],[28,-39],[-84,-22],[-125,-33],[-2,0],[-21,-5],[-25,-5],[-43,-9],[-151,-41],[-480,-128],[-32,-8],[-205,-54],[-184,-48],[-41,-9],[-8,-4],[-5,-1]],[[13211,89911],[-8,5],[-6,9],[-18,24],[0,1],[-10,8],[-20,6],[-6,1],[-17,8],[0,3],[1,3],[3,17],[1,4],[2,9],[-86,43],[-133,66],[-1,1],[114,26],[1,0],[-165,95],[-118,67],[-9,5],[-7,4],[-4,2],[-21,11],[-7,4],[-1,0]],[[15655,91478],[-32,-8],[-39,-11],[-28,-7],[-37,-11],[-82,-26],[-62,-18],[-14,-5],[-47,-14],[-7,-2],[-2,-1],[-40,-12],[-3,-1],[-130,-38],[-44,-13],[-21,-6],[-31,-9],[-28,-9],[-20,-6],[-28,-9],[-38,-11],[-68,-20],[-103,-32],[-86,-28],[-78,-27],[-68,-25],[-18,-8],[-53,-22],[-18,-8],[-36,-15]],[[11605,90927],[-8,12],[-6,7],[-6,9],[-29,38],[-20,23],[-2,2],[-10,9],[-8,7],[-27,16],[-8,6],[-5,7],[-15,17],[-1,1],[-39,50],[-7,9],[-2,2],[-4,5],[-11,17],[-22,32],[-3,5],[-13,19],[-18,24],[-9,9],[-19,14],[-66,44],[-41,29],[-13,7],[-16,14],[-5,8],[-3,4],[-2,7],[-1,3],[0,8],[-5,91],[2,14],[0,3],[-1,10],[2,4],[0,2],[1,5],[3,4],[1,0]],[[12089,91978],[1,0],[0,-1],[16,-7],[46,-20],[14,-6],[136,-75],[23,-12],[23,-13],[36,-18],[8,-1],[19,-9],[20,-9],[14,-4],[11,-5],[9,-2],[51,-11],[44,-6],[40,-4],[56,-2],[63,-1],[10,-1],[59,-1],[174,-3],[59,-1],[29,-1],[35,-2],[53,-1],[29,0],[25,-1],[73,-1],[46,0],[44,-2],[41,0],[10,1],[10,0],[19,3],[9,1],[5,1],[9,2],[35,7],[5,0],[10,2],[2,1],[36,7],[7,1],[101,19],[35,6],[9,0],[5,-1],[9,-1],[7,-5],[10,-13],[7,-7],[54,10],[13,2],[21,0],[21,-2],[20,-5],[11,-7],[8,-9],[1,-3],[7,-11],[11,-13],[4,-4],[8,-7],[14,-8],[17,-8],[16,-7],[48,-22],[15,-7],[1,-1],[23,-10],[30,-15],[19,-13],[4,-3],[15,-14],[15,-18],[26,-36],[22,-27],[7,-11],[3,-8],[0,-1],[2,-11],[-5,-15],[-7,-13],[-2,-2],[-7,-10],[-5,-7],[-9,-5],[-17,-6],[-16,-4],[-17,-2],[1,-1],[6,-8],[0,-1],[7,-6],[10,-9],[12,-7],[2,-1],[12,-5],[9,-4],[10,-3],[13,-5],[24,-4],[29,-4],[23,-3],[-14,-27],[-31,-61],[-10,-19],[-6,-12],[-7,-16],[0,-29],[4,-22],[1,-1],[2,-6],[3,-6],[3,-8],[10,-9],[21,-19],[10,-7],[5,-3],[6,-4],[1,-1],[16,-9],[24,-11],[30,-14],[34,-16],[15,-6],[12,-6]],[[14394,91076],[-31,-14],[-63,-29],[-51,-22],[-139,-60],[-8,-3],[-1,-1],[-2,0],[-5,-2],[-117,-53],[-8,-3],[-20,-9],[-44,-21],[-51,-23],[-64,-25],[-26,-10]],[[12089,91978],[0,-1],[-28,-26],[-30,-29],[-40,-32],[-21,-16],[-13,-10],[-22,-14],[-1,-1],[-31,-21],[-93,-51],[-49,-25],[-6,-4],[-92,-49],[-93,-46],[-55,-30],[-66,-34],[-54,-19],[-38,-11],[-51,-11],[-46,-10],[-10,-1],[-21,-4],[-31,-5],[-12,-2],[-17,-2]],[[12012,92964],[1,0],[49,-20],[42,-17],[91,-33],[50,-16],[112,-39],[68,-23],[14,-4],[67,-22],[75,-22],[31,-9],[62,-20],[39,-10],[35,-12],[42,-14],[41,-16],[23,-13]],[[13078,92541],[0,-1],[-247,-70],[-21,-6],[-85,-36],[-101,-42],[-76,-36],[-42,-24],[-100,-56],[1,0],[5,-4],[-1,0],[-9,3],[-11,2],[-10,2],[-5,0],[0,-1],[-1,-3],[-1,-6],[-9,-15],[-7,-13],[-35,-44],[-1,-1],[-41,-40],[-28,-26],[-5,-4],[-42,-39],[-42,-37],[-14,-14],[-46,-44],[-15,-8]],[[10811,92008],[1,0],[8,-12],[5,-10],[4,-9],[1,-3],[4,-8],[2,-5],[5,-12],[9,-28],[6,-16],[9,-28],[1,-2],[5,-23],[3,-43],[1,-30],[1,-10],[1,-19],[2,-12],[5,-23],[2,-3],[7,-11],[10,-12],[15,-15],[24,-17],[35,-12],[29,-6],[51,-15],[37,-15],[21,-12],[17,-13],[10,-10],[10,-11],[5,-10],[0,-1],[5,-13],[6,-12],[1,-3]],[[11169,91524],[-84,-7],[-141,-4],[-155,-3],[-37,-1],[-128,-7],[-56,-3],[-74,-11],[-118,-22],[-34,-9],[-15,-4],[-1,-1],[-25,-6],[-20,-6],[-8,-2],[-4,-2],[-83,-30],[-44,-20],[-16,-8],[-7,-4],[-38,-19],[-9,-6],[-25,-18],[-8,-6],[-10,-8],[-30,-21],[-11,-6],[-26,-16],[-28,-18],[-32,-14],[-27,-10],[-6,-2],[-25,-9],[-15,-3],[-22,-5],[-15,-3],[-61,-7],[-35,-1],[-38,-3],[-1,0]],[[14339,92370],[-67,1],[-45,-1],[-23,0],[-59,-4],[-55,-3],[-84,-9],[-9,0],[-38,-5],[-40,-4],[-26,-2],[-14,-1],[-40,-2],[-38,-1],[-20,-1],[-43,0],[-43,2],[-44,2],[-42,3],[-17,2],[-85,11],[-35,7],[-26,5],[-25,5],[-11,4],[-21,6],[-30,8],[-51,16],[-46,19],[-42,23],[-40,22],[-8,6],[-93,61],[-1,1]],[[13078,92541],[-13,9],[-30,18],[-2,2],[-2,1],[-21,15],[-18,12],[-21,12],[-9,5],[-41,23],[-2,1],[-2,2],[-26,16],[-35,17],[-2,0]],[[12854,92674],[16,7],[85,30],[2,0],[17,8],[50,23],[5,1],[20,7],[7,3],[20,9],[1,2],[6,4],[6,3],[6,5],[8,7],[5,4],[6,6],[3,5],[9,11],[9,21],[1,2],[0,1],[1,2],[0,1],[2,10],[2,8],[0,1],[8,24],[1,2],[6,9],[1,1],[13,10],[17,8],[14,5],[20,7],[56,16],[92,27],[57,16],[39,11],[54,16],[30,7],[38,4],[2,1],[27,2],[14,0],[0,26],[-1,11],[-1,4],[3,11],[1,1],[7,11],[12,8],[17,9],[25,10],[39,16],[3,1],[10,5],[7,3],[16,10],[12,9],[11,7],[-22,7],[-21,3],[-12,1],[-13,2],[-25,-1],[-26,-3],[-93,-26],[-9,-2],[-37,-9],[-19,-3],[-5,-2],[-26,-2],[-42,-5],[-5,0],[-13,-2],[-5,-2],[-24,10],[-72,29],[-23,10],[-1,0],[70,10],[18,17],[4,0],[5,1],[33,0],[19,15],[19,1],[18,-2],[25,-1],[21,15],[13,3],[9,2],[15,-5],[9,3],[4,1],[1,0],[7,8],[16,18],[6,2],[8,4],[13,2],[34,2],[14,1],[40,-7],[31,1],[24,4]],[[15981,93666],[3,-12],[6,-22],[0,-1],[3,-13],[1,-3],[1,-6],[1,-3],[0,-1],[3,-10],[1,-4],[6,-25],[2,-7],[1,-3],[1,-8],[5,-18],[1,-3],[1,-8],[1,0],[2,-8],[3,-11],[1,-4],[3,-11],[2,-8],[0,-1],[1,-3],[1,-13],[17,-89],[8,-40],[1,-7],[12,-57],[0,-1],[2,-19],[0,-11],[-6,-14],[-65,-102],[-44,-58],[-14,-19],[-76,-106],[-32,-44],[-14,-18],[-69,-82],[-32,-37],[0,-1],[-9,-12],[-18,-20],[-22,-23],[-27,-29],[-23,-23],[-21,-19],[-17,-15],[-12,-10],[-4,-6],[-24,-25],[-7,-6],[-16,-16],[-38,-41],[-55,-65],[-9,-6],[0,-1],[-21,-26],[-4,-6],[-8,-8],[-23,-27],[-24,-26],[-9,-13],[-11,-13],[-9,-15],[-18,-22],[-16,-22],[-6,-11],[-4,-12],[0,-4],[3,-19],[0,-1],[21,-20]],[[15288,92193],[-17,-4],[-27,-7],[-32,-8],[-10,-2],[-3,0],[-6,-1],[-6,-3]],[[15187,92168],[-5,5],[-34,24],[-31,18],[-18,8],[-13,6],[-90,29],[-96,21],[-158,33],[-93,19],[-30,5],[-35,7],[-92,16],[-15,2],[-35,4],[-1,0],[-20,1],[-15,1],[-46,2],[-3,0],[-9,1],[-9,0]],[[14339,92370],[-1,2],[-8,7],[0,1],[-17,16],[-7,6],[-4,5],[-17,16],[0,1],[-1,4],[-1,5],[0,6],[20,8],[1,3],[-1,3],[0,1],[-29,18],[-5,5],[-1,2],[-10,16],[-3,5],[5,14],[-2,14],[7,15],[0,18],[8,24],[-1,5],[-4,8],[-4,6],[0,3],[1,1],[0,1],[30,70],[1,9],[-1,7],[0,1],[-5,6],[-10,13],[-2,8],[0,1],[6,38],[-4,18],[0,1],[5,17],[0,1],[-20,19],[-3,3],[0,1],[-2,2],[-1,2],[-2,5],[-1,9],[0,1],[-6,24],[0,1],[1,2],[1,4],[1,8],[-1,0],[-5,9],[-1,0],[-5,5],[-24,23],[-1,7],[-2,11],[-12,5],[-3,6],[-1,1],[1,3],[33,32],[11,16],[1,0],[7,25],[5,8],[23,40],[1,10],[0,4],[-1,1],[-12,8],[-70,13],[-23,7],[-66,21],[-29,7],[-26,6],[-96,31],[-65,27],[-69,39],[-31,13],[-17,5],[-1,0]],[[13774,93263],[12,30],[0,1],[6,12],[10,16],[11,6],[11,5],[61,11],[12,2],[46,9],[27,7],[15,10],[3,7],[-1,9],[0,1],[-6,9],[-8,9],[-1,0],[-4,5],[-1,0],[-27,15],[-6,3],[0,1],[-57,19],[-34,9],[-23,4],[-17,0],[-32,-1],[-11,-3],[-43,-15],[-36,-8],[-27,1],[-6,2],[-8,18],[-1,3],[-3,2],[-13,9],[-10,2],[-24,9],[-6,1],[-7,5],[-5,7],[-1,1],[-1,0],[0,9],[2,13],[6,5],[26,17],[12,12],[5,9],[9,8],[1,0],[-2,19],[0,1]],[[8548,89622],[23,5],[18,4],[3,2],[17,14],[10,11],[5,6],[1,3],[2,5],[1,0],[0,2],[-2,8],[0,1],[-3,5],[-29,25],[-18,24],[-2,6],[-5,19],[14,28],[1,20],[9,11],[45,12],[16,10],[4,5],[2,7],[-16,61],[-14,28],[0,5],[3,14],[2,6],[2,9],[1,4],[2,7],[2,15],[1,5],[1,4],[-2,11],[-1,3],[-1,5],[0,1],[-1,0],[-10,17],[-4,7],[-4,19],[0,1],[-7,23],[3,19],[0,1],[-6,18],[-1,1],[-10,29],[3,23],[0,1],[1,10],[-1,4],[-1,3],[0,1],[-3,6],[0,1],[-1,1],[-4,5],[-12,13],[0,1],[-3,2],[-23,15],[-34,13],[-8,8],[-1,0],[2,11],[0,6],[-9,19],[0,1],[7,7],[3,1],[7,-1],[30,-9],[11,2],[4,2],[5,5],[1,0],[-3,16],[23,19],[3,5],[-3,10],[0,1],[-12,4],[-27,7],[-14,10],[-9,13],[-1,1],[-2,13],[-3,32],[0,9],[-1,27],[2,34],[-4,14],[-13,7],[-75,13],[-14,4],[-55,16],[-25,5],[-43,5],[-16,3],[-1,1],[-8,10],[0,1],[-1,2],[-1,5],[-2,8],[11,37],[10,16],[18,9],[92,48],[6,4],[-1,19],[9,10],[11,4],[18,5],[54,14],[11,6],[59,36],[12,3],[53,1],[31,4],[26,6],[34,11],[22,8],[29,5],[13,3],[27,10],[4,4],[12,11],[11,13],[1,1],[0,1],[5,11],[0,6],[-2,3],[-1,1],[-13,7],[-41,13]],[[9625,91353],[0,-1],[2,-6],[1,-8],[2,-11],[0,-3],[2,-3],[0,-1],[1,-7],[0,-4],[1,-8],[3,-9],[0,-2],[5,-20],[0,-1],[2,-6],[2,-8],[1,-3],[1,-2],[0,-2],[1,-2],[6,-30],[1,-4],[0,-4],[1,-3],[0,-6]],[[9657,91199],[0,-1],[7,-30],[2,-5],[1,-2],[0,-3],[3,-11],[25,-74],[8,-25],[0,-1],[4,-17],[1,-5],[2,-6],[0,-1],[4,-8],[1,-16],[0,-2],[-7,-14],[-10,-16],[-1,-2],[-16,-25],[-1,-1],[-20,-37],[-9,-11],[-10,-19],[-2,-19],[2,-14],[0,-10],[5,-8],[0,-1],[3,-5],[7,-15],[22,-25],[2,-2],[1,0],[4,-6],[72,12],[20,4],[32,4],[31,3],[46,4],[81,6],[9,1],[74,6],[1,0],[30,2],[71,6],[18,1],[30,1],[51,1],[11,0],[19,1],[26,-2],[96,-7],[44,-4],[61,-6],[18,-2],[52,-5],[18,-2],[1,0],[10,-1],[34,-3],[55,-5],[57,-6],[30,-3],[9,0],[37,-3],[15,-1],[30,-4],[38,-3],[11,-1],[19,1],[9,2],[13,2],[9,2],[10,3],[11,4],[23,10],[34,13],[41,15],[100,40],[18,6],[46,14],[23,6],[25,6],[52,10],[23,6],[42,14],[22,4],[68,7],[29,3],[26,2],[39,1]],[[11605,90927],[7,0],[2,-1],[36,-2],[29,-2],[29,-1],[22,-2],[39,-2],[125,-5],[57,-2],[61,-2],[64,-3],[145,-4],[47,-1],[9,-1],[55,-1],[43,-2],[129,-3],[18,-1],[24,-2],[38,-1],[31,-1],[102,-3],[86,-3],[18,-1],[69,-3],[15,-1],[17,0],[19,-1],[9,0],[15,-1],[21,1],[6,0],[60,-3],[9,-1],[8,-2],[2,-1],[125,15],[373,46],[124,15],[3,-8],[2,-1],[1,-3],[11,-26],[2,-3],[1,-1],[2,-5],[5,-12],[1,-1],[19,-38],[3,-7],[3,-6],[16,-22],[0,-2],[2,-9]],[[13764,90801],[-62,-30],[-48,-21],[-134,-59],[-111,-49],[-26,-11],[-21,-8],[-14,-6],[-141,-63],[-97,-45],[-97,-42],[-14,-8],[-1,0],[-36,-13],[-24,-11],[-82,-35],[-66,-29],[-26,-12],[-1,0],[-5,-2],[-26,-11],[-36,-13]],[[12696,90333],[-21,-7],[-72,-21],[-40,-10],[-37,-10],[-25,-5],[-82,-16],[-40,-7],[-122,-23],[-122,-24],[-20,-3],[-60,-10],[-3,-1],[-17,-2],[-188,-36],[-35,-7],[-12,-2],[-15,-3],[-4,0],[-15,-4],[-29,-5],[-16,-2],[-38,-8],[-116,-22],[-38,-8],[-1,0],[-86,-15],[-4,-1],[-59,-10],[-195,-37],[-85,-17]],[[10505,92188],[-1,-1],[-19,-9],[-27,-4],[-89,-10],[-72,-8],[-53,-6],[-1,0],[-88,-39],[-191,-84],[-19,-9],[-59,-26],[-89,-39],[-9,-1],[-15,-2],[-21,-4],[-8,-1],[-32,-5],[-31,-2],[-67,-2],[-46,-1],[-8,0],[-7,-1],[-9,-2],[-37,-1],[-16,-1]],[[10811,92008],[-1,2],[-2,2],[-3,2],[-9,10],[-4,4],[-17,14],[-21,15],[-33,16],[-54,27],[-37,20],[-52,31],[-70,35],[-3,2]],[[10505,92188],[-7,3],[-8,3],[-109,50],[-34,15],[-31,14],[-67,33],[-30,14],[-28,15],[-22,13],[-1,0],[-37,27],[-10,6],[-2,2],[-43,25],[-1,1],[-41,19],[-16,8],[-18,10],[-12,10],[-2,2],[-6,7],[-4,4],[-16,24],[-7,12],[-1,2],[0,1],[-3,4],[-12,25],[-3,5],[-7,19],[-12,29],[-2,4],[0,1],[-8,16],[-21,23],[-53,53],[-24,25],[-17,17],[-12,10],[-1,1],[-16,12],[-11,8],[-7,5],[-9,7],[-30,23],[-1,7],[-6,4],[-37,28],[-6,4],[-3,3],[-4,2],[-5,2],[-3,2],[0,1],[-7,2],[-11,4],[-5,1]],[[11542,93109],[1,-1],[71,-20],[7,-2],[46,-14],[77,-22],[49,-15],[47,-16],[14,-4],[2,0],[60,-19],[33,-11],[16,-5],[31,-11],[9,-3],[7,-2]],[[12012,92964],[-22,-12],[-32,-19],[-35,-13],[-38,-9],[-62,-10],[-30,-4],[-13,-2],[-13,-3],[-3,-1],[-13,-1],[-19,-4],[-10,-3],[-9,-4],[-3,-3],[-10,-5],[-6,-2],[-7,-1],[-4,0],[1,-7],[1,-5],[0,-6],[1,0],[0,-1],[5,-7],[9,-11],[3,-2],[21,-24],[0,-3],[12,-16],[3,-5],[9,-10],[9,-11],[7,-9],[2,-4],[3,-5],[8,-15],[2,-3],[2,-6],[5,-12],[5,-21],[3,-30],[0,-1],[-5,-69],[-1,-19],[0,-5],[-1,-12],[-1,-19],[0,-16],[-1,-9],[-1,-15],[0,-16],[-2,-7],[0,-4],[-10,-22],[0,-1],[-11,-22],[-12,-13],[-17,-17],[-4,-3],[-14,-10],[-20,-11],[-5,-3],[-4,-2],[-7,-3],[-3,-2],[-225,32],[-205,-11],[-408,-141],[-22,-14],[-28,-17],[-14,-7],[-12,-8],[-97,-57],[0,-1],[7,-7],[5,-1],[32,-2],[15,-5],[34,-13],[62,-28],[19,-19],[0,-1],[1,-4],[2,-2],[2,-7],[1,-4],[9,-23],[-1,0],[-41,-6]],[[16252,91659],[-1,0],[-46,-14],[-63,-18],[-74,-24],[-46,-14]],[[15655,91478],[-2,3],[-2,1],[-7,7],[-1,0],[-67,-19],[-9,7],[-33,15],[-34,19],[-43,21],[-28,14],[-6,4],[-57,24],[-51,12],[-42,10],[-22,7],[-24,12],[-33,14],[-47,17],[-3,3],[-21,7],[-16,4],[-9,3],[-26,11],[-1,0],[-2,4],[-3,4],[-13,13],[-10,7],[-35,13],[-32,9],[-63,17],[-17,7],[-12,10],[-1,7],[-2,38],[0,7],[-7,17],[-2,4],[8,22],[1,2],[-4,11],[0,3],[-8,5],[-36,20],[-13,10],[0,5],[6,10],[4,5],[21,11],[24,7],[67,17],[19,3],[8,2],[46,8],[22,19],[8,10],[1,3],[10,25],[11,11],[5,2],[4,0],[26,5],[47,-8],[21,0],[11,3],[3,4],[3,6],[-1,5],[-2,6],[-19,10],[-21,7],[-52,10],[-2,0],[-1,1],[5,1],[17,4],[10,3],[10,2],[9,4],[6,4],[5,5],[0,7],[-1,5],[0,2],[1,5],[-36,2],[-8,1],[-26,3],[-2,0],[11,5],[9,3],[34,9],[32,8],[2,0],[20,4]],[[15187,92168],[1,0],[12,-12],[1,0],[3,-4],[2,-1],[4,-4],[21,-17],[8,-5],[4,-4],[1,-2],[2,-1],[1,-1],[58,-45],[29,-24],[1,0],[0,-1],[36,-26],[4,-3],[47,-20],[14,-3],[44,-23],[113,-53],[59,-22],[1,0],[109,-48],[90,-37],[19,-9],[90,-30],[32,-10],[38,-11],[13,-4],[12,-4],[78,-30],[10,-4],[54,-23],[36,-18],[1,-1],[17,-9]],[[15655,91478],[74,22],[41,12],[28,9],[56,17],[5,3],[60,17],[30,9],[73,22]],[[16022,91589],[1,0],[7,-3],[5,-3],[12,-7],[10,-7],[4,-6],[1,0],[0,-1],[1,-2],[0,-2],[1,0],[0,-7],[-1,0],[-7,-6],[-1,-1],[-17,-12],[-12,-9],[-2,-1],[-9,-4],[-19,-12],[-26,-15],[-24,-14],[-72,-40],[-8,-6],[-33,-19],[-46,-26]],[[15787,91386],[-7,6],[0,1],[-17,13],[-9,5],[-35,24],[-24,18],[-13,7],[-21,15],[-5,3],[-1,0]],[[10232,94739],[-12,-2],[-22,-1],[-67,-2],[-27,1],[-22,1],[-67,9],[-25,5],[-14,3],[-17,2],[-27,4],[-17,2],[-62,5],[-18,1],[-47,2],[-38,4],[-27,3],[-16,2],[-23,3],[-7,0],[-82,8],[-28,2],[-1,1],[-83,6],[-29,2],[-6,1],[-30,2],[-48,4],[-61,4],[-36,3],[-83,5],[-54,3],[-66,5],[-50,2],[-25,2],[-16,1],[-34,3],[-3,0],[-32,4],[-24,4],[-11,1],[-14,3],[-19,3],[-17,3],[-37,8],[-17,4],[-6,2],[-52,13],[-103,24],[-105,22],[-4,1],[-84,17],[-1,1],[-1,0]],[[10418,96074],[-30,-22],[-31,-22],[-41,-31],[-17,-12],[-32,-21],[-28,-20],[-57,-41],[-31,-20],[-30,-20],[-4,-2],[-90,-60],[-42,-27],[-44,-27],[-83,-48],[-67,-35],[-52,-27],[-193,-100],[-75,-43],[-52,-28],[-19,-7],[-72,-41],[-35,-19],[-17,-9],[-31,-18],[-37,-19],[-18,-10],[-36,-19],[-1,0],[-12,-8],[-14,-10],[-107,-53],[-52,-31],[-30,-19],[-6,-5],[-24,-11],[-68,-36],[-33,-17],[-13,-6],[-39,-19],[-12,-7],[-35,-17],[-38,-19],[-49,-24],[-19,-9],[-19,-8],[-18,-8],[-14,-6],[-17,-8],[-41,-20],[0,-1],[-24,-11],[-25,-13],[-16,-8],[-13,-7]],[[6162,95204],[19,11],[25,15],[33,19],[25,14],[29,16],[25,15],[25,14],[11,6],[10,6],[17,9],[5,4],[9,5],[25,14],[8,4],[12,7],[13,8],[6,3],[7,4],[4,2],[9,5],[32,18],[22,12],[26,14],[21,13],[28,15],[27,15],[41,22],[58,32],[12,7],[10,5],[27,14],[42,23],[16,9],[36,19],[4,3],[53,28],[25,13],[2,1],[59,31],[3,2],[1,1],[17,8],[20,11],[60,31],[8,4],[3,2],[50,26],[29,14],[4,3],[16,8],[33,17],[3,1],[15,8],[21,11],[25,13],[5,2],[21,10],[39,21],[14,7],[39,19],[3,2],[1,0],[100,50],[28,13],[39,20],[54,27],[13,7],[8,3],[15,7],[52,25],[54,26],[33,16],[41,21],[5,2],[47,22],[9,4],[5,3],[6,3],[4,1],[26,13],[9,4],[9,5],[8,3],[20,9],[24,12],[3,2],[14,6],[12,6],[7,2],[1,1]],[[10634,96221],[-16,4],[-17,4],[-16,2],[-7,0],[-22,1],[-241,9],[-7,1],[-55,2],[-19,1],[-51,0],[-35,-2],[-3,0],[-179,-4],[-91,-3],[-90,-2],[-44,0],[-95,1],[-35,0],[-28,-1],[-81,0],[-1,1],[-26,1],[-17,0],[-47,3],[-17,1],[-25,1],[-78,4],[-26,2],[-44,2],[-19,0],[-41,1],[-67,0],[-82,-1],[-50,-1],[-12,-1],[-1,0],[-385,-15],[-2,0],[-18,-1],[-92,-5],[-10,1],[-344,-14],[-2,0]],[[8096,96213],[19,9],[7,3],[10,4],[7,4],[12,6],[8,3],[9,4],[14,7],[3,1],[15,7],[16,8],[6,2],[5,2],[2,1],[5,3],[10,5],[1,0],[14,7],[1,0],[4,1],[8,4],[5,3],[6,3],[15,6],[14,7],[6,2],[16,8],[10,4],[19,9],[3,1],[13,6],[23,10],[8,5],[5,2],[4,1],[7,3],[33,15],[5,3],[46,20],[9,4],[8,3],[10,5],[7,3],[15,7],[27,12],[2,1],[6,2],[10,5],[21,9],[1,1],[7,3],[4,2],[42,18],[52,23],[6,2],[42,19],[1,0],[53,23],[32,14],[14,6],[31,13],[46,20],[51,22],[38,16],[31,13],[28,12],[26,11],[27,11],[32,13],[19,8],[36,15],[16,6],[19,8],[25,11],[9,4],[8,3],[3,1],[7,3],[12,5],[1,0],[2,1],[22,9],[31,13],[10,4],[28,11],[21,9],[54,21],[16,7],[25,10],[17,7],[35,14],[2,1],[15,6],[24,9],[2,1],[30,12],[13,6],[7,2],[11,5],[6,2],[24,9],[17,7],[21,8],[19,8],[10,4],[16,6],[11,4],[18,7],[24,9],[24,10],[25,9],[16,7],[30,11],[7,3],[5,2],[21,9],[33,12],[10,4],[44,17],[33,12],[32,12],[1,0],[9,4],[18,7],[17,7],[10,3],[11,4],[12,4],[8,4],[13,4],[5,2],[18,7],[9,3],[7,3],[2,1],[3,1],[7,2],[3,1],[9,4],[8,3],[1,0],[11,4],[10,4],[1,0],[1,1],[12,5],[11,3],[16,6],[19,7],[9,4],[5,2],[14,5],[4,1],[19,7],[9,3],[11,4],[9,4],[9,3],[43,16],[18,6],[14,5],[26,10],[10,4],[8,2],[16,6],[11,5],[7,2],[5,1],[6,3],[7,2],[25,9],[4,2],[23,8],[9,3],[11,4],[12,4],[14,5],[20,7],[13,5],[19,7],[5,2],[20,6],[16,6],[17,6],[21,8],[17,6],[9,3],[22,8],[35,12],[20,7],[14,5],[36,12],[11,4],[45,15],[25,9],[21,8],[53,18],[51,17],[41,14],[14,5],[28,9],[9,3],[7,2],[61,21],[8,3],[22,7],[23,8],[12,3],[10,4],[12,4],[8,3],[14,4],[24,8],[14,5],[8,2],[12,5],[6,1],[9,3],[4,2],[4,1],[10,3],[21,7],[7,2],[2,1],[1,1],[16,5],[14,4],[11,4],[14,5],[2,0],[8,3],[9,3],[7,2],[13,4],[12,4]],[[11752,97639],[-1,-2],[-15,-31],[-1,-7],[17,-65],[0,-10],[1,-5],[2,-12],[8,-30],[1,-4],[4,-14],[6,-19],[17,-49],[7,-18],[4,-11],[5,-16],[3,-8],[12,-37],[0,-9],[6,-21],[0,-2],[1,-5],[3,-12],[1,-10],[0,-3],[1,-1],[14,-16],[9,-11],[73,-83],[0,-1],[20,-28],[22,-21],[12,-12],[16,-17],[12,-13],[19,-23],[17,-22],[9,-7],[9,-12],[1,-1],[48,-57],[12,-14],[2,-4],[2,-2],[2,-3],[9,-8],[2,-1],[1,-1],[22,-14],[12,-15],[7,-7],[3,-4],[4,-7],[1,-5],[0,-1],[6,-31],[1,-5],[0,-13],[4,-9],[2,-16],[1,-6],[4,-8],[10,-39],[8,-33],[4,-13],[6,-25],[2,-7],[17,1],[35,3],[14,1],[89,8],[1,0],[38,3],[50,3],[21,2],[23,0],[16,-4],[23,-7],[23,-9],[68,-25],[22,-8]],[[6162,95204],[1,-1],[46,0],[22,-1],[23,-2],[27,-3],[31,-4],[50,-9],[13,-3],[16,-1],[218,-43],[10,-3],[51,-11],[67,-13],[139,-25],[127,-23],[66,-11],[37,-6],[21,-3],[27,-3],[4,-1],[28,-2],[78,0],[204,-1],[95,-3],[42,-1],[9,0],[53,-3],[65,-1],[41,-2],[51,-1],[81,-2],[74,-2],[20,-1],[30,-1],[8,0],[35,-4],[31,-4],[24,-4],[63,-13],[47,-11],[102,-21],[76,-16]],[[8415,94945],[0,-1],[-10,-15],[-10,-42],[0,-2],[-9,-28],[-9,-22],[-4,-8],[-21,-40],[-11,-28],[-23,-53],[-20,-42],[-30,-69],[-24,-51],[-9,-22],[-23,-34],[-12,-13],[-45,-40],[-21,-15],[-10,-6],[-8,-5],[-6,-10],[-8,-9],[-12,-18],[-1,-5],[-2,-6],[-1,-2],[0,-4],[1,-24],[3,-9],[3,-7],[1,-4],[1,-6],[0,-2],[2,-20],[4,-32],[5,-29],[1,-4],[6,-32],[0,-24],[1,-11],[5,-27],[2,-14],[4,-23],[0,-1],[1,-10],[2,-33],[0,-12],[-1,-23],[-2,-39],[2,-11],[2,-7],[0,-2],[4,-10],[1,-4],[2,-3],[0,-1],[8,-19],[9,-13],[3,-5],[16,-26],[26,-43],[2,-2],[7,-12],[4,-7],[11,-17],[2,-4],[5,-7],[20,-30],[6,-10]],[[3689,93469],[61,52],[12,10],[30,26],[1,1],[7,5],[15,13],[17,14],[13,11],[17,14],[10,8],[7,6],[3,2],[11,9],[28,23],[6,5],[41,33],[53,43],[43,34],[35,29],[45,34],[36,29],[13,11],[30,22],[34,27],[9,7],[26,19],[4,4],[1,0],[3,3],[4,2],[5,5],[1,0],[3,3],[1,0],[17,13],[14,11],[17,13],[30,22],[12,10],[1,1],[17,12],[13,10],[15,11],[2,1],[13,10],[18,13],[12,10],[1,0],[10,8],[4,2],[16,12],[10,7],[3,2],[1,2],[2,1],[16,12],[19,14],[24,18],[13,8],[6,5],[34,24],[7,5],[6,5],[4,3],[1,1],[2,1],[1,1],[21,15],[1,0],[19,14],[10,7],[7,5],[3,3],[17,11],[4,3],[9,7],[3,2],[7,5],[19,13],[16,11],[8,6],[3,2],[1,1],[11,7],[14,10],[14,11],[1,0],[10,7],[17,12],[6,4],[18,13],[3,1],[1,2],[12,7],[27,19],[24,17],[33,22],[17,12],[3,3],[7,4],[6,4],[4,2],[10,8],[8,5],[9,6],[7,5],[6,4],[8,5],[14,10],[24,15],[7,6],[9,6],[7,4],[14,10],[14,8],[5,4],[6,4],[5,4],[4,2],[24,16],[8,6],[18,11],[22,15],[17,11],[17,12],[20,12],[8,5],[7,5],[6,4],[4,3],[8,5],[3,2],[17,11],[11,7],[8,5],[6,4],[8,6],[31,19],[11,7],[15,10],[19,11],[13,9],[4,3],[13,8],[8,5],[5,3],[3,2],[4,3],[7,4],[7,5],[26,16],[6,4],[17,11],[36,22],[21,13],[38,24],[34,21],[30,18],[9,6],[21,13],[27,16],[5,3],[6,4],[3,1],[22,14],[4,2],[20,13],[24,14],[8,5],[9,5],[7,5],[1,0],[11,7],[9,5],[15,10],[23,13],[11,6],[0,1],[1,0],[6,4],[1,0],[3,2],[28,16],[21,13],[16,10],[3,1],[3,2],[13,7],[2,2],[6,4],[8,4],[8,5],[3,2],[7,4],[6,3],[1,1],[7,4],[4,2],[8,5],[3,2],[1,1]],[[8798,93221],[23,6],[67,17],[22,6],[1,0],[9,3],[7,3],[8,4],[150,40],[9,2],[58,15],[130,35],[38,10],[73,20],[163,43],[6,2],[7,2],[68,17],[33,10],[54,15],[47,13],[34,9],[30,8],[6,2],[57,15],[50,13],[36,10],[13,3],[77,18],[45,8],[7,2],[16,2],[13,1],[14,2],[159,9],[158,6],[9,1],[82,8],[101,9],[31,3],[17,4]],[[11542,93109],[-1,-1],[-12,-5],[-39,-18],[-14,-5],[-82,-25],[-47,-9],[-76,-12],[-78,-11],[-35,-5],[-61,-8],[-52,-8],[-42,-7],[-26,-5],[-27,-6],[37,-37],[110,-112],[-517,-124],[-2,5],[-13,52],[-7,24],[-11,34],[7,20],[1,19],[1,6],[16,50],[-261,-23],[-12,-11],[-403,-44],[0,-7],[-99,9],[-41,4],[-11,3],[-18,9],[-20,9],[-28,-1],[-16,0],[-46,1],[-3,0],[0,-6],[2,-9]],[[12682,96591],[0,-38],[2,-16],[0,-4],[4,-12],[0,-1],[11,-10],[9,-6],[1,-1],[28,-15],[1,0],[13,-4],[13,-2],[3,-1],[15,-2],[58,-8],[7,-2],[27,-6],[21,-6],[16,-7],[18,-9],[3,-2],[13,-10],[26,-23],[14,-13],[3,-4],[6,-6],[13,-12],[19,-17],[25,-20],[2,-2],[13,-9],[17,-8],[20,-10],[7,-3],[12,-5],[9,-5],[6,-3],[1,-1],[27,-8],[16,-6],[65,-26],[26,-10],[32,-11],[13,-5],[9,-5],[1,0],[27,-19],[43,-36],[23,-10],[35,-12],[8,-1],[4,-1],[22,-6],[24,-3],[11,-3]],[[12219,95355],[-11,5],[-29,17],[-8,5],[-51,27],[-15,9],[-25,12],[-22,9],[-3,1],[-47,17],[-12,6],[-39,16],[-26,11],[-23,5],[-31,4],[-70,9],[-14,3],[-14,4],[-28,9],[-12,7],[-11,6],[-79,55],[-11,6],[-36,25],[-18,10],[-11,7],[-23,15],[-4,4],[-2,0],[-40,25],[-21,13],[-21,18],[-16,12],[-7,5],[0,1],[-4,3],[-11,8],[-30,24],[-3,3],[-12,8],[-1,5],[-7,10],[-5,5],[0,1],[-1,0],[-7,16],[-4,13],[-1,7],[0,2],[-3,14],[0,2],[-1,4],[-2,13],[-1,2],[0,2],[-14,-2],[-23,-3],[-109,-15],[-37,-5],[-4,-1],[-1,0],[-42,-9],[-24,-6],[-105,37],[-38,14],[-1,0],[-3,1],[-19,5],[-5,2],[-42,22],[-10,5],[-5,3],[-1,0],[-36,14],[-16,8],[-62,23],[-38,12],[-38,13],[-2,1],[-16,6],[-42,18],[-7,2],[-17,4],[-33,12],[-81,23],[-20,4],[-3,1],[-16,6],[-17,4],[-1,0]],[[10418,96074],[6,4],[17,11],[6,4],[37,25],[48,32],[23,14],[42,30],[36,26],[1,1]],[[10634,96221],[24,11],[2,1],[22,12],[36,17],[8,6],[21,14],[20,8],[34,14],[49,21],[23,14],[15,4],[69,30],[41,18],[12,4],[1,1],[11,5],[32,14],[3,2],[11,5],[0,1],[2,0],[36,-7],[65,-11],[145,-24],[162,-29],[75,-14],[27,-5],[44,5],[23,5],[10,2],[47,11],[54,10],[10,3],[16,2],[85,17],[14,3],[77,13],[32,6],[57,11],[213,42],[55,11],[12,3],[74,19],[23,7],[35,11],[34,10],[46,13],[73,26],[15,6],[53,22]],[[10529,94417],[-10,13],[-10,12],[0,1],[-3,4],[-8,12],[-10,13],[-12,13],[-11,12],[-32,39],[-16,19],[-7,9],[-2,2],[-6,7],[0,1],[-7,7],[-6,7],[-14,14],[-1,2],[-11,10],[-37,37],[-12,13],[-11,15],[-2,1],[-9,8],[-42,37],[-17,14],[-1,0]],[[10232,94739],[7,1],[9,3],[21,3],[24,7],[19,6],[32,13],[31,20],[14,6],[29,14],[27,9],[4,2],[40,11],[14,4],[46,16],[22,8],[64,20],[88,29],[66,22],[30,9],[31,10],[36,12],[7,2],[64,20],[40,12],[27,8],[30,8],[13,4],[25,7],[23,7],[28,8],[114,34],[47,14],[0,1],[33,9],[98,29],[32,9],[37,11],[114,33],[18,6],[20,5],[112,33],[82,24],[82,23],[9,3],[71,21],[94,26],[10,3],[8,3],[94,28],[1,0]],[[12219,95355],[14,4],[43,13],[15,5]],[[12012,94433],[48,9],[86,19],[18,5],[4,1],[60,17],[76,25],[80,28],[12,3],[84,28],[33,7],[21,3],[12,2],[46,2],[29,0],[31,-1],[16,0],[43,-4],[40,-1],[36,2],[1,0],[18,-4],[7,-2],[5,-2],[11,-5],[9,-4],[7,-5],[7,-7],[4,-9],[0,-2],[3,-2],[5,-5],[9,-5],[8,-3],[11,-3],[14,-2],[16,-1],[18,-1],[16,1],[15,1],[19,-1],[31,-6],[11,-2],[55,-13]],[[13628,93589],[-3,-2],[-8,-1],[-27,-6],[-29,-3],[-14,0],[-9,-1],[-33,1],[-16,1],[-35,5],[-34,5],[-39,8],[-19,2],[-15,1],[-21,0],[-19,-1],[-20,-2],[-27,-4],[-27,-5],[-26,-5],[-23,-6],[-10,-3],[-3,0],[-57,-12],[-18,-4],[-186,-45],[-65,-22],[-45,-16]],[[10726,93617],[0,1],[-1,0],[0,1],[-12,16],[-5,8],[-2,4],[-1,1],[0,1],[-7,16],[-2,5],[0,2],[-7,24],[-2,11],[-1,11],[-1,3],[0,4],[-1,4],[-3,11],[-2,12],[-5,23],[-5,26],[-1,7],[-1,6],[-15,92],[-2,12],[-7,48],[-2,13],[0,4],[-1,2],[-2,12],[-1,4],[-16,62],[-7,26],[-2,10],[-1,1],[0,1],[-1,2],[-9,35],[-5,25],[-4,15],[-7,26],[-1,6],[-1,4],[-6,33],[-1,3],[-1,1],[-2,6],[0,1],[-5,20],[-2,7],[-14,64],[-10,35],[-4,9],[-6,11],[-2,3],[-1,9],[0,1]],[[10529,94417],[4,-3],[1,0],[0,-1],[6,-9],[11,-14],[5,-3],[3,-1],[20,-1],[58,1],[41,0],[140,-1],[162,-3],[85,-1],[89,-1],[39,1],[34,2],[182,9],[67,5],[54,3],[286,15],[76,5],[19,2],[80,8],[11,1],[10,2]],[[12012,94433],[0,-1],[12,-13],[19,-21],[0,-1],[19,-13],[8,-5],[11,-6],[4,-6],[1,-1],[10,-5],[3,-3],[4,-2],[3,-2],[10,-9],[24,-24],[5,-8],[1,-2],[0,-2],[1,-2],[4,-6],[0,-1],[2,-5],[4,-4],[2,-6],[1,-5],[2,-14],[0,-16],[-1,-4],[-2,-14],[-2,-7],[-1,-1],[-6,-7],[-10,-14],[-21,-31],[-6,-9],[-9,-13],[-8,-12],[-1,-1],[-13,-15],[-9,-10],[-13,-10],[-20,-8],[1,0],[11,-3],[19,-8],[14,-10],[50,-43],[9,-9],[2,-9],[0,-5],[-1,0],[-1,-2],[-6,-8],[-9,-6],[-11,-5],[-22,-8],[-5,-2],[-61,-22],[-22,-8],[-20,-7],[-42,-15],[-16,-7],[-12,-6],[-5,-5],[-9,-7],[-7,-7],[-3,-9],[0,-2],[-1,-2],[-2,-6],[1,-2],[1,-3],[0,-2],[2,-5],[2,-4],[2,-3],[5,-6],[2,-2],[12,-20],[8,-13],[4,-8],[2,-3],[7,-11],[6,-10],[11,-17],[4,-7],[5,-11],[1,0],[15,-19],[8,-8],[0,-1],[12,-7],[16,-6],[25,-8],[31,-6],[3,0],[23,-3],[11,-3],[32,-2],[18,-2],[149,-18],[49,-6],[80,-10],[68,-18],[75,-23],[19,-8],[35,-19],[23,-14],[24,-18],[9,-6],[109,-67]],[[12800,93474],[-42,-20],[-114,-61],[-42,-26],[-51,-30],[-45,-25],[-12,-9],[0,-1],[-14,-10],[-1,-1],[-34,-20],[-12,-7],[-38,-20],[-36,-15],[-29,-11],[-15,-5],[-26,-11],[-25,-9],[-8,-5],[-21,-11],[-25,-18],[-17,-16],[-7,-13],[-4,-4],[-3,-19],[-19,2],[-54,5],[-17,1],[-21,8],[-36,15],[-37,7],[-23,1],[-27,-2],[-13,-1],[-85,-12],[-41,16],[-34,12],[-35,7],[-37,1],[-44,-4],[-30,-9],[-30,-15],[-32,-25],[-1,0],[-3,-1],[-14,-3],[-4,-1]],[[11542,93109],[-118,35],[-9,3],[-38,12],[-76,22],[-26,9],[-36,13],[-59,22],[-35,17],[-6,3],[0,1],[-4,1],[-19,10],[-49,32],[-23,14],[-66,51],[-15,13],[-27,25],[-108,103],[-1,1],[-33,30],[-25,23],[-12,12],[-1,2],[-3,4],[-27,50]],[[15981,93666],[-21,-2],[-63,-5],[-23,-2],[-13,-1],[-6,-1],[-61,-5],[-21,-2],[-20,-2],[-2,0],[-68,-5],[-23,-2],[-7,-1],[-22,-1],[-8,-1],[-96,-8],[-202,-16],[-143,-12],[-78,-4],[-55,-5],[-134,-11],[-33,-2],[-12,1],[-123,23],[-49,10],[-186,37],[-289,59],[-91,19],[-53,9],[-38,5],[-35,3],[-27,2],[-27,1],[-26,1],[-25,0],[-8,-4],[-6,-6],[-6,-8],[-5,-2],[0,-1],[-13,-10],[-92,-56],[-42,-28],[-20,-11],[-27,-15],[-22,-9],[-19,-6],[-13,-3]],[[13628,93589],[0,10],[9,12],[4,5],[36,22],[7,8],[5,8],[-1,2],[-1,5],[-3,4],[-19,14],[-10,7],[0,1],[-1,2],[-1,1],[-1,2],[0,1],[5,5],[32,14],[2,4],[1,10],[0,1],[-24,21],[-35,15],[-3,4],[0,6],[18,25],[-1,6],[0,1],[-1,11],[5,9],[12,21],[21,6],[5,6],[0,5],[-1,7],[0,1],[-20,13],[0,3],[3,13],[14,18],[3,9],[-2,6],[0,1],[-12,16],[-2,1],[-1,2],[0,7],[1,4],[14,13],[3,8],[0,9],[-2,13],[-3,14],[-2,5],[0,1],[-2,3],[-1,0],[-25,16],[-3,2],[-5,7],[0,11],[9,4],[29,-9],[5,-1],[9,1],[3,1],[6,6],[1,0],[-1,1],[0,1],[-1,10],[-1,1],[-3,4],[-11,6],[-63,30],[-7,3],[-17,6],[-38,5],[-6,1],[-21,11],[-5,5],[0,1],[8,27],[0,10],[-2,5],[-1,1],[-2,3],[-31,11],[-15,10],[-28,7],[-39,5],[-7,3],[-3,4],[-3,3],[-1,2],[-2,6],[6,20],[-5,22],[-12,5],[-41,10],[-9,2],[-5,3],[-10,10],[-9,10],[-3,4],[-15,19],[-13,23],[-10,11],[-1,2],[-13,10],[-16,8],[-9,4],[-6,2],[-24,5],[-31,4],[-32,6],[-24,10],[-23,18],[-11,11],[-10,14],[0,4],[2,3],[3,5],[0,1]],[[13524,96126],[19,-2],[7,-1],[56,-5],[22,-2],[26,-2],[66,-6],[32,-2],[23,-2],[73,-8],[14,-1],[37,-5],[18,-3],[72,-9],[25,-3],[8,-1],[25,-2],[37,-5],[31,-4],[21,-2],[131,-18],[35,-4],[25,-4],[7,-1],[22,-4],[6,0],[18,-3],[52,-7],[17,-2],[30,-4],[20,-2],[25,-4],[46,-6],[31,-4],[20,-4],[18,-1],[9,-1],[45,-3],[17,0],[35,-1],[14,-4],[19,-4],[16,-6],[5,-1],[9,-8],[5,-4],[2,0],[8,-4],[23,-14],[65,-39],[29,-17],[1,-1],[9,-5],[2,-1],[42,-22],[10,-6],[70,-38],[17,-8],[13,-8],[48,-28],[0,-1],[1,0],[43,-26],[6,-5],[39,-20],[11,-6],[53,-34],[16,-7],[60,-34],[20,-10],[35,-25]],[[15436,95602],[0,-1],[1,-13],[1,-17],[1,-10],[7,-75],[0,-1],[3,-4],[0,-1],[1,-3],[0,-1],[3,-12],[0,-18],[1,-6],[7,-22],[1,-1],[3,-5],[0,-1],[1,-5],[11,-87],[1,-15],[5,-35],[0,-7],[1,-6],[0,-4],[4,-33],[1,-5],[1,-7],[0,-1],[3,-27],[11,-83],[1,-5],[-1,-17],[0,-5]],[[15511,95037],[-1,0],[-67,-16],[-132,-30],[-70,-17],[-67,-16],[-39,-9],[-9,-2],[-101,-22],[-6,-2],[-38,-9],[-46,-12],[-32,-9],[-15,-5],[-110,-30],[-19,-5],[-56,-15],[-34,-6],[-85,-5],[-72,-4],[-10,0],[-9,-1],[-42,-2],[-127,-5],[-10,-1],[-17,-1],[-8,-2],[-7,-1],[-6,-1],[-11,-2],[-10,-3],[-1,0],[-8,-4],[-21,-7],[-18,-7],[-32,-12],[-4,-1],[-12,-4],[-35,-13],[-7,-3],[-8,-3],[-49,-18],[-71,-25],[-43,-15],[-16,-6],[-6,-1],[-23,-7],[-46,-10],[-4,-1],[-11,-3],[-13,-3],[-4,0],[-34,-13],[-37,-15],[-12,-4],[-7,-3],[-47,-7],[-112,-11],[-92,-12],[-18,-4],[-20,-6],[-4,-1],[-92,-28],[-7,-2],[-29,-9],[-4,-1],[-21,-8],[-31,-13],[-19,-12],[-30,-20],[-29,-20],[-11,4],[-7,2],[-3,1],[-39,10],[-7,1],[-5,2],[-3,0],[-15,4],[-1,0]],[[13087,94496],[3,5],[1,7],[0,1],[-13,9],[-22,5],[-31,4],[-40,5],[-55,1],[-1,0],[0,1],[-9,3],[-7,4],[-2,5],[0,1],[-2,12],[-2,17],[-1,2],[0,1],[-3,3],[-28,15],[-1,1],[10,10],[3,12],[-9,18],[2,2],[27,18],[8,9],[-2,9],[0,1],[-5,4],[-8,8],[-2,8],[33,19],[9,0],[15,-2],[3,-1],[7,0],[7,2],[4,2],[-2,9],[0,3],[1,3],[7,3],[10,2],[9,1],[8,-2],[36,-14],[8,-2],[17,3],[42,15],[5,2],[7,12],[9,4],[32,11],[8,6],[20,16],[18,36],[-13,9],[1,12],[1,20],[-2,3],[-1,1],[-18,6],[-16,5],[-34,15],[-37,13],[-10,4],[-40,20],[-12,7],[-8,5],[-7,5],[-25,16],[-23,12],[-67,21],[-21,9],[-18,11],[-8,5],[-33,28],[-3,3],[-4,2],[-37,18],[-35,11],[-93,81],[-20,17],[-10,19],[-4,2],[-35,6],[-33,11],[-3,3],[-2,3],[-1,2],[-1,0],[7,10],[0,2],[-8,4],[-18,2],[-14,5],[-3,9],[-9,11],[-8,10],[-2,2],[-21,17],[-40,27],[-15,4],[-10,-1],[-10,-2],[-46,3],[-21,4],[-20,9],[-1,3],[-3,5],[4,4],[1,8],[0,1],[-4,2],[-7,7],[0,1]],[[12291,95377],[3,0],[30,8],[78,24],[10,3],[41,14],[54,19],[37,14],[265,90],[54,19],[111,37],[14,5],[16,4],[21,2],[44,6],[67,9],[119,17],[47,6],[34,7],[19,4],[33,7],[13,2],[1,0],[31,6],[4,1],[100,31],[6,2],[15,6],[11,4],[10,3],[0,1],[1,0],[-27,19],[-70,41],[-74,44],[-52,31],[-29,17],[-43,26],[-22,11],[-19,10],[-5,3],[-2,1],[-1,0],[-5,3],[-13,8],[-1,1],[14,-3],[5,0],[27,2],[28,15],[5,3],[4,2],[20,13],[11,10],[24,21],[21,17],[7,7],[11,8],[24,15],[46,32],[48,34],[12,6],[0,1]],[[15511,95037],[-1,2],[-1,4],[-4,15],[0,7],[-1,3],[0,1]],[[15504,95069],[52,-12],[54,-12],[59,-13],[5,-1],[16,-4],[27,-5],[14,-3],[92,-22],[33,-8],[41,-10],[75,-19],[20,-5],[143,-43],[36,-11],[81,-25],[81,-24],[1,0],[50,-15],[26,-9],[4,-1],[24,-8],[127,-40]],[[16565,94779],[87,-31],[42,-16],[22,-7],[12,-6],[15,-6],[17,-5],[68,-21],[26,-8],[31,-9],[21,-7],[30,-7],[24,-3],[26,-3],[8,-2],[84,-18],[80,-11],[64,-8],[48,-5],[29,-3],[60,-6],[5,-1],[22,-2],[238,-23],[5,-1],[69,-7],[21,-2],[36,-5],[58,-10],[69,-13],[24,-5],[102,-24],[202,-47],[41,-7],[39,-7],[3,0],[7,-1],[1,-1],[9,-3],[49,-5],[7,-1],[43,-2],[80,-2],[20,1],[19,1]],[[18528,94430],[-1,0],[-29,-24],[-12,-10],[-21,-17],[-1,0],[-67,-53],[-60,-46],[-138,-106],[-142,-114],[-30,-18],[-29,-15],[-6,-2],[-6,-3],[-5,-2],[-30,-9],[-4,-2],[-16,-4],[-39,-11],[-29,-7],[-2,0],[-76,-18],[-148,-33],[-1,0],[-95,-22],[-20,-4],[-18,-3],[-38,-9],[-19,-4],[-9,-2],[-10,-2],[-16,-3],[-9,-2],[-12,-3],[-23,-4],[-24,-6],[-11,-2],[-33,-7],[-12,-3],[-23,-6],[-13,-3],[-37,-8],[-74,-18],[-22,-5],[-16,-2],[-24,-8],[-40,-11],[-17,-5],[-15,-4],[-16,-5],[-18,-6],[-14,-3],[-8,-1],[0,-1],[-10,-1]],[[16940,93773],[-8,-1],[-14,-2],[-37,-6],[-32,-5],[-222,-40],[-22,-3],[-26,-2],[-11,-2],[-62,-3],[-20,-2],[-34,-2],[-52,-4],[-14,-2],[-65,-7],[-193,-16],[-45,-3],[-102,-7]],[[15981,93666],[-6,33],[-14,70],[-5,29],[-1,0],[-1,4],[-2,21],[-1,2],[0,6],[1,7],[0,1],[-1,11],[-2,7],[-4,36],[0,1],[-4,27],[-2,23],[-5,29],[-1,9],[-3,13],[-2,10],[-1,4],[-1,1],[-7,22],[-8,20],[-9,14],[-3,2],[-4,9],[-5,8],[-8,13],[-4,8],[-12,23],[-3,7],[0,2],[-2,6],[-2,3],[-3,7],[-20,35],[-6,7],[-7,9],[-13,17],[-3,15],[0,4],[-23,41],[-2,4],[-5,9],[0,1],[-7,12],[-8,12],[-5,5],[0,1],[-4,5],[-12,24],[-12,21],[-6,9],[-8,16],[-10,16],[-3,7],[-3,6],[-3,4],[-8,13],[0,1],[-1,3],[-2,7],[-1,3],[-2,27],[1,3],[2,3],[0,19],[-1,12],[-4,31],[-6,25],[-1,0],[-1,5],[-1,0],[-1,5],[0,2],[-1,4],[0,1],[-5,14],[0,2],[-2,5],[-5,10],[-3,8],[-12,24],[-10,22],[-6,15],[-12,33],[-12,30],[-6,32],[-1,5],[-1,8],[-3,12],[-12,36],[0,1],[-2,6],[-2,8],[-3,9],[-1,1],[-6,10],[-7,11],[-4,12],[-2,5],[0,1],[-1,5],[-2,3],[-1,1],[-7,22],[-7,19],[-1,4],[-15,43],[-7,21],[0,1]],[[55,89601],[-1,337],[0,52]],[[55,89601],[107,-21],[1,0],[29,-6],[57,-11],[152,-34],[14,-5],[22,-3],[50,-12],[10,-2],[4,0],[24,-6],[9,-2],[32,-7],[12,-3],[88,-19],[8,-2],[19,-4],[17,-4],[44,-10],[17,-4],[17,-3],[37,-9],[57,-12],[115,-25],[21,-5],[16,-4],[9,-2],[7,-2],[22,-5],[26,-6],[16,-3],[21,-5],[26,-6],[41,-10],[22,-5],[10,-2],[28,-7],[3,0],[9,-2],[6,-2],[14,-3],[5,-1],[3,-1],[19,-4],[45,-10],[20,-5],[22,-4],[22,-6],[57,-11],[12,-3],[16,-3],[8,0]],[[52,88238],[0,148],[1,5],[0,6],[1,70],[0,463],[1,103],[0,568]],[[1008,88336],[0,6],[2,1],[0,1],[-4,1],[-10,27],[-1,9],[2,12],[1,4],[1,7],[-1,6],[-2,9],[-1,7],[2,11],[2,8],[0,2],[-1,7],[-1,4],[0,6],[1,4],[2,4],[1,6],[-1,30],[-3,14],[6,28],[12,25],[24,28],[25,44],[11,13],[15,13],[3,1],[21,6],[14,5],[5,5],[10,11],[7,13],[2,3],[8,6],[11,5],[21,5],[7,3],[14,14],[0,7],[-4,3],[-2,1],[-6,10],[-2,7],[-1,4],[-1,1],[-1,0],[0,1],[1,11],[5,9],[7,9],[9,8],[30,15],[14,9],[10,8],[15,20],[30,30],[13,12],[17,20],[3,1],[14,4],[4,0],[32,2],[18,5],[16,9],[10,10],[8,5],[4,1],[13,11],[3,11],[-4,8],[-8,9],[-2,7],[-2,6],[11,22],[13,24],[3,5],[1,3],[0,1],[1,3],[0,2],[-6,11],[-2,7],[-2,9],[0,1],[-3,8],[2,15],[9,26],[0,2],[1,1],[2,5],[7,13],[2,4],[4,19],[8,40],[5,12],[7,17],[3,5],[1,1]],[[1523,89280],[2,-1],[8,-1],[3,-1],[13,-3],[25,-5],[16,-4],[13,-4],[1,0],[20,-4],[4,0],[60,-13],[9,-2],[12,-3],[26,-5],[115,-25],[93,-19],[65,-16],[115,-23],[153,-33],[66,-14],[75,-17],[10,-3],[38,-7],[2,0],[68,-15],[49,-11],[39,-10],[27,-5],[78,-18],[54,-12],[58,-12],[23,-5],[27,-5],[28,-5],[18,-4],[20,-4],[34,-8],[124,-27],[172,-38],[23,-5],[75,-17],[18,-4],[52,-11],[16,-5],[8,0],[41,-9],[146,-32],[38,-8],[11,-3]],[[3714,88804],[13,-3],[38,-8],[24,-6],[86,-19],[45,-8],[37,-7],[14,-4],[8,-3],[13,-3],[26,-5],[13,-5],[6,-2],[14,-2],[4,-1],[13,-2],[10,0]],[[52,87899],[0,339]],[[52,88238],[1,0],[58,8],[19,2],[221,25],[17,2],[57,8],[92,8],[20,3],[30,4],[20,2],[45,4],[51,6],[21,1],[26,1],[1,0],[28,2],[160,14],[78,7],[11,1]],[[1008,88336],[1,0],[22,2],[67,6],[17,2],[4,0],[68,5],[19,1],[144,10],[38,4],[67,8],[36,1],[9,1],[26,2],[33,4],[77,7],[28,3],[17,3],[7,0],[23,3],[7,1],[46,3],[34,3],[48,4],[35,2],[28,2],[19,1],[61,2],[51,2],[81,3],[89,3],[41,1],[276,11],[13,0],[107,6],[28,2],[46,4],[40,4],[52,4],[42,4],[26,3],[71,8],[5,1],[22,5],[40,8],[45,6],[53,12],[29,6],[50,10],[92,18],[14,2],[18,1],[33,0],[16,-2],[8,0],[15,-1],[7,1],[11,0],[6,1],[14,2],[12,4],[11,4],[10,5],[7,5],[16,14],[1,0],[12,11],[33,32],[12,11],[13,12],[22,20],[11,11],[6,7],[3,3],[7,10],[4,7],[16,22],[0,1],[7,5],[18,15],[6,6],[25,23],[9,10],[8,8],[14,16],[1,1]],[[6952,90524],[14,-8],[61,-39],[93,-59],[14,-9],[5,-3],[38,-24],[14,-9],[100,-62],[91,-57],[75,-49],[125,-78],[4,-3],[101,-61],[5,-2],[13,-6],[8,-4],[7,-3],[3,-1],[2,-1],[17,-9],[145,-76],[118,-62],[373,-196],[49,-26],[112,-51],[9,-4]],[[8548,89622],[0,-1],[14,-7],[17,-9],[1,0],[0,-1],[15,-8],[6,-5],[11,-9],[4,-2],[3,-4],[2,-1],[1,-1],[1,-2],[3,-3],[0,-1],[2,-3],[1,-2],[1,-1]],[[6587,88986],[-15,0],[-45,2],[-134,5],[-44,2],[-183,7],[-192,9],[-150,5],[-81,4],[-70,4],[-25,2],[-169,7],[-68,-1],[-50,-4],[-76,-5],[-54,-4],[-1,0],[-43,22],[-16,10],[-24,16],[-16,8],[-2,2],[-4,2],[-8,7],[-14,10],[-8,6],[-31,24],[-3,1],[0,1],[-6,5],[-11,10],[-12,14],[0,1],[-20,20],[-1,2],[-5,5],[-3,4],[0,1]],[[6318,90995],[1,0],[5,-2],[13,-6],[35,-13],[2,-1],[0,-1],[4,-2],[25,-13],[31,-19],[23,-17],[12,-9],[10,-9],[1,-1],[20,-17],[4,-3],[7,-6],[0,-1],[1,0],[2,-2],[0,-1],[5,-3],[2,-2],[3,-2],[2,-3],[2,-2],[5,-4],[7,-7],[9,-8],[13,-12],[17,-15],[19,-17],[16,-15],[2,-2],[13,-12],[19,-18],[22,-19],[13,-13],[3,-2],[9,-7],[2,-3],[20,-18],[2,-2],[24,-19],[23,-18],[9,-6],[7,-6],[34,-24],[27,-17],[66,-43],[10,-6],[33,-23]],[[6952,90524],[-1,0],[-18,-7],[-48,-12],[-23,-6],[-69,-17],[-23,-5],[-5,-2],[-17,-4],[-6,-1],[-5,-2],[-18,-5],[-5,-1],[28,-23],[3,-2],[14,-11],[9,-7],[2,-3],[1,0],[9,-7],[16,-13],[15,-12],[18,-15],[11,-9],[5,-4],[14,-11],[4,-3],[11,-9],[6,-5],[3,-2],[14,-12],[17,-13],[18,-15],[7,-5],[12,-10],[1,-1],[-11,-3],[-10,-2],[-9,-2],[-138,-30],[-73,-16],[-61,-13],[-68,-15],[-54,-12],[-97,-20],[-122,-26],[-10,-2],[-18,-4],[-14,-4],[-49,-10],[-24,-5],[-19,-4],[-4,-7],[-2,-2],[-4,-9],[-4,-5],[-6,-10],[-5,-9],[-1,-1],[-24,-41],[-18,-32],[-1,-1],[-2,-3],[-5,-9],[-6,-10],[-2,-4],[0,-1],[-2,-2],[-11,-18],[-5,-9],[-11,-18],[-11,-19],[-16,-27],[-15,-26],[-10,-16],[-11,-19],[-12,-22],[-11,-18],[-11,-19],[-11,-20],[-14,-21],[-2,-5],[-3,-5],[-11,-18],[-15,-23],[0,-1],[-2,-2],[-5,-8],[-19,-31],[-2,-3],[-11,-18],[-7,-11],[-12,-20],[-15,-24],[-5,-9],[-16,-25],[-14,-22],[-11,-18],[-5,-8],[-6,-10],[-12,-19],[-10,-16],[-3,-4],[-3,-7],[-5,-7],[-22,-35],[-4,-6],[5,1],[40,4],[12,2],[34,4],[11,2],[14,3],[-1,-1],[-1,-3],[-1,-2],[-2,-2],[-18,-32],[-14,-24],[-20,-34],[-13,-20],[0,-2],[-16,-2],[-9,-1],[-16,-2],[-6,-1],[-59,-8],[-15,-2],[-1,0],[0,5],[-24,-2],[-70,-10],[-123,-6],[-36,-5],[-32,-4],[-75,-2],[-94,1],[-85,-1],[-66,-7],[-1,-1],[-35,-7]],[[4399,89269],[-1,0],[-1,-1],[-14,-1],[-37,-6],[1,0],[5,-5],[3,-6],[2,-3],[0,-1],[4,-12],[1,-17],[-1,-5],[-1,-7],[-2,-12],[-2,-13],[0,-1],[-1,-3],[-3,-6],[-4,-13],[-3,-8],[-4,-15],[-6,-22],[-8,-16],[-5,-9],[0,-1],[-2,-2],[-12,-18],[0,-8],[-1,-4],[-2,-3],[-9,-15],[-9,-18],[0,-1],[-6,-11],[0,-1],[-1,-1],[0,-10],[1,-2],[3,-11],[0,-1],[3,-9],[6,-31],[0,-1],[1,0],[0,-4],[1,-10],[5,-13],[1,-1],[4,-21],[0,-2],[1,-13],[1,-2],[2,-6],[0,-4],[3,-8],[0,-2],[1,-1],[0,-5],[1,-5],[1,-1],[1,-3],[3,-10],[1,-11],[6,-27],[9,-38],[1,-5],[0,-5],[2,-16]],[[4107,88724],[-12,2],[-17,0]],[[4078,88726],[-22,11],[-6,4],[-1,1],[-7,5],[-2,0],[-2,1],[-21,17],[-77,50],[-8,6],[-26,17],[-18,13],[-16,13],[-1,0],[-1,1],[-2,0],[-7,6],[-26,20],[-17,13],[-1,1],[-27,21],[-36,29],[-1,0],[-2,1],[-26,22],[-16,15],[-17,16],[-7,7],[-1,0],[-16,16],[-2,3],[-9,8],[-2,3],[-1,0],[-2,3],[-10,10],[-10,13],[-5,6],[-1,1],[-2,3],[-5,8],[-4,6],[-3,6],[-11,17],[-3,5],[-12,17],[-5,7],[-2,3],[-9,13],[-4,7],[-6,10],[-1,2],[-3,5],[-18,25],[-40,42],[-11,10],[-9,8],[-2,1],[-2,2],[-2,3],[-1,1],[-18,12],[-26,17],[-15,10],[-29,17],[-2,0],[-27,14],[-34,16],[-16,9],[-61,32],[-42,25],[-19,13],[-1,1],[-1,0],[-5,4],[-6,6],[-1,2],[-1,1],[-16,17],[-15,16],[-1,0],[-7,9],[-29,32],[-3,3],[-18,19],[-1,2],[-20,21],[-17,18],[0,1],[-14,16],[-30,33],[-8,9],[-4,6],[-14,15],[-42,42],[-10,8],[-5,5],[-13,10],[-20,13],[-3,3],[-8,6],[-14,10],[-8,4],[-11,7],[-18,12],[0,1],[-13,7],[-38,23],[-11,6],[-2,1],[-1,1]],[[54,89990],[0,83],[-1,102],[0,761],[1,149],[-1,8],[-1,3],[0,25],[1,33],[0,395],[1840,0],[1,2],[5,7],[14,20],[32,42],[8,12],[13,17],[16,22],[5,8],[15,18],[16,21],[9,13],[6,8],[8,10],[11,14],[20,27],[20,25],[18,24],[10,13],[6,8],[52,65],[18,23],[9,11],[9,12],[18,23],[32,39],[7,8],[10,12],[23,28],[20,23],[32,37],[32,39],[35,42],[35,39],[31,35],[6,8],[14,14],[3,5],[1,1],[2,3],[14,14],[2,3],[12,14],[12,13],[2,3],[10,10],[2,3],[3,2],[8,9],[4,4],[5,7],[9,9],[7,8],[12,12],[1,2],[6,7],[10,11],[9,9],[4,5],[15,15],[8,10],[14,14],[11,13],[2,1],[3,3],[5,6],[1,2],[25,25],[7,8],[9,9],[0,1],[8,8],[3,2],[5,7],[18,18],[7,8],[26,26],[1,2],[1,1],[7,8],[14,14],[1,0],[1,1],[10,11],[1,1],[4,3],[3,5],[2,1],[6,6],[11,12],[65,65],[120,119],[103,99],[69,65],[43,41],[78,71],[58,53],[110,99],[40,40],[78,64],[48,40],[1,0]],[[3689,93469],[123,1],[60,-1],[159,1],[31,1],[18,1],[27,2],[39,5],[18,3],[14,1],[11,3],[14,5],[8,5],[9,6],[16,11],[31,28],[13,8],[69,37],[7,3],[52,25],[1,1],[51,25],[31,14],[17,7],[27,10],[15,5],[17,3],[43,7],[29,4],[66,9],[68,8],[22,3],[171,22],[31,6],[22,3],[34,4],[7,1],[48,2],[22,1],[21,1],[15,0],[50,-2],[23,-3],[11,-1],[12,-2],[21,-3],[26,-6],[16,-5],[18,-5],[16,-6],[29,-12],[32,-16],[10,-2],[6,-2],[9,-1],[55,-9],[20,-5],[13,-4],[18,-6],[39,-14],[11,-5],[34,-15],[24,-9],[17,-6],[47,-16],[64,-23],[122,-43],[17,-7],[61,-20]],[[5987,93502],[1,0],[15,-7],[74,-27],[4,-2],[77,-29],[155,-61],[32,-12],[91,-34],[1,0],[26,-11],[50,-19],[35,-13],[32,-12],[41,-15],[65,-22],[48,-13],[43,-11],[26,-6],[27,-5],[75,-13],[7,-1],[128,-23],[1,0],[16,-3],[5,-1],[28,-6],[5,-1],[13,-3],[36,-12],[25,-10],[15,-7],[11,-6],[24,-14],[2,-1],[36,-20],[1,0],[67,-36],[15,-9],[8,-3],[9,-2],[6,-3],[21,-12],[46,-25],[41,-23],[56,-30],[12,-6],[25,-12],[34,-16],[14,-5],[19,-7],[47,-16],[33,-9],[72,-18],[46,-14],[53,-14],[26,-10],[29,-10],[26,-10],[21,-6],[2,0]],[[8713,91031],[9,-13],[4,-6],[1,-1],[0,-1],[3,-8],[10,-30],[1,-4],[1,-1],[2,-4],[1,-1],[1,0],[2,-2],[14,-7],[28,-9]],[[8790,90944],[-2,0],[-132,-2],[-74,11],[-40,5],[-272,44],[-276,24],[-29,-4],[-52,-7],[-97,-7],[-59,5],[-794,0],[-206,-4],[-116,1],[-39,0],[-231,-3],[-32,-4],[-21,-8]],[[6318,90995],[-13,5],[-18,6],[-6,1],[-44,13],[-41,11],[-9,2],[-15,3],[-14,3],[-5,1],[-34,5],[-12,2],[-49,5],[-27,4],[-13,2],[-8,2],[-22,6],[-2,0],[-53,-56],[-23,-24],[-101,-112],[-30,-27],[-8,-8],[-8,-7],[-47,-33],[-16,-9],[-42,-26],[-12,-8],[-28,-17],[-68,-48],[-36,-25],[-1,-2],[-3,-2],[-14,-13],[-3,-3],[-12,-16],[-11,-24],[-21,-43],[-32,-71],[-2,-3],[-25,-58],[-17,-39],[-2,-5],[-9,-20],[-16,-36],[-17,-38],[-23,-39],[-29,-44],[-36,-39],[-2,-2],[-10,-11],[-39,-39],[-1,-2],[-16,-17],[-51,-56],[-19,-19],[-5,-7],[-22,-21],[-7,-7],[-6,-7],[-30,-30],[-6,-7],[-24,-25],[-2,-1],[-2,-3],[-4,-4],[-7,-6],[-9,-10],[-1,-1],[-1,-2],[-6,-5],[-6,-7],[-13,-13],[-40,-41],[-14,-14],[-2,-4],[-2,-1],[-6,-7],[-20,-22],[-6,-7],[-2,-2],[-6,-7],[-2,-2],[-1,0],[-2,-3],[0,-1],[-2,-1],[-3,-4],[-35,-35],[-1,0],[-18,-17],[0,-1],[-1,0],[-3,-5],[-8,-10],[-1,0],[-3,-5],[-5,-9],[-3,-3],[-2,-3],[-2,-4],[-1,-3],[-2,-4],[-1,-4],[-1,0],[0,-1],[-1,-2],[0,-1],[-1,-5],[-1,-1],[2,-3],[1,-3],[1,0],[1,-3],[0,-4],[2,-6],[1,-2],[8,-19],[10,-15],[4,-7],[2,-2],[9,-15],[38,-62],[17,-30],[20,-34],[11,-23],[1,0],[1,-4],[5,-19],[2,-4],[0,-2],[6,-22],[6,-20],[9,-19],[-1,-5],[3,-6],[0,-1],[26,-35],[1,-1],[38,-52],[17,-23],[2,-3],[6,-6]],[[5003,89190],[-1,-1],[-37,-8],[-30,-8],[-36,-2],[-50,3],[-31,7],[-68,14],[-75,9],[-68,3],[-76,-1],[-41,2],[-24,8],[-30,18],[-37,35]],[[4399,89269],[-23,21],[-33,19],[-46,26],[-84,35],[-37,18],[-10,8],[-13,10],[-12,24],[8,14],[-1,15],[12,15],[84,61],[26,26],[48,47],[4,5],[-16,2],[-12,2],[-6,0],[-4,1],[-142,18],[-20,2],[-2,0],[-9,1],[-1,0],[-307,36],[-69,9],[-7,54],[-8,49],[-5,40],[-5,34],[-5,28],[0,1],[-90,-5],[-168,-10],[-140,-8],[-135,-8],[-81,-5],[-141,-8],[-69,-4],[-45,-3],[-62,-3],[-1,-1],[-19,0]],[[2753,89835],[-33,17],[-35,17],[-28,16],[-24,15],[-11,6],[-14,8],[-8,7],[-6,5],[-5,4],[-2,0],[-14,11],[-5,4],[-17,14],[-1,1],[-19,16],[-34,30],[-4,4],[-12,11],[-3,3],[-12,11],[-9,9],[-49,44],[-17,16],[-4,4],[-15,13],[-4,3],[0,1],[-7,5],[-16,16],[-6,5],[0,1],[-1,0],[-1,1],[-5,6],[-2,2],[-7,6],[-3,2],[-3,3],[0,1],[-1,1],[-21,20],[-26,21],[-12,8],[-7,0],[-17,-1],[-2,0],[-9,-1],[-99,-6],[-19,-1],[-16,-1],[-94,-8],[0,-1],[3,-7],[4,-14],[14,-35],[4,-8],[0,-1],[9,-26],[1,-1],[9,-24],[1,-1],[0,-3],[1,-1],[0,-1],[1,-4],[1,-3],[3,-10],[-1,0],[-41,-23],[-4,-2],[-34,-19],[-23,-2],[0,-3],[-6,-3],[-5,-1],[-10,0],[-3,-1],[-4,-2],[-1,-1],[0,-1],[3,-6],[1,-1],[2,-9],[2,-4],[-2,-3],[0,-4],[2,-2],[1,0],[4,-2],[7,0],[6,-1],[1,-1],[0,-1],[-1,-1],[-6,-3],[-8,-3],[-7,-5],[-6,-5],[-3,-4],[-4,-5],[-2,-6],[0,-1],[1,-2],[0,-1],[2,-2],[3,-1],[2,-1],[1,-1],[0,-2],[-3,-1],[-3,-2],[-2,-2],[-1,-5],[-2,-2],[-10,0],[-3,-1],[-2,1],[-65,29],[-42,18],[-4,3],[-1,0],[-1,1],[-24,-11],[-26,-11],[1,0],[30,-14],[68,-30],[29,-13],[3,-1],[-3,0],[-24,-3],[-5,0],[-28,-3],[-7,0],[-43,-5],[-9,0],[-10,-1],[-48,-5],[-2,0],[-10,-1],[-19,-2],[-23,-2],[-2,0],[-9,-1],[-18,-1],[-26,-3],[-2,0],[-8,-1],[-53,-5],[-1,0],[-8,-1],[-10,0],[-71,-7],[-491,-43],[-1,0],[-2,10],[-6,8],[-2,3],[-4,2],[-4,1],[-5,1],[-17,2],[-26,1],[-9,0],[-33,3],[-32,7],[-14,2],[-15,2],[-23,4],[-12,4],[-19,6],[-4,1],[-13,4],[-12,4],[-14,5],[-8,2],[-9,1],[-23,6],[-7,1],[-7,3],[-1,0],[-4,1],[-3,1],[-2,0],[-3,2],[-8,2],[-16,7],[-19,11],[-7,3],[-1,0],[-18,4],[-51,8],[-4,0],[-43,6],[-10,3],[-9,4],[-7,6],[-1,0],[-3,5],[-1,4],[0,3],[-1,2],[-2,10],[0,3],[1,2],[1,3],[-3,3],[-4,1],[-1,0],[1,1],[39,34],[2,1],[5,5],[-5,1],[-2,0],[-26,6],[-21,5],[-3,0],[-8,-1],[-1,0],[-7,1],[-35,0],[-20,-1],[-79,0],[-3,-7],[-2,-2],[0,-22],[-2,-8],[-34,2],[-6,0],[-60,-1],[-38,-4],[-24,-2]],[[18,86633],[0,3],[-1,1],[0,9],[-1,6],[0,11],[-1,9],[0,15],[-2,13],[0,10],[-1,5],[0,5],[-1,8],[0,18],[-1,8],[0,18],[-1,8],[-1,20],[0,17],[-1,5],[0,6],[-1,21],[-1,20],[0,22],[-2,37],[0,49],[-1,0],[0,68],[-1,0],[0,1],[-1,8],[1,9],[12,335],[0,19],[1,3],[0,9],[1,1],[0,12],[1,0],[0,18],[1,1],[0,14],[1,2],[0,15],[1,1],[0,14],[1,1],[0,8],[1,0],[0,7],[1,1],[0,6],[1,1],[0,13],[1,2],[0,14],[1,1],[0,10],[1,0],[0,16],[1,1],[0,6],[1,1],[0,5],[1,1],[0,6],[1,1],[0,12],[1,1],[0,11],[1,2],[0,10],[1,1],[0,12],[2,1],[0,13],[1,0],[0,9],[1,1],[0,6],[1,1],[0,11],[1,1],[0,10],[1,1],[0,6],[1,0],[0,5],[1,1],[0,11],[1,1],[0,9],[1,0],[0,11],[1,0],[0,5],[1,1],[0,10],[1,1],[0,5],[1,1],[0,3],[1,2],[0,9],[1,1],[0,9],[1,1],[0,10],[1,1],[0,85]],[[52,87899],[1,0],[55,9],[6,1],[109,20],[102,20],[29,5],[23,4],[16,3],[7,1],[18,4],[25,4],[24,5],[24,4],[7,1],[21,4],[7,1],[21,4],[6,1],[20,4],[22,4],[30,5],[16,3],[6,1],[16,3],[7,1],[15,3],[9,2],[18,3],[7,1],[26,5],[21,4],[26,4],[34,6],[6,1],[33,6],[75,14],[4,-4],[3,-5],[1,0],[110,20],[162,29],[58,11],[429,73],[66,12],[93,16],[2,1],[1,0],[0,-1],[13,-14],[38,-46],[15,-18],[5,-8],[2,-2],[14,-16],[2,-3],[18,-18],[11,-12],[1,0],[3,-3],[2,-3],[6,-5],[11,-12],[5,-6],[6,-6],[5,-6],[13,-16],[16,-20],[5,-6],[6,-6],[10,-15],[2,-1],[4,-7],[1,-1],[0,-2],[1,0],[4,-8],[15,-19],[9,-9],[11,-12],[3,-3],[2,-1],[0,-1],[4,-2],[3,-3],[2,-1],[3,-3],[9,-6],[1,-1],[12,-8],[25,-14],[2,-2],[7,-4],[22,-11],[9,-4],[43,-19],[17,-7]],[[5987,93502],[5,4],[2,3],[9,17],[3,7],[2,2],[1,6],[20,29],[3,5],[7,15],[19,34],[11,31],[14,27],[17,33],[1,2],[12,23],[6,16],[1,5],[5,21],[1,14],[1,20],[0,1],[-1,13],[-6,19],[-2,4],[-5,12],[-6,12],[-4,6],[-7,11],[-3,3],[-4,7],[-9,12],[-16,24],[216,12],[150,8],[441,23],[56,3],[104,6],[105,7],[3,0],[4,1],[8,0],[28,2],[8,1],[56,3],[45,3],[14,1],[79,6],[15,2],[1,0],[9,-7],[66,5],[-1,3],[84,0],[-1,-1],[-6,-3],[-16,-5],[1,0],[20,-20],[-2,-9],[1,0],[0,-3],[1,-1],[-2,-15],[-5,-11],[1,0],[4,-10],[0,-1],[7,-4],[7,-3],[3,-1],[14,-8],[55,6],[22,1],[7,0],[5,-1],[23,-3],[41,-11],[41,-7],[8,-2],[28,-12],[21,-15],[1,-1],[1,-3],[1,-2],[2,-2],[10,-3],[23,4],[4,0],[7,-2],[8,-4],[15,-6],[8,-5],[12,-17],[1,-2],[0,-5],[-1,-9],[6,-18],[8,-5],[18,-10],[12,-6],[1,0],[6,-13],[13,-18],[5,-5],[31,-13],[25,-7],[5,-2],[6,-3],[8,-8],[18,-9],[3,-1],[34,6],[98,19],[33,6]],[[8255,93736],[0,-1],[14,-17],[15,-18],[1,-2],[25,-31],[6,-7],[8,-9],[0,-1],[15,-17],[11,-8],[7,-7],[11,-5],[18,-9],[32,-13],[47,-18],[32,-12],[200,-73],[6,-2],[24,-12],[19,-12],[15,-11],[11,-12],[0,-1],[2,-4],[4,-9],[2,-6],[2,-9],[0,-12],[-1,-11],[0,-1],[-9,-13],[-15,-17],[-9,-12],[-4,-14],[1,-2],[0,-1],[1,-2],[1,0],[0,-1],[-2,-14],[1,-19],[8,-30],[6,-9],[1,-1],[9,-10],[10,-8],[12,-10],[6,-2]],[[8798,93221],[1,0],[1,-1],[8,-1],[6,-5],[2,-2],[39,-36],[13,-11],[55,-44],[3,-2],[12,-6],[12,-9],[49,-37],[21,-17],[17,-20],[1,-1],[2,-4],[7,-9],[3,-5],[1,-3],[1,-2],[4,-9],[-1,0],[-2,-5],[-3,-7],[-1,-2],[-6,-7],[-5,-9],[0,-4],[1,-1],[0,-4],[4,-3],[7,-6],[4,-2],[3,-1],[10,-5],[6,-2],[13,-4],[19,-5],[23,-3],[24,-5],[24,-9],[26,-7],[88,-16],[12,-5],[112,-19],[28,-3],[23,-3],[36,-2],[8,0],[70,-1],[37,-2]],[[9616,92855],[0,-1],[-68,-59],[-97,-66],[-168,-60],[-243,-65],[-212,-53],[-108,-20]],[[7985,92786],[-1,0],[-21,6],[-26,10],[-29,10],[-26,10],[-53,14],[-46,14],[-72,18],[-33,9],[-47,16],[-19,7],[-14,5],[-34,16],[-25,12],[-12,6],[-56,30],[-41,23],[-46,25],[-21,12],[-6,3],[-9,2],[-8,3],[-15,9],[-67,36],[-1,0],[-36,20],[-2,1],[-24,14],[-11,6],[-15,7],[-25,10],[-36,12],[-13,3],[-5,1],[-28,6],[-5,1],[-16,3],[-1,0],[-128,23],[-7,1],[-75,13],[-27,5],[-26,6],[-43,11],[-48,13],[-65,22],[-41,15],[-32,12],[-35,13],[-50,19],[-26,11],[-1,0],[-91,34],[-32,12],[-155,61],[-77,29],[-4,2],[-74,27],[-15,7],[-1,0]],[[8713,91031],[-31,0],[-49,8],[-58,16],[-20,9],[-35,9],[-26,16],[-19,5],[-1,2],[-1,3],[0,1],[5,11],[-10,9],[-30,9],[-30,10],[-24,7],[-81,15],[-118,27],[-24,7],[-40,4],[-29,3],[-12,1],[-60,16],[-34,4],[-53,12],[-56,7],[-42,17],[-25,6],[-22,12],[-33,8],[-22,9],[-14,15],[-6,4],[-8,1],[-89,4],[-11,1],[-11,2],[-15,11],[-13,1],[-47,-1],[-25,3],[-8,4],[0,1],[-1,3],[-7,14],[-6,4],[-15,0],[-31,-5],[-16,3],[-7,8],[-5,3],[-28,9],[-19,10],[-16,2],[-20,3],[-14,8],[0,1],[1,10],[-3,4],[-14,8],[-62,16],[0,1],[53,34],[42,27],[80,54],[20,16],[12,10],[17,14],[26,24],[23,34],[10,29],[2,2],[6,30],[1,24],[-4,24],[-10,56],[-4,23],[0,31],[2,14],[2,10],[22,54],[1,2],[0,1],[8,6],[16,26],[23,52],[14,34],[57,119],[51,106],[28,59],[6,10],[7,18],[33,63],[27,48],[1,1],[0,1],[47,83],[24,36],[63,90],[40,55],[12,12],[4,12]],[[7985,92786],[1,0]],[[7986,92786],[60,-15],[34,-8],[118,-26],[30,-8],[60,-15],[70,-21],[22,-7],[76,-25],[70,-25],[5,-3],[1,0],[2,-1],[26,-12],[61,-30],[57,-33],[4,-2],[38,-24]],[[8720,92531],[1,-1],[46,-28],[91,-54],[19,-11],[24,-13],[21,-8],[61,-23],[12,-5],[81,-31],[29,-12],[1,-1],[2,-1],[36,-20],[11,-8],[20,-16],[10,-7],[2,-3],[5,-3],[38,-36],[0,-1],[-2,-3],[1,-1],[31,-33],[22,-24],[24,-27],[47,-46],[21,-21],[27,-25],[7,-2],[0,-1],[26,-25],[1,-1],[18,-20],[24,-35],[3,-10],[1,-3],[3,-13],[5,-20],[2,-9]],[[9491,91930],[2,-10],[4,-14],[0,-2],[1,-3],[0,-2],[5,-25],[1,-4],[0,-1],[9,-62],[4,-22],[1,-9],[1,-4],[6,-28],[2,-11],[5,-23],[14,-63],[7,-33],[9,-34],[3,-11],[11,-43],[0,-1],[16,-51],[14,-42],[14,-45],[0,-3],[2,-9],[0,-4],[1,-4],[1,-11],[1,-3]],[[9625,91353],[-12,0],[-10,1],[-129,13],[-55,5],[-164,18],[-183,20],[-23,1],[-19,1],[-8,0],[-14,-1],[-26,-1],[-28,-2],[-83,-10]],[[8870,91398],[1,0]],[[8871,91398],[2,-2],[0,-1],[1,0],[5,-4],[7,-5],[42,-18],[8,-6],[14,-17],[0,-1],[2,-13],[0,-3],[3,-13],[1,-7],[0,-1],[-8,-11],[-55,-41],[-8,-17],[-3,-9],[-5,-5],[-50,-42],[-13,-19],[-3,-16],[-2,-4],[-1,-15],[-16,-19],[-11,-6],[-3,-3],[-52,-30],[0,-1],[-1,-1],[-1,-2],[-10,-21],[-1,-14]],[[11489,87181],[-14,-1],[-2,-1],[-13,-6],[-4,-3],[-7,-8],[-25,-64],[-5,-14],[-357,-29],[-184,-12],[-117,-9],[-640,-50],[-3,5],[-1,3],[-1,2],[-2,7],[0,15],[4,11],[0,4],[1,0],[3,4],[26,25],[-50,12],[-50,11],[-219,54],[-40,6],[-31,7],[-36,10],[-1,0],[6,6],[18,17],[6,6],[-22,5],[-15,3],[-34,10],[-13,4],[-19,7],[-20,6],[-59,20],[-19,7],[-33,14],[-16,7],[-25,8],[-23,7],[-22,4],[-22,3],[-7,1],[-14,1],[-27,4],[-31,0],[-13,-1],[-19,-2],[-23,-2],[-19,-3],[-7,-2],[-7,-1],[-17,-6],[-9,-2],[-21,-9],[-5,-1],[-15,-7],[-16,-10],[-11,-10],[-10,-10],[-7,-8],[-2,-2],[-11,-17],[-17,1],[-7,0],[-44,-2],[-17,-3],[-11,-3],[-21,-7],[-26,13],[-13,6],[-9,5],[-50,30],[-22,14],[-1,0],[-30,-8],[-10,-3],[-41,-15],[-27,-10],[-7,-4],[-27,-12],[-25,7],[-10,3],[-19,2],[-32,0],[-15,-1],[-7,0],[-27,-4],[-24,-4],[-53,-8],[-19,-3],[-24,-5],[-22,-4],[-68,-14],[-23,-4],[-12,-2],[-4,-1],[-32,-7],[-12,-2],[-11,-1],[-4,-1],[-26,-6],[-10,-2],[-23,-4],[-69,-13],[-23,-5],[-22,-4],[-70,-13],[-46,-8],[-70,-13],[-23,-5]],[[11422,87969],[-3,11],[-5,15],[-3,11],[-12,37],[-4,13],[-5,25],[-3,16],[-5,19],[-2,7],[-1,4],[-7,25],[-1,1],[-6,7],[-2,6],[-2,2],[0,1],[-5,18],[0,1],[-7,16],[-2,5],[0,1],[-2,2],[-21,30],[-13,18],[-37,26],[-38,25],[-3,3],[-1,0]],[[11558,88428],[2,0],[7,-1],[22,-2],[7,-1]],[[11596,88424],[2,0],[67,-5],[5,0],[98,-4],[107,-4],[69,-3],[5,0],[93,-4],[47,-2],[129,-8],[88,-9],[29,-4],[27,-3],[69,-11],[63,-11],[45,-8],[44,-8],[104,-17],[63,-11],[1,0],[155,-26],[80,-13],[383,-65],[1,0],[75,-14],[78,-12]],[[13523,88182],[1,0],[29,-5],[82,-15],[6,-2],[27,-8],[129,-43],[47,-18],[26,-8],[50,-17],[32,-13],[27,-12],[5,-3],[55,-29],[1,-1],[8,-3],[20,-12],[7,-5],[27,-18],[5,-4],[10,-7],[4,-3],[2,-2],[3,-2],[1,0],[3,-2],[4,-3],[2,-1],[11,-7],[4,-3]],[[11489,87181],[6,7],[1,7],[1,2],[5,40],[1,9],[0,1],[-1,4],[-2,12],[6,29],[7,49],[3,23],[2,14],[0,4],[3,21],[0,4],[-1,11],[0,1],[-5,6],[1,5],[11,60],[1,10],[2,24],[0,9],[3,17],[2,10],[0,1],[2,9],[0,13],[-1,5],[4,32],[1,12],[1,0],[0,10],[2,18],[4,9],[3,8],[2,7],[1,16],[1,2],[0,1],[1,6],[0,14],[-1,16],[0,1],[-2,14],[0,2],[-2,10],[-2,3],[-8,16],[-2,3],[-4,9],[-1,1],[-3,5],[-1,0],[-1,2],[-2,3],[-2,2],[-2,3],[-2,2],[-2,3],[-7,10],[-2,1],[0,1],[-4,6],[-7,7],[-1,2],[-4,4],[-4,5],[-3,5],[-4,4],[-6,7],[-5,5],[-2,1],[-1,2],[-2,2],[-24,35],[-1,2],[0,1],[-5,11],[-1,3],[0,1],[-1,0],[-1,7],[-1,0],[-7,17],[0,2],[-2,3],[-2,5],[0,2]],[[11422,87969],[30,2],[91,6],[30,3],[30,2],[26,4],[49,16],[24,6],[35,5],[2,0],[42,3],[31,2],[5,0],[36,2],[73,5],[37,2],[0,-1],[1,-4],[0,-1],[2,-5],[1,-1],[3,-9],[0,-4],[1,-1],[0,-1],[3,-7],[2,-6],[2,-7],[1,-5],[2,-6],[3,-6],[2,-2],[5,-7],[7,-5],[0,-1],[7,-3],[12,-3],[-1,-1],[-22,-21],[-9,-8],[-4,-9],[0,-8],[2,-5],[1,-3],[7,-6],[9,-5],[37,-17],[34,-16],[18,6],[53,20],[18,7],[18,6],[25,10],[26,9],[18,6],[19,8],[59,22],[19,7],[32,12],[76,29],[20,10],[18,12],[5,5],[1,0],[51,-15],[154,-44],[52,-15],[5,-1],[13,-4],[4,-1],[18,-6],[70,-20],[4,-2],[12,-4],[3,-2],[12,-7],[17,-17],[30,2],[91,7],[31,3],[43,3],[133,9],[43,3],[0,-1],[5,-40],[11,-121],[3,-41],[1,-1],[0,-12],[1,-5],[0,-5]],[[11443,86939],[1,5],[1,3],[0,1],[2,18],[3,17],[2,5],[4,9],[1,2],[4,19],[6,22],[2,8],[0,1],[2,3],[6,36],[0,1],[15,85],[0,2],[-3,4],[0,1]],[[8059,89408],[10,4],[11,3],[12,4],[64,21],[38,11],[25,8],[9,2],[10,3],[47,16],[17,6],[70,19],[88,19],[7,2],[61,15],[6,1],[14,4],[54,12],[16,4],[12,0]],[[8630,89562],[18,3],[55,11],[52,9],[16,3],[57,8],[75,12],[11,1],[2,0],[27,3],[8,1],[34,5],[38,6],[27,3],[28,4],[79,9],[5,1],[28,5],[36,6],[4,1],[78,15],[25,5],[36,7],[7,3],[11,2],[13,3],[8,2],[23,5],[69,16],[22,5],[1,0],[39,9],[53,12],[66,14],[40,9],[33,7],[5,1],[96,18],[34,6],[15,4],[14,2],[42,7],[28,5],[18,3],[29,6],[9,2],[28,5],[10,2],[43,9],[26,4],[24,5],[10,1],[8,2],[48,9],[102,19],[15,2],[69,14],[35,6],[85,16],[18,3],[34,7],[47,8],[56,10],[81,15],[46,9],[54,10],[49,9],[61,11],[52,10],[54,10]],[[11099,90017],[-1,-1],[-1,-4],[1,0],[5,-7],[2,-1],[12,-13],[6,-6],[14,-12],[2,-2],[15,-6],[1,0],[20,-7],[9,-6],[19,-8],[33,-15],[41,-18],[74,-25],[52,-19],[31,-15],[18,-10],[11,-8],[15,-10],[41,-34],[6,-6],[1,0],[70,-54],[15,-11],[1,-1],[8,-6],[53,-44],[18,-13],[9,-6],[14,-8],[58,-29],[0,-1],[26,-11],[2,-1],[10,0],[3,-1],[-1,-1],[0,-3],[16,-7],[13,-6],[32,-12],[5,-1],[19,-4],[34,-11],[13,-4],[80,-27],[39,-13],[56,-23],[133,-52],[1,-1],[37,-15],[54,-24],[1,-1],[21,-12],[41,-19],[93,-43],[32,-15],[70,-30],[27,-12],[26,-12],[13,-4]],[[12668,89246],[-1,0],[-50,-6],[-9,-2],[-141,-24],[-18,-3],[-31,-6],[-35,-5],[-140,-24],[-25,-5],[-76,-12],[-25,-5],[-21,-4],[-61,-10],[-21,-4],[-5,0],[-11,-2],[-36,-6],[-75,-13],[-25,-4],[-28,-4],[-81,-14],[-28,-4],[-26,-3],[-9,-2],[-66,-11],[-26,-4],[-25,-4],[-76,-13],[-26,-5],[-47,-8],[-140,-24],[-47,-8],[-88,-15],[-266,-45],[-31,-6],[-56,-12],[-7,-2],[-18,-3],[-38,-7],[-38,-6],[-26,-4]],[[10669,88907],[2,-1],[60,-14],[49,-14],[7,-1],[41,-15],[65,-25],[17,-6],[37,-15],[37,-16],[31,-15],[28,-15],[28,-18],[1,-1],[32,-31],[18,-31],[0,-1],[12,-19],[11,-17],[13,-22],[17,-29],[23,-38],[19,-21],[2,-3],[2,-1],[17,-16],[18,-12],[44,-21],[3,-1],[50,-19],[37,-11],[29,-7],[36,-8],[40,-7],[15,-2],[10,-1],[29,-4],[9,-1]],[[11558,88428],[-1,0],[-4,-2],[-16,-5],[-7,-2],[2,0],[5,-1],[9,0],[14,-2],[6,-1],[-2,0],[-48,-16],[-24,-7],[-97,-30],[-31,-9],[-50,-16],[-13,-3],[-20,-6],[-16,-5],[-12,-3],[-4,-2],[-7,-2],[-10,-2]],[[8120,89412],[11,1],[66,5],[59,10],[88,19],[67,9],[77,7],[21,2],[57,2],[21,2],[72,5],[23,1],[58,6],[22,0],[26,-7],[21,-22],[23,-35],[12,-20],[10,-5],[31,-14],[64,-25],[53,-33],[38,-23],[44,-17],[83,-21],[96,-17],[58,-3],[44,-3],[65,2],[61,5],[132,0],[10,-1],[131,-10],[63,-9],[52,-18],[13,-9],[17,-5],[24,-18],[21,-21],[0,-1],[30,-9],[28,-4],[-2,0],[-10,-5],[0,-1],[4,-8],[0,-1],[2,-13],[0,-2],[6,-6],[4,-7],[2,-3],[0,-3],[-3,-2],[-35,-17],[-25,-21],[-3,-3],[1,0],[3,-3],[32,-9],[1,0],[1,-2],[7,-6],[-1,0],[-3,-6],[-3,-11],[0,-5],[2,-3],[4,-7],[5,-9],[-2,-14],[-21,-12],[-35,-5],[-17,-4],[-44,-18],[-29,-4],[-25,-8],[-15,-8],[-8,-9],[-1,-1],[0,-23],[-10,-7],[-11,-4],[-26,-12],[-3,-7],[1,0],[14,-10],[2,0],[55,2],[27,2],[38,3],[66,8],[63,9],[79,15],[15,3],[63,16],[1,0],[58,14],[36,8],[7,2],[40,6],[50,5],[44,2],[45,0],[47,-3],[56,-5],[11,-2],[48,-8],[49,-9]],[[7438,88328],[68,12],[221,38],[185,33],[142,25],[31,5],[123,22],[196,35],[732,130],[193,36],[301,55],[162,31],[8,1],[0,-1],[3,-4],[3,-3],[0,-1],[8,-8],[0,-1],[11,-7],[4,-3],[2,-1],[3,-2],[4,-2],[3,-2]],[[11232,88314],[-87,-27],[-90,-29],[-112,-35],[-61,-19],[-9,-3],[-79,-25],[-53,-16],[-10,-3],[-43,-12],[-26,-8],[-14,-4],[-11,-3],[-31,-8],[-43,-12],[-26,-6],[-12,-3],[-73,-21],[-84,-25],[-35,-11],[-55,-19],[-13,-5],[0,-1],[-102,-39],[-117,-47],[-2,-1],[-184,-74],[-61,-25],[-41,-16],[-89,-34],[-28,-11],[-124,-50],[-39,-17]],[[8701,88162],[-37,26],[-4,3],[-1,0],[-1,2],[-4,5],[-2,3],[-2,2],[-3,5],[-2,3],[-1,1],[-9,6],[-81,45],[-41,22],[-1,0],[-7,4],[-20,13],[-6,4],[-1,0],[0,1],[2,1],[9,8],[46,28],[1,2],[4,3],[6,14],[0,2],[16,7],[23,4],[24,11],[33,8],[12,6],[13,1],[29,-9],[42,1],[21,5],[23,1],[26,-5],[20,2],[18,4],[24,5],[5,1],[21,1],[15,-1],[22,3],[13,4],[18,4],[5,2],[86,13],[48,5],[31,3],[16,0],[37,-2],[15,-1],[6,0],[74,3],[47,-9],[9,-1],[32,1],[16,3],[6,3],[6,8],[1,3],[-1,2],[-5,12],[8,13],[27,23],[26,11],[14,9],[7,10],[16,19],[9,9],[25,12],[13,13],[11,4],[23,12],[9,2],[27,0],[8,5],[1,3],[0,2],[4,10],[6,8],[21,12],[5,7],[-20,14],[0,1],[-1,4],[0,1],[1,5],[8,9],[15,5],[11,2],[45,5],[68,14],[32,2],[20,4],[7,2],[1,1],[1,0]],[[9841,88716],[5,-2],[5,-3],[18,-7],[5,-1],[9,-4],[34,-8],[66,-16],[38,-9],[23,-6],[52,-11],[19,-5],[23,-6],[22,-5],[22,-6],[45,-11],[23,-5],[10,-2],[80,-20],[203,-49],[91,-20],[16,-5],[47,-12],[17,-4],[1,0],[6,-2],[49,-19],[8,-2],[18,-5],[194,-46],[48,-11],[10,-2],[4,0],[4,1],[3,2],[0,1],[160,-93],[11,-8],[2,-1]],[[7768,87254],[0,-1],[-1,-5],[1,0],[13,-22],[5,-8],[8,-8],[1,-2],[1,-1],[2,-6],[2,-3],[23,-28],[7,-5],[14,-17],[5,-7],[12,-12],[3,-4],[0,-3],[1,0],[10,-7],[3,-3],[18,-11],[10,-6],[3,-2],[4,-6]],[[7913,87087],[-1,1],[-48,20],[-30,0],[-32,-9],[-7,0],[-26,-17],[-95,-22],[-62,-11],[-50,-10],[-101,-18],[-345,-60],[-35,-6],[17,-18],[-185,-31],[-20,-11],[-141,-26]],[[8701,88162],[12,5],[35,12],[4,1],[8,3],[14,-6],[51,-28],[181,-101],[8,-4],[3,-2],[60,-33],[1,0],[30,-15],[11,-6],[87,-49],[34,-19],[8,-4],[32,-19],[35,-18],[19,-11],[20,-11],[124,-68],[15,-9],[55,-28],[0,-5],[-10,-9],[-47,-19],[-7,-4],[-3,-4],[-1,-1],[-2,-4],[0,-1]],[[9478,87705],[-13,-6],[-63,-24],[-105,-41],[-3,-1],[-87,-30],[-33,-12],[-1,0],[-19,-7],[-30,-10],[-40,-12],[-22,-7],[-60,-18],[-40,-11],[-19,-6],[-47,-11],[-2,0],[-102,-26],[-44,-10],[-38,-9],[-18,-4],[-83,-19],[-19,-4],[-1,0],[-13,-2],[-55,-13],[-88,-20],[-60,-13],[-59,-13],[-68,-16],[-95,-22],[-53,-12],[-36,-9],[-1,0],[-106,-24],[-1,-1],[-89,-19],[-79,-17],[-18,-2]],[[7768,87254],[-2,2],[-3,2],[-2,4],[0,2],[-1,1],[-5,9],[0,1],[-7,12],[-5,13],[-2,3],[-10,19],[-1,1],[-1,13],[-2,10],[1,16],[-13,59],[-7,32],[-2,7],[0,1],[-1,6],[-4,16],[0,3],[-10,44],[-4,19],[-2,10],[-2,7],[-1,5],[-3,25],[0,2],[-1,7],[-3,8],[-21,92],[-3,14],[0,2],[-3,10],[0,1],[-3,5],[-2,15],[0,1],[-2,9],[-5,24],[-2,7],[-1,4],[0,1],[-2,6],[0,1],[-2,5],[0,1],[-2,7],[-1,3],[-3,12],[-4,11],[-1,3],[-2,3],[-5,9],[-12,35],[-8,24],[-11,35],[1,3],[1,1],[-3,6],[-2,8],[-11,26],[-9,21],[-5,8],[-2,4]],[[7550,88030],[61,3],[137,5],[45,2],[61,3],[85,4],[344,16],[30,1],[9,1],[26,2],[21,2],[17,2],[32,5],[18,3],[12,3],[25,5],[18,6],[53,17],[18,6],[28,9],[24,8],[59,20],[27,9],[1,0]],[[6511,88833],[-1,3],[-6,17],[-3,6],[-2,8],[-2,6],[-1,1],[-1,11],[0,12],[3,13],[2,5],[16,17],[5,3],[14,12],[11,10],[8,6],[10,8],[14,9],[8,5],[1,1]],[[6587,88986],[22,15],[12,9],[25,16],[8,6],[19,14],[32,23],[50,32],[45,21],[20,10],[31,12],[30,10],[37,12],[54,16],[11,5],[20,5],[2,0],[31,6],[76,14],[36,6],[35,6],[65,13],[40,6],[35,7],[36,6],[109,19],[24,5],[12,2],[47,7],[6,1],[82,15],[52,8],[46,8],[22,5],[63,15],[3,1],[18,3],[23,6],[21,6],[24,7],[105,31],[14,4],[20,5],[3,2],[1,1],[5,1]],[[8059,89408],[2,0],[59,4]],[[8120,89412],[2,-17],[0,-18],[3,-24],[3,-18],[-24,-3],[1,-1],[46,-29],[0,-1],[21,-13],[10,-7],[-45,-13],[1,-1],[15,-10],[3,-3],[11,-2],[-1,0],[-22,-18],[-6,-6],[-2,-3],[-5,-4],[1,-20],[0,-93],[1,-35],[0,-38],[1,-7],[-21,0],[-236,-11],[-77,-4],[-24,-1],[-42,-1],[-118,-6],[1,0],[9,-45],[-25,0],[1,-2],[0,-1],[1,-1],[0,-3],[2,-10],[1,0],[2,-8],[2,-7],[5,-16],[16,-51],[20,-66],[22,-74],[12,-39],[1,-4],[1,-3],[5,-20],[4,-12],[-44,0],[-10,-1],[-7,0],[-12,-1],[-8,-1],[-48,-9],[-49,-8],[-55,-10],[-42,-7],[-32,-6],[-28,-4],[-61,-10],[-63,-11],[5,-6],[6,-7],[1,0],[34,-42],[43,-54],[85,-105],[5,-6],[4,-4],[1,-2],[3,-3],[9,-11],[5,-7]],[[7438,88328],[1,0],[11,-14],[6,-9],[5,-7],[2,-5],[1,-2],[4,-22],[24,-70],[11,-32],[1,-5],[2,-4],[0,-2],[2,-2],[0,-3],[2,-4],[7,-17],[7,-20],[8,-24],[4,-9],[5,-17],[2,-5],[1,-1],[0,-2],[1,-2],[2,-8],[1,-6],[2,-6]],[[7550,88030],[-180,-8],[-150,-7],[-4,-4],[-30,-28],[-28,-27],[-15,-14],[-20,-18],[-5,-6],[-14,-12],[-7,-7],[-28,-27],[-19,-18],[-14,-13],[-7,-8],[-1,0],[-4,-3],[-5,-5],[-113,-101],[-18,-18],[-8,-7],[-13,-12],[-7,-7],[-10,-9],[-16,-14],[-15,-14],[-35,-32],[-40,-37],[-33,-31],[-18,-17],[-12,-11],[-19,-18],[-12,-10],[-28,-27],[-36,-34],[-18,-15],[-6,-6],[1,0],[118,6],[0,-1],[11,-48],[-111,-6],[-62,-3],[-11,0],[-18,-20],[-2,-1],[-5,-5],[-5,-4]],[[5562,88778],[14,1],[5,0],[54,3],[3,1],[19,1],[36,1],[107,5],[35,2],[45,2],[67,4],[1,0],[65,3],[44,3],[29,1],[85,5],[29,2],[6,1],[92,5],[30,2],[9,1],[103,8],[2,0],[12,1],[39,3],[18,0]],[[6511,88833],[33,-136],[7,-34],[2,-13],[3,-16],[2,-10],[3,-18],[18,-83],[8,-32],[11,-42],[0,-1],[1,-4],[6,-21],[4,-17],[-11,0],[0,-1],[4,-19],[0,-1],[4,-30],[0,-42],[-4,-23],[-4,-22],[0,-1],[-23,-57],[-15,-26],[-2,-12],[0,-2],[-14,-28],[-61,-61],[-6,-3],[-24,-21],[-8,-6],[-34,-29],[-45,-42],[-5,-7],[-13,-14],[-20,-22],[-25,-31],[-15,-20],[-32,-57],[-4,-11],[-16,-41],[-4,-20],[-1,-7],[-1,-2],[0,-2],[-1,-27],[1,-4],[0,-2],[2,-7],[1,-5],[0,-1],[3,-11],[5,-20],[0,-2],[13,-39],[3,-8],[23,-44],[6,-12],[16,-24],[0,-1],[1,0],[7,-9],[9,-11],[5,-6],[20,-25],[3,-3],[69,-84],[14,-17],[9,-11],[4,-6],[9,-12],[4,-5],[1,-1],[0,-1],[1,-1],[2,-3],[2,-2],[2,-1],[0,-1],[1,-2],[7,-7],[4,-6],[2,-2]],[[6478,87323],[3,-3],[0,-1],[2,-1],[1,-1],[9,-7],[0,-1],[1,-1],[9,-12],[1,-2],[55,-74],[14,-19],[5,-6],[2,-2],[6,-7],[1,0],[1,-2],[0,-1],[1,0],[0,-1],[3,-3],[4,-6],[2,-2],[2,-3],[1,-1],[1,-3],[1,-1],[4,-8],[3,-5],[6,-12],[16,-28],[7,-13],[1,-1],[0,-1],[1,-3],[7,-11],[2,-4],[1,-3],[1,-2],[1,-1],[31,-63],[18,-38],[10,-30],[15,-23],[7,-12],[1,-3],[2,-3],[11,-23],[0,-1],[1,-1],[1,-2],[2,-3]],[[6752,86869],[13,-24],[11,-19],[1,-3],[7,-12],[21,-37],[5,-14],[0,-1],[12,-21],[1,-1],[1,-3],[1,0],[21,-39],[16,-28],[4,-8],[9,-17],[5,-8],[1,-3],[6,-9],[1,-3],[2,-3],[1,0],[1,-3],[12,-20],[4,-7],[16,-27],[3,-6],[5,-9],[21,-36],[25,-51],[20,-40],[9,-19],[12,-23],[7,-13],[2,-5],[1,-3],[28,-58],[2,-3],[0,-1],[2,-3],[1,-4],[7,-13]],[[2911,88147],[27,14],[97,46],[19,9],[57,28],[19,9],[56,27],[20,9],[19,9],[5,3],[74,34],[3,1],[21,11],[55,26],[76,39],[126,64],[120,63],[109,61],[40,19],[58,30],[34,17],[23,11],[16,3],[13,6],[20,10],[5,2],[19,10],[2,1],[12,2],[16,7],[17,3],[10,1],[6,2],[2,0]],[[4107,88724],[6,0],[33,1],[145,0],[14,1],[33,0]],[[4338,88726],[43,0],[11,2],[98,2],[9,1],[58,3],[23,1],[13,0],[82,3],[21,2],[68,3],[10,0],[46,3],[36,2],[28,1],[42,2],[12,0],[12,1],[51,2],[18,1],[46,2],[70,3],[22,1],[80,4],[19,1],[39,0],[33,2],[44,3],[23,1],[6,0],[32,2],[13,0],[83,3],[32,1]],[[5561,88778],[1,0]],[[5562,88778],[0,-1],[12,-21],[1,-1],[37,-68],[2,-2],[0,-1],[13,-23],[14,1],[35,1],[0,-4],[-11,-9],[0,-1],[2,-5],[-2,-4],[-3,-8],[0,-1],[-3,-8],[-3,-9],[-5,-6],[1,-8],[3,-3],[4,-5],[-4,0],[4,-8],[8,-19],[24,-58],[1,-3],[8,0],[57,-123],[16,-33],[20,-43],[16,-35],[1,0],[13,-22],[44,-65],[4,-7],[10,-15],[-36,-42],[-1,-1],[-75,-89],[-126,-22],[3,0],[81,-2],[65,-9],[16,-2],[25,-4],[44,-11],[7,-3],[40,-18],[5,-6],[2,-2],[16,-17],[6,-14],[18,-38],[15,-36],[20,-51],[6,-16],[20,-50],[0,-1],[49,-111],[23,-48],[17,-37],[23,-55],[29,-73],[18,-37],[39,-85],[37,-81],[14,-31]],[[2101,87276],[1,0],[0,-1],[126,-51],[18,-7],[112,-40],[107,-30],[140,-32],[125,-23],[7,-1],[163,-27],[112,-12],[103,-15],[315,-46],[95,-11],[106,-9],[133,-4],[41,-1],[161,-2],[18,2],[25,1],[42,2],[63,1],[50,1],[52,2],[179,5],[129,0],[108,-6],[16,0],[5,1]],[[2287,87822],[27,13],[18,10],[62,29],[27,13],[4,2],[11,6],[5,2],[4,2],[3,1],[7,5],[4,1],[14,9],[3,1],[44,22],[11,6],[4,2],[1,0],[13,6],[15,8],[8,4],[13,8],[59,30],[35,19],[18,9],[17,10],[24,12],[34,18],[37,21],[23,13],[1,0],[37,21],[17,8],[10,6],[14,8]],[[2911,88147],[1,-1],[1,0],[16,-6],[1,0],[28,-7],[11,-1],[10,0],[159,-4],[53,-1],[35,-1],[101,2],[61,0],[82,1],[27,0],[39,1],[116,1],[40,0],[32,1],[98,0],[32,1],[31,0],[91,-1],[31,0],[0,-112],[2,-71],[0,-24],[37,0],[46,1],[20,0],[0,-1],[1,-15],[1,-14],[0,-17],[1,-16],[0,-38],[1,-4],[0,-3],[-1,-5],[-1,-14],[-10,-70],[-48,-8],[-244,-46],[-301,-55],[-177,-32],[-28,-5],[-161,-32],[-249,-55],[-84,-19],[-256,-68],[-33,-9],[-84,-25],[-246,-71],[-9,-3],[-83,-25]],[[2101,87276],[-1,0],[-5,-2],[-20,-7],[-9,-4],[-102,-36],[-5,-2],[-33,-14],[-50,-22],[-151,-65],[-42,-18],[-9,-4],[-27,-11],[-47,-20],[-28,-12],[-129,-66],[-21,-12],[-28,-15],[-66,-37],[-57,-31],[-5,-3],[-189,-104],[-54,-31],[-7,-4],[-22,-13],[-68,-39],[-23,-13],[-1,-1],[-2,-1],[-7,-4],[-2,-1]],[[63,86215],[-1,6],[-2,13],[-1,4],[-1,9],[-1,7],[-1,14],[-7,50],[-3,19],[-2,12],[0,3],[-1,8],[-1,12],[-1,4],[-1,8],[-2,20],[-3,25],[0,2],[-1,1],[0,3],[-1,4],[-2,23],[0,7],[-2,22],[-2,18],[-1,4],[-5,80],[-2,18],[0,3],[-1,15],[0,4]],[[18,86633],[62,31],[40,21],[62,33],[21,11],[1,0],[17,9],[28,13],[21,11],[61,32],[38,20],[5,3],[21,12],[7,3],[55,29],[4,2],[19,11],[71,37],[1,0],[3,1],[9,2],[2,1],[13,8],[30,17],[11,5],[14,7],[19,10],[35,18],[118,62],[43,23],[37,21],[16,8],[7,3],[20,10],[7,4],[47,24],[14,6],[30,14],[30,15],[212,107],[27,13],[89,46],[9,5],[27,14],[8,5],[72,34],[48,24],[33,16],[1,1],[47,23],[0,1],[9,4],[88,43],[44,24],[44,23],[66,35],[50,28],[60,34],[42,27],[1,0],[-15,6],[23,13],[23,12],[41,24],[5,2],[23,13],[1,0],[6,4],[16,8],[7,3],[24,11],[31,17],[38,17],[30,14],[0,1]],[[4653,86973],[59,-5],[44,-3],[46,-3],[110,-6],[93,-2],[43,0],[19,1],[31,0],[35,2],[38,0],[31,4],[168,17],[32,4],[106,15],[60,9],[108,18],[69,12],[95,19],[55,14],[70,22],[25,9],[70,23],[16,5],[48,12],[23,3],[73,17],[61,9]],[[6281,87169],[1,0],[1,-5],[5,-9],[3,-8],[3,-5],[0,-1],[7,-13],[20,-41],[21,-48],[70,-161],[42,-96],[10,-24],[3,-6],[9,-20],[32,-72],[13,-30],[1,-2],[3,-4],[8,-20],[2,-6],[3,-5],[3,-7],[1,-2],[0,-1],[1,-1],[1,-3],[2,-5],[1,0],[0,-2],[2,-5],[2,-2],[11,-28],[7,-15],[16,-36],[13,-29],[9,-22],[17,-40],[2,-3],[17,-40],[1,0],[1,-2],[31,-66],[11,-17],[3,-6],[1,-3],[7,-11],[6,-8],[5,-10]],[[4686,86764],[0,6],[-2,14],[0,5],[-2,6],[-3,13],[-9,58],[-4,25],[-1,1],[-1,8],[-1,6],[-8,37],[-1,5],[-2,14],[0,2],[1,6],[0,3]],[[330,84309],[-94,664],[-16,122],[-4,21],[-2,19],[-11,71],[0,8],[-2,11],[0,3],[-1,2],[-1,9],[-4,32],[0,2],[-1,11],[-1,5],[-6,42],[-5,33],[-1,13],[-7,47],[-1,2],[0,6],[-1,4],[-6,43],[0,2],[-1,7],[-7,50],[-1,9],[-2,10],[0,1]],[[5334,86135],[331,1],[105,3],[74,0],[113,8],[42,2],[23,2],[31,2],[3,1],[31,2],[73,9],[176,21],[236,27],[47,6],[90,10]],[[6709,86229],[1,0],[347,42],[12,1]],[[7069,86272],[1,0],[1,-4],[2,-1],[2,-4],[3,-5],[0,-1],[2,-3]],[[3181,84844],[74,14],[161,32],[60,12],[55,10],[18,4],[51,9],[28,5],[229,42],[9,2],[96,18],[69,11],[46,8],[103,16],[111,17],[87,14],[46,7],[63,10],[77,12],[47,7],[14,3],[47,7],[15,3],[47,7],[55,8],[163,26],[78,14],[53,11],[9,3],[45,10],[53,13],[10,2],[29,8],[2,1],[3,1],[7,2],[400,126],[24,8]],[[4686,86764],[0,-1],[9,-25],[4,-12],[9,-28],[13,-29],[2,-4],[3,-5],[4,-9],[4,-8],[2,-3],[4,-5],[0,-1],[5,-5],[2,-4],[9,-13],[3,-4],[4,-6],[0,-2],[7,-7],[6,-5],[11,-14],[41,-42],[43,-36],[6,-5],[26,-20],[0,-1],[21,-17],[37,-29],[31,-24],[23,-18],[9,-7],[34,-24],[78,-57],[6,-4],[1,-1],[4,-3],[1,-1],[36,-29],[150,-121]],[[5334,86135],[-29,1],[-720,0],[-166,-1],[-67,0],[-386,-3],[-46,-2],[-101,-6],[-39,-4],[-23,-1],[-2,0],[-13,-1],[-38,-4],[-14,-1],[-55,-6],[-43,-4],[-36,-6],[-84,-12],[-54,-8],[-20,-3],[-61,-9],[-3,-1],[-17,-3],[-36,-6],[-38,-7],[-71,-12],[-37,-7],[-11,-2],[-36,-6],[-13,-2],[-47,-8],[-5,-1],[-138,-23],[-47,-8],[-18,-3],[-177,-35],[-128,-23],[-199,-36],[-71,-12],[-314,-56],[-389,-70],[-315,-57],[-9,-2],[-207,-38],[-189,-35],[-168,-24],[-7,0],[-146,-14],[-126,-9],[-109,-5],[-74,0],[-28,-2],[-9,0]],[[155,85558],[-27,190],[-15,107],[0,3],[-6,43],[-14,97],[-16,112],[-7,54],[-7,51]],[[63,86215],[533,302],[124,70],[127,72],[43,24],[1,1]],[[891,86684],[0,-1],[45,-29],[6,-5],[47,-39],[12,-13],[24,-28],[15,-24],[8,-15],[1,-2],[4,-12],[2,-2],[10,-5],[8,-2],[1,-2],[0,-1],[1,-3],[0,-1],[2,-7],[0,-4],[2,-5],[1,-2],[-17,-5],[0,-1],[1,0],[0,-2],[3,-10],[1,-13],[2,-8],[0,-5],[2,-5],[2,-13],[1,-3],[0,-2],[2,-12],[2,-15],[1,-1],[1,-3],[1,-6],[2,-10],[7,-7],[0,-7],[8,-42],[5,-26],[0,-2],[1,-11],[0,-6],[10,-53],[0,-1],[3,-21],[3,-6],[1,-1],[0,-1],[1,-9],[5,-30],[16,-81],[2,-3],[0,-1],[17,1],[21,6],[21,4],[16,3],[27,5],[99,17],[51,10],[97,19],[10,1],[87,17],[43,8],[131,27],[44,9],[25,5],[75,14],[25,4],[33,6],[99,19],[32,6],[52,12],[2,0],[160,35],[30,7],[23,5],[75,14],[63,15],[94,22],[77,18],[182,43],[40,11],[13,2],[10,3],[7,2],[78,14],[20,2],[25,3],[58,5],[21,2],[31,1],[125,5],[59,2],[11,0],[34,2],[11,1],[27,0],[20,1],[63,3],[27,1],[29,1],[87,4],[11,1],[18,2],[17,1],[70,10],[92,16],[79,12],[84,18],[7,2],[77,18],[17,4],[37,9],[14,4],[17,5],[19,3],[2,0],[37,10],[23,8],[4,2],[3,1],[10,2],[1,1],[6,1],[6,2],[18,7],[16,5],[10,5],[11,3],[31,13],[10,4],[21,8],[7,3],[57,23],[21,9],[5,1],[13,5],[20,8],[13,5],[85,37],[16,6],[12,6],[1,0],[2,1],[6,2],[3,2],[4,2]],[[5603,84584],[4,59],[2,43],[2,34],[0,17],[10,91],[8,105],[2,34],[2,25],[2,7],[1,11],[7,36],[6,72],[4,56],[2,8],[2,47],[3,33],[0,30],[5,54],[0,1]],[[5665,85347],[75,23],[15,5],[68,22],[141,45],[75,24],[96,31],[126,40],[49,16],[190,60],[21,6]],[[486,83195],[-2,14],[0,5],[-47,333],[-8,54],[-31,221],[-10,69],[-46,335],[-9,61],[-3,21],[0,1]],[[330,84309],[186,34],[1,0],[129,24],[389,74],[11,2],[119,22],[17,2],[44,8],[5,1],[16,3],[68,13],[7,1],[197,38],[2,1],[66,13],[84,14],[2,0],[215,41],[38,8],[85,16]],[[3861,83664],[-24,9],[-37,14],[-38,17],[-10,5],[-7,7],[-1,0],[0,2],[2,7],[18,18],[9,8],[29,23],[16,23],[1,1],[11,15],[4,18],[0,1],[-18,15],[-9,2],[-22,5],[-12,6],[-2,8],[-1,5],[0,1],[-12,4],[-29,1],[-21,3],[-39,10],[-32,5],[-30,9],[-1,1],[1,5],[21,5],[0,4],[1,0],[0,2],[-30,20],[-14,13],[-10,5],[-81,16],[-40,1],[-23,8],[-40,37],[-16,10],[-55,20],[-16,0],[-26,-6],[-28,-3],[-14,1],[-20,3],[-23,6],[-13,5],[-6,2],[-8,9],[-27,26],[-5,4],[-2,0],[-26,2],[-40,-7],[-57,3],[-18,6],[-19,20],[-24,9],[-91,11],[-3,1],[-47,13],[-20,-2],[-2,-1],[-20,-35],[-13,-1],[-35,7],[-8,1],[-10,0],[-30,-2],[-23,3],[-8,16],[-1,1],[0,1],[-1,2],[-12,11],[-33,17],[0,1],[8,11],[1,2],[0,1],[-68,0],[-16,1],[-35,-1],[-24,0],[-110,-1],[-18,1],[-11,2],[-13,3],[-22,4],[-19,4],[-40,0],[2,4],[-2,46],[-1,13],[-1,11],[-2,33],[0,3],[-1,2],[0,6],[-1,6],[0,6],[-1,58],[0,27],[-11,30],[-2,5],[-1,2],[0,2],[-14,23],[-9,11],[-12,14],[-8,6],[-2,1],[-1,1],[-30,20],[-1,0],[-3,2],[-83,66],[-28,22],[-1,0]],[[2011,84624],[135,27],[24,4],[41,7],[101,17],[20,3],[33,9],[39,7],[24,5],[183,34],[100,18],[17,3],[50,10],[16,3],[49,9],[29,6],[20,4],[172,32],[40,7],[77,15]],[[3181,84844],[1,-1],[2,-1],[9,-7],[12,-12],[27,-29],[4,-4],[5,-7],[2,-3],[16,-16],[49,-51],[10,-11],[7,-5],[5,-2],[16,-8],[13,-5],[15,-7],[21,-6],[22,-6],[32,-4],[34,-3],[7,0],[37,-2],[87,4],[6,1],[257,10],[86,4],[1,0],[59,4],[46,3],[114,4],[19,1],[59,3],[55,4],[105,3],[63,2],[27,1],[56,-2],[24,0],[57,-3],[4,0],[23,-3],[28,-3],[27,-2],[57,-9],[12,-2],[1,0],[14,-2],[56,-10],[18,-3],[57,-15],[80,-26],[2,-1],[48,-20],[23,0],[45,-11],[30,-3],[27,-2],[105,-2],[47,1],[28,1],[88,-1],[35,2],[44,1],[28,0]],[[5603,84584],[1,0],[33,2],[20,3],[22,3],[40,8],[20,5],[110,43],[52,19],[12,5],[24,8],[83,31],[23,12],[76,39],[61,30],[206,104],[13,6],[14,8],[60,38],[26,19],[4,3],[1,1],[26,20],[3,4],[5,4],[72,59],[12,11],[22,20],[8,10],[11,11],[1,2],[3,4],[0,1],[2,4],[27,44],[6,21],[0,1],[2,5],[4,20],[1,1],[0,32],[-12,37],[-8,26],[-2,8],[-14,55],[-7,36],[-4,21],[-2,17],[0,1],[-4,15],[-2,9],[-3,10],[-1,0],[-8,33],[-9,33],[-6,9],[-5,8],[-21,14],[-38,20],[-34,18],[-1,0],[-1,1],[-5,3],[-1,0]],[[6521,85619],[33,11],[4,1],[9,2],[5,2],[24,7],[116,36],[0,1],[36,10],[10,3],[38,11],[51,9],[57,8],[38,5],[11,2],[1,0],[9,1],[2,0],[8,1],[25,3],[10,2],[23,4],[8,2],[35,5],[25,3],[22,4]],[[5379,83658],[3,15],[6,39],[3,8],[3,11],[1,4],[7,33],[5,20],[11,41],[9,36],[7,22],[1,2],[2,8],[1,5],[3,14],[1,4],[11,42],[33,124],[9,41],[1,1],[1,5],[5,20],[1,1],[0,2],[9,32],[26,101],[2,4],[4,30],[15,92],[1,4],[0,2],[1,14],[2,51],[12,89],[0,8]],[[5575,84583],[28,1]],[[8047,84628],[-3,2],[-11,7],[-5,2],[-9,6],[-29,20],[-20,17],[-14,15],[-15,15],[-19,27],[-27,35],[-12,15],[-6,8],[-3,5],[-5,6],[-18,23],[-17,22],[-16,22],[-15,20],[-48,67],[-2,4],[-56,67],[-8,9],[-6,8],[-54,71],[-30,30],[-36,42],[-15,18],[-6,11],[-1,2],[-5,11],[-1,3],[-3,10],[-1,6],[0,5],[-1,9],[-5,29],[-16,18],[-7,8],[-24,26],[-104,121],[-4,4],[-2,3],[-1,0],[-14,17],[0,1],[-5,4],[0,1],[-50,56],[-1,0],[-45,49],[-86,96],[-44,50],[-1,0],[0,1]],[[10702,84414],[-87,-42],[1,0],[19,-9],[74,-28],[24,-15],[0,-1],[-4,-1],[-67,17],[-18,0],[-10,-1],[-4,-1],[-11,-9],[-23,4],[-23,10],[-31,7],[-47,9],[-78,21],[-13,0],[-26,-5],[-32,2],[-32,-8],[-36,-14],[-11,-1],[-23,5],[-38,-7],[-4,0],[-48,14],[-60,13],[-86,11],[-28,13],[-9,1],[-40,2],[-87,-5],[-31,-2],[-36,-10],[-101,-17],[-8,-2],[-47,-12],[-15,-4],[-102,-43],[-45,-13],[-88,-42],[-64,-25],[-18,-3],[-2,1],[-14,8],[-14,2],[-47,-15],[-2,0],[-19,-2],[-1,0],[-19,-3],[-26,-9],[-1,-7],[20,-14],[-1,0],[0,-1],[-12,-23],[-3,-9],[-2,-10],[2,-5],[3,-6],[18,-11],[6,-15],[3,-8],[4,-6],[12,-16],[27,-23],[-3,-49],[0,-3],[-1,-1],[-18,-26],[-30,-33],[-17,-19],[-4,-12],[1,0],[5,-9],[2,-4],[1,-3],[11,-5],[48,-10],[11,-5],[0,-1],[7,-6],[3,-4],[-7,-13],[-3,-5],[-21,-14],[-28,-12],[-9,-4],[-7,-1],[-1,0],[-22,-4],[-40,-3],[-64,-3],[-75,-25],[-43,-4],[-36,-5],[-22,-8]],[[7121,85752],[-13,15],[-51,60],[-6,6],[-70,79],[-11,11],[-7,9],[-105,120],[-47,53],[-18,22],[-14,17],[-43,51],[-7,8],[-7,9],[0,1],[15,2],[49,5],[16,2],[267,31],[11,1]],[[7080,86254],[283,34],[160,18],[562,67],[66,7],[63,7],[146,17],[136,16],[8,1],[21,2],[7,1],[14,1],[29,4],[107,12],[251,29],[201,24],[23,3],[127,15],[89,11],[267,32],[2,0],[86,10],[303,34],[5,1],[22,3],[167,19],[214,31],[78,15],[77,14],[157,35],[171,42],[89,27],[46,14],[118,43],[124,43],[76,27],[68,26]],[[10693,86196],[-18,0],[-20,-1],[-99,-5],[-12,-1],[-37,-1],[-91,-4],[-11,0],[-260,-14],[-90,-6],[-54,-3],[-158,-9],[-19,-1],[-21,-1],[-14,-1],[0,-1],[-4,-26],[0,-1],[1,-2],[3,-15],[-5,-5],[-11,-9],[-14,-9],[-13,-31],[1,-3],[1,-1],[1,-2],[1,0],[7,-4],[9,-8],[2,-2],[-2,-10],[2,-3],[10,-13],[36,-34],[2,-1],[19,-7],[16,-5],[9,-6],[20,-11],[14,-9],[8,-9],[3,-3],[7,-9],[6,-18],[20,-20],[4,-5],[0,-1],[-13,-11],[1,-1],[2,-3],[1,0],[1,-1],[2,-3],[-1,1],[-15,2],[-8,0],[-21,-2],[-45,-13],[-33,-7],[-28,-5],[-26,2],[-27,2],[-27,7],[-18,12],[-11,1],[-27,-5],[-15,-5],[-11,-8],[7,-67],[0,-1],[6,-28],[0,-1],[27,-21],[42,-51],[0,-1],[3,-18],[-20,-10],[-21,-6],[-14,-6],[-7,-8],[-6,-13],[-10,-6],[-24,-8],[-30,-12],[-7,-1],[-11,0],[-30,6],[-17,1],[-11,-3],[-19,-7],[-18,-5],[-15,0],[-38,9],[-25,2],[-38,4],[-40,8],[-26,3],[-12,0],[-32,-6],[-8,0],[-20,5],[-43,18],[-18,8],[-3,1],[-8,-1],[-10,-2],[-6,-4],[-11,-7],[-20,-10],[-22,-8],[-43,-7],[-28,-4],[-20,-6],[-29,-12],[-40,-42],[-34,-27],[-13,-5],[-38,-18],[-19,-8],[-38,-37],[-46,-35],[-28,-17],[-31,-12],[-40,-6],[-31,-4],[-21,2],[-18,7],[-16,12],[-9,13],[-3,3],[0,1],[-17,21],[0,1],[-2,3],[-4,9],[7,41],[-1,2],[-12,19],[-24,9],[-38,11],[-56,31],[-72,25],[-40,8],[-33,4],[-17,-7],[-22,-13],[-17,-14],[-36,-16],[-5,-4],[9,-17],[-2,-19],[-20,-26],[-20,-14],[-37,-14],[-70,-30],[-27,-20],[-40,-27],[-34,-10],[-37,-3],[-32,3],[-49,11],[-22,7],[-45,2],[-38,0],[-33,4],[-23,8],[-10,19],[0,1],[-3,13],[-3,20],[-17,14],[-38,13],[-41,12],[-1,0],[0,1],[-4,16],[-16,35],[-17,38],[-7,16],[0,1],[-4,5],[-12,18],[-13,17],[-2,3],[-6,11],[0,1],[-17,25],[-7,12],[-12,15],[-1,1],[0,1],[-1,3],[-2,29],[-1,2],[-7,13],[-20,33],[-6,11],[-4,5],[-5,9],[-5,0],[-12,-2],[-5,0],[-38,-6],[-117,-15],[-21,-3],[-17,-1],[-1,0]],[[12476,87284],[82,50],[190,117],[85,51],[7,4],[12,8],[11,4],[8,3],[1,1],[20,9],[2,1],[54,26],[5,2],[21,8],[62,25],[32,12],[153,47],[14,4],[68,19]],[[13303,87675],[1,0],[41,12],[45,13],[79,22],[41,12],[104,31],[177,50],[73,21],[41,13],[22,7],[37,13],[21,5],[43,15],[16,6],[44,17],[15,6],[7,3],[23,9],[7,3],[2,0],[7,2],[2,1]],[[14151,87936],[5,-3],[2,-1],[11,-9],[5,-3],[30,-22],[20,-14],[7,-5],[6,-4],[2,-2],[22,-14],[23,-16],[12,-7],[22,-13],[12,-6],[7,-4],[13,-7],[42,-18],[3,-1],[2,0],[30,-13],[87,-26],[89,-19],[19,-3],[80,-13],[16,-3],[21,-3],[26,-5],[15,-3],[1,0],[2,-1],[5,0],[4,-1],[4,0],[85,-15],[113,-24],[50,-16],[30,-12],[41,-20],[1,0],[31,-15],[29,-19],[25,-21],[40,-44],[22,-25],[10,-10],[51,-59],[13,-16],[41,-46],[12,-13],[22,-26],[5,-5],[57,-61],[0,-1],[5,-3]],[[11344,86238],[0,5],[-2,8],[-1,1],[-2,9],[-2,10],[0,30],[10,62],[7,45],[6,34],[1,4],[0,2],[1,8],[2,21],[6,39],[0,3],[5,30],[3,19],[19,114],[7,35],[3,17],[1,9],[6,31],[12,63],[5,38],[12,63],[0,1]],[[11443,86939],[1,0],[26,11],[6,2],[80,24],[29,8],[40,12],[148,39],[62,17],[221,58],[134,43],[62,23],[61,27],[5,3],[47,21],[86,42],[25,15]],[[12476,87284],[1,0],[22,-11],[1,0],[1,-1],[42,-20],[14,-8],[18,-3],[33,-11],[21,0],[53,4],[12,-1],[15,-2],[53,-6],[78,4],[33,-1],[32,-3],[41,0],[14,-4],[16,-2],[23,8],[22,4],[3,0],[28,-8],[31,5],[14,-4],[55,-14],[15,-1],[23,-1],[10,-1],[11,-1],[26,-3],[9,0],[15,-6],[13,-15],[13,-4],[21,-2],[64,-14],[36,-5],[34,-14],[33,-3],[10,-3],[1,0],[10,-2],[32,-5],[57,-22],[76,-11],[10,-1],[32,-2],[74,-11],[16,-1],[31,-3],[14,-12],[34,-19],[27,-10],[3,-2],[15,-11],[11,-3],[50,-6],[13,-1],[8,-4],[2,-2],[5,-7],[5,-5],[16,-10],[3,-2],[9,-5],[20,-5],[7,-17],[1,-2],[8,-10],[13,-8],[14,-8],[6,-12],[1,-1],[22,-17],[23,-11],[0,-2],[2,-6],[5,-8],[3,-6],[1,0],[26,-17]],[[14730,86572],[-54,3],[-48,-9],[-57,-7],[-54,0],[-52,-14],[-27,-7],[-119,-42],[-10,-5],[-78,-33],[-11,-8],[-49,-35],[1,-25],[1,-12],[0,-1],[5,-11],[2,-5],[7,-12],[-6,-13],[-29,-18],[-38,-4],[-63,-4],[-25,-6],[-12,-3],[-26,-19],[-29,-27],[0,-1],[-7,-41],[9,-13],[3,-5],[1,-1],[22,-16],[3,-2],[7,-17],[-4,-22],[0,-2],[2,-7],[0,-1],[9,-5],[47,1],[14,1],[11,-2],[10,-8],[17,-39],[14,-5],[25,2],[24,7],[57,17],[37,4],[22,-5],[22,-22],[0,-1],[3,-29],[2,-10],[-1,-4],[-12,-85],[-5,-4],[-2,0]],[[14289,85940],[-1,0]],[[14288,85940],[-53,-5],[-24,-9],[-57,-37],[-68,-44],[-21,-15],[-60,-37],[-2,-4],[-10,-19],[1,-1],[9,-10],[2,-2],[28,-10],[2,-12],[-7,-22],[-17,-24],[-38,-46],[-28,-32],[-34,-20],[-44,-15],[-56,-11],[-76,-8],[-39,-3],[-54,-7],[-70,-8],[-38,-10],[-17,-12],[-24,-12],[-3,-18],[-1,-13],[0,-1],[-1,0],[-13,-11],[-17,-7]],[[12167,86376],[5,1],[46,10],[153,35],[51,12],[11,2],[0,1],[3,0],[116,26],[109,25],[132,30],[264,59],[18,4],[38,8],[100,19],[112,24],[1,0],[155,35],[58,13],[84,20],[14,4],[13,3],[36,10],[13,2],[83,22],[34,9],[23,7],[100,27],[3,0],[3,1],[52,14],[31,8],[82,21],[17,5],[49,13],[7,2],[8,2]],[[10693,86196],[121,5],[9,1],[104,6],[194,16],[93,6],[130,8]],[[11344,86238],[26,0],[47,4],[110,9],[21,3],[86,12],[60,8],[11,3],[8,2],[35,6],[47,8],[20,4],[64,13],[43,9],[16,2],[34,7],[56,13],[23,5],[60,14],[8,3],[6,1],[31,10],[3,0],[8,2]],[[12167,86376],[-1,-1],[-3,-4],[-12,-13],[-5,-4],[1,-1],[18,-13],[33,-26],[23,-17],[7,-5],[8,-6],[4,-4],[15,-11],[27,-21],[10,-8],[16,-14],[6,-4],[58,-43],[23,-18],[2,-2],[11,-7],[1,0],[0,-1],[7,-4],[34,-28],[1,0],[28,-23],[71,-57],[5,-4],[9,-4],[4,-2],[5,-2],[8,-2],[16,0],[13,1],[5,1],[0,-1],[1,0],[2,-4],[1,-1],[7,-11],[2,-2],[1,-2],[4,-6],[9,-12],[38,-37]],[[10444,85240],[-8,16],[-6,11],[-4,9],[-4,6],[-1,4],[-1,1],[-5,8],[-8,4],[-6,2],[-13,4],[-11,2],[-2,1],[1,4],[2,2],[7,12],[2,3],[27,53],[9,18],[34,66],[34,68],[17,30],[13,23],[3,6],[39,68],[35,65],[1,0],[16,29],[0,1],[29,52],[20,31],[18,29],[13,20],[23,44],[19,38],[10,37],[2,39],[-9,30],[-3,8],[-2,5],[-17,41],[-18,46],[-7,19],[0,1]],[[12680,85953],[28,-24],[38,-31],[16,-12],[7,-7],[0,-1],[23,-18],[36,-28],[16,-13],[8,-7],[4,-2],[1,-1],[48,-31],[14,-8],[31,-19],[27,-17],[8,-5],[9,-6],[8,-5],[81,-47],[0,-1],[1,-3],[0,-1],[15,-10],[18,-11],[83,-48],[23,-14],[16,-10],[19,-10],[40,-21],[57,-30],[45,-26],[18,-9],[31,-16],[7,-5],[2,-1]],[[13458,85455],[-18,-7],[-44,-22],[-10,-10],[-34,-37],[-2,-3],[0,-1],[-1,-5],[-1,-14],[0,-29],[1,-5],[0,-11],[-10,-11],[-26,-13],[-90,-36],[-16,-6],[-7,-4],[0,-4],[12,-3],[26,-2],[22,-2],[17,-7],[9,-15],[1,-1],[-1,0],[-8,-9],[-35,-11],[-29,-6],[-45,-9],[-92,-20],[-21,-2],[-5,0]],[[11411,85022],[-15,-4],[-12,-3],[-24,1],[-37,-3],[-17,0],[-4,-4],[1,0],[1,-2],[3,-5],[3,-6],[0,-1],[-9,0],[-11,-3],[-12,-2],[-17,-3],[-17,-5],[-8,-2],[-7,2],[-19,6],[-17,3],[-13,6],[-9,8],[-1,1],[-21,15],[-17,7],[-36,12],[-8,3],[-6,5],[0,1],[-2,2],[-7,9],[-8,11],[-13,7],[-2,4],[-1,1],[2,5],[20,7],[27,13],[2,3],[0,1],[-3,8],[-1,1],[0,1],[-14,11],[-13,3],[-23,0],[-21,-6],[-18,-8],[-19,-2],[-15,3],[-17,11],[-2,4],[-10,23],[-11,13],[-17,6],[-23,0],[-36,-1],[-28,4],[-14,9],[-15,10],[-1,0],[-1,17],[-1,8],[0,11],[-8,13],[-14,11],[-26,11],[-31,3],[-20,-3],[-20,-10],[-4,-3],[-35,-25],[-29,-20],[-30,-9],[-35,-4],[-28,3],[-22,3],[-24,9],[-23,15],[-1,2],[-3,5],[0,1]],[[10444,85240],[7,2],[74,25],[245,81],[81,27],[65,62],[35,33],[158,153],[44,42],[22,19],[18,16],[39,24],[46,21],[10,4],[65,20],[79,19],[24,5],[29,6],[97,16],[114,11],[1,0],[146,9],[4,0],[29,2],[99,5],[34,2],[29,2],[87,4],[28,2],[216,12],[54,2],[43,28],[17,11],[2,1],[12,1],[19,4],[20,5],[8,1],[134,36],[2,0]],[[15009,86593],[-20,-4],[-145,-12],[-113,-5],[-1,0]],[[14730,86572],[9,9],[7,8],[-12,3],[-4,10],[0,4],[-9,4],[-14,2],[-29,1],[-13,0],[-10,-5],[-14,-6],[-3,0],[-53,2],[-37,-2],[-15,-3],[-12,1],[-4,0],[-5,3],[-17,8],[-68,55],[-4,1],[-9,3],[-1,0],[-3,8],[0,1],[-4,11],[-21,17],[-33,7],[-2,2],[-1,2],[-2,1],[-4,13],[0,2],[-5,14],[-35,14],[-20,3],[-4,2],[-8,11],[-27,7],[-6,3],[-8,7],[-3,3],[0,1],[7,14],[-2,4],[-4,7],[0,1],[-1,0],[-24,9],[-5,8],[-2,6],[-1,0],[-3,2],[-1,0]],[[14191,86850],[104,28],[165,45],[53,13],[60,13],[33,9],[3,1],[103,29],[40,12],[39,10],[64,17],[17,5],[21,7],[16,7],[62,20],[47,15],[42,13],[94,35],[60,22],[1,0],[11,1],[39,14],[33,13],[113,41],[16,5],[23,9],[9,4],[1,0],[4,1],[1,1],[11,4],[3,2]],[[15479,87246],[1,-1],[35,-42],[9,-9],[25,-30],[44,-45],[40,-34],[47,-30],[11,-5],[39,-16],[28,-11],[8,-2],[3,-2],[5,-2]],[[15774,87017],[-1,0],[-2,-2],[-12,-8],[-56,-36],[-52,-19],[-29,-6],[-23,0],[-22,5],[-30,15],[-22,3],[-27,-2],[-27,-6],[-33,-21],[-22,-8],[-26,-1],[-45,2],[-81,9],[-30,-1],[-28,-4],[-41,-14],[-87,-46],[-25,-15],[-2,-22],[-8,-13],[-15,-10],[-32,-12],[-21,-16],[-27,-16],[-21,-13],[-1,-4],[-2,-16],[-25,-16],[-11,-8],[0,-1],[-2,-7],[1,0],[14,-18],[7,-8],[-5,-14],[-19,-20],[0,-7],[9,-7],[78,-22],[30,-10],[8,-9]],[[11730,84093],[-4,2],[-5,2],[-7,3],[-1,1],[-1,0],[-1,1],[-76,-20],[-48,-12],[-25,-9],[-18,-6],[-108,-40],[-22,-8],[-66,-26],[-8,-3],[-637,435],[-1,0],[0,1]],[[10702,84414],[16,7],[180,83],[1,1],[-16,8],[-13,5],[-29,11],[-45,14],[-21,6],[-50,13],[-41,9],[-1,0],[53,45],[23,6],[31,4],[28,10],[13,4],[1,7],[0,4],[4,2],[20,7],[46,6],[14,4],[9,3],[44,22],[15,30],[5,6],[7,26],[17,13],[6,9],[-7,29],[3,3],[25,6],[5,6],[0,4],[10,4],[20,1],[35,1],[16,-1],[28,5],[30,-3],[54,5],[7,3],[19,7],[31,19],[57,45],[9,4],[24,13],[1,1],[7,0],[6,2],[5,1],[6,0],[19,4],[14,4],[16,6],[7,6],[-2,6],[-12,10],[-16,15],[-11,12],[-6,8],[-2,2],[-4,5],[-1,2],[-1,1],[-1,2],[1,3],[0,2]],[[11411,85022],[39,18],[37,11],[17,5],[61,16],[47,16],[34,16],[20,13],[15,3],[11,1],[14,-5],[12,-6],[35,-17],[22,-5],[21,-1],[4,0],[25,4],[50,11],[34,10],[53,28],[46,23],[38,14],[28,10],[52,18],[19,12],[16,6],[24,3],[20,3],[31,18],[152,61],[45,14],[47,9],[34,2],[29,-2],[43,-17],[76,-19],[47,-7],[79,-18],[42,-13],[1,-1],[30,-19],[46,-34],[50,-34],[37,-12],[34,-7],[23,0]],[[13051,85150],[-1,-1],[-3,-5],[-6,-9],[-32,-44],[-11,-15],[-4,-5],[-6,-6],[-12,-8],[-14,-6],[-85,-38],[-31,-11],[-25,-7],[-8,-2],[-46,-10],[1,0],[4,-3],[14,-9],[46,-46],[12,-13],[6,-16],[-4,-16],[-10,-13],[-29,-18],[-23,-9],[-36,-9],[-3,-2],[-30,-9],[-40,-18],[-1,-1],[-8,-10],[-2,-8],[0,-1],[-2,-8],[3,-10],[2,-8],[7,-11],[3,-5],[16,-13],[3,-3],[18,-12],[1,-1],[7,-4],[7,-3],[23,-8],[31,-9],[3,-1],[16,-4],[45,-12],[9,-2],[45,-13],[21,-9],[23,-13],[18,-15],[9,-9],[1,-2],[2,-3],[1,-8],[0,-5],[-3,-16],[-7,-14],[-4,-12],[-1,-2],[-2,-5],[-9,-24],[-1,-2],[0,-7],[-1,-6],[0,-18],[2,-10],[6,-10],[0,-1],[13,-12],[33,-25],[12,-8],[7,-5],[5,-3],[5,-4],[4,-3],[10,-7],[11,-9],[1,0],[3,-3],[3,-4],[3,-3],[2,-1],[2,-2]],[[13070,84375],[0,-1],[-11,-2],[-34,-7],[-11,-3],[-19,-4],[-54,-12],[-7,-1],[-12,-3]],[[12922,84342],[-83,-18],[-131,-27],[-24,-5],[-125,-25],[-147,-31],[-1,0],[-96,-20],[-110,-24],[-1,0],[-236,-49],[-115,-24],[-123,-26]],[[8859,83760],[0,-1],[9,-9],[29,-38],[35,-44],[72,-102],[17,-23],[15,-26],[16,-25],[10,-14],[1,-3],[16,-23],[1,-2],[6,-8],[11,-17],[15,-25],[4,-5],[7,-11],[8,-12],[10,-16],[1,-3],[3,-8],[0,-1],[1,-8],[2,-7]],[[5379,83657],[30,0],[0,-1],[15,-18],[92,-17],[90,-6],[32,-3],[50,0],[0,-1],[7,-33],[1,1],[59,45],[8,4],[21,17],[54,21],[3,8],[3,7],[-1,4],[-2,6],[0,11],[40,23],[21,21],[27,11],[9,4],[22,13],[32,19],[10,4],[6,2],[20,8],[1,0],[12,-1],[9,3],[59,30],[31,9],[38,22],[46,39],[34,21],[17,6],[25,1],[5,2],[23,12],[31,22],[18,21],[14,22],[-2,5],[-3,6],[-50,24],[-1,10],[70,60],[81,27],[75,38],[35,23],[2,5],[7,21],[14,11],[12,7],[24,3],[35,-5],[40,1],[80,12],[47,0],[111,9],[127,26],[46,5],[40,10],[50,11],[10,2],[63,3],[14,2],[28,6],[16,4],[97,40],[39,20],[35,13],[103,23],[23,5],[39,4],[84,-11],[21,0],[105,20],[24,-7],[21,-11],[12,0],[7,5],[-6,9],[-1,0],[0,16],[42,40],[5,15],[-5,8],[-1,2],[-9,6],[7,4],[1,0],[-4,6],[-10,6],[-1,1],[0,12],[3,16],[21,21],[0,1],[10,7],[1,0],[22,15]],[[8047,84628],[1,0],[6,-4],[10,-7],[29,-17],[8,-8],[36,-23],[36,-31],[120,-135],[41,-46],[42,-48],[37,-41],[34,-37],[47,-53],[7,-8],[3,-5],[25,-38],[0,-1],[1,-1],[0,-2],[1,-1],[1,-4],[2,-3],[2,-7],[1,-4],[4,-10],[6,-13],[0,-4],[10,-21],[1,-2],[1,-3],[0,-1],[8,-29],[3,-13],[2,-3],[2,-2],[5,-6],[4,-4],[2,-3],[10,-10],[8,-7],[2,-2],[40,-31],[27,-22],[15,-12],[2,-1],[15,-13],[17,-13],[24,-19],[1,0],[3,-3],[11,-8],[18,-14],[1,-1],[6,-5],[10,-8],[7,-6],[13,-11],[1,-1],[2,0],[5,-7],[2,-1],[7,-8],[18,-19],[9,-8]],[[646,82063],[-21,146],[-36,251],[-1,8],[-1,10],[-4,22],[0,7],[-1,6],[-81,580],[-5,30],[-10,72]],[[486,83195],[0,1],[47,3],[94,9],[24,2],[36,2],[37,2],[55,-1],[50,-1],[96,-8],[97,-12],[59,-7],[66,-8],[64,-8],[101,-10],[10,-1],[36,-4],[10,-1],[38,-3],[47,-4],[80,-7],[104,-6],[69,-4],[41,-2],[43,-2],[192,-6],[107,-3],[27,-1],[146,-7],[193,-14]],[[5379,83658],[0,-1]],[[5379,83657],[0,-5],[-1,-4],[0,-2],[-3,-11],[2,-14],[1,-6],[0,-3],[-7,-4],[-10,-17],[-16,-16],[-16,-24],[-6,-26],[0,-2],[-6,-22],[-2,-10],[-1,-1],[0,-2],[-4,-41],[-1,-20],[0,-8],[-2,-15],[0,-1],[2,-18],[5,-18],[3,-6],[7,-15],[5,-10],[0,-1],[4,-7],[6,-10],[2,-6],[3,-6],[24,-40],[5,-10],[10,-14],[4,-6],[17,-24],[28,-44],[9,-15],[1,-1],[6,-10],[5,-8],[13,-23],[4,-9],[2,-2]],[[4132,83006],[-191,-13],[-68,-5],[-40,-3],[-48,-3],[-56,-2],[-17,-1],[-31,-1],[-53,0],[-36,1],[-86,3],[-92,8],[-63,7],[-78,8],[-2,0],[-294,31],[-426,46],[-54,6],[-42,6]],[[2455,83094],[0,6],[1,6],[-1,6],[-2,10],[-9,47],[-3,8],[0,7],[-5,18],[0,2],[-9,40],[-2,6],[-1,6],[-6,17],[-1,0],[-2,10],[-4,21],[-11,48],[-9,42],[-3,11],[-4,19],[0,6],[-5,19],[-15,73],[-2,9],[-3,15],[0,1],[13,2],[219,9],[26,1],[47,3],[59,4],[158,10],[140,8],[231,17],[47,3],[66,1],[19,1],[72,1],[125,2],[94,2],[28,2],[32,4],[27,6],[33,9],[33,13],[24,13],[9,6]],[[3861,83664],[2,0],[52,-20],[158,-59],[53,-20],[38,-8],[104,-28],[14,-4],[6,-2],[74,-22],[50,-6],[74,-2],[52,2],[29,7],[33,13],[41,8],[53,-1],[21,-3],[26,-6],[7,-8],[-1,0],[-2,-19],[0,-3],[-2,-21],[2,-5],[5,-11],[14,-14],[31,4],[27,0],[27,-4],[16,-1],[16,2],[27,13],[21,5],[42,-2],[43,0],[23,5],[44,16],[80,0],[12,1],[30,30],[21,5],[5,28],[3,19],[63,68],[65,26],[2,0],[17,11]],[[5472,83100],[35,5],[66,10],[39,5],[36,5],[21,3],[64,8],[21,3],[10,1],[3,0],[41,4],[14,1],[8,1],[22,2],[3,0],[9,1],[2,0],[4,1],[2,0],[12,1],[37,4],[12,1],[7,1],[18,2],[6,0],[64,6],[46,5],[146,9],[64,3],[204,12],[64,4],[67,4],[144,7],[431,23],[143,8],[678,34],[114,6]],[[8129,83280],[38,2],[47,2],[149,8],[2,0],[110,5],[476,23],[197,9]],[[9148,83329],[-2,-11],[3,-42],[1,-4],[2,-72],[0,-15],[3,-3],[0,-1],[2,-2],[-2,-14],[-1,-35],[4,-80],[1,-9],[1,-1],[4,-6],[2,-1],[2,-3],[10,-26],[16,-28],[2,-3],[1,-2],[1,-1],[15,-19],[4,-4],[1,-2],[6,-5],[15,-15],[37,-28],[32,-19],[14,-8],[40,-23]],[[8413,82717],[-4,5],[-9,12],[-48,36],[-20,20],[-22,13],[-47,18],[-28,20],[-20,13],[-1,0],[-19,19],[-6,14],[-4,8],[-11,9],[-14,8],[-9,4],[-31,7],[-19,8],[-14,13],[-54,39],[-12,6],[-14,6],[-46,5],[-34,12],[-2,1],[-17,8],[-42,-6],[-24,3],[-20,10],[-14,14],[-1,0],[1,13],[9,9],[28,13],[4,7],[0,1],[-7,28],[0,2],[-1,4],[0,5],[-1,3],[5,10],[14,16],[148,49],[40,21],[30,26],[19,10],[13,5],[15,7],[5,9]],[[8413,82717],[137,4],[155,7],[112,5],[1,0],[-2,7],[-2,6],[-1,4],[-1,5],[0,15],[-1,5],[10,16],[13,10],[3,3],[19,9],[23,6],[10,2],[26,4],[3,0],[47,2],[140,7],[9,0],[38,2],[1,0],[42,2],[126,7],[12,0],[29,2]],[[9362,82847],[60,-24],[32,-12],[93,-36],[188,-65],[14,-5],[83,-25],[131,-40],[48,-14],[73,-23],[183,-55],[87,-27],[131,-40],[203,-59],[91,-30],[16,-5],[49,-14],[13,-4],[3,-1],[51,-20],[15,-6],[48,-18],[87,-34],[41,-16],[9,-4]],[[11111,82270],[-1,0],[-29,-7],[-3,-1],[-40,-9],[-59,-13],[-34,-6],[-71,-14],[-80,-16],[-43,-8],[-32,-7],[-140,-27],[-49,-9],[-36,-7],[-79,-13],[-80,-11],[-75,-11],[-81,-12],[-34,-5],[-78,-12],[-21,-3],[-16,-2],[-19,-2],[-9,-1],[-15,-1],[-89,-5],[-85,-5],[-119,-5],[-81,-4],[-59,-3],[-115,-7],[-27,-1],[-82,-4],[-27,-1]],[[7714,81949],[52,45],[13,11],[2,10],[8,23],[1,2],[18,23],[13,8],[36,14],[40,34],[37,15],[9,4],[16,9],[24,22],[-3,8],[-1,4],[0,1],[9,12],[3,2],[6,0],[15,1],[22,5],[33,24],[34,13],[-1,0],[-10,8],[-1,11],[-3,19],[-17,15],[-11,10],[0,1],[1,24],[0,1],[-1,4],[-5,10],[-29,15],[-12,18],[0,1],[5,14],[34,27],[18,29],[25,37],[12,13],[0,3],[1,12],[0,1],[-3,5],[-10,17],[66,48],[40,31],[22,11],[26,8],[27,3],[54,1],[55,17],[1,0],[17,15],[0,12],[17,29],[-2,3],[-4,4],[0,1]],[[1853,82367],[145,37],[36,10],[326,86],[72,19],[87,23],[57,15],[5,2],[146,40],[13,4],[144,37],[300,78],[151,40],[1,0],[26,6],[19,5],[18,5],[86,20],[28,8],[8,2],[37,9],[30,8],[34,9],[30,7],[164,44],[65,16],[5,2],[23,6],[86,22],[28,8],[26,6],[22,6],[54,14],[31,7],[6,1],[20,3],[1,0],[-9,8],[-5,17],[-9,5],[-9,2],[-17,0],[-1,1],[-1,0],[0,1]],[[4132,83006],[16,1],[68,4],[66,5],[193,14],[10,0],[68,5],[18,1],[54,4],[12,1],[7,0],[17,1],[54,4],[18,1],[21,2],[62,5],[21,1],[21,2],[27,2],[142,9],[48,3],[51,4],[25,2],[130,9],[52,3],[28,2],[83,6],[5,1],[22,2],[1,0]],[[5472,83100],[15,-26],[28,-48],[5,-9],[14,-23],[3,-6],[13,-21],[3,-4],[0,-1],[3,-4],[17,-28],[5,-10],[2,-2],[4,-8],[1,-1],[0,-1],[2,-2],[17,-29],[13,-22],[5,-8],[3,-5],[13,-21],[91,-150],[9,-16],[8,-13],[17,-31],[20,-32],[4,-7],[6,-11],[9,-19],[1,-2],[1,0],[0,-2],[17,-37],[5,-10],[0,-1],[1,-4],[21,-74],[2,-8],[2,-5],[3,-12],[16,-59],[15,-54],[3,-7],[4,-11],[2,-7],[2,-8],[9,-31],[3,-9],[0,-3],[5,-15],[5,-19],[2,-4],[7,-29],[9,-35],[-1,-2],[-1,-5],[-2,-21],[0,-3],[-1,-1],[-1,-2],[0,-1],[-6,-10],[-18,-27],[-7,-9]],[[6235,79044],[-8,62],[-2,14],[-9,65],[-4,31],[-6,43],[0,14],[-1,0],[-6,44],[-1,30],[1,9],[0,26],[2,31],[2,11],[3,17],[2,8],[7,34],[12,35],[15,41],[3,10],[10,27],[6,10],[13,24],[12,24],[16,28],[32,51],[1,0],[4,7],[6,16],[10,22],[11,25],[5,10],[1,5],[11,47],[8,39],[1,0],[-2,53],[-7,49],[-4,27],[-2,12],[-1,8],[-11,70],[-1,3],[-8,56],[-9,54],[-10,73],[-4,26],[-1,3],[-3,12],[-13,54],[0,1],[-8,38],[-9,40],[-21,76],[-11,38],[-4,12],[-1,1],[-1,3],[0,1],[-1,5],[-1,3],[-20,63],[-2,3],[-5,10],[-3,7],[0,1]],[[9829,80796],[36,2],[192,10],[186,12],[10,0],[27,1],[38,-1],[50,-4],[76,-13],[159,-30],[125,-25],[120,-23],[63,-13],[35,-6],[205,-40],[208,-39],[6,10],[7,9],[23,19],[27,20],[44,23]],[[11466,80708],[0,-1],[-6,-16],[-19,-56],[-26,-68],[-3,-9],[-3,-7],[-31,-79],[-80,-204],[-62,-157],[-48,-122],[-11,-27],[-45,-114],[-9,-22],[-65,-164],[-60,-157],[-44,-114],[-35,-96],[-34,-88],[-76,-198],[-26,-66],[-12,-29],[0,-1],[-15,-38],[-44,-114],[-12,-32],[-3,-6],[0,-1],[-4,-11],[-13,-33],[-5,-11]],[[10675,78667],[0,-1],[-4,-11],[0,-1],[-3,-7],[-13,-31],[-5,-13]],[[2828,81312],[15,1],[16,3],[76,16],[3,0],[99,29],[48,14],[13,6],[34,13],[50,16],[49,15],[69,21],[31,9],[13,2],[75,22],[20,6],[18,6],[29,12],[33,15],[52,24],[102,49],[50,24],[65,31],[25,15],[53,31],[40,27],[11,4],[22,10],[50,18],[18,3],[66,20],[57,18],[20,8],[159,49],[33,11],[34,7],[34,6],[40,4],[55,5],[163,17],[54,4],[21,2],[32,3],[158,17],[52,5],[99,10],[295,29],[99,10],[84,9],[249,25],[4,1],[31,3],[12,1],[12,0],[11,-1],[14,-2],[5,0]],[[5900,82015],[-17,-19],[-38,-27],[-24,-18],[-30,-25],[-4,-19],[1,-4],[5,-15],[11,-8],[9,-8],[2,-2],[44,-18],[43,-4],[20,-1],[59,0],[18,1]],[[6229,80706],[-1,0],[-21,-2],[-4,0],[-33,-2],[-127,-8],[-49,-3],[-4,0],[-55,2],[-27,3],[-39,4],[-42,7],[-11,2],[-12,5],[-2,0],[-10,-7],[-14,-7],[-15,-6],[-16,-6],[-22,-6],[-18,-3],[-20,-3],[-6,-1],[-36,-2],[-389,-21],[-142,-7],[-111,-6],[-187,-8],[-74,-4],[-1,0],[-19,-24],[-57,-71],[-4,-6],[-14,-18],[-36,-43],[-56,-68],[-16,-16],[-28,-26],[-20,-12],[-18,-12],[-40,-22],[-9,-5],[-85,-42],[-26,-13],[-69,-35],[-33,-13],[-39,-11],[-45,-9],[-52,-6],[-34,-4],[-26,-3],[-33,-3],[-89,-11],[-80,-9],[-13,-2],[-158,-20],[-38,-9],[-11,-2],[-11,-3],[-49,-20],[-6,-2],[-31,-11],[-37,-21],[-41,-20],[-35,-17],[-86,-44],[-40,-21]],[[646,82063],[26,3],[49,9],[40,8],[34,8],[55,13],[20,5],[172,47],[199,52],[283,73],[106,28],[112,29],[22,6],[67,17],[21,6],[1,0]],[[1853,82367],[0,-1],[3,-5],[1,-2],[12,-18],[8,-7],[2,-3],[7,-6],[7,-9],[4,-4],[45,-44],[11,-11],[24,-27],[18,-17],[64,-64],[19,-20],[5,-6],[18,-17],[22,-23],[46,-47],[20,-21],[1,-2],[8,-8],[80,-82],[15,-16],[4,-6],[6,-8],[6,-9],[7,-11],[11,-24],[0,-1],[-2,-8],[6,-9],[2,-12],[4,-22],[1,-23],[2,-22],[2,-12],[0,-10],[1,-6],[2,-16],[2,-13],[4,-44],[4,-16],[1,-2],[5,-15],[9,-13],[6,-9],[3,-3],[1,-2],[16,-14],[5,-5],[7,-8],[2,-1],[7,-3],[2,-1],[23,-16],[2,-1],[6,-4],[85,-51],[23,-13],[37,-22],[7,-4],[5,-3],[45,-26],[41,-23],[5,-3],[3,-4],[16,-7],[13,-7],[32,-18],[5,-4],[4,-3],[31,-18],[3,-2],[1,-1],[3,-2],[10,-6],[9,-9]],[[2828,81312],[0,-1],[31,-25],[13,-16],[5,-6],[7,-13],[22,-36],[25,-45],[12,-21],[27,-45],[0,-1],[28,-36],[40,-51],[10,-13],[0,-1],[15,-34],[10,-26],[9,-54]],[[1007,79481],[-4,20],[-1,10],[-11,79],[-24,167],[-8,63],[-31,223],[-99,709],[0,1],[-34,236],[-15,108],[-7,52],[-42,303],[-1,6],[-2,11],[-28,204],[-38,270],[-14,101],[-2,18],[0,1]],[[7714,81949],[1,0],[52,3],[156,10],[51,3],[2,0],[15,1],[49,3],[16,1],[74,3],[439,26],[266,16],[74,3],[58,3],[1,0],[17,1],[318,16]],[[9303,82038],[0,-6],[1,-5],[10,-61],[3,-19],[20,-128],[6,-38],[6,-37],[6,-41],[4,-24],[0,-3],[9,-54],[3,-20],[1,-7],[1,-9],[0,-4],[3,-5],[0,-2],[3,-13],[5,-34],[4,-38],[1,-14],[1,-11],[2,-19],[0,-10],[5,-15],[2,-5],[0,-5],[6,-66],[2,-14],[7,-58],[1,-7],[2,-11],[2,-4],[2,-6],[2,-5],[9,-14],[21,-15],[18,-10],[19,-10],[55,-29],[131,-70],[39,-22],[4,-2],[34,-18],[8,-6],[1,0],[4,-6],[2,-2],[1,-2],[2,-2],[2,-12],[1,-3],[4,-15],[7,-32],[10,-39],[3,-10],[2,-12],[4,-16],[13,-53],[6,-23],[1,-1],[3,-15],[2,-5]],[[9829,80796],[-75,-4],[-223,-13],[-20,-1],[-55,-3],[-193,-11],[-157,-8],[-366,-20],[-53,-4],[-193,-10],[-429,-25],[-794,-46],[-151,-9],[-33,1],[-19,0],[-17,1],[-18,2],[-25,3],[-43,6],[-234,36],[-163,23],[-19,3],[-15,1],[-24,2],[-26,1],[-22,0],[-38,-2],[-25,-2],[-90,-6],[-1,0],[-16,-1],[-47,-3],[-16,-1]],[[6229,80706],[-27,86],[-4,12],[-17,55],[-1,3],[0,3],[-2,6],[-12,44],[-11,40],[-13,48],[-39,172],[-15,68],[-18,79],[-18,81],[-4,25],[-9,49],[-7,67],[0,7],[-1,2],[-2,19],[-5,47],[-8,79],[-5,45],[-2,16],[-1,15],[-9,73],[0,1]],[[5999,81848],[66,0],[59,4],[312,20],[20,1],[56,4],[19,1],[37,3],[110,8],[37,2],[13,1],[42,3],[13,1],[1,0],[45,3],[57,3],[2,0],[75,4],[45,2],[49,3],[92,5],[16,0],[238,14],[170,11],[86,5],[55,3]],[[4901,75821],[-1,0],[0,-1],[-37,-22],[-24,-15],[-4,-3],[-161,-109],[-11,-6],[-61,-38],[-30,-22],[-107,-66],[-30,-15],[-43,-20],[-68,-25],[-103,-37],[-98,-34],[-73,-27],[-41,-14],[-44,-11],[-39,-6],[-63,-9],[-61,-7],[-115,-17],[-45,-4],[-172,-22],[-350,-46],[-43,-7],[-46,-13],[-71,-18],[-77,-19],[-35,-8],[-46,-11],[-7,-1],[-38,-8],[-43,-8],[-59,-11],[-184,-35],[-49,-9],[-31,-4],[-33,-1],[-34,-2],[-41,1],[-56,4],[-146,11],[-42,3],[-26,2],[-99,9],[-25,2],[-4,0],[-12,1],[-1,0],[-258,16],[-1,0]],[[1613,75139],[-58,416],[-5,34],[-54,391],[-8,59],[-11,69],[-9,65],[-27,197],[-11,76],[-7,49],[-7,51],[-1,6],[0,5],[-10,72],[-38,273],[-19,132],[-86,615],[-32,231],[-4,23],[-5,35],[-2,18],[-1,7],[-6,43],[-2,16],[-4,24],[0,1],[-7,51],[-1,8],[-9,69],[0,1],[-11,76],[-33,237],[0,1]],[[4149,78859],[199,25],[106,13],[109,15],[485,63],[20,3],[102,13],[165,23],[40,3],[79,4],[358,10],[37,1],[386,12]],[[6235,79044],[2,-18],[4,-51],[2,-20],[1,-2],[5,-38],[8,-52],[10,-59],[6,-38],[3,-21],[2,-12],[0,-1],[5,-36],[2,-19],[5,-41],[1,-3],[2,-15],[2,-19],[1,-5],[0,-1],[1,-8],[1,-2],[0,-5],[1,-4],[1,-9],[7,-42],[2,-13]],[[6309,78510],[1,0],[2,-1],[11,0],[1,-9],[1,-2],[5,-34],[0,-4],[1,-7],[14,0],[48,-2],[255,8],[66,-1],[74,4],[21,-2],[130,7],[91,6],[283,4],[248,7],[38,2],[32,2],[115,6],[45,1],[124,11],[3,0],[123,5],[141,14],[147,9],[132,15],[80,10],[189,16],[272,32],[56,9],[94,9],[159,6],[49,5],[122,7],[414,0],[60,-4],[145,-6],[107,-4],[85,-6],[85,-4],[168,-12],[104,-4]],[[10650,78603],[-2,-5],[-40,-109],[-104,-281],[-25,-61],[-45,-113],[-4,-11],[-16,-40],[0,-1],[-23,-66],[-10,-32],[-19,-49],[-31,-78],[-43,-109],[-129,-338],[-51,-135],[-6,-8],[-27,-68],[-7,-19],[-60,-157],[-7,-20],[-19,-48],[-6,-16],[-29,-72],[-5,-13],[-27,-65],[-59,-144],[-34,-93],[-33,-92],[-4,-9]],[[9785,76351],[-24,-1],[-104,0],[-32,1],[-7,0],[-5,1],[-1,0]],[[6509,77691],[-55,32],[-28,26],[-7,9],[-1,3],[-10,21],[-6,25],[-5,20],[-2,12],[-5,39],[-1,10],[-33,250],[-11,96],[-8,77],[-2,30],[0,1],[-2,15],[-15,95],[0,1],[-2,11],[-2,18],[-3,16],[-2,11],[0,1]],[[6509,77691],[40,-14],[29,-9],[31,-8],[81,-14],[70,-4],[87,2],[316,23],[1,0],[168,13],[28,1],[165,12],[129,8],[106,-1],[55,-2],[37,-3],[48,-5],[49,-6],[4,-1],[84,-13],[104,-23],[1,-1],[76,-25],[31,-11],[57,-26],[32,-15],[12,-7],[47,-29],[35,-24],[44,-29],[294,-212],[53,-39],[12,-9],[75,-54],[85,-62],[0,-1],[14,-10],[15,-13],[53,-43],[14,-11],[2,-1],[24,-18],[9,-8],[0,-1],[1,0],[17,-16],[1,-1],[73,-62],[5,-4],[115,-96],[108,-95],[0,-1],[2,-1],[5,-4],[3,-3],[1,0],[1,-1],[30,-29],[2,-2],[15,-17],[1,-1],[9,-14],[4,-7],[20,-26],[5,-7],[22,-37],[3,-6],[12,-27],[4,-8],[3,-5],[13,-46],[6,-27],[2,-7],[4,-22],[3,-12],[1,-19],[-1,-10],[0,-13],[-4,-20]],[[9612,76352],[-39,1],[-32,0],[-129,-8],[-71,-4],[-34,-1],[-68,-1],[-220,-4],[-86,-1],[-52,-2],[-119,-7],[-36,-1],[-263,-6],[-50,-2],[-20,-1],[-28,-4],[-73,-12],[-201,-33],[-120,-20],[-124,-21],[-24,-5],[-79,-14],[-7,-1],[-45,-8],[-92,-16],[-92,-15],[-105,-17],[-243,-40],[-56,-9],[-14,-2],[-8,-2],[-30,-4],[-67,-10],[-1,0],[-8,-2],[-88,-14],[-169,-28],[-60,-10],[-51,-8],[-15,-1],[-136,1],[-88,0],[-440,7],[-144,3],[-46,0],[-37,1],[-10,-1],[-49,-1],[-39,-1],[-40,-2],[-45,-4],[-39,-5],[-45,-8],[-48,-9],[-38,-9],[-32,-10],[-4,0],[-29,-10],[-21,-7],[-135,-54],[-16,-6],[-52,-20],[-80,-30],[-48,-21],[-31,-12]],[[4901,75821],[-31,16],[-7,4],[-39,20],[-4,2],[-3,1],[-6,4],[-13,9],[-14,12],[-3,2],[-15,14],[-4,7],[-7,10],[-1,1],[-4,9],[-2,4],[-2,2],[-20,35],[-4,6],[-7,14],[-6,9],[-6,11],[-5,9],[-14,22],[-4,7],[-8,13],[-4,6],[0,1],[-1,1],[-12,20],[-4,7],[-12,20],[-35,54],[-15,25],[-12,19],[-1,1],[-3,5],[-1,2],[-3,4],[-1,1],[-3,4],[-1,1],[-2,8],[-1,1],[-3,21],[-1,4],[0,1],[1,2],[0,2],[1,3],[4,11],[6,10],[20,15],[7,5],[6,5],[16,10],[38,18],[22,8],[23,7],[93,40],[24,10],[77,32],[95,41],[27,13],[15,9],[20,14],[22,18],[5,4],[24,25],[30,28],[11,14],[5,10],[4,9],[0,1],[1,21],[-23,144],[-2,11],[-12,74],[-7,50],[-1,4],[-6,36],[-1,12],[-12,68],[-4,27],[1,10],[3,16],[0,3],[3,11],[1,0],[6,13],[29,30],[30,29],[71,69],[43,43],[12,8],[17,9],[107,61],[8,4],[15,9],[72,34],[36,24],[19,11],[22,10],[6,0],[168,44],[176,37],[88,22],[129,27],[85,14],[161,31],[35,9],[40,14],[30,13],[9,4],[1,1]],[[4149,78859],[-101,-13],[-115,-15],[-190,-24],[-24,-3],[-73,-9],[-4,-1],[-57,-7],[-119,-14],[-286,-34],[-240,-27],[-176,-20],[-126,-15],[-89,-10],[-211,-23],[-79,-10],[-126,-15],[-36,-4],[-59,-7],[-21,-3],[-21,-2],[-1,0],[-6,-1],[-36,-4],[-13,-2],[-41,-5],[-14,-1],[-149,-18],[-165,-20],[-81,-9],[-199,-31],[-146,-22]],[[1145,78490],[-23,160],[-31,222],[-84,608],[0,1]],[[1007,79481],[15,-4],[17,-7],[4,-3],[17,-11],[15,-11],[5,-4],[2,-2],[13,-8],[1,-1],[18,-11],[48,-4],[9,0],[13,1],[120,0],[-38,64],[-6,12],[5,-3],[3,-1],[6,0],[7,5],[10,2],[13,0],[15,-5],[23,0],[29,-3],[9,0],[44,-3],[11,3],[8,4],[32,17],[20,6],[3,2],[5,12],[1,2],[-1,1],[-1,2],[3,3],[6,0],[10,1],[3,4],[1,2],[0,3],[-1,4],[6,3],[5,4],[5,3],[7,-1],[12,-3],[6,0],[4,6],[0,4],[4,3],[16,1],[10,0],[2,2],[-3,3],[-5,3],[-4,3],[0,5],[4,3],[7,-1],[5,-1],[5,0],[5,3],[0,8],[5,2],[0,3],[-4,1],[-2,1],[0,1],[16,20],[1,0],[0,3],[2,7],[6,5],[9,0],[5,-5],[0,-6],[2,-5],[15,7],[8,8],[11,5],[8,5],[5,8],[2,3],[10,20],[0,17],[6,5],[11,0],[9,-1],[7,6],[2,5],[-9,3],[-7,4],[-4,3],[-1,0],[5,6],[14,3],[11,7],[-2,7],[14,2],[12,3],[0,8],[-1,1],[-5,4],[-8,4],[-7,1],[-2,5],[1,5],[8,10],[21,7],[19,5],[19,0],[14,2],[8,2],[5,8],[3,3],[-1,12],[6,8],[14,5],[14,0],[2,3],[-6,5],[-10,3],[-1,5],[0,7],[1,4],[12,0],[7,-3],[5,3],[9,15],[13,4],[2,3],[1,0],[-7,7],[0,4],[10,1],[14,4],[0,11],[3,6],[5,5],[10,5],[1,6],[-5,8],[0,10],[5,9],[12,1],[15,3],[15,2],[12,2],[12,1],[4,3],[1,5],[-15,3],[-1,1],[-1,2],[0,1],[6,2],[4,2],[1,4],[0,1],[-3,3],[-1,0],[-12,2],[-4,2],[-1,0],[0,6],[-2,7],[-5,3],[0,1],[-1,0],[11,11],[0,10],[-2,2],[-8,3],[-11,2],[-10,7],[-6,4],[-4,4],[4,6],[6,4],[2,4],[-1,4],[-1,0],[-7,3],[0,9],[5,3],[9,1],[7,1],[14,5],[3,6],[0,1],[-3,1],[-7,0],[-9,8],[-6,4],[-1,4],[0,4],[8,6],[3,5],[1,7],[4,5],[5,1],[9,4],[2,6],[1,8],[0,5],[7,4],[17,5],[10,9],[11,11],[0,4],[1,7],[3,6],[5,5],[10,5],[6,4],[0,11],[-4,4],[-6,3],[0,1],[-1,1],[-1,3],[-5,3],[0,11],[1,5],[0,6],[-4,4],[-7,1],[-10,3],[-5,6],[-1,1],[3,2],[7,0],[7,1],[8,11],[0,14],[-13,9],[-22,7],[2,4],[13,4],[12,6],[5,10],[4,5],[12,4],[8,2],[11,1],[24,1],[23,1],[20,1],[22,3],[12,6],[2,3],[0,7],[6,2],[4,3],[-1,1],[-1,2],[-1,0],[-2,3],[-7,0],[-11,1],[-14,7],[2,7],[14,16],[1,19],[3,4],[5,1],[7,-1],[13,1],[11,0],[10,-1],[17,0],[11,3],[0,3],[-3,1],[-2,1],[0,7],[2,3],[10,2],[10,4],[1,1],[1,3],[1,7],[1,2],[0,2],[2,1],[4,3],[13,0],[7,-4],[2,-1],[5,-3],[3,-2],[18,-1],[16,-1],[7,0],[8,-1],[7,1],[4,-1],[5,0],[6,3],[3,7],[1,2],[6,2],[17,2],[2,0],[3,3],[-1,2],[0,3],[6,4],[14,0],[10,-3],[22,0],[6,1],[7,2],[4,3],[4,2],[0,3],[1,3],[2,2],[5,2],[3,0],[5,1],[9,3],[1,2],[0,8],[5,3],[7,4],[5,1],[18,1],[8,0],[9,2],[5,4],[6,1],[6,2],[14,4],[1,1],[3,2],[4,2],[6,1],[4,0],[10,-2],[5,1],[3,1],[4,3],[2,1],[8,0],[5,2],[3,2],[0,1],[2,4],[2,3],[6,3],[6,2],[4,1],[16,0],[11,1],[9,4],[3,4],[1,0],[0,3],[-3,2],[-12,3],[-3,4],[-3,3],[0,1],[-1,0],[-16,7],[-1,2],[1,3],[13,8],[9,7],[3,5],[5,3],[16,4],[13,10],[2,4],[2,3],[0,3],[-4,2],[-13,4],[-4,6],[-2,2],[-6,2],[-13,-1],[-10,-2],[-16,1],[-5,1],[-9,2],[-4,1],[0,4],[1,5],[-3,3],[-1,4],[4,3],[3,2],[10,2],[7,0],[8,1],[26,0],[6,1],[11,5],[3,6],[2,3],[8,8],[8,10],[11,1],[15,4],[9,6],[-4,6],[-9,16],[-17,22],[-4,9],[-6,7],[0,1],[2,8],[3,6],[12,5],[16,7],[20,24],[1,1],[-5,3],[-1,0],[42,17],[20,3],[34,-5],[61,-10],[99,-14],[23,4]],[[3082,80888],[0,-9],[7,-21],[7,-22],[17,-104],[3,-10],[3,-21],[20,-121],[2,-14],[19,-126],[0,-17],[2,-31],[10,-99],[13,-83],[4,-26],[17,-83],[8,-60],[3,-16],[2,-8],[0,-1],[2,-5],[8,-18],[14,-25],[14,-15]],[[3257,79953],[0,-1],[75,-87],[15,-17],[41,-47],[49,-55],[5,-6],[4,-5],[57,-56],[50,-49],[17,-16],[4,-5],[33,-28],[10,-9],[1,0],[7,-7],[15,-12],[7,-7],[4,-5],[3,-2],[3,-3],[9,-8],[5,-5],[6,-7],[25,-30],[49,-54],[6,-7],[15,-16],[0,-1],[4,-4],[88,-87],[10,-12],[17,-18],[5,-8],[26,-41],[46,-73],[7,-12],[6,-9],[38,-61],[68,-111],[3,-4],[1,-2],[17,-27],[15,-32],[18,-34],[2,-4],[6,-10]],[[22319,61774],[-21,17],[-21,14],[-40,27],[-21,15],[-3,2],[-7,6],[-6,3],[0,1],[-24,17],[-20,13],[-5,3],[-1,1],[-18,12],[-4,3],[-1,0],[-6,5],[-18,13],[-6,4],[-1,1],[-55,37],[-45,29],[-13,8],[-52,34],[-79,52],[-38,26],[-118,79],[-37,24],[-54,33],[-11,7],[-1,1],[-69,45],[-162,105],[-35,24],[-6,3],[-23,15],[-11,8],[-12,7],[-22,15],[-27,18],[-39,30],[-20,15],[-10,9],[-18,15],[-5,4],[-7,6],[-5,5],[-1,0],[-12,12],[-1,0],[-3,4],[-9,9],[-4,3],[-33,33],[-6,5],[-18,18],[-24,22],[-46,44],[-12,11],[-25,25],[-1,0],[-11,11],[-30,29],[-82,80],[-8,7],[-28,29],[-7,6],[-8,9],[-16,16],[-6,5],[-62,60],[-41,40],[-6,6],[-1,0],[-10,9],[-2,3],[-24,23],[0,1],[14,3],[15,3],[-63,61],[-14,15],[-1,0],[-13,-3],[-17,-3],[-19,16],[-27,30],[-39,37],[-1,1],[-11,9],[-37,35],[-7,6],[-1,1],[-5,6],[-15,15],[0,1],[-4,4],[-27,23],[-22,18],[-15,12],[-14,12],[-41,30],[-93,61],[-55,36],[-1,0],[4,2],[12,5],[4,2],[4,1],[20,4],[16,2],[13,1],[18,2],[114,12],[88,9],[67,7],[9,1],[288,34],[34,4],[78,9],[114,12],[44,4],[26,2],[25,1],[23,0],[44,-2],[326,-23],[168,-11],[22,-1],[301,-18],[25,-1],[21,-2],[33,-6],[22,-5],[45,-12],[78,-22],[205,-58],[93,-26],[38,-11],[94,-27],[24,-6],[20,-6],[12,16],[7,15],[45,97],[14,32],[12,25],[14,29],[33,58],[2,2],[2,5],[57,101],[57,100],[20,39],[0,1],[1,0],[21,27]],[[22929,63958],[1,0],[1025,48],[284,13],[131,6],[114,6],[300,14],[55,3],[379,19],[229,12],[15,0],[0,1],[2,-2],[13,-28],[2,-32],[0,-7],[-7,-8],[-41,-24],[-28,-8],[-45,-5],[-28,-10],[-47,-14],[-16,-4],[-7,-8],[-23,-44],[-42,-31],[-31,-15],[-1,-13],[3,-27],[3,-12],[3,-8],[26,-43],[15,-19],[14,-20],[5,-2],[11,-7],[16,-11],[26,-10],[24,-8],[40,-14],[27,-4],[27,-12],[33,-22],[55,-54],[38,-24],[51,-23],[9,-4],[9,-3],[32,-15],[22,-9],[45,-2],[127,-61],[98,-38],[14,-6],[62,-33],[21,-9],[15,0],[11,3],[41,25],[38,17],[68,28],[25,9],[72,32],[153,56],[23,11],[29,12],[61,18],[26,4],[19,1],[4,-5],[3,-5],[70,-1],[56,13],[47,30],[63,55],[36,20],[71,4],[73,-9],[78,-7],[45,-1],[185,20],[141,41],[35,11],[50,18],[58,21],[59,29],[14,29],[1,3],[1,5],[5,22],[-8,28],[-2,6],[-15,21],[40,10],[38,11],[15,9],[3,5],[-1,3],[-2,9],[0,5],[1,6],[82,2],[83,2],[57,7],[68,-2],[79,-14],[65,-6],[69,-2],[134,4],[179,21],[2,1],[45,3],[3,0],[13,-6],[71,-37],[93,-36],[42,4]],[[28849,63890],[2,-1],[8,-3],[4,-2],[3,0],[5,-1],[41,-15],[26,-16],[49,-42],[4,-31],[0,-2]],[[28991,63777],[0,-3]],[[28991,63774],[0,-2],[-5,-17],[-4,-12],[-2,-3],[-14,-19],[-27,-25],[-13,-11],[-19,-8],[-3,-5],[-18,-10],[-132,-69],[-118,-40],[-9,-2],[-5,0],[-23,-9],[-45,-6],[-36,-7],[-53,-6],[-58,-8],[-34,-9],[-139,-34],[-82,-15],[-37,-4],[-93,1],[-15,1],[-64,-3],[-22,-2],[-63,-9],[-45,-11],[-62,-21]],[[27751,63409],[-19,-11]],[[27732,63398],[-45,-17],[-82,-39],[-58,-21],[-14,-8],[-21,-9],[-14,-12],[-5,-1],[-34,-14],[-5,-4],[-15,-8],[-11,-4],[-10,-9],[-82,-41],[-39,-28],[-29,-25],[-26,-28],[-7,-75]],[[27235,63055],[0,-1]],[[27235,63054],[0,-4],[7,-25],[0,-1],[29,-50],[6,-6],[82,-105],[5,-12],[7,-16],[-20,-39],[-23,-32],[-11,-10]],[[27317,62754],[-21,-21]],[[27296,62733],[-35,-35],[-22,-20],[-98,-107],[-48,-73],[-35,-33],[-5,-10],[-32,-29],[-5,-7],[-113,-98],[-26,-23],[-4,-8],[-142,-108],[-51,-46],[-18,-15],[-24,-13]],[[26638,62108],[-57,-19]],[[26581,62089],[-25,-5],[-44,-12],[-26,-6],[-14,-1],[-22,-1],[-83,-7],[-99,-23],[-23,-5],[-17,-2],[-47,-13],[-84,-12],[-170,-38],[-19,-2],[-13,-4],[-67,-16],[-185,-69],[-51,-22],[-17,-12],[-22,-7],[-3,-3],[-46,-25],[-43,-23],[-30,-13],[-54,-5],[-35,2],[-4,2],[-26,9],[-5,1],[-52,21],[-35,8],[-87,10],[-36,6],[-20,7],[-17,10],[-7,22],[2,9],[12,27],[-1,2],[-1,5],[-2,5],[-1,4],[-1,2],[-13,11],[-10,8],[-25,6],[-6,4],[-70,18],[-148,20],[-63,4],[-50,1],[-115,-8],[-42,-7],[-22,-8],[-25,-13],[-12,-10],[-7,-23]],[[24453,61918],[0,-4]],[[24453,61914],[2,-23],[-5,-18],[-13,-16],[-29,-21],[-59,-30],[-19,-16],[-10,-17],[-14,-12],[-6,-5],[-26,-10],[-30,1],[-11,-1]],[[24233,61746],[-8,0]],[[24225,61746],[-6,1],[-16,1],[-14,2],[-5,2],[-13,4],[-12,6],[-3,2],[-1,1],[-1,0],[-4,6],[-2,4],[0,1]],[[24148,61776],[0,11]],[[24148,61787],[0,2],[-3,11]],[[24145,61800],[0,10]],[[24145,61810],[-1,8],[0,2],[-3,8],[-4,6],[-6,8],[-1,0],[-4,4],[-7,6],[-8,3],[-13,4],[-8,2],[-16,2],[-1,1],[-16,2],[-1,0]],[[24056,61866],[-52,0]],[[24004,61866],[-12,-1],[-5,-1],[-10,-1],[-6,-2],[-12,-2],[-7,-3],[-3,-1],[-11,-4],[-16,-2]],[[23922,61849],[-8,-2]],[[23914,61847],[-18,-4],[-1,0],[-37,-10],[-1,0],[-12,-4],[-31,0],[-48,6],[-62,16],[-49,3]],[[23655,61854],[-12,0]],[[23643,61854],[-4,0],[-43,-7],[-14,-5],[-4,-8],[-13,-48]],[[23565,61786],[-11,-23]],[[23554,61763],[-16,-14],[-62,-25]],[[23476,61724],[-14,-3]],[[23462,61721],[-27,-3],[-27,-2],[-15,-2],[-44,-1],[-64,4],[-15,1],[-15,3],[-19,4],[-4,0],[-14,4],[-49,13],[-28,10],[-18,6],[-41,20],[-26,18],[-9,14],[1,11],[1,10]],[[23049,61831],[4,8]],[[23053,61839],[39,58],[2,4],[-1,3]],[[23093,61904],[0,1]],[[23093,61905],[0,1],[-8,12],[-12,11],[-1,1],[-10,6],[-14,5],[-11,3],[-29,2],[-29,-4],[-32,-13],[-34,-22],[-10,-8],[-12,-14],[-16,-20],[-12,-21],[-8,-9],[-31,-18],[-48,-15],[-20,-10],[-8,-6]],[[22748,61786],[-35,-37]],[[22713,61749],[-30,-19],[-18,-7],[-39,-3],[-30,3],[-50,10],[-24,8],[-20,4],[-15,5],[-59,24],[-26,7],[-10,1],[-21,0],[-35,-5],[-1,0],[-16,-3]],[[77793,16141],[321,-11],[10,34],[6,21],[1,6],[2,10],[8,31],[1,5],[15,68],[6,31],[1,1],[15,70],[23,110],[3,7],[1,0],[370,-39],[51,-5],[155,-17],[51,-5],[43,-4],[127,-14],[33,-4],[9,1],[3,0],[122,-15],[96,-9],[50,-4],[58,-3],[76,-5],[100,-6],[111,-9],[121,-15],[117,-15],[26,-3],[169,-19],[33,-3],[21,-3],[212,-20],[136,-13],[17,-1],[16,0],[14,1],[146,12],[69,5],[206,16],[68,6],[8,0],[35,3],[108,9],[19,1],[14,1],[31,3],[35,3],[-12,29],[0,1],[-183,-15],[-15,37],[-26,63],[-9,-1],[-1,5],[-1,2],[0,35],[-5,5],[0,1]],[[75314,16307],[1,0],[22,-8],[51,-17],[19,-6],[23,-9],[11,-4],[35,-12],[1,-1],[11,-4],[51,-21],[4,-3],[57,-28],[25,-12],[32,-10],[27,-7],[20,-5],[6,-1],[22,-4],[42,-7],[7,-1],[30,-1],[36,0],[33,1],[39,1],[35,2],[61,2],[156,6],[165,7],[67,2],[240,6],[105,-1],[128,-2],[43,-1],[133,-3],[44,0],[140,-6],[35,-1],[366,-14],[156,-4]],[[77793,16141],[0,-1],[-10,-76],[-14,-121],[-15,-124],[-23,-226],[-1,-5],[-3,-7],[-1,-2],[0,-1],[-5,-9],[-4,-6],[-20,-17],[-40,-31],[-1,-1],[-8,-9],[-5,-11],[-1,-5],[0,-1],[-1,-6],[-2,-11],[-1,-10],[-5,-34],[-1,-11],[-2,-16],[-1,-7],[-4,-26],[-5,-41],[-3,-23],[0,-3],[-2,-9],[0,-3],[-2,-8],[0,-8],[-2,-13],[-1,-7],[-2,-16],[-9,-49],[-2,-17],[-2,-20],[-2,-7],[-6,-40],[-1,-6],[-7,-37],[-1,-11],[-1,-5],[-2,-12],[-1,-5],[-3,-9],[-5,-33],[-1,-5],[-1,-4],[0,-4],[-3,-10],[1,-1],[6,-2],[21,-8],[7,-2],[-10,-23],[-30,-70],[-11,-23]],[[75298,16978],[3,-2],[98,-40],[20,-8],[126,-59],[38,-23],[0,-1],[10,-7],[2,-3],[7,-7],[19,-29],[15,-22],[6,-8],[43,-58],[-21,-23],[-64,-70],[-22,-23],[-10,-12],[-34,-37],[-134,-145],[-45,-49],[-9,-9],[-2,-3],[-22,-24],[-8,-9]],[[75314,16307],[-86,-96],[-129,-141],[0,-1],[-34,-37],[-103,-113],[-27,-29],[-1,-2],[-1,0],[-6,-6],[0,-1],[-34,-36],[-20,-20],[-14,-11],[-18,-12],[-10,-6],[-78,-45],[-25,-15],[-24,-16],[-19,-13],[-4,-3],[-23,-17],[-20,-17],[-7,-6],[-17,-15],[-25,-25],[-14,-15],[-3,-3],[-16,-20],[-14,-19],[-10,-16],[0,-1],[-1,-1],[-4,-6],[-10,-21],[-9,-21],[-7,-21],[-1,-2],[-5,-19],[-2,-12],[-2,-15],[-1,-17],[0,-8],[1,-46],[1,-17],[2,-33],[4,-132],[4,-76],[0,-19],[1,-22],[2,-40],[1,-26],[1,-22]],[[74507,14974],[11,-1],[3,-1],[26,-4],[4,0],[11,-1],[7,0],[23,2],[24,0],[29,-4],[23,-4],[25,-1],[13,0],[54,-1],[55,0],[55,-1],[64,0],[50,-2],[47,0],[73,-1],[3,0],[217,-62],[109,-31],[109,-39],[47,-17],[248,-58],[47,-11],[179,-60],[249,-26],[105,8],[99,7],[65,14],[30,7],[52,11],[16,3],[142,38],[125,33],[169,31],[2,0],[38,7],[60,11],[54,10],[37,6],[1,1],[37,-1],[11,0],[24,-1],[84,-1],[35,-1],[47,-1]],[[77545,14833],[2,0],[104,-6],[7,0],[287,-21],[149,-12],[18,-2],[62,-7],[112,-11],[47,-7],[51,-6],[49,-7],[55,-7],[87,-13],[67,-26],[20,-7],[90,-38],[8,-3],[7,-3],[11,-5],[22,-3],[101,-15],[27,-5],[141,-23],[117,-21],[127,-23],[87,-24],[50,-24],[10,-12],[18,-22],[31,-29],[4,-6],[12,-16],[10,-29],[69,-26],[9,-6],[91,-12],[54,-15],[3,-5],[2,-3],[15,-23],[2,-3],[1,-1],[21,-25],[33,-35],[41,-54],[33,-37],[18,-20],[112,-66],[89,-57],[4,-2]],[[73914,13298],[-23,3],[-1,0],[17,25],[51,76],[17,26],[2,5],[9,18],[2,5],[2,4],[1,0],[4,10],[20,47],[7,14],[5,12],[97,209],[35,75],[11,23],[5,10],[9,20],[16,33],[3,7],[3,8],[7,16],[12,24],[8,19],[24,50],[17,38],[32,68],[17,37],[38,81],[26,57],[66,142],[3,7],[44,96],[4,10],[6,19],[0,1],[1,6],[2,4],[2,10],[0,2],[3,17],[0,1],[7,24],[-5,33],[-2,15],[0,1],[-1,6],[0,14],[-2,33],[-2,55],[0,32],[-2,40],[0,4],[-1,8],[0,14],[-1,7],[0,25],[-1,14],[0,2],[-1,3],[0,11]],[[77754,12766],[11,12],[7,8],[19,22],[33,33],[12,11],[24,21],[27,21],[28,20],[23,16],[37,23],[21,12],[6,3],[44,26],[32,19],[70,23],[46,4],[16,0],[26,-7],[19,-2],[1,0],[6,-1],[1,0],[12,9],[34,25],[12,8],[-17,4],[0,1],[18,7],[51,22],[16,7],[1,0],[87,38],[45,19],[4,2],[34,20],[1,1],[4,2],[32,26],[22,18],[0,1],[10,8],[1,2],[27,26],[4,3],[9,10],[1,1],[5,4],[5,5],[5,4],[23,18],[8,5],[12,9],[1,0],[13,9],[8,5],[29,16],[21,12],[2,0],[28,14],[31,14],[9,3],[17,7],[20,7],[10,4],[35,12],[14,3],[20,6],[1,0],[22,6],[69,16],[23,6],[22,5],[65,15],[20,5],[1,0],[23,6],[14,3],[52,12],[22,6],[1,0],[21,5],[65,16],[11,3],[10,2],[1,0],[20,5],[6,2],[22,6],[28,9],[2,1],[18,8],[5,2],[13,5],[10,6],[36,20],[14,9],[1,0],[4,2],[9,7],[18,13],[16,15],[1,0],[9,10],[0,1],[11,12],[11,11],[1,0],[3,7],[2,4],[1,10],[0,2],[1,0],[-5,5],[-4,3],[-9,8]],[[79674,13736],[-1,0]],[[79673,13736],[3,0],[11,3],[15,5],[6,3],[8,5],[7,6],[4,8],[0,3],[-1,2],[-1,1],[8,23],[11,3],[9,5],[0,4],[-9,7],[-2,2],[-1,0],[5,10],[0,3],[1,1],[0,1],[25,-5],[13,0],[27,2],[16,2],[4,1],[13,3],[1,17],[4,4],[5,3],[8,1],[39,0],[6,1],[17,15],[7,3],[11,0],[8,-2],[17,-10],[6,-2],[7,0],[9,1],[9,4],[13,9],[5,3],[18,4],[2,1],[1,1],[-24,7],[-69,21],[-22,6],[-2,0],[45,16],[29,10],[96,44],[40,19],[1,0]],[[80132,14010],[1,0],[3,-2],[74,-45],[82,-32],[56,-23],[157,-42],[130,-24],[115,-11],[96,-2],[52,0],[138,-1],[75,-4],[1,0],[128,-16],[101,-9],[15,-2],[118,-19],[105,-25],[68,-20],[87,-23],[113,-22],[108,-15],[63,-8],[72,-6],[52,-3],[158,-14],[138,-9],[109,2],[0,2],[380,55],[1435,206],[313,11],[27,1],[359,10],[210,8]],[[78083,12783],[10,3],[7,3],[9,3],[36,21],[171,98],[57,33],[48,31],[27,16],[26,5],[11,4],[16,5],[28,6],[16,2],[11,3],[35,2],[13,0],[79,1],[45,-6],[42,-5],[6,-1],[81,-9],[68,-8],[91,-15],[109,-19],[76,-19],[42,-9],[207,-44],[150,-33],[38,-10],[90,-28],[14,-5],[58,-25],[17,-8],[38,-17],[54,-25],[62,-30],[45,-22],[56,-27],[86,-38],[68,-25],[105,-36],[8,-2],[21,-7],[7,-3],[1,0],[64,-21],[113,-38],[41,-14],[37,-12],[35,-12],[8,-2],[21,-7],[13,-5],[37,-12],[12,-4],[1,0],[50,-16],[67,-22],[86,-28],[20,-6],[27,-7],[7,-1],[21,-4],[19,-3],[14,-1],[11,-1],[30,-2],[25,-1],[9,0],[71,4],[20,1],[56,3],[1,0],[174,9],[57,4],[45,4],[44,5],[44,6],[29,4],[59,9],[9,2],[12,2],[92,17],[253,48],[61,10],[26,4],[28,4],[57,6],[145,13],[16,2],[14,1],[1,0],[0,-1],[2,-6],[0,-1],[17,-130],[5,-34],[0,-1],[9,-9],[12,-64],[197,-151],[2,-39],[8,-145],[0,-11],[1,-10],[3,-23],[0,-1],[13,-60],[2,-10],[-173,-5],[-1,0],[0,-160]],[[77754,12766],[2,0],[66,-1],[136,0],[25,1],[28,2],[11,2],[14,2],[22,5],[3,0],[15,4],[7,2]],[[78083,12783],[1,0],[9,-6],[47,-23],[103,-51],[69,-36],[4,-1],[54,-27],[161,-82],[122,-61],[223,-116],[135,-69],[124,-63],[11,-8],[5,-2],[14,-9],[0,-2],[4,-5],[4,-6],[3,-7],[1,-2],[1,-3],[0,-1],[2,-11],[4,-18],[1,-13],[1,-5],[0,-12],[-17,-6],[-56,-20],[-18,-6],[-4,1],[-6,2],[-15,6],[-14,7],[-4,1],[-5,3],[-4,3],[-8,4],[-4,1],[-2,1],[-8,0],[-11,-5],[-31,-16],[-12,-5],[-38,-19],[-20,-11],[-15,-7],[-60,21],[-43,13],[-16,6],[-1,1],[68,35],[1,1],[14,6],[39,21],[13,6],[14,7],[40,21],[13,7],[1,1],[14,7],[2,2],[3,5],[0,4],[-1,4],[0,1],[-1,1],[-4,3],[-15,8],[-3,2],[-27,13],[-29,13],[-31,12],[-9,2],[-24,6],[-22,5],[-13,3],[-12,2],[-22,5],[-36,6],[-14,2],[-24,3],[-33,-33],[-9,-8],[-138,-138],[-25,-26],[-9,-9],[41,-5],[68,-9],[55,-10],[19,-4],[20,-6],[46,-12],[-1,-1],[-66,-34],[-13,-8],[-70,-35],[-17,-9],[-24,-13],[-11,-5],[-17,-9],[-40,-20],[-2,-2],[-7,-4],[0,-3],[1,-2],[1,0],[3,-3],[6,-2],[3,0],[44,-14],[1,0],[14,-6],[1,-1],[16,-7],[42,-24],[5,-5],[20,-18],[5,-4],[4,-7],[3,-6],[4,-11],[2,-14],[0,-14],[-2,-12],[0,-2],[-1,-3],[-13,1],[-7,-1],[-9,-1],[-7,-2],[-8,-4],[-5,-5],[-3,-5],[0,-1],[-1,-3],[0,-2],[1,-2],[4,-12],[2,-7],[8,-21],[0,-2],[2,-4],[3,-8],[1,-2],[7,-19],[1,-3],[2,-5],[-9,0],[-24,1],[-8,0],[1,-1],[4,-5],[10,-9],[6,-6],[2,-3],[1,-3],[0,-4],[-1,-1],[0,-3],[-5,-7],[-11,-20],[0,-3],[3,-2],[4,-1],[5,-2],[26,0],[27,-1],[2,0],[46,-1],[41,-1],[102,0],[48,-2],[60,0],[10,1],[8,3],[5,3],[8,3],[9,3],[11,2],[13,1],[14,0],[14,-2],[11,-1],[2,-1],[13,-3],[11,-4],[12,-4],[0,-17],[-2,-7],[-4,-9],[-6,-6],[-2,-1],[-12,-4],[-15,-4],[-16,-3],[-12,-2],[-74,0],[-69,-1],[-17,0],[-74,-1],[-6,0],[-34,1],[22,-123],[1,-11]],[[73617,12655],[99,217],[9,18],[23,49],[8,16],[8,20],[28,59],[9,19],[3,6],[4,7],[5,11],[1,2],[1,4],[31,66],[13,29],[6,13],[17,36],[32,70],[0,1]],[[73914,13298],[1,0],[112,-18],[111,-18],[186,-29],[302,-46],[63,-10],[432,-67],[1,-1],[13,-2],[14,-2],[181,-28],[117,-19],[2,0],[10,-2],[60,-9],[74,-11],[9,-2],[99,-15],[49,-8],[29,-4],[119,-19],[49,-8],[46,-7],[138,-22],[45,-7],[2,0],[33,-5],[99,-16],[34,-5],[25,-4],[18,-3],[55,-9],[25,-3],[81,-13],[85,-14],[86,-13],[89,-14],[88,-14],[9,-1],[11,-2],[190,-29],[90,-13],[13,-2],[23,-2],[25,-3],[12,0],[46,-4],[2,-1],[49,-3],[50,-2],[51,-2],[83,0],[41,-1],[163,0]],[[76140,12163],[4,0],[257,-22],[250,53],[311,-23],[10,-1],[94,-12],[55,-19],[15,-7],[16,-8],[23,-5],[17,-5],[3,-2],[3,-4],[0,-1],[-1,-8],[-29,-16],[-14,-7],[1,-1],[2,-3],[21,-1],[47,5],[18,-3],[15,-7],[7,-5],[-2,-12],[-10,-20],[4,-4],[2,-3],[25,-6],[71,-2],[20,-2],[14,-3],[10,-12],[0,-17],[2,-20],[1,-1],[11,-10],[95,-37],[51,-19],[59,-7],[174,-11],[148,-17],[134,-27],[81,-28],[54,-23],[27,-49],[68,-200],[4,-15],[32,-24],[35,-31],[93,-15],[161,-19],[148,-21]],[[78777,11406],[141,-27],[3,0],[452,-20],[139,9],[2,0],[675,34],[1264,92],[608,190],[2,0],[129,-45],[229,-11],[126,-7]],[[82547,11621],[0,-841]],[[74146,11276],[25,-10],[190,-73],[42,-16],[46,-18],[20,-8],[74,-26],[8,-2],[-1,0],[-6,-3],[-9,-3],[-12,-3],[-17,-3],[-54,-12],[-4,0],[-2,-1],[-13,-5],[-13,-6],[-12,-7],[-9,-8],[-3,-3],[-5,-6],[-5,-9],[-2,-7],[0,-7],[1,-6],[8,-20],[5,-12],[3,-6],[6,-13],[17,-34],[51,-84],[26,-39],[14,-22],[132,-186],[151,-210],[93,-114],[27,-36],[-1,0],[-67,-4],[-23,-1],[-71,0],[-49,-3],[-58,-2],[-39,1],[-29,3],[-2,-1],[-36,-27],[0,-1],[2,-14]],[[67275,12494],[1,0],[29,5],[58,6],[117,12],[3,0],[62,5],[182,17],[192,18],[66,5],[49,4],[73,5],[6,0],[182,13],[21,1],[1,1],[36,2],[32,2],[57,3],[21,0],[12,1],[35,0],[30,-2],[120,-5],[40,-2],[30,-1],[12,0],[125,-7],[42,-2],[68,-3],[243,-12],[453,-21],[340,-16],[142,-8],[263,-13],[22,-2],[26,-5],[20,-4],[36,-9],[118,-45],[20,-8],[103,-39],[20,-7],[26,-6],[33,-6],[28,-3],[27,-3],[182,-12],[72,-5],[147,-14],[9,-1],[105,-14],[51,-7],[19,-3],[17,-5],[16,-5],[8,-3],[26,-10],[16,-6],[25,-9],[101,-39],[41,-16],[71,-27],[106,-42],[22,-9],[149,-53],[232,-92],[128,-50],[87,-34],[88,-36],[54,-22],[7,-3],[158,-61],[55,-21]],[[72889,11766],[-84,-44],[-235,-125],[-17,-9],[-47,-27],[-38,-17],[-27,-16],[-4,-2],[-79,-42],[-28,-14],[-103,-55],[-13,-7],[-298,-158],[-6,-3],[-26,-12],[-27,-11],[-27,-10],[-31,-9],[-28,-9],[-30,-8],[-33,-6],[-30,-7],[-38,-6],[-18,-3],[-34,-4],[-40,-5],[-40,-3],[-27,-2],[-74,-1],[-293,-5],[-202,-4],[-18,0],[-99,-2],[-263,-4],[-35,-2],[-21,-1],[-30,-3],[-29,-4],[-17,-3],[-26,-6],[-23,-5],[-15,-5],[-182,-62],[-45,-15],[-16,-5],[-23,-6],[-20,-6],[-40,-10],[-13,-3],[-14,-3],[-11,-2],[-32,-5],[-22,-3],[-10,-2],[-33,-4],[-34,-3],[-66,-3],[-24,-1],[-56,-1],[-63,-2],[-191,-2],[-64,-1],[-33,0],[-101,-2],[-34,-1],[-31,0],[-95,-2],[-32,0],[-82,-1],[-246,-5],[-82,-1],[-51,-1],[-109,-1],[-44,-1],[-50,-1],[-1,0],[-95,-2],[-52,-2],[-14,0],[-63,-3],[-420,-25],[-9,0],[-152,-9],[-52,-3],[-82,-5],[-72,-4],[-52,-3],[-29,-2],[-92,-5],[-21,-1],[-10,-1],[-204,-12],[-171,-10],[-443,-25],[-165,-10],[-6,0],[-33,-2],[-39,-2],[-119,-7],[-40,-2],[0,-1],[2,-6],[1,0],[15,-1],[7,0],[5,-3],[14,-12],[3,-2],[18,-13],[8,-11],[-1,0],[-18,-42],[-5,-14],[-3,-20],[-1,-12],[3,-5],[1,-1],[7,-8],[9,-5],[7,-3],[10,-2],[61,-6],[15,-3],[30,-7],[39,-4],[8,-2],[5,-3],[1,0],[6,-8],[4,-7],[7,-12],[0,-4],[-6,-4],[-9,0],[-6,2],[-18,11],[-6,-1],[-3,-2],[-3,-3],[-1,-9],[2,-5],[0,-1],[4,-4],[20,-15],[3,-5],[-2,-3],[-5,-3],[-26,-8],[-13,-7],[-1,-3],[2,-6],[7,-10],[10,-12],[12,-9],[7,-4],[13,-2],[9,0],[9,1],[18,8],[7,1],[10,-1],[38,-15],[6,-4],[21,-17],[8,-6],[18,-7],[24,-9],[25,-9],[7,-6],[2,-3],[3,-4],[5,-14],[0,-9],[-4,-7],[-11,-7],[-32,-24],[-9,-10],[-2,-6],[0,-10],[2,-8],[5,-6],[1,-1],[8,-5],[11,-4],[43,0],[91,6],[16,1],[21,-1],[20,0],[22,-2],[18,-3],[14,-3],[12,-3],[21,-11],[15,-9],[12,-9],[11,-13],[0,-1],[3,-3],[4,-7],[2,-6],[0,-1],[1,-9],[-1,-27],[0,-19],[-3,-10],[-1,-3],[0,-1],[-5,-6],[-17,-9],[-13,-7],[-11,-8],[-14,-15],[-9,-14],[-3,-6],[2,-7],[1,-2],[10,-10],[16,-15],[24,-17],[35,-21],[42,-22],[10,-4],[65,-17],[35,-14],[14,-4],[14,0],[14,1],[9,5],[34,20],[13,5]],[[76140,12163],[-2,0],[-129,-18],[-39,-14],[-21,-13],[-34,-12],[-24,-10],[-44,-20],[-43,-12],[-24,-15],[-9,4],[-16,7],[-37,-24],[-21,-15],[-38,-20],[-64,-40],[-48,-25],[-25,-10],[-22,-9],[-27,-2],[-35,-2],[-34,-6],[-29,-14],[-13,-16],[16,-22],[-19,-10],[-27,-9],[9,-13],[17,-22],[24,-18],[37,-31],[15,-15],[24,-28],[17,-24],[29,-15],[46,-29],[41,-22],[25,-37],[26,-8],[36,-41],[14,-18],[2,-23],[35,-23],[-30,-6],[-15,-5],[-20,-3],[-24,-1],[-19,0],[-16,1],[-42,1],[-53,-1],[-115,0],[-56,1],[-71,2],[-37,3],[-35,3],[-29,5],[-26,8],[-28,9],[-33,18],[-25,17],[-831,-226],[-78,-19]],[[74146,11276],[-67,26],[-61,24],[-3,1],[-11,5],[-169,66],[-61,23],[-2,1],[-9,5],[-52,21],[-248,94],[-1,1],[-94,36],[-4,2],[-13,5],[-4,2],[-22,8],[-61,24],[-6,2],[-17,6],[-4,2],[-66,26],[-109,42],[-117,46],[-55,22],[-1,0]],[[72889,11766],[112,63],[9,4],[46,23],[84,44],[57,37],[41,31],[53,45],[35,41],[26,33],[12,22],[5,9],[13,27],[25,52],[6,14],[30,67],[35,74],[15,35],[9,16],[9,21],[14,30],[1,3],[1,2],[43,94],[24,52],[23,50]],[[73617,12655],[2,0],[403,-35],[275,-23],[207,-19],[14,-1],[4,0],[12,-3],[7,-1],[3,-2],[64,-28],[21,-9],[1,0],[17,-8],[55,-24],[18,-8],[13,-5],[39,-17],[12,-5],[1,0],[165,-70],[27,-12],[4,-1],[123,-55],[41,-17],[1,-1],[33,-15],[54,-23],[385,172],[45,-12],[1,0],[28,-9],[2,0],[12,-5],[38,-14],[13,-5],[1,0],[66,-22],[-12,-26],[-4,-8],[0,-1],[-3,-7],[-19,-39],[1,0],[38,-15],[1,-1],[67,-28],[13,-5],[1,-1],[15,-6],[87,-36],[80,-33],[14,-6],[21,-1],[16,-2]],[[85310,15271],[-156,51],[-3,0],[-325,101],[-153,54],[-156,55],[-146,51],[-288,122],[-214,90],[-360,125],[-541,265],[-106,74],[-18,12],[-10,7],[-62,43],[-155,121],[-21,16],[-33,29],[-34,29],[-301,0],[-900,-1],[-298,1]],[[81030,16516],[-12,5],[-4,6],[0,1],[-4,4],[-15,8],[0,1],[-2,4],[-5,0],[-5,3],[-5,7],[-2,1],[-10,0],[2,3],[5,5],[0,1],[-4,4],[0,1],[-1,0],[0,3],[1,3],[-2,2],[2,2],[-3,6],[-1,3],[0,3],[-8,8],[-4,6],[-15,3],[-14,2],[-8,2],[-9,-2],[-5,2],[-8,6],[-12,6],[-9,6],[-8,4],[-2,0],[0,1],[-13,1],[-13,3],[-5,1],[-6,4],[-5,4],[-3,5],[-4,4],[-8,3],[-3,3],[-1,2],[-6,1],[-5,3],[-10,5],[-5,7],[-3,7],[-1,3],[-5,8],[-12,6],[-7,4],[-20,5],[-1,0],[-9,6],[-1,1],[-14,1],[-12,1],[-13,3],[-29,-7],[-144,-32],[-13,-2],[-5,0],[-5,5],[52,12],[106,24],[11,2],[6,4],[2,4],[4,3],[-1,1],[-1,4],[-5,4],[-3,2],[-11,6],[0,5],[-4,5],[-1,2],[-6,4],[-15,4],[-1,1],[-2,1],[-1,1],[-4,-1],[-5,2],[-6,3],[-7,0],[-7,-1],[-6,1],[-1,0],[0,4],[-4,2],[-10,0],[1,2],[2,3],[1,0],[-4,1],[-15,-5],[-92,-20],[-59,-12],[-5,0],[-7,2],[-3,2],[40,9],[120,25],[7,2],[6,3],[7,2],[0,3],[-4,5],[-2,3],[-4,2],[-1,0],[0,1],[-4,3],[-3,3],[-3,4],[-6,0],[-5,1],[-3,2],[-1,1],[0,7],[-3,2],[-7,3],[-3,1],[-7,3],[-3,3],[-1,4],[-8,3],[-7,1],[-7,4],[-4,2],[-3,3],[-3,5],[-9,3],[-9,2],[-6,1],[-1,0],[-9,3],[-10,2],[-15,5],[-15,2],[-2,1],[-7,3],[-5,4],[-3,3],[-7,-1],[-10,-1],[-9,1],[-7,3],[-6,1],[-5,3],[-4,3],[-6,2],[-4,4],[0,-3],[-7,0],[-9,1],[-8,3],[-6,-2],[0,-3],[-5,0],[-7,2],[0,3],[-1,1],[-4,3],[1,3],[0,3],[-11,1],[-8,2],[0,2],[-6,1],[-4,1],[5,4],[-5,1],[-8,1],[0,2],[5,4],[7,2],[-3,2],[-5,3],[-1,0],[0,3],[6,3],[0,1],[-3,3],[-1,0],[-2,6],[-5,2],[-9,1],[-7,1],[-2,3],[-2,4],[-3,3],[-2,4],[0,1],[-2,3],[-6,6],[3,2],[-2,2],[0,1],[-1,0],[-4,2],[0,3],[7,2],[0,3],[-9,2],[-5,3],[-2,3],[-8,0],[-16,11],[-1,1],[0,1],[1,1],[4,2],[0,9],[-2,3],[0,1],[-9,3],[-15,7],[-9,2],[-5,-2],[-1,-2],[-12,3],[-7,3],[-1,0],[2,3],[3,2],[1,3],[1,0],[-10,5],[-13,1],[-26,0],[0,-18],[-17,-18],[-7,-4],[-21,-8],[-10,-3],[-29,-11],[-20,-10],[-12,-8],[-7,-7],[-11,-17],[-5,-6],[-9,-6],[0,-1],[0,1]],[[79918,16962],[3,13],[5,10],[6,9],[8,8],[13,9],[14,7],[14,6],[45,16],[8,5],[9,5],[1,11],[-2,11],[-5,8],[-3,5],[0,1],[-5,3],[-5,1],[-5,3],[-6,1],[-3,-3],[-10,-3],[-81,-32],[-23,-10],[-10,-3],[-11,-2],[-5,0],[-5,2],[0,1],[1,2],[5,3],[9,5],[59,21],[22,8],[32,12],[4,2],[3,5],[2,7],[1,1],[0,2],[2,7],[-1,3],[-1,5],[-1,1],[-2,4],[-20,5],[-7,-1],[-8,4],[1,3],[8,4],[-1,1],[0,1],[-1,0],[-6,3],[-6,1],[-4,2],[-11,1],[4,4],[-1,1],[-5,0],[-4,4],[-9,4],[-1,0],[0,1],[-1,2],[-10,3],[-15,0],[-5,1],[-1,0],[1,3],[-2,1],[-9,0],[5,4],[-19,10],[-15,4],[-4,4],[-10,4],[-2,2],[-1,4],[-6,2],[-13,2],[-5,2],[-1,1],[-1,2],[-10,1],[-7,-1],[-11,-1],[-1,0],[-1,2],[0,1],[-2,2],[-4,0],[2,2],[5,3],[-1,5],[-2,2],[0,1],[-4,1],[-16,0],[-6,-2],[-7,2],[-6,-1],[-3,1],[-2,2],[-7,1],[0,2],[1,3],[0,1],[-1,2],[4,4],[1,0],[-1,3],[0,3],[-2,4],[-7,1],[-7,3],[-6,3],[-6,2],[-2,2],[0,1],[-2,0],[-3,3],[-11,0],[-5,-1],[-5,1],[-1,-2],[-8,-2],[-3,1],[5,4],[5,8],[-7,2],[0,2],[-3,3],[-2,3],[-4,2],[-5,5],[-5,0],[-6,-2],[-6,0],[-7,-2],[-8,-3],[-1,0],[4,5],[0,2],[2,5],[0,1],[-3,1],[-5,1],[-3,3],[0,1],[3,3],[0,1],[-5,-2],[-5,0],[-6,1],[-5,2],[-1,0],[1,2],[3,3],[6,2],[-2,2],[-4,0],[-7,-1],[-6,-2],[2,3],[4,4],[0,1],[-2,0],[-9,4],[-4,1],[-1,1],[-6,-1],[-8,-1],[-2,0],[0,4],[-1,0],[-1,2],[-5,1],[-3,2],[-4,0],[-5,-1],[-4,0],[-6,1],[1,4],[-1,3],[-26,5],[-1,3],[-8,2],[-1,2],[-1,0],[-18,2],[-1,3],[-2,4],[-7,4],[-7,3],[-10,2],[-9,2],[-8,1],[-8,2],[-4,2],[-15,0],[-8,-1],[-2,2],[0,2],[-4,0],[0,5],[-2,1],[-5,2],[-6,3],[-13,4],[-10,2],[-11,0],[-3,2],[-5,1],[-1,2],[0,1],[-1,1],[-6,1],[-4,1],[-4,3],[-9,3],[-3,0],[-7,2],[-6,3],[-5,3],[-5,-1],[-4,3],[-5,-5],[-12,2],[0,8],[-1,3],[-3,1],[1,3],[0,1],[-6,2],[-10,3],[-7,3],[-4,2],[-3,3],[-5,1],[-4,2],[-8,-1],[-5,-2],[-17,7],[-19,4],[-1,0],[-5,3],[-4,3],[-7,5],[-10,5],[-51,11],[-18,5],[-46,17],[-16,4],[-37,7],[-11,0],[-9,-1],[-20,-10],[-36,-11],[-2,1],[-1,1],[5,4],[24,13],[6,7],[2,4],[-1,4],[0,1],[-8,7],[-9,5],[-12,6],[-10,3],[-50,10],[-25,4],[-64,19],[-8,4],[-4,3],[-1,1],[-2,6],[-5,4],[-24,9],[-9,9],[-3,2],[-1,0],[0,1],[-4,3],[-30,14],[-5,3],[-1,2],[-8,12],[-9,8],[-5,5],[-4,3],[-15,12],[-19,11],[-10,5],[-26,-1],[-4,1],[0,1],[-2,0],[2,3],[3,2],[1,6],[-4,5],[-2,2],[-14,6],[-26,11],[-32,10],[-85,20],[-15,2],[-18,0],[-16,-2],[-8,-3],[-54,-26],[-7,-3],[-9,-2],[-5,0],[-3,2],[6,5],[32,15],[14,9],[9,7],[3,5],[0,3],[-11,3],[-43,7],[-33,11],[-22,11],[-12,3],[-5,1],[-33,-5],[-8,-1],[-8,0],[0,2],[4,2],[27,7],[10,4],[1,3],[-1,4],[-13,13],[-7,8],[0,1],[-1,0],[-19,16],[-9,4],[-29,10],[-9,7],[-7,11],[-17,22],[-7,24],[0,3],[-8,9],[0,1],[-4,27],[-7,28],[-1,2],[0,3],[-1,0],[-19,19],[-10,7],[-24,13],[-57,29],[-18,10],[-8,5],[-9,8],[-1,0],[-1,4],[-1,1],[2,9],[-1,2],[0,1],[-2,3],[-1,0],[-16,11],[-1,1]],[[81397,20204],[25,-10],[33,-15],[19,-8],[15,11],[1,0],[1,1]],[[81491,20183],[0,-1],[103,-47],[155,-72],[152,-69],[4,-2],[88,-40],[8,-3],[7,-4],[36,-17],[14,-6],[5,-2],[32,-16],[69,-30],[62,-28],[2,-2],[102,-45],[52,-23],[35,-16],[26,-13],[3,-2],[2,0],[45,-21],[108,-49],[30,-14],[44,-20],[1,-1],[19,-8],[56,-26],[19,-9],[-1,0],[-4,-1],[-15,-5],[-5,0],[1,-1],[137,-63],[29,-11],[18,-8]],[[83758,16953],[-1,0],[-80,-18],[-242,-53],[-93,-14],[-1,1],[0,1],[-4,1],[-5,-2],[0,3],[-2,5],[-2,3],[-2,5],[-1,1],[5,1],[3,1],[1,1],[-3,0],[-5,1],[0,3],[-2,2],[-5,1],[-7,2],[-5,2],[-3,-1],[-4,0],[3,2],[0,2],[2,1]],[[83305,16904],[2,0]],[[83307,16904],[-9,0],[-4,2],[0,2],[3,1],[0,1],[-3,0],[-1,2],[-1,0],[5,3]],[[83297,16915],[6,0],[1,1],[-7,-1]],[[83297,16915],[-5,1],[-5,0],[-6,-1],[-5,0],[-5,3],[-2,2],[0,2],[7,2],[2,2],[0,1],[-4,1],[0,1],[5,5],[-3,6],[2,4],[7,4],[-4,4],[-1,2],[-1,0],[-6,3],[-4,9],[-6,1],[-6,3],[-5,8],[-2,3],[3,3],[9,5],[-6,5],[-6,4],[-9,2],[1,5],[1,1],[-6,-1],[-1,0],[2,2],[8,4],[1,5],[0,1],[-9,3],[-7,2],[2,3],[1,1],[-5,0],[-9,1],[-14,2],[-7,0],[-14,6],[-3,3],[-2,3],[0,6],[9,5],[8,7],[6,6],[0,1],[2,5],[5,6],[8,7],[0,3],[-1,4],[0,9],[-1,5],[-4,10],[-16,4],[-15,2],[-17,2],[-3,2],[-1,0],[8,18],[3,10],[5,5],[2,3],[6,4],[5,1],[2,2],[0,1],[-3,1],[1,1],[2,3],[6,5],[2,0],[3,1],[0,1],[2,2],[-3,1],[-2,2],[-6,2],[-2,1],[0,3],[-6,0],[-4,1],[-5,2],[-4,1],[0,1],[-4,2],[-7,-1],[-3,1],[-1,2],[-5,1],[-3,0],[-5,-2],[-5,2],[-4,2],[-1,3],[-4,4],[-2,1],[0,1],[5,2],[1,1],[-5,0],[-6,1],[-6,-1],[-4,5],[-1,0],[9,2],[0,1],[-8,2],[-3,-3],[-6,0],[-7,2],[-7,3],[-1,3],[5,2],[1,0],[-3,1],[-2,2],[-1,2],[-1,0],[-6,2],[-1,0],[-5,2],[-1,1],[-3,4],[3,4],[-2,1],[-7,3],[-3,4],[2,2],[4,0],[9,2],[3,1],[2,4],[5,2],[2,3],[-2,3],[-1,1],[1,3],[7,3],[7,1],[6,0],[5,-2],[3,-2],[5,1],[4,1],[5,0],[6,2],[1,2],[3,3],[-1,2],[-3,3],[-1,0],[3,2],[1,2],[-1,2],[0,1],[-3,0],[-1,2],[-3,3],[-1,0],[0,3],[6,3],[2,3],[0,1],[-3,1],[-6,3],[6,3],[6,1],[8,1],[1,0],[-16,4],[-4,3],[2,1],[2,3],[1,0],[-5,3],[-2,2],[7,1],[7,0],[2,2],[2,0],[6,1],[7,0],[3,-2],[3,-1],[5,-2],[8,-1],[1,2],[0,1],[-5,1],[-6,1],[2,2],[-4,2],[0,1],[2,2],[8,3],[10,3],[1,2],[1,1],[3,1],[13,1],[6,3],[7,1],[1,0],[1,-1],[4,-3],[17,0],[4,3],[7,3],[1,1],[-6,2],[-1,0],[8,2],[5,2],[-1,3],[-4,4],[0,4],[-10,6],[0,3],[-2,3],[-7,-1],[-5,2],[-3,2],[-2,1],[6,2],[1,3],[-9,2],[0,3],[9,1],[3,1],[1,1],[-2,1],[-5,2],[-6,4],[-2,6],[5,6],[6,2],[-1,2],[-2,2],[1,3],[2,2],[9,0],[3,3],[0,4],[-12,0],[8,4],[4,4],[-6,1],[-6,2],[-6,-2],[-8,-1],[-14,1],[0,1],[1,2],[1,0],[8,3],[11,2],[3,5],[-1,5],[0,1],[-9,8],[-3,6],[-1,1],[0,1],[-11,7],[-2,3],[-3,2],[0,1],[-8,3],[-121,48],[-18,11],[-8,4],[-11,7],[-10,9],[-4,5],[-1,2],[-1,9],[5,7],[2,6],[6,5],[3,3],[8,9],[13,15],[13,14],[2,3],[2,6],[-1,1],[0,3],[-1,2],[-15,11],[-16,12],[-38,23],[-9,4],[-12,6],[-14,5],[-7,2],[-5,2],[-42,9],[-6,3],[-1,2],[0,3],[-23,4],[-13,6],[-11,6],[-52,44],[-4,4],[-28,33],[-8,5],[-24,7],[-29,9],[-10,4],[-5,1],[-22,15],[-12,5],[-4,2],[-33,11],[-44,16],[-24,10],[-12,6],[-6,5],[-4,1],[-8,7],[-43,49],[-6,6],[-9,19],[-5,3],[-13,9],[-23,7],[-25,9],[-10,3],[-14,3],[-7,2],[-68,10],[-20,5],[-70,18],[-20,3],[-3,0],[-19,2],[-38,0],[-35,-5],[-19,-3],[-21,-3],[-3,0],[-30,1],[-22,3],[-6,2],[-8,4],[-6,4],[-4,7],[-8,13],[-5,10],[-2,11],[-3,18],[-2,26],[-2,11],[2,5],[4,6],[7,6],[9,6],[24,11],[78,21],[39,9],[34,8],[12,3],[15,6],[19,27],[12,9],[21,8],[31,9],[8,2],[21,8],[7,7],[5,6],[0,1],[2,6],[2,29],[2,4],[8,7],[10,5],[13,3],[58,9],[38,8],[62,20],[41,20],[62,64],[10,12],[13,24],[11,25],[9,31],[3,18],[1,12],[-3,11],[-1,6],[-9,14],[-10,12],[-31,23],[-36,29],[-9,10],[-5,6],[-9,18],[1,24],[-36,68],[-27,21],[-2,2],[-1,0],[-20,14],[-9,4],[-14,4],[-54,15],[-59,37],[-264,34],[-158,42],[-56,16],[1,2],[43,40],[8,8],[5,13],[1,3],[11,32],[11,27],[-22,3],[-8,0],[-59,7],[-16,1],[-12,-1],[-2,-1],[-30,-5],[-20,-1],[-21,0],[-124,11],[-40,4],[4,14],[6,27],[4,13],[5,13],[4,9],[1,0],[30,-2],[59,-6],[51,-3],[76,-3],[30,-1],[45,-4],[17,-1],[42,-5],[28,-3],[37,-7],[36,-6],[35,45],[7,5],[8,5],[11,4],[31,8],[-2,2],[-10,7],[-2,1],[-24,19],[-11,9],[-12,9],[-15,10],[-15,9],[-3,2],[-22,11],[-18,7],[-20,7],[-25,8],[-25,5],[-29,6],[-12,3],[-97,21],[-68,12],[-43,3],[-1,0],[12,24],[21,43],[1,0],[8,-1],[10,-2],[59,-11],[110,-23],[26,-6],[89,-17],[22,-3],[26,-1],[28,0],[49,3],[22,1],[3,0],[29,2],[30,3],[12,1],[32,1],[20,-1],[31,-2],[6,6],[5,7],[11,13],[4,7],[20,-5],[1,0],[19,-5],[28,-5],[33,-6],[6,-1],[5,0],[26,-3],[31,-2],[114,-7],[48,-2],[70,-2],[25,-1],[49,-2],[11,-1],[12,1],[2,0],[7,1],[6,0],[11,3],[11,2],[9,4],[20,10],[19,10],[4,3]],[[82930,19508],[31,-13],[3,0],[30,-11],[9,-4],[26,-9],[17,-5],[42,-14],[87,-26],[16,-5],[12,-3],[56,-16],[10,-3],[8,-2],[49,-14],[96,-27],[51,-15],[54,-15],[66,-19],[32,-9],[95,-27],[32,-9],[20,-5],[6,-2],[20,-6],[34,-9],[27,-8],[21,-6],[15,-4],[48,-14],[15,-4],[33,-10],[96,-27],[33,-9],[27,-8],[7,-2],[68,-20],[35,-10],[46,-12],[4,-2],[25,-7],[110,-31],[15,-4],[50,-14],[237,-67]],[[85464,16517],[-1014,0],[-149,81],[-126,68],[-285,196],[-132,91]],[[83758,16953],[89,24],[267,73],[88,24],[1,0],[-35,21],[-57,33],[-32,22],[-11,8],[-1,0],[-28,16],[-1,1],[-59,46],[-1,0],[-8,-1],[-10,-2],[-10,0],[-11,1],[-17,3],[-42,14],[-51,21],[-55,21],[-68,26],[-47,18],[-29,11],[-12,5],[-15,6],[-53,22],[-46,23],[-7,4],[-2,2],[-1,3],[-4,6],[0,3],[1,5],[4,5],[6,5],[55,24],[1,0],[-143,70],[-164,81],[-8,5],[-11,7],[-5,4],[-7,7],[0,1],[-6,8],[-3,8],[0,9],[15,87],[3,15],[1,10],[4,18],[12,59],[8,17],[6,4],[8,4],[9,3],[9,2],[12,1],[95,-1],[13,1],[16,1],[16,3],[18,4],[19,4],[22,3],[19,2],[20,1],[89,-3],[115,-7],[124,-8],[15,1],[19,2],[11,30],[3,11],[0,1],[2,3],[-1,9],[0,5],[-3,5],[-7,10],[-4,5],[-10,10],[-6,9],[-2,2],[-4,8],[-3,11],[8,26],[4,15],[8,25],[2,9],[3,7],[8,12],[0,1],[2,2],[1,2],[7,7],[2,3],[3,4],[11,11],[5,2],[17,14],[51,32],[24,15],[10,7],[4,2],[41,26],[13,8],[63,38],[13,8],[70,42],[2,1],[84,48],[23,13],[60,34],[5,3],[5,2],[25,15],[44,24],[12,8],[31,20],[7,5],[19,13],[1,1],[14,15],[27,30],[19,17],[16,15],[7,6],[11,14],[1,2],[7,12],[4,12],[2,11],[1,12],[-1,8],[0,4],[-3,13],[-1,1],[-7,17],[-3,5],[-1,1],[-3,4],[-8,9],[-5,6],[-29,34],[-11,14],[-7,11],[-7,12],[0,1],[-3,6],[0,2],[-4,10],[0,3],[-2,5],[0,5],[-1,0],[0,11],[1,14],[2,3],[3,11],[2,4],[2,6],[2,1],[0,1],[4,6],[1,2],[0,1],[5,5],[4,6],[17,15],[4,3],[6,4],[0,1],[22,15],[15,11],[1,0],[7,5],[48,31],[23,14],[1,1]],[[84744,18981],[8,13],[1,1],[30,-9],[31,-9],[81,-23],[122,-32],[77,-21],[61,-16],[13,-3],[38,-9],[120,-31],[24,-6],[109,0],[58,2],[3,0],[31,1],[31,2],[26,3],[41,5],[2,0],[6,1],[53,7],[12,2],[34,4],[11,1],[74,9],[31,5],[60,7],[96,14],[1,0],[195,25],[100,13],[99,14],[6,1],[17,2],[1,0],[4,1]],[[86451,18955],[9,61],[16,53],[12,24],[20,42],[23,36],[8,2],[64,103],[64,90],[66,122],[16,30],[45,106],[10,37],[51,40],[79,64],[91,64],[133,75],[36,20],[139,95],[106,115],[2,33],[3,48],[0,38],[-1,10],[-3,7],[-6,16],[-4,12],[-3,4],[-6,17],[-8,19],[-12,21],[-28,24],[-43,38],[-74,58],[-156,147],[-32,30],[-46,44],[-83,77],[-57,55],[-31,29],[-7,8],[-8,7],[0,1]],[[78634,20361],[9,7],[24,22],[8,7],[20,19],[14,10],[7,4],[68,25],[32,12],[1,0],[-19,10],[-53,30],[-17,10],[-1,0],[24,9],[69,25],[24,9],[2,1],[9,3],[2,0],[0,1],[19,7],[58,21],[19,7],[50,18],[1,1],[150,54],[34,13],[16,5],[21,7],[62,22],[6,1],[16,6],[10,3],[35,15],[12,5],[126,44],[44,16],[3,0],[9,1],[8,-1],[7,-2],[4,-2],[9,-6],[1,0],[6,-5],[2,-2],[3,-4],[0,-3],[2,-3],[0,-7],[-1,-3],[1,-1],[1,-2],[4,-1],[5,-1],[11,-5],[25,-10],[23,-10],[70,-28],[24,-10],[8,4],[26,9],[8,4],[153,44],[2,1],[-7,2],[-30,12],[-293,112],[-33,12],[-52,20],[-53,21],[-20,7],[-61,24],[-20,7],[-79,31],[-7,3],[-6,2],[-162,62],[-113,43],[-92,35],[0,1],[-15,5],[-24,10],[-50,19],[-23,9],[-25,9],[-32,12],[-43,17],[-38,14],[-10,3],[-5,2],[-34,11],[-45,15],[-8,2],[-63,18],[-54,15],[-51,11],[-58,14],[-2,0],[-73,14],[-75,13],[-87,12],[-52,7],[-86,8],[-45,4],[-59,4],[-55,3],[-42,2],[-92,2],[-178,-1],[-1,0],[-813,-3],[-186,-1],[-69,0]],[[78963,22303],[1,-1],[54,-19],[16,-5],[11,-1],[78,0],[18,-3],[15,-3],[20,-6],[147,-63],[9,-5],[3,-2],[6,-6],[5,-8],[7,-30],[2,-7],[1,-6],[2,-7],[2,-8],[1,0],[60,30],[12,1],[18,0],[25,-12],[156,-63],[4,-2],[-1,-1],[-10,-7],[-85,-42],[-20,-72],[5,-5],[21,-4],[61,-9],[1,0],[49,-8],[400,-46],[11,-1],[88,-10],[45,-5],[215,-25],[94,-10],[1,0],[255,-30],[27,-2],[13,1],[11,1],[11,2],[11,3],[12,5],[11,4],[97,55],[106,59],[130,73],[61,34],[41,23],[1,1],[14,8],[40,-20],[33,-16],[25,-7],[27,-3],[32,0],[27,3],[27,5],[1,-1],[19,-13],[17,-12],[16,-10],[18,-13],[13,-14],[0,-1],[1,-1],[8,-10],[4,-12],[0,-20],[-11,-27],[-14,-29],[-8,-22],[-11,-29],[-17,-41],[-26,-40],[-28,-30],[0,-14],[2,-5],[1,-2],[117,-46],[110,-47],[31,-21],[52,-38],[24,-17],[25,-5],[18,0],[22,2],[36,6],[37,13],[29,1],[36,-3],[36,-10],[25,-10],[14,-14],[2,-9],[5,-21],[2,-27],[-1,-12],[2,-3],[6,-8],[13,-8],[28,-3],[32,-1],[135,38],[0,1],[64,3],[68,7],[22,6],[16,11],[0,1],[2,17],[-2,3],[-5,8],[-24,10],[-60,28],[-21,20],[-27,26],[-31,25],[-20,6],[-38,15],[-19,9],[-6,10],[7,20],[2,3],[82,-7],[62,-46],[6,-4],[205,-153]],[[81418,20216],[0,-1],[-21,-11]],[[81397,20204],[-1,0],[-15,-8],[-27,-14],[-22,-12],[-16,-9],[-36,-19],[-109,-56],[-37,-19],[-10,-5],[-5,-3],[-18,-9],[-81,-43],[-23,-12],[-6,-3],[-99,-52],[-40,-21],[-153,-80],[-43,-21],[-59,-29],[-5,-3],[-98,-51],[-38,-20],[-110,-60],[-38,-20]],[[74809,19198],[13,1],[46,5],[36,5],[17,3],[13,3],[10,4],[13,7],[12,8],[31,30],[16,15],[15,14],[28,27],[87,81],[7,6],[23,21],[31,26],[42,35],[187,156],[34,30],[45,40],[28,22],[26,23],[14,12],[66,54],[26,22],[35,27],[29,22],[109,75],[6,3],[3,3],[98,66],[87,61],[50,35],[213,155],[83,61],[36,27],[140,100],[42,32],[73,55],[25,19],[6,5],[23,18],[21,16],[22,16],[89,69],[174,132],[102,78],[97,-59],[153,-87],[10,-6],[96,-54],[147,-82],[8,-4],[17,-10],[24,-14],[20,-10],[21,-12],[31,-13],[34,-11],[45,-15],[141,-35],[12,-2],[246,-57],[45,-11],[180,-42],[166,-38]],[[78634,20361],[1,-1],[52,-12],[117,-26],[41,-12],[53,-13],[1,0],[9,-2],[10,-4],[21,-6],[10,-4],[27,-8],[15,-5],[99,-37],[51,-19],[148,-56],[52,-20],[45,-18],[44,-18],[43,-18],[26,-11],[41,-19],[43,-20],[43,-21],[1,0],[62,-32],[59,-30],[225,-116],[45,-24],[39,-23],[50,-27],[81,-46],[33,-20],[2,-2],[3,-2],[17,-11],[6,-3],[11,-8],[2,-1],[29,-19],[6,-4],[11,-8]],[[80308,19635],[-16,-9],[-134,-70],[-17,-8],[-47,-24],[-47,-25],[-89,-47],[-55,-32],[-31,-19],[-30,-18],[-21,-14],[-84,-55],[-68,-45],[-149,-98],[-16,-11],[-49,-32],[-17,-11],[-85,-56],[-71,-47],[-187,-122],[-86,-57],[-129,-85],[-60,-39],[-3,-2],[-111,-73],[-42,-27],[-16,-12],[-8,-5],[-115,-76],[-105,-69],[-7,-4],[-3,-3],[-66,-42],[-15,-10],[-13,-8],[-133,-89],[-29,-18],[-3,-2],[-17,-10],[-2,-2],[-38,-19],[-15,-7],[-6,-4],[-20,-8],[-7,-3],[-7,-4],[-72,-27],[-1,0],[-14,-6],[-3,-1],[-17,-6],[-18,-7],[-4,-1],[-15,-5]],[[77895,18161],[-33,21],[-11,6],[-22,8],[-24,8],[-52,15],[-110,28],[-17,3],[-28,4],[-22,2],[-24,0],[-17,-1],[-7,-1],[-8,-5],[-6,-5],[1,-1],[0,-2],[3,-2],[9,-5],[-3,0],[-10,1],[-4,1],[-16,1],[-17,1],[-3,0],[-13,1],[-7,6],[-6,2],[-8,3],[-51,7],[-50,9],[-13,4],[-21,7],[-23,11],[-24,13],[-12,7],[-2,2],[-73,57],[-44,29],[-10,8],[-8,11],[-2,6],[0,3],[6,26],[-1,3],[-5,3],[-6,4],[-63,8],[-13,2],[-35,11],[-35,17],[-14,9],[-17,12],[-12,15],[-3,2],[-11,4],[-11,0],[-21,-7],[-15,-10],[-7,-4],[-3,0],[-22,-4],[-46,0],[-24,1],[-14,3],[-9,2],[-6,2],[-31,13],[-11,3],[-60,7],[-12,2],[-60,17],[-26,6],[-27,5],[-35,7],[-14,5],[-21,11],[-40,24],[-23,11],[-28,8],[-22,6],[-12,4],[-5,4],[-16,13],[-5,4],[-5,3],[-5,2],[-21,10],[-11,7],[-23,18],[-45,28],[-14,15],[-1,4],[0,1],[-1,1],[-9,28],[-4,3],[-9,3],[-9,2],[-6,-1],[-9,-3],[-19,-11],[-5,0],[-38,8],[-56,5],[-73,3],[-23,-2],[-7,0],[-20,-1],[-14,-3],[-38,-11],[-11,-2],[-8,0],[-76,5],[-20,1],[-24,1],[-10,1],[-31,8],[-20,0],[-9,-1],[-10,-2],[-11,-2],[-21,2],[-25,4],[-15,3],[-32,10],[-8,3],[-13,7],[-9,7],[-2,5],[-7,17],[-7,4],[-8,2],[-2,10],[-2,1],[-3,3],[-12,0],[-8,-2],[-6,-2],[-4,-4],[16,-12],[-4,-1],[-8,-3],[-8,2],[-26,14],[-15,5],[-54,17],[-30,11],[-14,8],[0,1],[-7,6],[-21,11],[0,2],[-1,0],[3,1],[16,0],[7,3],[3,2],[3,3],[0,3],[-3,2],[-4,2],[-33,-1],[-8,1],[-7,2],[-4,4],[-1,3],[0,4],[3,2],[14,3],[4,3],[1,2],[0,1],[-6,5],[-13,5],[-10,3],[-23,4],[-16,5],[-13,4],[-19,7],[-2,1],[46,-8],[14,-1],[8,1],[5,3],[0,5],[-2,3],[-3,2],[-2,1],[-9,3],[-43,13],[-6,4],[-1,0],[-1,2],[-4,4],[-32,12],[-10,3],[-14,2],[-35,-2],[-18,0],[-22,1],[-22,4],[-26,5],[-20,5],[-11,4],[-1,0],[-4,4],[-1,2],[-15,18],[-6,4],[-24,10],[-24,12],[-10,10],[-5,12],[-1,7],[-1,3],[-1,2],[3,17],[1,6],[-1,2],[0,8],[-2,8],[-4,10],[0,1]],[[85211,11216],[9,51],[1,5],[14,71],[34,74],[7,16],[113,122],[91,82],[91,64],[110,66],[200,94],[50,19],[111,43],[88,24],[113,52],[1,0],[0,4],[27,13],[44,17],[32,14],[0,1],[76,21],[156,56],[95,34],[210,73],[145,58],[12,7],[128,72],[79,45],[14,8],[76,66],[95,42],[1,1],[4,13],[12,51],[0,106],[-2,13],[-1,28],[-2,28],[-35,39],[-6,6],[-58,94],[-11,17],[-15,28],[-4,6],[-18,33],[-31,55],[-141,237],[-47,69],[-47,71],[-79,84],[-126,135],[-44,70],[-174,112],[-196,86],[-144,26],[-77,8],[-153,2],[-3,0],[-230,-2],[-289,-9],[-246,-9]],[[85271,13928],[23,93],[7,31],[-1,38],[-4,85],[0,20],[-4,60],[-1,10],[-4,58],[-15,157],[0,6],[5,269],[3,116],[3,132],[2,34],[0,20],[25,214]],[[85310,15271],[11,83],[3,30],[3,28],[9,75],[0,13],[7,118],[2,38],[6,121],[3,57],[1,25],[4,34],[14,116],[2,126],[0,8],[41,206],[0,1],[3,11],[5,22],[19,82],[8,19],[13,33]],[[85464,16517],[39,95],[7,11],[77,110],[62,95],[57,77],[17,24],[2,3],[39,55],[34,43],[15,18],[44,55],[15,18],[49,75],[17,30],[10,16],[21,33],[101,137],[30,41],[7,11],[4,5],[3,4],[1,2],[13,17],[8,14],[13,18],[22,33],[17,26],[7,10],[17,23],[46,62],[58,92],[15,52],[8,26],[6,22],[1,1],[0,4],[1,6],[1,11],[1,6],[0,2],[2,14],[14,167],[29,230],[2,25],[10,116],[0,2],[6,70],[2,13],[3,19],[0,1],[1,2],[1,6],[0,2],[9,58],[2,19],[0,1],[1,5],[1,3],[11,101],[3,24],[3,94],[0,5],[1,40],[1,37],[0,1]],[[86451,18955],[9,1],[11,2],[13,2],[3,0],[8,2],[1,0],[11,1],[1,0],[12,2],[13,2],[5,1],[12,1],[-1,0],[0,-1]],[[86549,18968],[0,-30],[-1,-16],[-1,-77],[0,-12],[1,-7],[0,-1],[1,-1],[0,-1],[6,-6],[2,-1],[0,-3],[1,-2],[10,-5],[1,-1],[44,-15],[9,-3],[17,-7],[18,-7],[6,-2],[47,-17],[17,-6],[1,-1],[5,-1],[11,-2],[13,-2],[12,-1],[4,0],[10,1],[129,17],[19,3],[28,3],[21,1],[18,1],[114,5],[6,0],[31,2],[0,-7],[2,-6],[3,-6],[2,-1],[5,-4],[10,-6],[9,-4],[12,-3],[10,-2],[20,-1],[19,-1],[18,0],[13,1],[34,-2],[17,-3],[18,-4],[15,-4],[14,-5],[14,-7],[5,-2],[0,-1],[20,-9],[8,-4],[13,-7],[20,-6],[14,-2],[15,0],[39,1],[20,1],[17,1],[0,-1],[2,-9],[6,-29],[2,-6],[1,-4],[0,-1],[2,-9],[9,-30],[2,-6],[0,-3],[7,-23],[31,-1],[30,-1],[18,1],[18,3],[16,3],[4,1],[59,1],[8,-1],[7,-2],[34,-13],[9,-2],[2,-1],[12,-2],[12,-1],[11,0],[32,2],[15,0],[46,2],[15,0],[4,-9],[2,-9],[10,-21]],[[87981,18510],[0,-1]],[[87981,18509],[0,2],[-1,3],[0,13],[-1,2],[0,1],[40,-8],[25,-2],[19,0],[4,1],[6,1],[5,1],[12,1],[11,-1],[34,-4],[37,-4],[40,-4],[36,-6],[9,-3],[48,-12],[15,-3],[7,-1],[5,-1],[12,-1],[9,1],[10,2],[7,4],[1,6],[-4,19],[22,0],[33,2],[28,1],[21,0],[1,-7],[1,-2],[2,-9],[5,-21],[2,-7],[1,-2],[2,0],[3,-4],[9,-6],[48,-23],[30,-12],[20,3],[13,-2],[55,-2],[165,8]],[[90397,11341],[2,-1],[43,-12]],[[86836,20877],[-1,0],[-5,-1],[-3,-1],[-10,-3],[-2,0],[-4,-2],[-12,-4],[-21,-8],[-15,-9],[-46,-29],[-11,-6],[-13,-5],[-9,-3],[-5,0],[-17,2],[-4,1],[-4,0],[-56,17],[-64,9],[-13,4],[-13,6],[-10,9],[-3,7],[-4,22],[-2,8],[-1,0],[-5,6],[-8,7],[-19,9],[-24,7],[-25,5],[-13,1],[-2,0],[-7,-2],[-116,-43],[-30,-13],[-42,-21],[-21,-11],[-16,-4],[-23,-4],[-36,-3],[-2,5],[-11,0],[-6,-1],[-10,0],[-18,1],[-22,1],[-11,1],[-5,1],[-16,2],[-18,6],[-16,-2],[-6,-1],[-16,1],[-16,2],[-15,4],[-9,3],[-20,4],[-12,1],[-61,0],[-21,3],[-19,6],[-40,14],[-4,1],[-11,1],[-6,0],[-10,-2],[-2,-3],[-2,-2],[0,-1],[-1,-4],[0,-2],[3,-8],[3,-4],[1,-2],[7,-13],[0,-5],[-1,-2],[-5,-7],[-11,-9],[-15,-8],[-16,-6],[-13,-5],[-15,-3],[-16,-3],[-72,0],[-47,-18],[-16,-7],[-12,-5],[-21,-18],[-4,-2],[-11,-6],[-13,-4],[-23,-8],[-4,-1],[-24,-7],[-10,-2],[-11,-1],[-28,0],[-11,-1],[-5,-1],[-13,-5],[-5,-4],[-19,-10],[-24,-17],[-9,-6],[-9,-15],[-5,-7],[-16,-7],[-12,-5],[-19,-6],[-8,-3],[-13,-5],[-5,-1],[-24,-10],[-7,-5],[-7,-6],[-1,-3],[-2,-4],[-2,-5],[-6,-8],[-5,-4],[-4,-2],[-5,-1],[-11,0],[-15,3],[-4,2],[-34,13],[-4,2],[-20,4],[-6,0],[-10,-3],[-5,-1],[-14,-8],[-10,-9],[-1,-5],[1,-2],[3,-2],[20,-9],[3,-2],[2,-2],[0,-3],[-2,-2],[-15,-8],[-11,-5],[-4,-1],[-22,-9],[-53,-24],[-11,-4],[-3,0],[-27,-9],[-8,-4],[-17,-11],[-7,-3],[-26,-6],[-52,-11],[-62,-9],[-67,-16],[-27,-4],[-31,-4],[-32,-3],[-20,-5],[-10,-8],[-8,-8],[-4,-3],[-14,-7],[-13,-1],[-13,5],[-11,7],[-6,7],[-4,5],[-9,9],[-11,5],[-1,1],[-15,1],[-15,-2],[-15,-9],[-8,-8],[-2,-1],[-11,-5],[-19,-5],[-26,-3],[-31,-1],[-37,-6],[-33,-8],[-33,-9],[-10,9],[-4,2],[-35,25],[-64,46],[-58,42],[-38,26],[-4,3],[-10,7],[-101,73],[-334,240],[-111,80],[-17,11],[-46,34],[-3,2],[-16,12],[-40,-10],[-99,-25],[-20,-5],[-39,-11],[-171,-45],[-136,-36],[-379,-99],[-172,-46],[-1,1],[-87,-23],[-60,-15],[-49,-16],[-22,-10],[-4,-3],[-1,0],[-35,-30],[-63,-56],[-38,-34],[-33,-30],[-44,-38],[-92,-82],[-38,-33],[-44,-39],[-6,-5],[-19,-16],[-76,-67],[-15,-13],[-9,-8]],[[81491,20183],[-73,33]],[[81418,20216],[-15,7],[-31,13],[-15,6],[-33,14],[-52,19],[-34,13],[-13,5],[-44,17],[-15,6],[-24,9],[-41,16],[-15,5],[-16,7],[-33,12],[-17,6],[-16,7],[-5,1],[-42,17],[-14,5],[-1,0],[-13,5],[-40,16],[-7,2],[-7,3],[-15,6],[-46,17],[-14,6],[-1,1],[-30,11],[-13,5],[-34,13],[-70,27],[-25,10],[-42,16],[-4,1],[-39,15],[-1,1],[-1,0],[-129,50],[-44,16],[-23,9],[-71,28],[-24,9],[-109,42],[-1,0],[35,25],[42,75],[0,1],[50,31],[150,57],[100,22],[90,19],[114,83],[53,43],[174,75],[247,90],[1116,-145],[3,7],[3,11],[4,10],[4,11],[23,35],[2,2],[8,3],[1,0],[10,2],[5,2],[4,1],[3,2],[3,5],[4,7],[1,3],[1,7],[12,20],[1,2],[4,9],[-2,2],[3,3],[-1,2],[2,7],[4,7],[-3,23],[0,11],[4,12],[6,15],[17,20],[26,25],[23,27],[29,16],[28,15],[56,36],[15,7],[14,8]],[[82627,21461],[26,13],[12,7],[65,33],[17,9],[1,3],[3,3],[43,18],[14,8],[11,5],[20,12],[3,3],[7,4],[6,4],[16,10],[32,17],[46,23],[7,3],[8,4],[14,8],[27,13],[9,3],[29,8],[5,1],[4,1],[29,11],[7,2],[38,12],[9,3],[19,5],[9,3],[34,10],[37,12],[4,2],[7,3],[6,5],[3,3],[3,6],[-4,6],[0,2],[-3,5],[-2,7],[-5,26],[0,1],[1,3],[0,3],[4,12],[9,12],[10,2],[11,3],[5,0],[15,4],[14,5],[29,12],[12,6],[8,3],[4,2],[6,0],[11,2],[10,2],[23,8],[18,6],[3,2],[13,6],[17,6],[5,1],[5,2],[8,-4],[11,-9],[0,-1],[2,-3],[14,-11],[9,-4],[11,-5],[19,-7],[30,-7],[24,-7],[20,-5],[15,-4],[17,-2],[17,0],[11,2],[47,10],[11,2],[14,4],[9,2],[14,5],[30,7],[19,6],[12,5],[12,6],[6,4],[6,10],[6,13],[8,20],[4,5],[6,4],[11,6],[11,5],[34,14],[4,1],[27,10],[11,5],[12,6],[7,4],[11,9],[3,5],[1,2],[4,5],[13,17],[4,5],[1,2],[13,23],[11,27],[1,5],[0,7],[-1,1],[-3,7],[-10,10],[-8,5],[0,1],[-14,14],[0,5],[1,3],[11,5],[32,10],[5,2],[8,3],[14,8],[12,5],[18,7],[10,2],[4,2],[3,1],[5,2],[9,3],[7,3],[6,2],[1,0],[-3,3],[-2,5],[-1,0],[-2,2],[-11,9],[-7,4],[-10,6],[-21,9],[-20,9],[-39,19],[-23,8],[-9,3],[-14,5],[-17,7],[-67,31],[-16,8],[-35,20],[-56,27],[-26,12],[-53,28],[-23,11],[-21,9],[-27,13],[-7,4],[-24,14],[-49,22],[-28,14],[-11,5],[-18,7],[-21,9],[-17,7],[-16,7],[-19,9],[-23,9],[-25,10],[-41,21],[-13,6],[-18,7],[-19,10],[-18,10],[-17,8],[-38,15],[-42,18],[-38,13],[-2,1],[-26,14],[-20,12],[-41,22],[-20,9],[-60,28],[-54,23],[-17,10],[-6,4],[-13,5],[-24,10],[-20,6],[-9,3],[-22,13],[-22,8],[-34,14],[-6,1],[-17,6],[-16,8],[-5,2],[-18,10],[-6,3],[-3,2],[-44,21],[-20,9],[-1,1],[-34,13],[-35,17],[-9,3],[-31,12],[-26,10],[-9,3],[-30,12],[-4,2],[-29,9],[-86,29],[-16,5],[-27,9],[-51,15],[-11,2],[-19,6],[-2,0],[-52,9],[-19,2],[-47,8],[-49,6],[-89,12],[-31,5],[-17,3],[-27,5],[-16,3],[-12,2],[-1,0],[-36,7],[-32,7],[-10,2],[-51,12],[-125,32],[-10,2],[-7,1],[-25,5],[-21,4],[-21,7],[-1,0]],[[91948,28575],[1,0],[0,-1],[19,-20],[60,-59],[19,-20],[176,-178],[125,-127],[161,-162],[57,-58],[84,-84],[42,-43],[151,-154],[671,-678],[826,-836],[442,-447],[451,-457],[797,-806],[6,-6],[19,-21],[73,-81],[4,-4],[21,-23],[-279,-145],[0,0],[20,-41],[47,-93],[9,-19],[74,-193],[118,-307],[51,-84],[34,-57],[141,-235],[1,-10],[1,-7],[27,-327],[-5,-431],[0,-38],[-9,-349],[0,-5],[-74,-435],[-3,-7],[-1,-1],[-8,-20],[-37,-86],[5,-251],[222,-795],[138,-438],[173,-550],[8,-27],[41,-215],[0,-1],[7,-40],[60,-316],[49,-120],[82,-197],[129,-315],[22,-54],[16,-30],[82,-154],[5,-17],[6,-21],[151,-515],[200,-451],[23,-128],[11,-65],[6,-259],[5,-17],[53,-207],[12,-48],[-39,-426],[-5,-41],[-11,-79],[-21,-150],[7,-130],[10,-178],[0,-12],[2,-474],[65,-303],[19,-92],[-25,-277],[-1,-16],[-3,-174],[-3,-189],[30,-170],[23,-130],[6,-26],[4,-20],[-25,-172],[-8,-85],[-4,-41],[111,-83],[19,-12],[112,-75],[50,-39],[38,-35],[20,-18],[143,-129],[33,-30],[59,-53],[19,-38],[48,-94],[10,-21],[51,-99],[187,-362],[53,-105],[25,-49]],[[91552,11365],[61,32],[1,1],[-172,-9],[-766,-35],[-255,-12],[-24,-1]],[[90397,11341],[-77,23],[-2,1],[-1,2],[-7,6],[-11,9],[-10,12],[-13,14],[-4,4],[-8,10],[-14,16],[-43,82],[-5,9],[-2,11],[-10,39],[-4,22],[-1,6],[-10,10],[-1,2],[-1,1],[-3,8],[-9,22],[2,30],[2,38],[-3,12],[-9,53],[0,4],[2,23],[0,24],[-7,24],[-1,7],[0,4],[-1,3],[0,6],[1,23],[5,26],[0,27],[-3,36],[0,8],[-1,4],[0,34],[-5,28],[-1,4],[-2,6],[-4,14],[-7,22],[-17,79],[0,2],[-7,33],[-17,88],[-17,84],[-4,21],[-18,92],[-6,36],[-18,73],[-4,19],[0,1],[-11,95],[0,2],[-5,18],[-3,16],[-5,24],[-20,107],[-8,23],[-9,33],[-5,18],[-8,26],[-6,31],[-12,57],[3,14],[2,33],[9,48],[9,34],[6,36],[-3,42],[-1,5],[-1,7],[-3,31],[-1,9],[-3,33],[3,104],[1,12],[3,82],[4,65],[0,13],[2,25],[0,1],[1,2],[2,6],[2,60],[-8,64],[-8,69],[-2,32],[-1,13],[-28,166],[-10,89],[-13,110],[-13,157],[-4,46],[-4,55],[0,6],[-4,46],[0,9],[1,16],[2,75],[-4,57],[-6,68],[-2,24],[-2,6],[-1,6],[-1,1],[-6,13],[-1,10],[0,1],[1,10],[-1,10],[-3,17],[-5,11],[-2,6],[-18,52],[-14,75],[0,1],[-4,18],[-6,36],[0,1],[-2,12],[-6,22],[-4,16],[-7,23],[-4,16],[0,28],[-12,9],[-5,26],[-1,6],[0,7],[-4,53],[-18,78],[-2,9],[0,8],[-1,6],[-2,19],[-15,15],[-2,3],[-8,8],[-3,27],[4,12],[1,15],[-7,14],[-2,3],[-3,4],[-8,12],[-12,83],[-8,52],[-2,11],[-3,13],[-4,20],[-22,89],[0,2],[-1,0],[-15,79],[-1,4],[-2,7],[0,2],[-3,6],[-16,45],[-4,8],[-5,22],[-33,110],[-8,26],[-32,96],[-2,7],[-25,77],[-46,158],[-2,7],[-12,44],[-2,6],[-6,32],[-1,3],[-10,44],[-12,40],[-27,85],[-7,20],[-4,12],[-10,25],[-15,32],[-6,11],[-4,9],[-23,52],[-29,56],[-21,50],[-14,36],[-4,8],[-2,5],[-3,7],[0,2],[-5,12],[-15,33],[-3,5],[-5,12],[-14,31],[-4,12],[-11,25],[-4,9],[-23,56],[-10,31],[-13,41],[-1,5],[-1,2],[-20,70],[-14,48],[-3,12],[-33,96],[-6,17],[-31,94],[-1,3],[0,1],[-1,5],[-6,20],[-4,11],[-2,9],[-1,0],[-5,21],[-2,9],[-3,12],[-4,15],[-4,16],[-3,11],[-18,73],[-8,18],[0,1],[-10,25],[-6,16],[-4,15],[-6,22],[-6,25],[-1,12],[-1,5],[-3,55],[-7,31],[-3,11],[-1,6],[-10,53],[-2,8],[-5,19],[0,1],[-6,31],[-4,19],[-2,8],[-5,19],[-26,89],[-1,2],[-2,5],[-10,39],[-1,1]],[[88828,18433],[-2,6],[-9,31],[-7,22],[-9,37],[-2,7],[-12,47],[-12,93],[-1,4],[-30,110],[-9,42],[-2,9],[-3,14],[0,2],[-2,12],[-1,15],[-1,3],[-5,23],[-2,21],[-2,10],[-1,9],[-3,36],[3,8],[0,1],[1,7],[-3,6],[-11,23],[-9,41],[-2,15],[-2,11],[0,10],[2,8],[0,1],[-9,1],[-1,0],[-2,9],[0,2],[-6,16],[-6,23],[-7,30],[-13,55],[0,1],[-7,9],[-17,22],[-12,36],[-10,25],[-1,3],[-4,20],[-4,17],[-6,25],[-3,7],[-4,9],[-6,16],[-2,3],[-2,4],[-3,7],[-2,4],[0,1],[-3,14],[0,1],[-1,2],[-10,16],[-2,2],[-5,9],[-1,3],[-2,5],[0,9],[4,6],[-1,3],[-2,9],[-1,4],[-1,2],[-2,3],[-5,5],[-9,10],[-11,9],[-1,2],[-7,25],[-4,18],[-1,3],[-1,6],[-3,9],[-4,8],[2,13],[-2,12],[0,15],[-7,6],[-7,13],[-15,27],[0,2],[-2,13],[-1,19],[-1,18],[-1,1],[-3,9],[0,4],[-2,13],[-2,10],[-1,9],[-2,4],[-1,1],[-1,2],[-1,1],[-14,9],[-4,5],[-2,1],[-4,4],[0,15],[-2,10],[0,3],[-2,37],[-1,2],[-2,12],[2,10],[0,1],[-4,8],[-7,4],[-10,10],[-6,18],[-8,13],[-3,5],[-1,5],[-3,9],[-1,7],[0,3],[-7,18],[-8,22],[0,1],[-3,16],[-2,9],[0,1],[-4,18],[-3,15],[-6,27],[-3,7],[-2,16],[0,1],[-1,0],[3,19],[-3,23],[-7,8],[-4,4],[-13,11],[-12,8],[0,1],[-2,9],[0,1],[-5,12],[-1,1],[-2,7],[-5,15],[-3,7],[-2,10],[1,7],[0,2],[1,9],[-1,3],[-1,1],[-2,1],[-3,4],[0,1],[-1,3],[-1,6],[-6,24],[-1,6],[-11,11],[-2,25],[-1,6],[-4,7],[-1,3],[-3,22],[-1,9],[0,13],[1,9],[-3,5],[-5,9],[-1,0],[1,3],[2,12],[-5,14],[2,14],[-1,1],[-8,13],[-9,10],[-9,11],[-1,12],[-2,13],[-2,9],[0,7],[-2,16],[-1,15],[0,4],[1,4],[2,7],[6,4],[0,1],[-1,3],[-2,4],[-1,0],[-170,-26],[-1,0]],[[88032,20652],[0,-1]],[[88032,20651],[0,6],[-1,1],[-2,5],[-5,6],[-7,6],[-10,6],[-54,20],[-41,16],[-26,13],[-12,12],[-4,8],[-1,0],[-4,38],[-1,14],[-2,5],[-16,86],[-9,45],[-1,7],[-4,19],[-22,17],[-2,2],[-1,0],[-18,5],[-58,-12],[-18,-10],[-33,-9],[-8,0],[-39,4],[-29,6],[-72,35],[-32,0],[-59,-11],[-97,-35],[-82,-15],[-42,-4],[-42,-5],[-36,1],[-51,2],[-90,17],[-29,9],[-9,5],[-1,0],[-25,-1],[-10,0],[-37,-14],[-17,-7],[-20,-8],[-2,0],[-2,-1],[-7,-1],[-2,-1],[-1,0],[-10,-1],[-4,-1],[-14,-2],[-14,-3],[-11,-1],[0,-1],[4,-3],[13,-13],[18,-17],[7,-7],[8,-7]],[[55666,23258],[58,12],[43,4],[20,0],[40,-2],[23,-1],[102,-10],[46,-2],[45,0],[52,2],[32,3],[33,3],[43,6],[14,3],[24,5],[24,8],[10,4],[22,10],[12,5],[9,5],[33,24],[16,11],[1,1],[3,2],[24,13],[8,2],[14,2],[29,2],[23,0],[35,5],[59,4],[14,2],[38,8],[67,15],[20,5],[77,23],[62,14],[26,4],[176,26],[24,3],[90,2],[55,5],[15,1],[44,0],[34,3],[27,7],[30,9],[6,2],[63,22],[44,13],[53,11],[81,11],[0,-3],[1,0],[2,-2],[4,-2],[1,0],[35,-11],[18,-6],[18,-4],[13,-1],[10,0],[16,1],[5,1],[6,1],[10,1],[10,3],[28,7],[8,1],[5,0],[21,2],[21,-1],[15,-3],[7,-4],[5,-5],[3,-7],[2,-7],[11,-11],[18,-12],[7,-2],[11,-2],[8,1],[18,5],[35,13],[9,2],[9,1],[10,-2],[26,-7],[17,-4],[33,-6],[60,-9],[6,-2],[5,-3],[9,-13],[6,-4],[27,-7],[16,-1],[16,0],[12,3],[11,4],[43,25],[9,6],[2,2],[8,-3],[25,-6],[8,-1],[0,-1],[4,-1],[10,-3],[4,-1],[36,25],[7,4],[4,1],[4,0],[8,-1],[7,-3],[39,-18],[10,-2],[14,-3],[12,0],[31,1],[17,-2],[75,-14],[26,-3],[22,-1],[22,2],[19,3],[11,4],[4,2],[7,7],[9,11],[10,8],[9,4],[7,2],[58,1],[18,1],[11,2],[9,3],[26,11],[9,4],[12,2],[44,0],[13,1],[16,4],[8,1],[9,1],[18,1],[16,-1],[12,-3],[12,-5],[18,-9],[1,0],[18,-12],[17,-13],[8,-9],[6,1],[16,4],[6,1],[4,-5],[7,-10],[5,-8],[2,-4],[13,-16],[11,-16],[10,-15],[1,-1],[9,-12],[3,-5],[3,-4],[50,-69],[7,-10],[5,-6],[3,-3],[2,-3],[1,-1],[76,-17],[47,-10],[18,0],[12,-2],[38,-6],[40,-7],[366,-66],[75,-14],[5,-1],[9,-2],[6,-1],[28,-4],[61,-9],[46,-6],[6,0],[32,-4],[14,-1],[38,-4],[14,-2],[8,-1],[24,-2],[8,-1],[86,-9],[65,-6],[73,-9],[31,-5],[20,-2],[57,-10],[9,-1],[66,-12],[18,-4],[8,-1],[10,-2],[17,-3],[24,-5],[139,-25],[46,-9],[15,-2],[36,-7],[6,-1],[16,-3],[120,-22],[36,-6],[56,-11]],[[62676,22726],[-86,14],[-50,9],[-32,6],[-21,4],[-20,4],[-1,0],[-95,18],[-23,5],[-94,18],[-23,5],[-145,28],[-58,11],[-38,7],[-4,1],[-150,28],[-83,15],[-22,4],[-41,8],[-251,45],[-29,5],[-37,7],[-120,22],[-35,7]],[[61218,22997],[-3,15],[-4,12],[-8,21],[-7,15],[-2,2],[-1,3],[-2,5],[-12,14],[-9,12],[-8,16],[-9,20],[-8,51],[-2,12],[-4,8],[-9,19],[-2,9],[-3,8],[-1,5],[-1,6],[-1,25],[-1,9],[-2,2],[-38,63],[-5,8],[-2,1],[-3,5],[-6,6],[-29,27],[-5,8],[-1,6],[-1,2],[1,7],[1,1],[17,40],[3,7],[6,4],[10,8],[31,16],[12,10],[18,25],[24,17],[6,6],[6,5],[1,1],[-30,4],[-77,8],[-30,-1],[-73,-1],[-28,-5],[-555,403],[-98,72],[-6,3],[-2,2],[-119,89],[-147,106],[-54,39],[-12,9],[-32,23],[-7,5],[-3,2],[-2,3],[-3,5],[25,0],[84,-3],[28,0],[31,-1],[35,1],[31,1],[28,2],[66,5],[153,12],[42,3],[463,38],[71,5],[66,7],[30,3],[41,5],[34,5],[45,8],[53,10],[54,12],[50,12],[49,14],[327,96],[202,58],[269,79],[42,13],[67,24],[32,13],[23,9],[19,8],[6,3],[11,5],[17,8],[14,8],[12,5],[4,2],[34,19],[29,16],[29,19],[45,25],[26,13],[51,25],[33,15],[40,18],[37,14],[50,18],[45,15],[14,6],[129,42],[37,13],[141,49],[18,6],[185,61],[19,6],[57,20],[172,58],[56,19],[2,1]],[[67672,22014],[104,5],[196,9],[46,1],[268,11],[336,15],[223,9],[211,8],[16,1],[97,4],[222,10],[12,0],[45,2],[138,6],[45,1],[35,2],[37,2],[14,1],[16,1],[25,2],[20,2],[21,2],[21,4],[21,3],[20,4],[20,5],[23,5],[21,6],[26,9],[45,15],[8,3],[120,44],[34,12],[1,0],[24,-11],[1,0],[305,-88],[183,-56],[68,-2],[84,-3],[110,-36],[118,-18],[140,-17],[143,4]],[[75749,21118],[0,-1],[-71,-31],[-186,-82],[-134,-58],[-97,-44],[-268,-117],[-28,-13],[-99,-43],[-127,-57],[-216,-95],[-164,-73],[-71,-31],[-56,-25],[-101,-46],[-81,-36],[-155,-69],[-178,-78],[-140,-64],[-25,-11],[1,-1],[79,-32],[37,-8],[47,-21],[35,-21],[30,-23],[30,-17],[42,-10],[40,-4],[75,1],[45,-1],[30,-6],[26,-13],[23,-10],[44,-19],[28,-13],[34,-21],[21,-21],[17,-15],[11,-9],[25,-8],[28,-3],[51,-10],[50,-5],[60,-13],[37,-12],[53,-32],[15,-20],[0,-1],[15,-21],[29,-11],[23,-16],[3,-2],[5,-4],[30,-19],[33,-21],[30,14],[11,-13],[1,-9],[1,-8],[-34,-28],[-13,-43],[6,-32],[6,-15],[6,-12],[-1,0],[-25,-24],[-14,-29],[3,-21],[1,-1],[7,-25],[-26,-32],[-3,-18],[-3,-25],[30,-43],[73,-22],[22,-6],[11,-4],[33,-33],[0,-1],[-16,-13],[-52,-9],[1,0],[12,-3],[8,-3],[13,-6],[1,0],[6,-4],[8,-10],[1,-2],[0,-1],[1,-3]],[[74809,19198],[-41,-5],[-46,-4],[-18,-2],[-16,0],[-10,-1],[-35,0],[-18,-1],[-24,0],[-17,-1],[-35,-3],[-15,-2],[-9,-2],[-8,-2],[-13,-3],[-17,-5],[-13,-4],[-10,-4],[-17,-8],[-21,-12],[-32,-23],[-17,-15],[-28,-22],[-18,-15],[-2,-2],[-14,-10],[-42,-38],[-19,-16],[-18,-16],[-54,-47],[-18,-16]],[[73957,21915],[-76,25],[-55,18],[-65,21],[-124,41],[-215,70],[-29,10],[-22,7],[-17,6],[-54,17],[-19,6],[-21,7],[-63,20],[-72,24],[-20,6],[-41,12],[-42,12],[-16,4],[-17,5],[-40,12],[-60,16],[-70,20],[-2,0],[-18,5],[-38,12],[-12,4],[-18,5],[-14,5],[-14,4],[-61,19],[-21,7],[-8,3],[-19,6],[-52,19],[-21,8],[-29,11],[-79,30],[-69,26],[-1,0],[-38,15],[-16,6],[-55,21],[-10,4],[-45,17],[-166,64],[-55,21],[-68,27],[-36,13],[-8,3],[-112,44],[-191,73],[-80,31],[-23,9],[-59,23],[-21,7],[-149,57],[-12,5],[-5,2],[-104,40],[-1,1],[-59,22],[-38,15],[-164,62],[-18,7],[-2,1],[-156,57],[-26,10],[-129,48],[-182,68],[-8,3],[-20,7],[-152,56],[-42,16],[-64,24],[-118,43],[-159,60],[-124,46],[-13,5],[-93,34],[-4,1],[-3,1],[-136,52],[-99,36],[-6,1],[-159,60],[-56,20],[-79,31],[-17,6],[-225,82],[-141,53],[-95,35],[-153,56],[-27,11],[-64,24],[-20,7],[-27,10],[-12,4],[-2,1],[-159,59],[-201,76],[-78,28],[-108,40],[-60,20],[-53,17],[-53,16],[-50,13],[-44,12],[-41,10],[-65,17],[-1,0],[-33,8],[-131,34],[-127,35],[-40,12],[-99,31],[-33,11],[-42,15],[-1,0]],[[81528,23194],[-1,0],[-8,-4],[-1,-1],[-7,-3],[-17,-8],[-16,-8],[-1,0],[-31,-15],[-71,-35],[-29,-15],[-93,-45],[-188,-90],[-27,-14],[-20,-10],[-56,-26],[-42,-21],[-128,-62],[-43,-20],[-16,-8],[-52,-25],[-17,-9],[-1,0],[-204,-97],[-89,-43],[-6,-3],[-21,-12],[-4,-2],[-1,-1],[-18,-10],[-115,-71],[-69,-44],[-7,-3],[-9,-8],[-49,-35],[-14,-11],[-19,-16],[-42,-34],[-10,-10],[-1,-2],[-5,-6],[-15,-17],[-5,-5],[-7,3],[-24,10],[-8,4],[-18,8],[-1,0],[-22,5],[-25,16],[-5,3],[-18,8],[-21,9],[-58,27],[-4,2],[-20,9],[-39,17],[-116,53],[-14,7],[-3,0],[-39,-8],[-23,10],[-2,0],[-4,-1],[-141,-29],[-45,-9],[-2,-1]],[[73801,21948],[0,-1],[136,-44],[19,12],[1,0]],[[73957,21915],[29,-9],[29,-11],[43,-14],[15,-5],[10,-2],[109,-34],[43,-15],[56,-20],[12,-4],[85,-28],[74,-25],[49,-16],[145,-47],[48,-16],[21,10],[64,26],[143,55],[252,97],[1,0],[55,21],[27,10],[78,31],[236,91],[79,30],[63,25],[190,73],[105,40],[119,46],[6,2],[42,16],[15,6],[47,18],[16,7],[26,10],[2,1],[75,28],[25,10],[1,0],[47,18],[58,22],[82,32],[47,18],[22,9],[41,16],[25,9],[22,9],[22,8],[68,26],[23,9],[101,39],[48,19],[53,20],[233,90],[141,55],[20,7],[53,22],[15,7],[11,6],[16,10],[31,20],[63,42],[14,10],[9,6],[19,13],[5,4],[9,6],[34,23],[101,68],[9,6],[21,13],[4,3],[1,0]],[[77881,23000],[23,-8],[11,-4],[13,-5],[47,-15],[45,-16],[18,-6],[17,-6],[13,-4],[13,-3],[32,-8],[16,-5],[36,-6],[27,-1],[106,-4],[47,-2],[15,-4],[0,-1],[-8,-14],[4,-9],[0,-2],[2,-3],[17,-14],[9,-8],[1,-1],[8,-7],[60,-55],[19,-22],[-1,-10],[-52,-58],[-21,-22],[-5,-7],[-9,-11],[-2,-3],[-7,-8],[23,-4],[2,0],[18,-2],[35,-2],[19,-2],[15,-1],[10,-1],[11,-2],[8,-1],[5,-2],[52,-16],[20,-5],[106,-34],[1,0],[49,-16],[1,0],[19,-7],[35,-10],[30,-10],[3,0],[0,-1],[1,0],[78,-24],[44,-14],[17,-6],[73,-23],[9,-3],[25,-7],[1,-1],[4,-1],[3,-1],[42,7],[125,22],[42,7]],[[79301,22488],[-1,0],[-1,-1],[-5,-3],[-9,-5],[-28,-15],[-1,0],[-72,-41],[-2,0],[-7,-4],[-21,-11],[-1,-1],[-14,-8],[-9,-5],[-17,-8],[-19,-11],[-30,-16],[-15,-9],[-18,-10],[-50,-28],[-18,-9]],[[78963,22303],[-6,-4],[-15,-8],[-7,-3],[-59,-33],[-22,-12],[-13,-7],[-1,0],[-44,-24],[-16,-8],[-29,-15],[-89,-47],[-29,-15],[-47,-25],[-141,-73],[-47,-25],[-2,-1],[-7,-4],[-4,-1],[-26,-14],[-64,-34],[-18,-9],[-27,-14],[-90,-47],[-11,-6],[-71,-37],[-96,-50],[-2,0],[-3,-2],[-86,-46],[-15,-7],[-74,-39],[-1,-1],[-20,-9],[-4,-1],[-20,-9],[-25,-8],[-16,-5],[-11,-3],[-12,-3],[-22,-6],[-2,0],[-30,-5],[-40,-6],[-24,-4],[-1,0],[-100,-12],[-39,-6],[-60,-10],[-30,-6],[-36,-7],[-107,-23],[-3,-1],[-225,-48],[-33,-7],[-25,-5],[-23,-3],[-28,-3],[-40,-2],[-64,-3],[-65,-2],[-12,-2],[-18,-1],[-4,-1],[-16,-2],[-25,-3],[-20,-4],[-44,-13],[-24,-8],[-32,-14],[-43,-22],[-1,0],[-28,-14]],[[76429,21411],[0,-1],[-4,-10],[-45,-15],[-71,-17],[0,-8],[-15,-4],[-15,-5],[-30,-13],[-77,-33],[0,-1],[-74,-32],[-18,-8],[-57,-25],[0,-1],[-132,-58],[-4,-2],[-138,-60]],[[75749,21118],[-50,45],[-36,35],[-40,39],[-56,-11],[-12,-2],[-67,-14],[-84,-18],[-44,-9],[-209,-46],[-61,-13],[-24,-5],[-15,107],[-11,73],[-1,8],[-15,98],[-15,33],[0,1],[7,3],[5,3],[28,14],[1,1],[8,7],[1,1],[-42,0],[-53,1],[-57,4],[-46,3],[-37,5],[-51,6],[-42,8],[-54,11],[-47,11],[-28,8],[-39,13],[-16,6],[-8,2],[-21,0],[-48,-9],[-109,-19],[-38,-8],[-1,0],[-14,-8],[-11,-12],[-5,-4],[-9,-3],[-10,-3],[-203,-37],[-236,-44],[-156,-28],[-283,-53],[-15,-3],[-10,11],[-23,26],[0,1],[-221,-42],[-17,-2],[-51,-9],[-2,-1],[-6,-2],[-5,-1],[-1,-2],[-13,19],[-11,15],[0,1],[-252,-45],[-429,-76],[-1,0]],[[58800,20074],[135,16],[407,46],[135,15],[29,3],[83,10],[28,3],[1,0],[517,59],[1552,176],[518,59],[-10,43],[0,1],[-8,31],[-12,29],[-27,56],[-10,19],[-40,80],[-1,3],[-2,5],[-2,4],[-6,16],[-9,27],[-9,43],[-7,58],[-2,25],[-5,37],[-1,15],[0,1],[-1,3],[-7,38],[-6,23],[-4,14],[-5,18],[-18,53],[-26,80],[-7,20],[-15,45],[-9,25],[0,1],[-2,4],[-16,49],[-14,26],[-5,8],[0,1],[-1,2],[-1,0],[-2,3],[-3,4],[-4,5],[-6,6],[-6,8],[-14,14],[-16,13],[-17,12],[-14,9],[-5,4],[-21,12],[-2,1],[45,-10],[16,-4],[62,-18],[47,-16],[9,-3],[27,-10],[5,-1],[219,68],[3,2],[12,6],[11,9],[10,9],[6,9],[76,167],[5,10],[83,179],[11,25],[4,12],[3,8],[56,137],[26,57],[60,141],[12,31],[7,20],[-4,24],[-2,8],[-1,1],[-3,5],[-2,6],[-1,4],[0,2],[-2,6],[-2,8],[-1,8],[0,7],[7,40],[16,87],[24,114],[8,42],[5,21],[12,59],[0,1]],[[62676,22726],[44,-7],[26,-4],[106,-14],[44,-6],[104,-14],[105,-14],[28,-4],[38,-5],[141,-20],[104,-14],[88,-13],[262,-36],[43,-6],[44,-6],[1,0],[79,-11],[185,-26],[55,-8],[32,-5],[47,-9],[51,-10],[64,-13],[10,-2],[53,-11],[63,-15],[61,-14],[63,-15],[124,-34],[119,-32],[1,0],[92,-24],[55,-16],[56,-16],[108,-34],[24,-7],[29,-10],[53,-18],[433,-153],[399,-142],[50,-17],[14,-5],[27,-8],[30,-8],[29,-7],[34,-6],[38,-7],[62,-8],[42,-3],[41,-2],[31,-1],[43,0],[31,1],[32,2],[2,0],[28,2],[23,2],[44,6],[45,7],[112,17],[31,5],[94,15],[110,17],[108,17],[219,33],[49,8],[62,6],[1,0],[22,2],[3,0],[79,7],[17,1],[9,0]],[[67672,22014],[28,-7],[198,-57],[91,-25],[144,-40],[273,-76],[87,-24],[133,-36],[218,-58],[70,-19],[1,-1],[22,-6],[12,-3],[206,-57],[114,-29],[7,-3],[48,-12],[48,-14],[17,-4],[32,-9],[98,-26],[33,-9],[23,-6],[68,-19],[24,-6],[28,-8],[23,-6],[22,-7],[30,-11],[6,-2],[38,-19],[16,-9],[25,-14],[14,-8],[3,-1],[3,-2],[2,-1],[20,-12],[2,-1],[1,-1],[6,-4]],[[70355,20848],[1,-4],[0,-4],[2,-45],[1,-29],[1,-22],[2,-53],[2,-56],[0,-4],[3,-49],[1,-4],[5,-12],[1,-3],[1,-1],[29,-72],[1,-3],[28,-56],[28,-11],[151,-61],[64,-25],[86,-34],[171,-65],[39,-15],[273,-104],[204,-78],[417,-158],[30,-13],[298,-113],[211,-80],[171,-66],[37,-15],[-1,0],[-101,-35]],[[56691,21064],[69,-12],[42,-8],[111,-19],[4,-1],[53,-9],[70,-12],[95,-17],[22,-5],[23,-8],[17,-6],[20,-9],[14,-8],[5,-3],[270,-209],[1,-1],[143,-110],[20,-17],[20,-18],[11,-13],[5,-6],[4,-5],[12,-14],[60,-89],[1,0],[0,-2],[105,-153],[12,-17],[65,-96],[28,-1],[34,-4],[6,-1],[239,-43],[177,-27],[153,-21],[7,-1],[33,-5],[70,-9],[5,-1],[41,-4],[2,-1],[40,-5]],[[58800,20074],[2,0],[94,-11],[16,-2],[167,-21],[167,-20],[112,-14],[1,0],[33,-4],[85,-11],[18,-2],[34,-4],[6,-1],[257,-30],[26,-3],[60,-6],[149,-13],[355,-30],[35,-4],[20,-2],[91,-14],[148,-25],[162,-25],[158,-27],[261,-44],[242,-40],[212,-35],[112,-18],[123,-21],[25,-6],[13,-4]],[[55703,23033],[0,-1],[3,-10],[1,-1],[15,-38],[41,-106],[10,-23],[3,-10],[0,-1],[1,0],[10,-27],[9,-20],[19,-45],[13,-25],[4,-7],[6,-9],[12,-17],[3,-4],[2,-1],[87,-103],[9,-11],[19,-24],[7,-8],[4,-7],[13,-21],[7,-14],[7,-12],[6,-17],[1,-4],[11,-27],[17,-52],[29,-86],[2,-8],[1,-5],[5,-14],[3,-13],[3,-9],[4,-20],[2,-5],[5,-23],[0,-1],[2,-7],[15,-99],[0,-2],[2,-10],[4,-22],[9,-56],[1,-10],[2,-9],[3,-13],[1,-7],[1,-1],[3,-12],[4,-20],[5,-20],[2,-11],[2,-12],[10,-38],[5,-17],[1,-2],[2,-10],[2,-5],[2,-7],[2,-6],[9,-29],[5,-14],[6,-18],[1,-2],[3,-9],[1,-2],[15,-45],[5,-12],[1,-3],[1,-4],[9,-24],[9,-23],[4,-11],[7,-20],[17,-43],[1,-3],[3,-7],[22,-55],[18,-46],[0,-1],[6,-14],[1,-2],[1,-3],[2,-2],[0,-2],[8,-15],[10,-20],[1,-1],[8,-15],[0,-2],[1,-1],[12,-20],[1,-2],[7,-11],[5,-6],[4,-7],[9,-13],[8,-12],[8,-10],[10,-16],[17,-25],[18,-26],[8,-11],[5,-7],[4,-5],[0,-1],[4,-5],[10,-14],[19,-21],[12,-9],[1,-2],[2,-1],[14,-9],[20,-13],[1,0],[0,-1],[8,-3],[11,-6],[20,-9],[27,-10],[4,-1],[24,-8],[26,-7],[16,-5],[4,0]],[[56691,21064],[0,-1],[-43,-37],[-4,-4],[-19,-16],[-8,-7],[-10,-5],[-13,-6],[-15,-5],[-119,-27],[-215,-49],[-343,-78],[-14,-5],[-13,-5],[-12,-7],[-76,-57],[-15,-11],[-50,-38],[-10,-9],[-18,-14],[-34,-27],[-61,-52],[-1,0],[-78,-69],[-2,-2],[-6,-5],[-3,-1],[-11,-6],[-13,-5],[-8,-2],[-5,-2],[-8,-1],[-7,-2],[-15,-2],[-74,-3],[-88,-5],[-152,-9],[-393,-21],[-9,-1],[-10,-1],[-21,-4],[-18,-5],[-16,-5],[-15,-6],[-68,-40],[-1,0],[-164,-96],[-6,-3],[-7,-4],[-8,-5],[-19,-7],[-20,-7],[-17,-5],[-8,-1],[-88,-18],[-90,-12],[-104,-12],[-52,-5],[-63,-6],[-17,-1],[-24,-1],[-23,0],[-32,1],[-165,5],[-251,6],[-9,1],[-18,0],[-84,3],[-28,0]],[[72338,21208],[-369,-67],[-27,-5],[-342,-62],[-169,-31],[-170,-31],[-453,-82],[-57,-10],[-396,-72]],[[70355,20848],[0,2],[-4,11],[-7,23],[-3,9],[-7,23],[-8,24],[-1,5],[-3,8],[-46,139],[-7,21],[-3,8],[0,1],[-3,10],[-3,6],[0,1],[-1,3],[-5,7],[-6,6],[-1,0],[-3,4],[-5,4],[-15,11],[-12,7],[-21,13],[-31,18],[-44,26],[-6,3],[-5,3],[-41,25],[-58,34],[-8,4],[-43,26],[-1,1],[-1,0],[-4,3],[-3,2],[-30,18],[-9,5],[-1,0]],[[69906,21362],[9,4],[132,38],[186,64],[45,25],[45,33],[66,49],[2,1],[71,24],[72,7],[138,19],[91,31],[68,36],[56,39],[47,22],[101,24],[81,71],[85,54],[67,38],[66,49],[1,1]],[[71335,21991],[1379,234],[69,23],[2,0],[14,5],[0,1],[-1,1],[0,1],[1,3],[3,2],[1,0],[20,-6],[13,-3],[50,-14],[20,-6],[65,-18],[37,-10],[20,-6],[43,-12],[50,-16],[46,-15],[86,-27],[52,-18],[30,-9],[33,-11],[35,-12],[398,-130]],[[73801,21948],[-2,-1],[-33,-9],[-149,-37],[-2,-1],[-68,-17],[-14,-3],[-124,-31],[-55,-14],[-15,-3],[-43,-11],[-26,-7],[-1,0],[-49,-13],[-26,-7],[-6,-1],[-21,-6],[-22,-7],[-25,-9],[-42,-17],[-28,-11],[-18,-7],[-14,-7],[-43,-18],[-15,-7],[-1,0],[-23,-9],[-69,-30],[-24,-9],[-23,-10],[-7,-3],[-59,-26],[-22,-10],[-6,-2],[-42,-20],[-87,-39],[-56,-26],[-48,-23],[-8,-4],[-26,-12],[-9,-4],[-2,-1],[-5,-2],[-3,-1],[-32,-15],[-46,-21],[-45,-21],[-3,-2],[-11,-6],[-7,-7],[-4,-6],[0,-1],[-1,-5],[0,-4],[-1,-6],[4,-12],[2,-8],[1,-8],[1,-1],[7,-30],[31,-100],[0,-3],[2,-9]],[[90065,30481],[0,-1],[84,-85],[291,-294],[558,-565],[219,-220],[349,-354],[134,-136],[241,-243],[2,-2],[4,-5],[1,-1]],[[91948,28575],[-163,-91],[-492,-273],[-164,-92],[-1,0],[-971,-533],[-1375,-755],[-1541,-846],[-320,-176],[-161,30],[-160,28],[-91,17],[-1,0],[-1056,-151],[-123,-558],[201,-155],[391,-303],[-882,-232],[-611,-161],[-988,-107],[0,-14],[-334,-293],[22,0],[175,-2],[184,15],[50,5],[245,26],[341,39],[681,106],[419,65],[0,-1],[1,-2],[6,-26],[-13,-29],[-20,-43],[-59,-150],[-8,-20],[-22,-57],[-4,0],[-8,-1],[-6,0],[-10,-1],[-4,0],[1,6],[4,18],[2,6],[0,2],[4,13],[12,41],[4,14],[5,15],[8,29],[-1,4],[0,2],[-3,2],[-2,3],[-4,3],[-3,1],[-8,5],[-10,3],[-4,1],[-11,2],[-12,1],[-10,0],[-70,-8],[-2,-1],[-2,0],[-7,-2],[-7,-1],[-7,-2],[-4,-2],[-1,0],[-4,-2],[-3,-1],[-6,-3],[-3,-2],[-9,3],[-12,2],[-10,1],[-14,1],[-14,-1],[-69,-8],[-2,0],[-3,-1],[-13,-1],[-14,-1],[-15,0],[-17,1],[-43,0],[-22,-1],[-24,-3],[-4,-2],[-30,-6],[-26,-6],[-52,-11],[-12,-4],[-8,-4],[-3,-1],[-9,-9],[-3,-5],[-5,1],[-12,1],[-4,1],[-15,1],[-14,-1],[-21,-4],[-17,-3],[-43,-9],[-76,-15],[-52,-11],[-15,-3],[-29,-5],[-38,-6],[-4,-1],[-127,-17],[-14,-1],[-3,-1],[-13,-4],[-9,-4],[-7,-5],[-4,-5],[-3,-5],[0,-2],[1,-30],[2,-28],[1,-20],[-1,0],[-241,-18],[-16,-1],[-417,-28],[-149,-9],[-17,-1],[-21,-1],[-55,-3],[-38,-2],[-19,0],[-13,-1],[-7,0],[-31,1],[-14,0],[-28,1],[-89,2],[-30,1],[-96,2],[-109,3],[-9,0],[-132,4],[-41,0],[-97,3],[0,-1],[-4,-17],[-1,-3],[-6,-28],[-1,-2],[0,-2],[-7,-30],[-1,-6],[-10,-14],[-1,-1],[-1,-2],[-12,-15],[-14,-15],[-16,-15],[-17,-14],[-12,-9],[-49,-25],[-102,-52],[-134,-65],[-88,-43],[-150,-73],[-116,-56],[-28,-13],[-7,-4],[-8,-3]],[[81528,23194],[-12,3],[-12,4],[-6,3],[-14,4],[-10,2],[-22,4],[-22,2],[-4,1],[-1,0],[-9,3],[-12,5],[-21,6],[-9,3],[-5,1],[-61,21],[-12,4],[-36,13],[-57,18],[-18,7],[-19,6],[-25,10],[-33,14],[-17,2],[-64,21],[-70,23],[-22,10],[-1,0],[-9,-5],[-2,-1],[-7,-4],[-19,-10],[-9,-5],[-11,-6],[-15,5],[-84,25],[-44,13],[-42,9],[-23,5],[-32,8],[-11,3],[-94,21],[-20,5],[-27,6],[-47,12],[-22,5],[-9,3],[-21,5],[-2,1],[-68,23],[-60,20],[-5,1],[-16,4],[-20,3],[-75,14],[-43,6],[-77,12],[-114,16],[-273,39],[-67,10],[-69,10],[-32,5],[-11,4],[-18,5],[-13,3],[-40,11],[-2,1],[-7,3],[-8,2],[-36,10],[-90,28],[-16,5],[-35,11],[-1,0],[-44,-24],[-132,-73],[-45,-24],[-33,-18],[-101,-56],[-34,-18],[-6,-4],[-1,0],[0,-1],[-22,-11],[-74,-40],[-16,-8],[-30,-16],[-40,-23],[-45,-24],[-77,-42],[-9,-5],[-33,-17],[-6,-4],[-1,0],[-7,-4],[-4,-2],[-25,-14],[-75,-41],[-2,0],[-4,-3],[-20,-10],[-25,-14],[-16,-9],[-42,-22],[-26,-15],[-5,-2],[-32,-18],[-7,-4],[-5,-3],[-50,-28],[-4,-3],[-58,-33],[-66,-39],[-33,-21],[-52,-32]],[[77881,23000],[-5,-3],[-6,-3],[-8,-5],[0,-1],[-2,-1]],[[77860,22987],[-13,2],[-17,0],[-40,-2],[-31,-2],[-177,7],[-23,0],[-3,4],[-7,6],[-1,0],[0,1],[-1,1],[-4,3],[-1,2],[0,1],[1,7],[7,7],[2,3],[-1,1],[-2,5],[-1,1],[-3,2],[-2,1],[-3,3],[-9,5],[-7,7],[0,1],[-3,5],[0,1],[16,17],[1,3],[0,3],[-3,3],[-6,2],[-4,1],[-11,0],[-42,-1],[-10,1],[-2,0],[-11,2],[-6,0],[-62,16],[-1,6],[0,2],[-1,0],[0,1],[-5,2],[-9,2],[-8,3],[-1,0],[-1,1],[-2,3],[-2,2],[-8,1],[-12,2],[-9,1],[-10,-2],[-5,-4],[-5,-3],[0,-9],[1,-3],[0,-3],[4,-4],[11,-8],[18,-8],[14,-5],[7,-3],[5,-4],[0,-2],[-4,-1],[-2,-1],[-8,-2],[-18,1],[-23,1],[-9,1],[-13,0],[-17,1],[-13,-1],[-4,-1],[-5,-1],[-6,-2],[-11,-5],[-8,-3],[-5,-4],[-3,-3],[-1,-3],[0,-1],[1,-4],[-3,-3],[-4,-2],[-23,-4],[-57,6],[-12,5],[-4,3],[-6,1],[-8,7],[0,1],[26,18],[0,1],[1,7],[1,5],[0,1],[-33,5],[-18,0],[-85,-2],[-27,-16],[-18,-8],[-17,-4],[-22,1],[-10,13],[4,20],[0,1],[-2,6],[-1,0],[-18,-9],[-43,6],[-8,3],[-11,9],[-6,9],[-8,5],[-6,5],[-5,4],[-1,0],[-12,4],[-19,-4],[-9,-1],[-5,4],[-1,1],[0,14],[3,9],[4,8],[0,7],[-9,5],[-4,10],[-2,9],[5,8],[1,1],[47,34],[-4,14],[0,1],[-1,1],[1,3],[16,4],[18,3],[13,5],[1,0],[-5,17],[-26,7],[-27,5],[-10,7],[-11,11],[-39,18],[-32,0],[-47,3],[0,16],[5,8],[1,0],[-10,7],[-33,4],[-64,1],[-21,-2],[-12,-6],[-5,-14],[0,-1],[-8,-7],[-42,-3],[-33,1],[-62,35],[-21,13],[-5,14],[0,10],[13,9],[24,8],[21,1],[11,5],[1,0],[-2,3],[-1,2],[0,1],[-26,8],[-9,5],[0,1],[-1,4],[3,2],[57,4],[6,6],[0,4],[-12,15],[-2,8],[-1,2],[9,7],[29,1],[27,1],[15,8],[12,11],[18,27],[0,1],[-4,6],[-15,0],[-36,-13],[-25,-5],[-10,7],[3,12],[23,12],[8,5],[2,2],[3,1],[8,4],[-5,11],[-1,1],[-21,6],[-16,1],[-19,-2],[-22,-1],[-15,8],[-25,24],[-38,11],[-59,12],[-25,10],[-6,6],[-1,0],[0,3],[19,15],[69,28],[14,0],[28,-2],[18,-4],[15,-2],[15,2],[5,2],[6,6],[-6,7],[-16,16],[-12,15],[-6,8],[0,1],[40,-3],[42,0],[14,4],[11,6],[3,12],[0,7],[7,7],[14,3],[24,-1],[43,6],[2,0],[119,15],[7,4],[3,2],[0,13],[-6,10],[-1,1],[-4,5],[0,2],[5,11],[17,9],[5,3],[7,1],[32,7],[19,3],[16,3],[16,5],[11,5],[5,4],[9,13],[2,18],[1,7],[8,6],[23,7],[34,6],[18,4],[16,4],[11,11],[-1,10],[-3,26],[11,9],[18,9],[84,15],[55,10],[2,1],[17,0],[15,-2],[15,-5],[12,-6],[13,-5],[22,-4],[26,2],[21,5],[1,1],[22,13],[18,11],[12,7],[17,4],[25,9],[14,16],[6,20],[-5,14],[-4,15],[-10,11],[-11,7],[-6,4],[-4,6],[-6,7],[3,10],[2,8],[14,19],[23,19],[27,9],[22,4],[3,1],[30,3],[34,6],[4,10],[-1,7],[-6,12],[0,8],[3,6],[3,3],[5,2],[1,0],[10,4],[33,3],[6,0],[39,3],[32,2],[36,4],[23,6],[14,3],[28,5],[21,5],[63,11],[22,3],[7,-1],[8,-2],[16,-5],[52,-13],[46,-11],[31,-8],[3,7],[2,7],[11,28],[2,5],[1,2],[10,31],[1,0],[4,3],[15,14],[12,19],[7,14],[0,5],[44,-11],[102,-24],[92,-22],[106,78],[0,1],[47,34],[62,46],[78,57],[30,23],[16,11],[0,1],[-16,4],[-42,12],[-6,2],[-15,4],[-1,0],[778,439],[1580,890],[814,389],[837,401],[0,1267]],[[8503,25262],[-23,168],[-12,88],[-12,83],[-14,107],[-28,200],[-30,225],[-64,461],[-3,25],[-7,52],[-5,40],[-6,41],[-2,17],[-5,35],[-9,70],[-54,403],[5,0],[240,6],[337,8],[185,3],[330,8],[30,1],[42,1],[59,1],[56,1],[109,2],[89,2],[7,0],[102,2],[654,14],[64,1],[231,5],[95,2],[103,3],[400,8],[621,13],[161,4],[185,4]],[[12334,27366],[20,0]],[[12354,27366],[9,0],[378,15],[47,-1],[352,2],[11,1],[149,2],[101,3],[198,3],[25,0],[754,15],[1808,35],[1225,23],[92,1],[958,19],[178,3],[51,1],[183,4],[939,15],[199,3],[36,1],[101,3],[129,4],[102,3]],[[20379,27521],[74,4]],[[20453,27525],[88,2],[16,0],[115,3],[403,8],[494,10],[207,4],[253,5],[307,6],[862,17],[1951,32],[11,0],[203,4],[148,3],[126,2],[32,1]],[[9450,18330],[0,6],[-8,57],[-115,842],[-2,8],[-4,35],[-5,35],[-8,62],[-64,468],[-15,105],[-22,167],[-10,73],[-8,57],[-32,237],[-45,328],[-8,62],[-57,412],[-36,262],[-3,27],[-8,57],[-9,64],[0,1],[-37,270],[-11,80],[-21,159],[-1,1],[-6,44],[-13,97],[-30,226],[-6,43],[-5,34],[0,1],[-34,245],[-32,226],[0,1],[-3,22],[-62,470],[-26,186],[-52,374],[-12,92],[-2,9],[-1,15],[-20,145],[-20,144],[-12,88],[-9,65],[-45,323],[-1,7],[-27,196],[0,4]],[[8503,25262],[195,-18],[235,-22],[57,-5],[63,-8],[68,-9],[89,-15],[84,-16],[101,-22],[1,0],[17,-4],[208,-46],[57,-12],[61,-11],[67,-10],[75,-11],[157,-20],[419,-57],[180,-24],[2,0],[41,-6],[131,-18],[44,-5],[1,0],[91,-13],[230,-32],[48,-7],[70,-12],[21,-4],[41,-7],[51,-10],[13,-3],[2,0],[52,-11],[76,-18],[58,-15],[66,-17],[59,-18],[20,-6],[55,-17],[20,-7],[4,-1],[1,0],[5,-2],[8,-3],[21,-7],[24,-9],[47,-17],[89,-35],[18,-9],[43,-18],[7,-3],[1,-1],[13,-5],[8,-4],[63,-31],[21,-10],[54,-26],[73,-35],[62,-32],[27,-13],[19,-9],[36,-16],[32,-13],[34,-14],[41,-15],[17,-5],[60,-20],[114,-34],[221,-66],[72,-21],[60,-18],[14,-5],[45,-13],[15,-4],[1,-1],[36,-10],[37,-11],[19,-6],[59,-18],[162,-48],[19,-6],[61,-17],[72,-19],[15,-5],[121,-30],[65,-13],[73,-16],[11,-2],[90,-19],[55,-12],[88,-19],[75,-16],[55,-12],[133,-29],[22,-4],[121,-27],[307,-68],[31,-10],[2,1],[8,-4],[73,-22],[62,-24],[1,-1],[69,-27],[39,-16],[118,-46],[140,-56],[301,-121],[49,-20],[52,-21],[1,0],[188,-76],[63,-26],[507,-201],[190,-76],[51,-21],[153,-61],[44,-17],[7,-4],[1,0],[132,-53],[59,-23],[573,-229],[192,-77],[171,-68],[513,-206],[172,-69],[28,-11],[84,-34],[28,-12],[1,0],[20,-7],[50,-20],[8,-4],[21,-8],[24,-10],[56,-22],[157,-62],[125,-48],[174,-67],[132,-45],[77,-26],[12,-4],[43,-14],[74,-26],[9,-3],[31,-11],[10,-4],[107,40],[129,48],[4,1],[135,51],[52,19],[107,39],[84,30],[250,91],[85,30],[2,1],[74,29],[2,1],[169,70],[53,22],[74,32],[59,25],[38,16],[142,59],[59,25],[39,16],[9,3],[51,18],[57,20],[3,1],[58,12],[70,8],[67,-1],[63,-3],[96,-12],[45,-13],[39,-13],[19,-7],[64,-20],[4,-1],[151,-17],[111,-12],[81,-9],[104,-11],[247,-27],[65,-8],[105,-12]],[[24268,22214],[6,-1],[19,-3],[6,-1]],[[28448,15623],[-1,2],[-7,20],[-4,9],[-2,5],[-11,12],[-9,9],[-4,5],[-10,14],[-8,12],[-37,39],[-20,23],[5,33],[24,46],[33,22],[14,17],[4,14],[4,16],[33,33],[69,18],[9,2],[33,5],[29,7],[29,10],[21,12],[16,5],[28,5],[53,18],[47,9],[29,9],[19,13],[42,21],[9,7],[5,9],[7,25],[6,13],[5,8],[7,4],[8,4],[38,12],[13,5],[11,5],[24,16],[33,11],[12,10],[9,14],[1,0],[1,24],[2,7],[2,5],[14,27],[-3,15],[2,4],[3,2],[7,3],[28,8],[8,4],[9,7],[7,8],[2,6],[0,9],[-2,6],[0,2],[-2,8],[-6,15],[-3,7],[-3,12],[-1,9],[-2,22],[-2,3],[-1,1],[-3,5],[-9,7],[-12,11],[-4,4],[-1,2],[-4,4],[-1,0],[0,8],[4,7],[10,7],[11,5],[16,6],[8,4],[4,5],[4,12],[3,10],[18,30],[5,7],[2,2],[2,1],[4,-1],[13,-6],[14,-5],[4,0],[4,1],[2,4],[1,3],[-2,5],[0,3],[-2,5],[-2,4],[-1,1],[-7,11],[-7,7],[-3,2],[0,1],[-3,15],[-1,6],[-3,3],[-1,2],[-6,5],[-8,4],[-13,4],[-12,2],[-55,3],[-26,4],[-20,4],[-43,15],[-45,6],[-7,2],[-34,19],[-37,25],[-10,5],[-37,14],[-81,37],[-16,5],[-49,14],[-12,5],[-5,3],[-7,7],[-3,6],[-2,2],[0,8],[1,8],[7,12],[3,4],[0,1],[1,0],[3,3],[20,16],[12,5],[17,5],[20,4],[48,6],[27,7],[51,19],[29,14],[29,11],[27,8],[35,5],[10,3],[13,5],[12,12],[9,18],[3,4],[7,3],[24,9],[21,7],[18,3],[-9,16],[-5,8],[-3,4],[0,1],[-3,6],[-6,16],[-1,3],[-8,23],[-6,9],[-10,9],[-7,5],[-26,10],[-34,9],[-58,21],[-54,23],[-29,13],[-30,16],[-29,17],[-11,10],[-4,8],[-13,20],[-5,6],[-1,1],[-1,2],[-4,3],[-5,4],[-1,1],[-13,8],[-9,5],[-47,17],[-19,9],[-14,7],[-9,7],[-2,1],[0,1],[-6,7],[-3,3],[-1,2],[-3,5],[0,9],[3,10],[8,7],[8,5],[30,13],[45,12],[18,6],[24,10],[50,29],[14,8],[36,14],[19,12],[19,15],[27,23],[26,26],[10,17],[0,2],[1,2],[-6,21],[0,1],[-16,21],[-8,7],[-16,10],[-15,6],[-7,3],[-44,6],[-31,4],[-42,0],[-36,4],[-36,5],[-23,5],[-77,24],[-6,3],[-3,2],[-24,14],[-35,21],[-17,6],[-16,7],[-11,8],[-21,18],[-14,14],[-1,3],[-5,11],[1,4],[1,0],[0,1],[8,10],[9,9],[8,5],[12,6],[72,27],[10,3],[61,10],[30,9],[48,17],[11,2],[125,16],[21,3],[28,7],[87,24],[8,3],[63,22],[48,14],[6,3],[4,9],[0,5],[-1,3],[-2,2],[-1,4],[-8,7],[-11,7],[-13,7],[-36,13],[-4,2],[-1,0],[-2,2],[-6,4],[-20,13],[-10,4],[-31,9],[-17,7],[-46,27],[-12,6],[-8,3],[-12,2],[-15,3],[-63,6],[-4,0],[-11,3],[-5,2],[-7,4],[-6,5],[-2,1],[-12,20],[-4,6],[-8,10],[-7,6],[-20,10],[-2,2],[-1,0],[-1,1],[-7,17],[-5,11],[-6,10],[-7,8],[-6,3],[-8,3],[-21,3],[-39,4],[-7,2],[-6,3],[-11,6],[-6,6],[-5,7],[-11,33],[-6,11],[0,1],[-7,12],[-6,12],[-1,4],[-1,6],[0,1],[1,3],[2,3],[9,7],[6,3],[23,8],[22,11],[30,16],[23,17],[15,14],[10,12],[13,22],[4,9],[3,7],[0,1],[1,0],[138,-23],[14,-2],[74,-9],[61,-3],[46,-1],[99,0],[136,2],[76,0],[24,1],[44,0],[22,1],[63,0],[21,1]],[[29511,18487],[-3,51],[-4,62],[-1,14],[-2,22],[-1,17],[-1,7],[0,3],[-3,32],[-2,24],[0,6],[-1,11],[-4,42],[-5,18],[0,5],[-1,5],[-12,26],[-2,3],[-3,6],[-2,3],[-6,12],[-5,8],[-4,8],[-4,10],[-10,17],[-18,32],[-11,20],[-9,18],[-8,13],[-14,27],[-50,90],[-6,13],[-8,16],[-5,11],[-1,2],[0,1],[-1,3],[0,2],[1,2],[0,8],[2,5],[5,7],[5,8],[28,35],[27,34],[50,62],[9,14],[15,21],[6,9],[24,32],[2,2],[36,51],[19,26],[34,45],[14,20],[6,9],[13,18],[15,25],[2,3],[0,1],[2,5],[0,3],[5,14],[9,38],[9,35],[3,15],[38,153],[7,29],[6,21],[11,48],[7,30],[1,4],[12,43],[12,47],[11,24],[2,5],[1,3],[13,22],[38,59],[13,20],[4,8],[8,14],[10,30],[2,12],[0,2],[-1,11],[0,28],[-1,6],[-2,25],[-1,43],[0,28],[-2,46],[-2,32],[0,44],[3,66],[0,20],[5,60],[0,26],[4,18],[3,5],[1,4],[0,2],[2,3],[4,4],[2,3],[8,7],[7,4],[16,9],[27,12],[43,15],[54,18],[92,29],[10,3],[103,34],[47,15],[40,13],[45,14],[31,9],[36,10],[55,19],[-2,2],[-1,0],[-1,1],[-50,38],[-56,37],[-48,34],[-34,24],[-1,0],[-3,4],[-25,17],[-23,14],[-12,8],[-12,5],[-16,7],[-29,11],[-154,53],[-142,49],[-141,49],[-84,28],[-67,23],[-23,10],[-7,3],[-7,4],[-3,2],[-1,1],[-1,2],[-4,3],[0,3],[-6,29],[-2,18],[-38,135],[-20,67],[-17,12],[-39,12],[-5,2],[-3,1],[-11,2],[-1,0],[-9,2],[-5,1],[-38,6],[-22,6],[-17,6],[-14,7],[-13,7],[-11,5],[-6,4],[-14,7],[-13,5],[-45,11],[-27,5],[-39,6],[-47,7],[-39,5],[-22,3],[-23,1],[-1,9],[-1,4],[-35,73],[-10,23],[-10,19],[-1,3],[-32,67],[-50,103],[-7,15],[-13,26],[-42,86],[-15,30],[-7,12],[-17,33],[-27,52],[-9,16],[0,1],[-12,21],[-8,11],[-9,13],[-37,53],[-9,14],[-14,14],[-15,10],[-15,8],[-30,12],[-21,7],[-72,22],[-43,11],[-41,12],[-35,10],[-41,10],[-250,61],[-38,10],[-9,3],[-10,6],[-5,4],[-7,8],[-1,2],[0,10],[1,8],[14,39],[11,28],[7,18],[9,21],[27,91],[21,65],[1,0]],[[44111,20561],[-20,-2],[-61,-8],[-21,-2],[-177,-23],[-28,-4],[-35,-4],[-23,-1],[-25,0],[-27,1],[-23,2],[-45,5],[-103,11],[-182,22],[-156,19],[-84,11],[-33,2],[-25,1],[-25,0],[-37,-2],[-35,-3],[-140,-9],[-163,-10],[-119,-11],[-27,-3],[-26,-4],[-3,-1],[-18,-3],[-23,-5],[-104,-36],[-110,-41],[-80,-31],[-13,-5],[-53,-18],[-59,-21],[-25,-7],[-27,-6],[-65,-6],[-37,-3],[-33,-2],[-42,-3],[-63,-5],[-149,-12],[-228,-18],[-175,-14],[-123,-9],[-110,-9],[-83,-7],[-129,-10],[-40,-2],[-23,-2],[-130,-11],[-17,-1],[-67,0],[-39,1],[-23,0],[-80,6],[-41,3],[-167,10],[-98,6],[-31,2],[-67,3],[-3,1],[-2,0],[-80,6],[-29,2],[-79,5],[-40,2],[-52,2],[-30,2],[-12,0],[-3,1],[-78,2],[-41,3],[-33,4],[-39,7],[-36,6],[-70,13],[-35,5],[-11,2],[-26,1],[-73,6],[-82,4],[-71,4],[-16,1],[-19,3],[-16,3],[-22,5],[-9,2],[-25,6],[-17,5],[-17,6],[-49,19],[-24,9],[-11,4],[-40,16],[-55,23],[-165,66],[-50,19],[-6,3],[-8,2],[-4,2],[-13,4],[-7,1],[-9,1],[-14,3],[-8,1],[-23,2],[-1,0],[-52,3],[-84,5],[-42,3],[-5,0],[-79,5],[-54,3],[-27,2],[-17,1],[-53,5],[-108,11],[-280,29],[-17,1],[-54,5],[-96,10],[-8,1],[-1,0],[-34,3],[-42,4],[-40,6],[-21,3],[-3,1],[-21,5],[-8,2],[-52,14],[-152,42],[-52,14],[-11,3],[-16,5],[-81,23],[-27,8],[-28,8],[-87,25],[-28,8],[-12,4],[-24,6],[-12,4],[-11,3],[-10,3],[-28,8],[-9,3],[-17,5],[-34,9],[-32,10],[-20,5],[-59,17],[-20,6],[-71,20],[-79,22],[-27,7],[-106,30],[-31,8],[-17,4],[-12,2],[-14,2],[-14,0],[-6,1],[-39,0],[-12,-1],[-121,-2],[-110,-3],[-62,-2],[-231,-6],[-226,-6],[-174,-5],[-84,-2],[-75,-2],[-5,0],[-67,-1],[-14,0],[-42,-2],[-14,0],[-15,-20],[-19,-28],[-14,-31],[-18,-43],[-9,-20],[-3,-9],[-42,-106],[-59,-143],[-25,-62],[-38,-93],[-9,-23],[-7,-15],[-8,-21],[-14,-21],[-22,-23],[-18,-13],[-6,-4],[-39,-24],[-10,-6],[-27,-15],[-70,-38],[-12,-7],[-29,-15],[-12,-7],[-2,-1],[-4,-3],[-9,-5],[-24,-12],[-5,-2],[-9,-4],[-13,-6],[-11,-4],[-30,-13],[-5,-2],[-9,-4],[-8,-3],[-26,-10],[-9,-3],[-5,-2],[-12,-5],[-4,-1],[-33,-13],[-45,-17],[-52,-21],[-23,-9],[-9,-3],[-70,-26],[-37,-14],[-27,-10],[-15,-5],[-44,-14],[-153,-45],[-115,-33],[-98,-28],[-75,-23],[-37,-11],[-28,-9],[-36,-12],[-39,-16],[-14,-5],[-174,-72],[-30,-13],[-33,-15],[-12,-6],[-22,-13],[-10,-6],[-19,-14],[-14,-11],[-35,-33],[-9,-8],[-54,-50],[-53,-51],[-52,-44],[-62,-51],[-31,-23],[-25,-18],[-17,-12],[-16,-10],[-15,-9],[-20,-9],[-12,-5],[-7,-2],[-40,-13],[-85,-28],[-31,-9],[-16,-5],[-11,-5],[-4,-1],[-14,-9],[-8,-6],[-7,-7],[0,-2],[-1,0],[-2,-5],[-1,-1],[-2,-5],[-1,-7],[3,-19],[5,-15],[4,-13],[1,-1],[12,-43],[2,-8],[4,-15],[12,-41],[10,-32],[11,-44],[1,-8],[1,-11],[-1,-12],[0,-10],[-1,-5],[-1,-4],[-2,-4],[-7,-18],[-29,-48],[-58,-94],[-31,-51],[-19,-30],[-21,-31],[-25,-2],[-190,-17],[-112,-10],[-221,-19],[-340,-31],[-273,-24],[-148,-13],[-187,-16],[-141,-13],[-8,-1],[-26,-2],[-8,0],[-114,-10],[-6,-1],[-113,-7],[-136,-6],[-89,-1],[-114,-2],[-50,0],[-67,-1],[-83,-1],[-50,-1],[-1,0]],[[44143,22433],[-12,-1],[-51,-7],[-211,-24],[-177,-21],[-76,-8],[-25,-3],[-32,-4],[-27,-3],[-32,-4],[-14,-1],[-67,-9],[-21,5],[-19,4],[-59,10],[-187,31],[-27,4],[-59,5],[-92,6],[-59,5],[-47,6],[-16,3],[-20,5],[-12,6],[-15,8],[-51,32],[-27,12],[-84,31],[-72,29],[-140,52],[-31,10],[-30,6],[-60,10],[-39,8],[-42,7],[-31,7],[-87,22],[-74,17],[-35,9],[-17,8],[-7,5],[-20,14],[-14,10],[0,1],[-1,0],[-8,6],[-13,10],[-15,10],[-14,4],[-33,7],[-19,4],[-6,0],[-31,6],[-50,7],[-33,6],[-37,8],[-29,9],[-26,9],[-14,7],[-247,95],[-193,79],[-9,4],[-6,2],[-19,8],[-5,2],[-1,1],[-53,21],[-24,10],[-229,93],[-6,1],[-87,23],[-3,1],[-21,5],[-74,17],[-24,6],[0,-3],[2,-9],[-1,0],[-1,-11],[-4,-62],[-1,-6],[-1,-37],[0,-9],[-4,-93],[0,-108],[-1,0],[-3,-4],[-5,-5],[-8,-4],[-8,-3],[-10,-2],[-12,-2],[-14,0],[-6,1],[-215,26],[-58,7],[-95,11],[-26,0],[-12,-2],[-7,-1],[-9,-3],[-5,-2],[-6,-3],[-3,-2],[-1,-1],[-11,-12],[-13,-15],[-12,-13],[-21,-28],[-7,-5],[-8,-3],[-10,-3],[-2,-1],[-8,-1],[-13,-1],[-10,0],[-133,12],[-490,45],[-17,2],[-13,0],[-12,-2],[-13,-2],[-12,-3],[-20,-8],[-2,-2],[-33,-34],[-49,-50],[-17,-17],[-122,-134],[-24,-25],[-7,-5],[-10,-4],[-11,-3],[-14,-1],[-6,-1],[-14,0],[-322,53],[-268,44],[-178,28],[-14,3],[-63,11],[-31,6],[-79,24],[-104,37],[-186,59],[-40,13],[-133,43],[-170,56],[-1,0],[0,1],[-26,-13],[-9,-3],[-73,-33],[-28,-12],[-167,-73],[-75,-33],[-127,-57],[-272,-120],[-6,-2],[-16,-12],[-26,-18],[-32,-30],[-41,-59],[-47,-66],[-9,-13],[-18,-27],[-15,-21],[-2,-3],[-57,-52],[-7,-7],[-66,-52],[-12,-10],[-72,-58],[-142,43],[-45,13],[-216,63],[-171,46],[-34,9],[-112,30],[-87,23],[-115,30],[-138,37],[-42,11],[-192,50],[-67,18],[-11,2],[-12,2],[-18,2],[-18,1],[-19,0],[-269,-20],[-139,-10],[-62,-4],[-30,0],[-16,2],[-16,3],[-15,4],[-11,5],[-66,43],[-28,18],[-66,47],[-120,82],[-57,35],[27,10],[14,6],[27,11],[6,3],[9,5],[8,6],[6,7],[2,6],[0,1],[1,2],[0,12],[-1,6],[-2,11],[-2,7],[-3,13],[-2,7],[0,1],[-7,21],[0,1],[-1,5],[-1,6],[-2,13],[-3,12],[-5,19],[-5,31],[2,8],[0,3],[2,4],[2,7],[4,5],[2,4],[8,9],[20,16],[-96,26],[-105,28],[-62,18],[-45,13],[-168,47],[-225,62],[-37,8],[-13,3],[-13,1],[-21,2],[-31,2],[-330,0],[-138,1],[-101,0],[-75,1],[-52,1],[-28,-2],[-19,-1],[-11,-1],[-21,-2],[-36,-7],[-157,-32],[-17,-4],[-15,-1],[-16,-2],[-31,0],[-19,1],[-258,21],[-195,16],[-83,7],[-93,7],[-159,15],[-58,6],[-25,2],[-1,0],[-173,18],[-20,2],[-130,14],[-349,38],[-101,11],[-191,22],[-2,0]],[[37199,27441],[-1,0],[-15,-17],[-24,-27],[-10,-12],[-59,-64],[-85,-98],[-5,-6],[-48,-57],[-42,-49],[-79,-95],[-48,-58],[-25,-28],[-23,-20],[-156,-137],[-19,-16],[-27,-28],[-3,-3],[-8,-14],[-1,-3],[-8,-18],[-1,-15],[1,-8],[0,-2],[1,-8],[0,-3],[1,-6],[0,-7],[-1,-3],[-2,-13],[-1,-6],[-4,-12],[-8,-21],[-20,-44],[-9,-18],[-9,-20],[-8,-19],[-7,-18],[0,-19],[6,-182],[0,-16],[-1,-12],[1,-11],[0,-4],[-20,-95],[-4,-18],[-2,-6],[-2,-4],[-15,-26],[-197,-220],[-4,-4],[-8,-10],[-1,-1],[-1,-3],[-2,0],[-22,-16],[-69,-46],[-134,-82],[-42,-29],[-74,-82],[-245,-3],[-9,0],[-196,-2],[-218,-2],[-333,-4],[-39,-1],[-63,0],[-133,-2],[-1,0],[-128,-1],[-41,-1],[-644,-7],[-136,-1],[-20,-1],[-225,-3],[-43,-1],[-418,-5],[-113,-3],[-9,0],[-52,-2],[-9,0],[-83,-5],[-16,0],[-14,-1],[-5,-1],[-1,0],[-13,-7],[-9,-5],[-128,-72],[-85,-48],[-32,-20],[-24,-18],[-36,-24],[-44,-33],[-93,-69],[-13,-8],[-42,-32],[-1,-1],[-41,-23],[-49,-24],[-10,-4],[-7,-4],[-6,-2],[-27,-15],[-2,-1],[-56,-22],[-45,-15],[-68,-25],[-15,-4],[-14,-5],[-87,-32],[-122,-43],[-6,-2],[-71,-27],[-22,-10],[-1,0],[-41,-19],[-122,-61],[-60,-27],[-22,-9],[-44,-19],[-27,-12],[-46,-22],[-1,-1],[-7,-6],[-26,-14],[-40,-23],[-21,-14],[-38,-26],[-45,-33],[-1,0],[-3,-3],[-66,-54],[-59,-61],[-33,-40],[-17,-32],[-5,-11],[-3,-10],[-1,-2],[-4,-12],[-2,-20],[-2,-19],[1,-8],[0,-10],[7,-9],[13,-19],[16,-24],[10,-13],[11,-13],[32,-34],[6,-7],[0,-1],[6,-6],[10,-12],[4,-4],[5,-8],[7,-12],[0,-19],[-10,-16],[-17,-26],[-22,-33],[-3,-5],[-1,-2],[-3,-3],[-3,-5],[-6,-8],[-18,-27],[-6,-8],[-101,-147],[-19,-28],[-40,-77],[-104,-101],[-14,-11],[-49,-43],[-5,-5],[-26,-30],[-26,-40],[-21,-38],[-6,-10],[-21,-45],[-6,-13],[-14,-27],[-8,-15],[-3,-4],[-1,-2],[-24,-18],[-15,-7],[-59,-25],[-26,-9]],[[30207,23364],[-33,-2],[-10,1],[-97,-5],[-189,-7],[-14,-1],[-101,-4],[-57,0],[-24,1],[-37,3],[-3,0],[-12,3],[-98,12],[-23,4],[-1,0],[-32,6],[-100,16],[-32,5],[-22,2],[-18,3],[-116,20],[-9,2],[-9,1],[-22,2],[-27,2],[-8,1],[-26,-1],[-18,-1],[-10,-1],[-27,-4],[-13,-4],[-15,-5],[-23,-8],[-8,-2],[-109,-43],[-66,-26],[-27,-10],[-9,-3],[-2,-1],[-28,-11],[-20,-3],[-10,0],[-16,-1],[-15,2],[-20,3],[-9,2],[-39,10],[-45,11],[-14,4],[-1,1],[-180,50],[-35,10],[-26,6],[0,-2],[-2,-7],[-5,-6],[-35,-63],[-10,-16],[-104,-170],[-16,-33],[-7,-13],[0,-2],[-21,-64],[-33,-97]],[[28069,22931],[-57,7],[-52,6],[-119,12],[-56,6],[-3,1],[-21,2],[-71,8],[-25,2],[-71,8],[-169,19],[-45,4],[-71,8],[-240,26],[-12,1],[-29,0],[-24,-2],[-13,-2],[-11,-2],[-2,-1],[-10,-2],[-21,-7],[-22,-11],[-66,-36],[-71,-38],[-91,-48],[-86,-46],[-73,-40],[-75,-40],[-17,-8],[-216,-117],[-247,-133],[-93,-51],[-4,-2],[-113,-61],[-177,-97],[-97,-53],[-15,-8],[-63,-34],[-56,-31],[-113,-61],[-62,-32],[-27,-13],[-52,-27],[-1,0],[-32,-15],[-35,-18],[-26,-13],[-34,-14],[-2,-1],[-35,-14],[-11,8],[-10,9],[-35,30],[-38,31],[-1,1],[-100,83],[-37,28],[-7,4],[-6,2],[-19,5],[-9,2],[-30,4],[-181,21],[-57,7],[-105,11],[-1,0]],[[24299,22209],[11,71],[20,128],[5,35],[8,49],[4,23],[6,47],[6,40],[18,117],[1,2],[6,40],[0,3],[7,48],[10,62],[1,6],[1,2],[1,9],[12,74],[7,51],[3,17],[8,51],[2,17],[18,118],[3,19],[4,27],[30,193],[1,9],[28,185],[8,47],[11,76],[3,14],[0,3],[2,11],[0,4],[15,98],[10,69],[14,84],[8,50],[35,222],[0,6],[5,21],[2,8],[5,25],[2,8],[8,35],[0,4],[28,66],[9,21],[7,12],[8,14],[22,37],[8,11],[18,31],[7,14],[7,9],[15,23],[1,1],[2,4],[6,9],[7,11],[22,33],[7,11],[1,2],[45,69],[24,37],[94,145],[14,21],[14,22],[28,35],[52,62],[4,5],[48,45],[14,15],[2,1],[5,4],[2,1],[2,3],[1,1],[11,9],[1,0],[16,14],[19,15],[10,9],[1,0],[2,2],[18,15],[19,15],[33,25],[0,1],[14,11],[13,10],[10,9],[19,18],[37,37],[19,23],[0,1],[20,26],[2,3],[31,59],[14,40],[2,8],[10,36],[3,28],[0,2],[1,23],[0,5],[-2,28],[-1,9],[-5,29],[-14,49],[-16,33],[-11,19],[-9,13],[-11,17],[-4,8],[-2,2],[-5,8],[-8,14],[-4,6],[-1,1],[-4,9],[-7,15],[-15,32],[-8,15],[-3,7],[-7,21],[0,3],[-1,4],[-5,14],[-1,3],[-6,20],[-1,6],[-1,4],[-6,23],[-1,6],[-2,4],[-1,7],[-1,1],[-4,15],[-10,39],[-2,9],[-4,16],[-11,40],[-2,8],[-12,41],[0,2],[-16,71],[-4,14],[-2,10],[-2,12],[-2,5],[-2,9],[-1,2],[-1,19],[0,6],[-1,9],[-1,3],[0,12],[-1,32],[1,53],[5,38],[11,81],[11,65],[5,35],[6,36],[4,23],[9,73],[11,83],[5,35],[8,38],[8,24],[14,38],[8,17],[3,7],[14,30],[9,15],[10,18],[271,453]],[[25669,27622],[14,0],[43,1],[176,3],[75,2],[109,2],[636,15],[96,2],[177,4],[215,5],[190,4],[389,9],[505,10],[493,9],[252,6],[35,0],[8,3],[10,5],[5,4],[2,1],[30,17],[63,39],[36,22],[7,4],[16,8],[17,9],[14,6],[11,5],[10,4],[98,35],[187,66],[11,6],[97,57],[159,101],[33,11],[44,12],[3,1],[331,101]],[[30266,28211],[78,23]],[[30344,28234],[41,10],[22,4],[7,1],[10,1],[5,1]],[[30429,28251],[10,0]],[[30439,28251],[1,0],[78,-10],[20,-2],[49,-7],[43,-5],[71,-7],[73,-6],[67,2],[8,1],[4,1],[5,2],[7,1],[7,2],[8,3],[15,5],[58,22],[11,4],[13,6]],[[30977,28263],[15,7],[46,29]],[[31038,28299],[28,19],[17,11],[16,8],[104,78],[62,46],[27,19],[31,16],[118,61],[2,2],[2,3],[2,4],[0,1]],[[31447,28567],[0,2]],[[31447,28569],[-26,56]],[[31421,28625],[-10,52]],[[31411,28677],[-2,22],[0,9],[-1,12],[0,1],[1,2],[0,1],[5,3],[7,1],[118,27]],[[31539,28755],[842,178],[745,157]],[[33126,29090],[30,6],[67,14],[5,2],[8,1],[12,2],[53,12],[69,15],[9,3],[9,2],[1,1]],[[33389,29148],[4,4]],[[33393,29152],[74,89],[10,10],[0,1],[5,5],[104,129],[6,4],[5,6],[11,14],[94,111],[12,13],[61,73],[9,11],[52,62],[8,14],[3,5],[16,17],[21,21],[26,27],[45,48],[8,5],[1,0],[6,7],[73,70],[58,54],[64,58],[120,114],[63,64],[48,47],[81,82],[31,31],[191,185],[19,10],[53,45],[10,6],[-1,1],[1,0],[-5,4],[-22,8]],[[34754,30603],[-1,1]],[[34753,30604],[-5,5],[-4,7],[-2,3]],[[34742,30619],[0,1]],[[34742,30620],[1,9],[9,11],[5,7],[2,1],[5,3],[18,8],[21,9],[19,7],[7,3],[5,3]],[[34834,30681],[5,4]],[[34839,30685],[0,1],[4,6],[2,18],[5,5],[1,2],[23,16],[1,0],[5,9],[0,1],[1,0],[1,2],[3,9],[5,24],[3,25],[2,10],[2,4],[7,3],[20,10],[17,5],[79,14],[10,3],[18,7],[15,7],[4,1],[4,2],[16,10],[78,51],[5,2],[3,2],[21,7],[1,1],[146,7],[13,2],[6,1],[19,5],[7,3],[3,2],[31,16],[36,19],[18,4],[21,5],[25,-5],[21,-5],[9,-3],[7,-2],[75,-25],[11,-4],[3,-1],[31,-7],[6,-1],[6,0],[14,-1],[17,0],[13,1],[36,1],[30,4],[2,1],[19,4],[19,6],[70,26],[1,1],[6,4],[26,17],[7,3],[30,7],[2,0],[7,1],[13,0],[50,8],[10,1],[62,6],[8,1],[49,-2],[6,0],[17,8],[17,10],[9,6],[20,11],[37,22],[3,2],[7,4],[61,56],[0,1],[2,5],[5,15],[1,5],[34,40]],[[36399,31227],[3,3]],[[36402,31230],[5,4],[3,4],[1,3],[0,1],[-7,20]],[[36404,31262],[0,7]],[[36404,31269],[0,1],[1,2],[1,5],[0,2],[1,2],[13,28],[74,66],[8,6],[3,2],[16,8],[7,3],[24,10],[2,2],[0,1]],[[36554,31407],[0,2]],[[36554,31409],[-1,3],[-2,10],[12,16],[4,3],[3,2],[7,4],[3,1],[5,2],[23,7],[11,2],[29,4],[14,1],[21,1],[22,1]],[[36705,31466],[30,0]],[[36735,31466],[54,3],[28,3],[63,11],[37,8],[16,4],[1,0],[24,8],[47,24],[13,10],[1,1],[77,47]],[[23194,22333],[23,-2],[56,-7],[135,-15],[106,-12],[79,-9],[74,-8],[61,-7],[405,-45],[111,-12],[24,-2]],[[24268,22214],[0,-1],[-1,-2],[0,-5],[-3,-15],[-10,-67],[-4,-23],[0,-3],[-11,-75],[0,-2],[-6,-36],[-1,-11],[-3,-30],[0,-52],[2,-6],[0,-1],[8,-54],[2,-14],[5,-32],[0,-1],[11,-63],[13,-62],[24,-125],[0,-3],[4,-24],[8,-39],[0,-1],[10,-49],[11,-57],[0,-1],[3,-17],[0,-1],[2,-8],[12,-65],[4,-21],[6,-29],[0,-1],[2,-9],[0,-1],[6,-31],[1,-3],[0,-1],[2,-10],[3,-16],[2,-12],[3,-17],[14,-70],[1,-8],[10,-56],[9,-44],[0,-2],[2,-3],[0,-1],[2,-11],[0,-5],[1,-5],[1,-7],[2,-10],[0,-1],[2,-11],[1,-7],[0,-1],[1,-2],[1,-10],[1,-6],[3,-11],[2,-13],[7,-36],[3,-17],[5,-23],[5,-27],[0,-3],[1,-1],[4,-24],[6,-29],[2,-11],[5,-30],[3,-15],[1,-9],[1,-4],[2,-6],[2,-13],[4,-18],[1,-5],[0,-5],[1,-2],[0,-3],[1,-3],[1,-9],[1,-1],[2,-11],[1,-5],[0,-3],[1,-2],[1,-6],[5,-24],[0,-4],[1,-2],[1,-7],[0,-1],[16,-78],[17,-94],[13,-68],[16,-76],[3,-17],[1,-10],[10,-52],[0,-1],[7,-38],[17,-89],[5,-25],[7,-38],[2,-11],[2,-9],[1,-4],[1,-2],[0,-3],[5,-26],[19,-100],[4,-20],[1,-4],[1,-1],[3,-19],[3,-22],[2,-11],[0,-1],[1,-5],[1,-3],[1,-2],[1,-3],[2,-12],[4,-17],[1,-3],[0,-6],[1,-1],[0,-3],[1,-4],[1,-3],[3,-13],[0,-1],[2,-8],[1,-3],[1,-5],[2,-6],[3,-18],[1,-3],[1,-14],[2,-7],[12,-48],[2,-6],[1,-2],[1,-4],[2,-9],[0,-4],[3,-9],[0,-1],[12,-52],[1,-5],[2,-7],[12,-55],[2,-6],[17,-77],[4,-20],[2,-7],[1,-5],[5,-21],[6,-31],[4,-12],[1,-5],[0,-3],[3,-14],[13,-61],[3,-11],[3,-17],[3,-10],[2,-12],[5,-18],[0,-3],[1,-2],[0,-1],[3,-15],[4,-19],[7,-34],[3,-12],[9,-44],[4,-21],[3,-10],[5,-27],[6,-24],[5,-19],[0,-1],[1,-6],[6,-25],[3,-14],[1,-3],[4,-18],[11,-58],[1,-4],[0,-1],[1,-2],[4,-24],[6,-24],[12,-53],[1,-3],[4,-47],[1,-12],[2,-41],[-2,-23],[-6,-63],[-14,-57],[0,-7],[-22,-104],[0,-1],[-19,-88],[-12,-57],[-18,-86],[-4,-19],[-3,-20],[-1,-1],[0,-4],[-6,-22],[-1,-5],[-15,-62],[-12,-55],[-6,-27],[-7,-32],[-26,-130],[-10,-45],[-76,-370],[-16,-76],[-12,-61],[-8,-34],[-5,-27],[0,-1],[-2,-5],[-16,-80]],[[21623,17903],[17,26],[30,83],[10,27],[16,43],[44,123],[1,3],[5,12],[11,31],[36,97],[70,193],[36,99],[28,78],[6,19],[2,4],[1,1],[54,150],[54,147],[33,88],[43,122],[115,316],[47,127],[4,13],[12,32],[35,96],[71,196],[14,40],[26,70],[59,162],[16,44],[1,5],[24,64],[2,6],[1,4],[5,12],[1,4],[5,14],[12,33],[2,5],[1,5],[3,5],[4,9],[6,14],[6,10],[6,8],[8,8],[3,2],[9,8],[8,10],[3,3],[6,10],[2,3],[6,16],[19,47],[5,16],[9,22],[14,37],[10,29],[7,22],[2,5],[4,9],[1,5],[1,2],[0,2],[4,9],[11,26],[3,9],[3,8],[1,3],[3,17],[-1,6],[-2,9],[-3,5],[0,7],[1,12],[1,5],[0,1],[3,11],[7,23],[-1,9],[-1,4],[-3,6],[-1,1],[-4,-1],[-13,-4],[-4,-1],[28,61],[7,15],[53,170],[20,61],[24,58],[3,5],[4,8],[5,16],[14,41],[13,33],[13,37],[15,42],[8,24],[5,13],[0,1],[115,18],[10,4],[-6,4],[-4,3],[-9,7],[-13,13],[0,1],[-3,2],[-2,3],[-3,4],[-8,8],[-15,17],[-5,6],[-3,4],[-4,4],[-6,7],[-3,4],[34,90],[17,41],[4,24],[0,1],[18,51],[13,38],[75,236],[60,194],[1,0]],[[38651,17390],[-2,10],[-6,22],[-1,17],[2,21],[4,28],[20,111],[10,20],[11,19],[15,19],[7,7],[13,12],[1,0],[21,18],[21,14],[21,12],[43,21],[26,10],[41,15],[71,23],[76,23],[29,11],[32,14],[18,9],[57,35],[12,10],[24,25],[30,47],[17,19],[13,10],[26,17],[26,15],[26,12],[38,14],[52,17],[110,33],[100,32],[56,21],[27,11],[31,14],[17,10],[7,3],[43,25],[27,18],[46,37],[84,74],[22,18],[21,16],[34,22],[19,10],[-2,15],[2,6],[2,8],[7,14],[5,9],[7,14],[52,73],[12,12],[10,8],[5,3],[9,7],[43,24],[21,13],[197,103],[116,61],[48,17],[93,29],[34,11],[14,6],[10,5],[41,32],[37,30],[72,57],[23,17],[16,8],[13,6],[17,3],[93,19],[51,9],[151,28],[33,8],[18,8],[17,9],[28,28],[22,23],[12,10],[11,7],[12,6],[20,7],[23,6],[6,1],[70,16],[13,5],[12,8],[13,8],[12,12],[1,7],[3,4],[1,0],[10,7],[6,1],[10,2],[108,2],[20,1],[39,6],[11,2],[17,6],[46,17],[40,14],[17,8],[15,9],[38,29],[4,3],[4,5],[24,59],[10,12],[82,49],[22,11],[27,12],[20,4],[14,3],[58,2],[73,-2],[313,-6],[19,2],[12,1],[10,3],[17,9],[70,43],[145,99],[28,14],[25,8],[21,5],[193,41],[49,11],[173,35],[71,16],[26,12],[87,54],[2,1],[95,57],[15,8],[17,7],[51,18],[32,8],[23,3],[186,24],[1,0],[-7,35],[-14,98],[-4,27],[-11,71],[1,8],[3,3],[7,5],[207,95],[7,4],[6,5],[5,6],[1,8],[-2,4],[-1,3],[-40,89],[-2,5],[-21,49],[-35,80]],[[44111,20561],[133,19],[253,34],[144,20],[93,12],[40,5],[15,2],[43,5],[15,2],[9,2],[18,2],[20,2],[13,2],[41,5],[13,2],[22,4],[244,53],[87,19],[5,1],[5,2]],[[44559,14473],[-10,1],[-45,4],[-337,14],[-13,1],[-71,3],[-361,16],[-274,11],[-100,5],[-109,4],[-305,14],[-405,18],[-1,0],[-137,5],[-179,8],[-235,10],[-11,0],[-92,4],[-34,1],[-61,0],[-72,-1],[-52,-1],[-550,-9],[-184,-4],[-76,-1],[-26,-1],[-129,-2],[-176,0],[-101,3],[-96,2],[-43,2],[-175,6],[-68,3],[-95,3],[-137,5],[-6,0],[-231,12],[-130,6],[-10,0],[-34,2],[-108,5],[-29,3],[-1,0]],[[38742,17395],[327,23],[419,28],[166,12],[139,11],[257,25],[46,5],[280,27],[11,1],[37,4],[10,1],[2,1],[36,4],[31,4],[62,9],[13,2],[35,6],[40,7],[68,13],[80,16],[198,39],[171,33],[135,28],[55,11],[187,36],[7,1],[22,5],[7,1],[134,26],[14,3],[103,21],[137,22],[64,5],[56,5],[35,1],[18,1],[76,0],[47,-3],[61,-3],[103,-5],[63,-4],[168,-10],[261,-16],[4,0],[101,-3],[59,-1],[169,0],[14,1],[46,0],[14,1],[84,2],[73,2],[91,2],[130,3],[99,2],[131,2],[107,3],[75,1],[96,-1],[116,-1],[13,0],[118,-2],[2,0]],[[27801,15445],[3,4],[10,10],[8,19],[4,21],[0,3],[20,16],[31,8],[6,1],[25,3],[68,0],[17,4],[7,15],[17,22],[27,16],[28,-3],[0,-1],[6,-7],[9,-10],[4,-4],[17,-8],[45,3],[60,10],[55,11],[28,4],[26,4],[39,8],[35,7],[23,5],[17,8],[12,9]],[[28448,15623],[38,-2],[35,-2],[12,1],[47,2],[16,0],[9,-3],[1,-1],[6,-4],[13,-15],[12,-6],[15,-5],[10,-1],[7,1],[52,14],[8,1],[8,0],[9,-4],[4,-4],[11,-10],[9,-9],[7,-6],[1,0],[5,-2],[24,-5],[2,-1],[81,42],[8,4],[63,29],[199,68],[92,33],[142,49],[32,11],[228,82],[42,15],[137,50],[104,39],[170,62],[1,1],[4,1],[134,56],[174,78],[194,88],[282,127],[112,51],[119,51],[107,47],[116,52],[220,98],[90,41],[39,18],[302,137],[18,8],[1,0],[909,-40],[299,-14],[199,-9],[29,-2],[240,-13],[267,-29],[30,-4],[124,-15],[107,-12],[228,-32],[188,-25],[235,-35],[198,-29],[142,-19],[84,-10],[39,-5],[89,-7],[31,-3],[149,-12],[182,-15],[10,-1],[19,-1],[11,-1],[45,-2],[19,0],[10,-1],[48,-2],[141,-5],[35,-1],[59,-3],[7,0],[21,-1],[7,0],[35,-1],[98,-5],[7,0],[35,-1],[82,-3],[28,0],[19,1],[9,0],[27,2],[21,1],[34,5],[27,4],[26,5],[32,7],[24,7],[20,6],[51,18],[80,29],[69,25],[39,15],[144,51],[80,31],[71,29],[2,1],[9,3],[69,30],[70,31],[121,57],[204,95],[85,41],[27,14],[26,16],[12,8],[32,21],[70,52],[58,43],[8,5],[105,76],[97,71],[10,8],[8,6],[21,15],[6,5],[1,1],[5,0],[14,-1],[6,0],[9,-1],[26,-1],[31,0],[30,2],[37,1],[112,8],[48,4],[13,1]],[[38651,17390],[4,0],[14,1],[35,2],[20,1],[18,1]],[[38742,17395],[0,-2],[4,-18],[7,-42],[2,-37],[-1,-12],[-1,-11],[-3,-9],[-7,-32],[0,-10],[3,-13],[4,-10],[3,-5],[14,-18],[10,-12],[13,-14],[3,-3],[14,-13],[16,-9],[23,-11],[20,-9],[1,-1],[7,-3],[1,-1],[22,-9],[18,-8],[22,-10],[2,-4],[1,-1],[1,-4],[-2,-5],[-3,-2],[-2,-1],[-2,-2],[-17,-7],[-13,-6],[-18,-8],[-11,-6],[-9,-5],[-8,-6],[-22,-18],[-81,-86],[-33,-37],[-14,-16],[-21,-25],[-9,-13],[-6,-11],[-8,-21],[-14,-52],[-15,-61],[-47,-180],[-2,-8],[0,-23],[1,-18],[3,-36],[5,-56],[0,-1],[8,-72],[2,-6],[3,-5],[0,-2],[6,-6],[5,-4],[11,-6],[7,-4],[24,-10],[216,-77],[7,-4],[6,-5],[4,-5],[0,-1],[2,-5],[0,-4],[-2,-2],[-4,-7],[-6,-6],[-2,-1],[-3,-2],[0,-1],[-4,-3],[-5,-3],[-4,-3],[-3,-5],[0,-1],[-2,-2],[0,-6],[1,-1],[1,-4],[10,-10],[3,-1],[12,-6],[39,-17],[37,-16],[2,-1],[12,-5],[10,-5],[6,-4],[5,-3],[6,-5],[13,-11],[16,-16],[25,-23],[20,-19],[21,-20],[1,-1],[22,-20],[69,-65],[15,-14],[9,-8],[40,-37],[68,-62],[26,-31],[6,-9],[6,-12],[1,-3],[4,-16],[0,-27],[-2,-42],[-1,-17],[0,-1],[-1,-26],[0,-10],[-1,-170],[2,-15],[4,-10],[3,-6],[3,-5],[4,-8],[12,-14],[14,-12],[32,-30],[48,-42],[17,-15],[4,-4],[9,-6],[13,-13],[6,-8],[4,-6],[4,-7],[0,-4],[-1,-1],[0,-11],[-4,-7],[-40,-71],[-17,-30],[-49,-88],[-37,-71],[-42,-73],[-15,-30],[-25,-44],[-11,-20],[-31,-54],[-9,-15],[-2,-4],[-6,-9]],[[39250,14625],[-15,2],[-6,1],[-39,6],[-43,8],[-30,5],[-34,8],[-13,3],[-75,24],[-89,30],[-29,10],[-357,127],[-701,245],[-66,23],[-176,61],[-80,27],[-1,1],[-32,10],[-31,11],[-35,10],[-38,10],[-13,3],[-87,16],[-76,12],[-12,2],[-28,1],[-33,4],[-1,0],[-159,14],[-42,4],[-334,33],[-9,0],[-92,9],[-115,10],[-43,3],[-19,1],[-96,8],[-54,2],[-2,1],[-179,4],[-326,8],[-168,4],[-45,1],[-133,4],[-45,1],[-47,1],[-192,4],[-6,0],[-21,1],[-6,0],[-100,2],[-79,2],[-252,6],[-14,1],[-69,2],[-60,4],[-67,7],[-70,10],[-81,16],[-81,20],[-3,1],[-2,1],[-16,6],[-48,21],[-15,7],[-59,41],[-19,13],[-156,108],[-57,40],[-1,1],[0,-1],[-20,-8],[-58,-27],[-19,-9],[-24,-11],[-13,-6],[-111,-50],[-5,-2],[-38,-9],[-16,0],[-32,-1],[-18,-1],[-16,-1],[-25,-2],[-36,-4],[-20,-2],[-62,-8],[-16,-2],[-75,-11],[-5,-1],[-59,-8],[-60,-8],[-121,-18],[-21,-3],[-36,-3],[-52,-5],[-9,0],[-33,-3],[-131,-2],[-142,-2],[-62,-1],[-114,-1],[-78,-1],[-3,0],[-57,-1],[-95,-4],[-1,0],[-504,-19],[-305,-12],[-1,0],[-263,-10],[-340,-12],[-222,-9],[-48,-1],[-84,-2],[-137,0],[-196,6],[-29,1],[-1,0],[-185,4],[-74,2],[-298,7],[-112,0],[-72,-2],[-24,0],[-89,-4],[-73,-4],[-96,-6],[-20,-1],[-59,-4],[-213,-15],[-74,-6],[-113,-7],[-3,0],[-33,-3],[-103,-7],[-33,-2]],[[37199,27441],[21,24],[92,102],[51,56],[84,94],[13,15],[16,10],[78,49],[111,64],[77,54],[112,76],[11,8],[36,24],[67,45],[28,18],[5,4],[9,11],[7,10],[1,5],[1,3],[0,2],[1,3],[0,7],[-1,14],[0,1],[-4,13],[-4,6],[-9,16],[-5,9],[-1,2],[-11,19],[-12,24],[-10,21],[-9,18],[-4,10],[-3,6],[-1,4],[-1,11],[2,11],[3,9],[5,9],[15,18],[16,19],[24,22],[5,4],[7,6],[47,33],[68,44],[23,13],[34,14],[25,8],[222,67],[0,1],[18,6],[54,17],[18,6],[26,9],[67,21],[12,4],[27,8],[17,6],[24,8],[2,1],[21,10],[54,28],[37,21],[12,7],[26,12],[4,1],[9,4],[2,0],[3,1],[1,0],[5,2],[23,7],[5,2],[16,6],[18,9],[9,5],[9,7],[6,7],[10,16],[13,21],[6,9],[9,16],[1,2],[7,10],[5,8],[1,1],[1,3],[6,8],[1,3],[12,17],[4,5],[17,23],[21,26],[10,14],[16,22],[14,16],[2,3],[14,10],[12,5],[14,3],[94,17],[16,3],[69,15],[25,5],[127,27],[10,2],[153,32],[73,21],[49,14],[52,15],[8,2],[109,30],[-2,52],[0,20],[3,81],[4,17],[8,47],[8,43],[1,8],[1,0],[0,3],[3,14],[0,1],[8,46],[1,11],[4,27],[0,2],[5,24],[3,14],[3,7],[7,17],[13,30],[15,27],[38,56],[3,5],[9,12],[15,23],[2,2],[20,30],[1,0],[-16,3],[-23,10],[-3,1],[-13,6],[-6,3],[-32,18],[-53,32],[-47,27],[-46,27],[-16,9],[-49,28],[-16,10],[-151,87],[-169,98],[-117,67],[-99,57],[-27,14],[-30,13],[-14,6],[-26,10],[-43,13],[-74,24],[-20,5],[-22,7],[-1,0],[-22,-9],[-2,-1],[-24,-9],[-51,-17],[-2,0],[-20,-5],[-5,-2],[-6,6],[-7,6],[-9,15],[-2,1],[-1,3],[-5,7],[-2,3],[-1,3],[-1,6],[-6,18],[-1,5],[-4,6],[-14,34],[-8,17],[-2,6],[-3,7],[-9,16],[-2,3],[-18,19],[-1,1],[2,18],[0,1],[7,25],[18,27],[6,10],[18,24],[9,6],[1,0],[34,20],[34,26],[23,14],[38,29],[7,8],[6,16],[0,10],[-3,13],[-2,2],[-3,7],[-3,5],[-15,15],[-9,8],[-16,9],[-15,8],[-17,6],[-1,1],[-18,5],[-16,4],[-56,6],[-17,3],[-17,4],[-4,3],[-4,4],[-7,11],[0,1],[-6,2],[-9,10],[-5,6],[-2,4],[0,1],[1,1],[1,3],[2,4],[25,10],[14,11],[5,7],[3,8],[1,5],[4,17],[1,3],[0,3],[-2,8],[-1,2],[-1,1],[-6,8],[-11,9],[-1,0],[0,1],[-3,3],[0,1],[-2,7],[-2,9],[-2,5],[-2,4],[-2,3],[-1,2],[-2,3],[-9,7],[-8,5],[-60,34],[-4,3],[-1,0],[0,1],[-1,1],[-2,5],[-4,9],[0,1],[-1,1],[1,6],[10,12],[1,0],[35,31],[7,9],[6,8],[1,6],[3,30],[2,5],[9,11],[19,16],[13,10],[5,6],[-1,8],[0,3],[1,3],[2,2],[16,4],[7,10],[6,3],[7,1],[10,0],[14,-1],[23,-7],[15,-6],[3,2],[7,3],[4,2],[1,0],[-6,5],[-4,3],[-9,3],[-24,6],[-15,2],[-4,1],[-61,8],[-105,11],[-43,4],[-3,1],[-71,9],[-4,1],[-19,3],[-71,11],[-23,3],[-71,12],[-54,9],[-1,0],[-90,14],[-283,44],[-7,1],[-40,7]],[[43515,27065],[-2,-1],[-30,-9],[-12,-4],[-17,-8],[-9,-4],[-3,-1],[-609,-410],[-421,-284],[-806,22],[-487,13],[-1,0],[-1,-1],[-108,-10],[-124,-11],[-206,-17],[-98,-8],[-13,-1],[-119,-11],[-120,-8],[-13,0],[-14,2],[-13,2],[-12,4],[-10,4],[-42,24],[-140,85],[-15,9],[-1,0],[-3,2],[-124,74],[-207,122],[-223,133],[-31,18],[-214,124],[0,1],[-85,48],[-207,121],[-25,14],[-7,2],[-9,3],[-10,1],[-13,0],[-10,-1],[-7,-2],[-67,-36],[-31,-16],[-30,-16],[-51,-27],[-22,-11],[-8,-2],[-9,-2],[-20,0],[-9,2],[-92,29],[-74,23],[-48,15],[-10,3],[-172,53],[-57,17],[-14,4],[-12,4],[-76,24],[-26,7],[-30,10],[-89,27],[-19,7],[-10,3],[-36,11],[-110,33],[-37,12],[-6,2],[-2,1],[-26,8],[-51,17],[-56,17],[-297,90],[-74,23],[-10,2],[-14,5]],[[42902,33271],[20,0],[11,-4],[15,-5]],[[42948,33262],[24,-6]],[[42972,33256],[14,-2],[8,-2],[15,0],[71,1],[23,-1],[8,-1],[4,0],[3,1],[31,8],[52,13],[14,4],[2,0],[17,3],[17,2],[15,0],[15,-1],[19,-3],[15,-3],[2,0],[2,-1],[8,-2],[15,-5],[27,-13],[14,-7],[9,-3]],[[43392,33244],[16,-6],[10,-5],[222,-49]],[[43640,33184],[16,-3],[5,0],[43,-5],[64,-6],[11,-3],[6,-2],[36,-7],[36,-8],[49,-12],[40,-8],[76,-16],[29,-4],[14,-1],[5,0]],[[44070,33109],[7,0]],[[44077,33109],[10,-1],[16,1]],[[44103,33109],[39,3]],[[44142,33112],[17,4],[37,9],[22,13],[3,2],[4,2],[10,6],[10,7],[7,3],[42,33],[9,7],[2,1],[5,2],[3,0],[7,2],[76,0],[22,-1],[62,-4]],[[44480,33198],[23,1],[5,1]],[[44508,33200],[5,0],[3,1],[7,1],[21,7],[14,5],[7,4],[12,23],[1,4],[3,6],[1,4],[3,8],[3,11],[7,17],[10,10],[13,5],[15,2],[29,-2],[90,-16],[53,-9],[1,0],[75,-2],[83,12],[51,8],[19,6],[28,3],[21,2],[17,0],[33,-2],[14,-2],[20,-2],[39,-5],[28,-2],[10,-1],[23,0],[14,3],[9,3],[11,2],[3,1],[62,29],[2,1],[51,20],[7,2],[8,1],[11,1],[1,0],[13,1],[5,-1],[8,0]],[[45472,33359],[7,-1]],[[45479,33358],[7,-2],[38,-8],[23,-4],[22,-2],[23,-1],[15,3],[15,4],[3,2],[1,0],[11,10],[7,10],[5,10],[0,14]],[[45649,33394],[-1,2]],[[45648,33396],[-4,5],[-4,13],[1,11],[0,1],[8,16],[4,5],[7,3],[0,1],[2,0],[9,2],[39,4],[46,3],[6,-2],[36,-5],[40,-5],[17,-4],[16,-4],[16,-7]],[[45887,33433],[14,-7]],[[45901,33426],[28,-17],[21,-11],[23,-10],[11,-5],[14,-5],[60,-21],[9,-1],[22,-1],[14,-1],[16,1],[13,2]],[[46132,33357],[8,2]],[[46140,33359],[12,2],[31,17],[41,48],[5,4],[2,2],[0,1]],[[46231,33433],[0,6]],[[46231,33439],[0,1],[-3,8],[-15,9],[-25,20],[-1,0],[-3,3],[-14,8],[-28,15],[-6,2],[-48,10],[-16,6],[-12,6],[-15,9]],[[46045,33536],[0,3],[15,7]],[[46060,33546],[16,6],[3,1],[5,2],[12,4],[17,7]],[[46113,33566],[3,3]],[[46116,33569],[1,0],[6,3],[13,5],[1,0]],[[37885,31461],[-78,12],[-11,2],[-101,16],[-268,42],[-68,11],[-56,8],[-56,9],[-150,24],[-1,0]],[[37096,31585],[8,5],[17,10],[12,6],[46,17],[26,13],[10,7],[43,49],[11,13],[1,0],[7,5],[12,13],[50,36],[18,13],[28,23]],[[37385,31795],[10,10],[2,5]],[[37397,31810],[43,132],[3,11],[0,1],[-5,20],[-1,7],[0,2],[-1,9],[-2,13],[-3,5],[-1,3]],[[37430,32013],[-19,19]],[[37411,32032],[-15,10],[-47,34],[-9,9],[0,2],[-2,7],[2,12],[4,38],[-2,4],[-5,12]],[[37337,32160],[0,3]],[[37337,32163],[5,4],[5,2],[1,1]],[[37348,32170],[11,8],[1,1]],[[37360,32179],[1,1],[2,4],[0,5],[-8,18],[1,3],[7,11],[3,7],[5,14],[3,3],[7,11],[25,27],[83,91],[10,8],[4,3],[10,9],[20,19],[10,5],[57,52],[12,11],[33,34],[8,11],[1,2],[7,5],[9,52],[3,2],[0,1],[7,0],[12,2],[41,4],[38,4],[11,1],[14,1],[47,4],[2,2],[0,1]],[[37845,32607],[0,2]],[[37845,32609],[-6,18],[-2,7],[1,2],[7,6],[5,3],[4,2],[1,0],[2,1],[4,1],[1,0],[6,1],[14,0],[72,-7],[23,-4],[68,-12],[8,-1],[9,0],[27,-1],[23,0],[31,1],[32,3],[16,3],[16,4],[10,3],[26,10],[2,1],[17,8],[56,32],[8,3],[6,1],[5,2],[33,14],[16,5],[19,8],[9,2],[27,7],[75,7],[134,7],[8,2],[3,0],[18,1],[21,1],[39,0],[6,2],[4,3],[6,4],[2,1],[4,1],[5,1],[1,1],[9,0],[16,-1],[1,0],[11,2],[3,0],[8,4],[18,7],[45,13],[24,5]],[[38902,32793],[13,2]],[[38915,32795],[12,2],[10,0],[14,4],[3,1],[7,1],[50,10],[26,6],[7,1],[74,20],[4,1],[33,10],[135,35],[268,69],[5,1]],[[39563,32956],[35,15],[19,7]],[[39617,32978],[27,8],[28,10],[23,8],[12,3],[96,17],[42,11],[70,22],[209,59]],[[40124,33116],[13,5]],[[40137,33121],[68,17],[10,3],[6,3],[21,0],[4,-1],[18,-4]],[[40264,33139],[4,-1]],[[40268,33138],[12,-4],[23,-7],[15,-5],[7,-2],[8,-3],[10,-5],[18,-5],[40,-7]],[[40401,33100],[10,-2]],[[40411,33098],[11,-1],[8,-2],[6,-2],[1,0],[18,-11],[21,-17],[6,-3],[7,-2],[13,-1],[47,4],[8,0],[11,-2],[62,-17],[10,-1],[20,-3],[15,-1],[5,0],[34,-3],[13,-4],[20,-12],[2,-1]],[[40749,33019],[8,-3]],[[40757,33016],[25,-6],[10,-3],[5,-1],[1,0],[10,-1],[9,1],[72,16],[28,2],[21,1]],[[40938,33025],[22,0],[32,-1]],[[40992,33024],[30,-2],[55,-4],[142,8],[45,3],[7,0],[3,1],[9,2],[19,1],[27,3],[122,19],[104,21],[116,18],[140,22],[22,5],[9,2],[103,28]],[[41945,33151],[185,41]],[[42130,33192],[8,1],[30,6],[101,12],[61,8],[162,19],[60,6],[1,0],[17,2],[42,3],[15,2],[95,9],[62,7],[14,1],[46,3],[25,0],[12,1]],[[42881,33272],[9,0]],[[42890,33272],[12,-1]],[[42902,33271],[0,-3],[-2,-18],[1,-16],[1,-3],[2,-11],[0,-5],[2,-6],[7,-22],[3,-8],[13,-23],[-1,0],[-33,-5],[0,-1],[4,-6],[5,-7],[2,-2],[3,-4],[14,-16],[19,-26],[8,-11],[2,-1],[2,-3],[1,-1],[31,-38],[1,-2],[11,-15],[19,-25],[7,-9],[3,-4],[20,-26],[38,-51],[6,-7],[5,-6],[16,-19],[3,-4],[7,-9],[1,-1],[2,-4],[12,-16],[12,-17],[7,-9],[6,-8],[5,-6],[3,-3],[0,-1],[9,-11],[3,-3],[0,-1],[51,-65],[10,-14],[6,-9],[35,-44],[34,-45],[25,-34],[5,-9],[5,-7],[2,-4],[18,-34],[1,-4],[5,-14],[7,-20],[1,-13],[1,-7],[2,-13],[0,-1],[1,-13],[0,-13],[1,-11],[1,-12],[1,-16],[1,-17],[0,-51],[6,2],[19,6],[7,1],[25,6],[14,4],[61,16],[78,21],[157,40],[52,13],[13,-10],[2,-2],[4,-3],[42,-34],[16,-12],[61,15],[244,64],[1,0],[51,13],[153,40],[51,14],[28,1],[24,0],[73,-5],[32,-2],[-1,0],[-1,-6],[-5,-20],[-2,-7],[-1,-3],[-2,-7],[-11,-32],[-3,-10],[0,-1],[-1,-4],[-4,-14],[0,-5],[-2,-7],[-7,-21],[-1,-8],[-6,-16],[-10,-35],[-2,-9],[-2,-6],[-1,-4],[-3,-8],[-1,-4],[-3,-11],[-8,-27],[-14,-44],[-1,-3],[-1,-5],[-15,-53],[-1,-9],[0,-3],[4,-12],[3,-4],[7,-12],[4,-6],[18,-22],[8,-9],[52,-63],[2,-2],[3,-4],[14,-16],[7,-9],[25,-31],[13,-15],[10,-12],[17,-24],[5,-6],[4,-4],[3,-6],[8,-10]],[[43480,29173],[-2,123],[-6,370],[-2,123],[0,16],[-1,23],[0,10],[-1,27],[-2,83],[0,28],[-1,28],[-1,29],[0,56],[-1,25],[-1,2],[0,74],[-1,36],[0,56],[-3,150],[-2,120],[-1,91],[-1,18],[0,30],[-2,31],[0,75],[-2,101],[0,59],[-12,-2],[-7,-1],[-5,-1],[-9,-2],[-53,-11],[-63,31],[-13,6],[-85,-82],[-256,115],[-95,5],[-284,17],[-95,5],[-267,16],[-803,47],[-48,3],[-207,43],[-1,0],[-122,25],[-365,76],[-121,25],[-1,0],[-304,62],[-909,187],[-56,11],[-263,5],[-116,3],[-351,8],[-117,2],[-103,5],[-22,-4],[-82,0],[-285,-59],[-26,-3],[-19,-28]],[[45562,32224],[3,0],[11,-1],[18,0],[3,1],[6,0],[10,4],[11,2],[5,1],[5,2],[12,4],[7,3],[1,1],[4,2],[2,0],[3,2],[2,1],[7,2],[9,2],[8,4],[14,4],[5,0],[1,1],[3,0],[11,2],[19,6],[4,3],[1,0],[5,1],[9,1],[1,0],[23,-1],[31,-1],[34,-1],[27,0],[19,-1],[22,1],[31,1],[10,3],[7,2],[15,3],[8,2],[19,0],[7,-1],[7,0],[32,-1],[8,1],[3,1],[16,1],[9,2],[20,3],[3,-1],[6,0],[7,-1],[4,0],[1,-1],[6,-2],[2,-1],[13,0],[11,3],[10,7],[4,1],[9,3],[8,4],[7,3],[7,4],[12,0],[24,2],[4,-1],[2,0],[27,7],[159,69],[8,3],[3,1],[58,16],[0,9],[-1,4],[0,5],[2,8],[2,6],[1,5],[1,2],[0,3],[7,11],[20,28],[32,45],[-27,4],[-2,0],[-38,6],[-27,4],[-1,0],[1,2],[13,1],[61,23],[23,3],[10,2],[2,2],[-11,2],[-14,3],[-5,0],[-10,5],[-7,13],[-5,7],[11,7],[1,2],[9,10],[34,7],[18,0],[27,6],[3,0],[10,2],[4,6],[3,2],[2,3],[1,2],[1,4],[0,4],[-1,7],[-1,6],[0,1],[1,8],[1,3],[-2,4],[-1,1],[-3,5],[-16,18],[-1,0],[-2,2],[-4,3],[-22,2],[-13,2],[-2,2],[0,3],[8,9],[6,2],[16,7],[10,13],[1,1],[2,3],[3,3],[11,16],[-1,1],[0,1],[-3,2],[-8,12],[4,47],[41,41],[7,10],[3,4],[4,5],[5,7],[45,10],[5,1],[17,5],[2,0],[2,1],[1,0]],[[43480,29173],[1,0],[91,16],[9,1],[144,25],[25,5],[24,5],[42,14],[8,2],[75,30],[16,6],[60,18],[23,4],[25,4],[28,2],[157,19],[196,23],[40,5],[250,28],[2,62],[0,53],[-2,129],[0,193],[2,7],[-2,110],[0,73],[2,25],[0,77],[1,27],[0,19],[-1,7],[8,52],[1,2],[9,26],[0,1],[11,29],[34,87],[13,29],[10,25],[29,67],[2,6],[10,25],[0,1],[7,17],[22,52],[1,4],[7,19],[11,29],[34,88],[11,30],[1,1],[0,5],[7,19],[3,7],[2,6],[10,26],[1,2],[1,3],[23,63],[12,35],[9,25],[3,8],[0,1],[13,42],[11,29],[3,5],[10,26],[3,9],[9,24],[23,63],[5,17],[4,9],[35,102],[1,28],[-2,4],[-6,22],[0,1],[-1,1],[-4,10],[-31,44],[-3,4],[-4,4],[0,1],[-3,2],[0,1],[-6,7],[-2,3],[-3,3],[-6,7],[-2,3],[-2,2],[-24,33],[-31,43],[-1,1],[-5,7],[-6,8],[-70,89],[-9,12],[-56,74],[-26,33],[-29,38],[-7,9],[-2,1],[-21,28],[-36,46]],[[44707,31847],[7,2],[45,7],[145,24],[214,36],[59,35],[2,1],[0,3],[-19,-6],[-12,-4],[-20,-8],[-9,-4],[-2,0],[3,3],[56,65],[0,-1],[13,-17],[1,-2],[15,13],[1,0],[20,17],[17,16],[8,11],[9,20],[3,11],[0,2],[3,18],[0,1],[1,12],[2,7],[1,3],[0,3],[6,10],[1,3],[10,13],[13,13],[14,11],[11,8],[13,5],[17,8],[20,6],[44,12],[40,10],[22,5],[2,0],[7,2],[3,0],[5,1],[7,2],[5,1],[11,2],[12,0],[22,-2],[3,0],[3,-1]],[[45561,32224],[1,0]],[[45562,32224],[6,-32],[1,0],[17,-3],[72,-8],[17,-3],[15,-3],[38,-10],[11,-4],[41,-17],[231,-92],[63,-25],[103,-42],[12,-4],[14,-6],[28,-11],[9,-4],[45,-19],[109,-43],[28,-12],[46,-18],[23,-10],[72,-29],[24,-9],[13,-5],[37,-15],[12,-5],[2,-1],[9,-4],[33,-13],[10,-4],[24,-9],[68,-27],[22,-9],[17,-7],[49,-19],[17,-7],[42,-17],[127,-50],[43,-18],[15,-5],[2,-1],[44,-18],[15,-6],[36,-14],[108,-43],[36,-14],[7,-3],[1,-1],[10,-3],[10,-5],[2,0],[7,-4],[15,-6],[44,-19],[6,-2],[2,-1],[7,-3],[18,-8],[20,-8],[14,-7],[1,0],[23,-10],[19,-9],[36,-16],[39,-17],[69,-32],[36,-17],[29,-13],[1,-1],[5,-2],[21,-10],[228,-104],[51,-23],[75,-35],[78,-36],[52,-23],[28,19],[14,7],[80,45],[54,29],[22,12],[25,11],[10,5],[5,2],[4,2],[1,0],[6,2],[4,2],[6,2],[5,2],[17,8],[1,0],[5,2],[3,1],[1,0],[12,5],[38,15],[5,2],[28,11],[50,19],[18,5],[57,23],[1,0],[53,21],[11,4],[1,0],[0,1],[30,11],[12,4],[40,14],[0,1],[25,9],[27,9],[0,1],[35,12],[119,44],[165,61],[95,35],[117,44],[9,3],[18,7],[1,0]],[[43515,27065],[-3,213],[0,191],[-1,22],[0,125],[-2,101],[0,14],[-1,10],[0,43],[-2,14],[0,39],[-1,12],[-4,54],[-1,51],[0,55],[-1,18],[0,78],[-1,26],[0,13],[-1,38],[0,12],[-1,29],[0,28],[-2,88],[-1,50],[-1,60],[-1,135],[-3,136],[-4,257],[0,3],[-4,192],[0,1]],[[59219,35639],[34,-6],[4,0],[44,8],[76,15],[73,14],[26,5],[17,3],[37,7],[6,1],[52,10],[8,3],[6,2]],[[59602,35701],[180,34]],[[59782,35735],[262,48],[45,8],[8,1],[4,1],[94,17],[12,3],[9,2]],[[60216,35815],[12,3]],[[60228,35818],[10,2],[7,1],[9,1],[32,6],[129,24],[10,2],[1,1],[6,1],[5,2],[3,1],[9,1],[13,2],[21,3],[25,4],[20,5],[9,2],[5,2],[84,15],[43,9]],[[60669,35902],[303,56]],[[60972,35958],[150,26],[11,3],[58,10],[148,27],[192,36],[135,27],[42,9]],[[61708,36096],[250,46]],[[61958,36142],[381,72],[130,25],[262,51],[531,101],[339,64],[194,37],[547,101],[808,155],[1815,349],[2,1],[3,0],[19,4],[8,2],[10,2],[10,1],[1110,211],[5886,1116],[6815,1292],[4,-2],[470,-367],[225,-234],[15,-16],[12,-13],[183,-190],[93,-95],[26,-28],[149,-155]],[[43515,27065],[58,16],[31,9],[-4,9],[-7,17],[-2,32],[0,8],[8,0],[66,1],[1,0],[-1,13],[-1,27],[24,0],[1,18],[0,11],[120,-1],[0,30],[228,-12],[64,-4],[94,-5],[60,-3],[78,-23],[195,12],[81,6],[0,-1],[1,-28],[46,-14],[49,-18],[1,1],[190,77],[61,24],[308,132],[52,24],[70,32],[1,0],[34,16],[50,23],[51,26],[33,16],[86,44],[176,92],[52,28],[34,22],[33,35],[23,34],[5,7],[1,2],[1,1],[3,4],[31,43],[19,21],[26,16],[43,17],[117,31],[15,4],[358,103],[15,5],[315,90],[-49,42],[-54,46],[-37,31],[-57,49],[-48,42],[-2,0],[146,36],[110,27],[315,80],[10,2],[97,25],[19,5],[28,8],[117,33],[88,23],[92,24],[59,16],[331,89],[136,36],[117,30],[89,25],[0,1],[19,5],[141,43],[33,10],[100,32],[126,41],[201,60],[17,6],[10,4],[19,8],[28,13],[12,6],[21,12],[42,28],[2,0],[3,3],[4,2],[19,11],[18,10],[44,28],[4,3],[16,10],[17,10],[26,17],[7,5],[19,16],[33,28],[33,30],[39,34],[17,16],[24,21],[26,21],[76,66],[20,18],[5,4],[1,1],[9,7],[28,23],[9,8],[1,0],[4,4],[16,14],[5,4],[7,7],[21,19],[2,2],[15,12],[29,25],[10,8],[7,5],[3,3],[19,12],[1,1],[8,3],[9,3],[20,4],[234,43],[87,17],[115,22],[147,27],[67,12],[14,3],[29,8],[8,2],[43,18],[60,26],[23,12],[13,6],[45,17],[8,3],[1,1],[29,10],[10,4],[14,5],[12,5],[20,7],[10,4],[14,5],[10,3],[25,9],[10,3],[12,5],[37,13],[12,4],[5,2],[9,4],[40,16],[14,5],[34,14],[9,3],[23,9],[17,8],[13,6],[19,13],[23,15],[18,13],[9,7],[21,9],[10,3],[23,9],[2,0],[71,24],[23,8],[1,1]],[[55705,24169],[25,-113],[1,-6],[1,-4],[19,-85],[27,-120],[2,-9],[1,-5],[0,-13],[-1,-1],[-2,-10],[0,-1],[-4,-11],[-37,-77],[-18,-36],[-59,-120],[-19,-36],[-1,-1],[-1,-4],[-1,-3],[-17,-35],[-3,-6],[-8,-17],[-5,-18],[-3,-17],[0,-21],[1,-5],[0,-8],[2,-6],[0,-2],[1,0],[0,-6],[8,-24],[8,-19],[0,-3],[1,0],[8,-14],[6,-10],[3,-6],[4,-6],[1,-2],[5,-6],[5,-7],[0,-1],[5,-6],[6,-11]],[[55666,23258],[0,-1],[3,-5],[0,-1],[4,-9],[1,-2],[6,-18],[1,-2],[1,-4],[0,-2],[3,-17],[2,-14],[6,-66],[5,-39],[1,-18],[3,-22],[1,-5]],[[55703,23033],[-116,-12],[-97,-10],[-208,-20],[-46,-5],[-39,-5],[-17,-2],[-19,-5],[-17,-5],[-16,-6],[-2,-1]],[[45324,20754],[-5,4],[-206,148],[-130,93],[-45,32],[-63,46],[-5,4],[-76,56],[-8,6],[-101,72],[-12,8],[-34,24],[-17,13],[-1,0],[-52,38],[-13,9],[-23,16],[-173,125],[-66,47],[-68,49],[-56,41],[-12,8],[-8,5],[-12,9],[-4,4],[-2,1],[-22,16],[-4,3],[-2,1],[-76,54],[0,1],[-4,29],[0,1],[-20,20],[0,4],[3,5],[5,3],[6,3],[3,1],[5,4],[7,3],[6,5],[2,5],[1,1],[3,6],[3,24],[6,37],[6,56],[3,25],[3,23],[1,9],[1,7],[2,12],[3,23],[1,6],[6,45],[0,1],[7,40],[4,29],[4,23],[4,25],[7,43],[1,4],[1,10],[2,8],[0,1],[5,28],[4,26],[6,37],[4,28],[7,45],[3,21],[2,8],[2,11],[0,1]],[[44143,22433],[2,14],[3,16],[6,39],[0,4],[8,68],[3,20],[6,64],[4,30],[2,22],[5,46],[2,24],[0,1],[2,15],[9,87],[6,62],[0,2],[3,34],[2,14],[1,6],[7,73],[1,2],[1,7],[13,138],[8,64],[0,3],[9,70],[0,2],[1,4],[16,113],[20,147],[8,35],[32,101],[27,80],[17,55],[15,55],[4,12],[14,45],[15,47],[11,25],[0,1],[1,3],[52,125],[15,35],[2,5],[2,4],[6,13],[4,8],[2,6],[0,2],[26,59],[4,9],[4,12],[21,51],[20,47],[39,92],[6,14],[1,2],[8,19],[6,16],[4,14],[0,4],[1,4],[1,2],[4,26],[0,3],[1,10],[0,33],[-1,45],[-2,18],[0,14],[-2,39],[-7,48],[-3,23],[0,11],[-1,22],[4,55],[0,20],[5,8],[7,17],[19,41],[10,21],[7,15],[13,34],[7,30],[1,23],[1,6],[0,121],[1,40],[2,41],[0,45],[1,17],[0,143],[-1,25],[0,8],[-59,-1],[-177,-2],[-59,-1],[-92,0],[-11,-1],[-26,0],[-151,-1],[-413,-5],[-39,0],[-116,-2],[-35,0],[-1,68],[-1,32],[-1,66],[-4,233],[-1,11],[-2,89],[0,76],[-1,9],[-1,10],[0,79],[-2,77],[-3,161],[0,27],[-2,53],[0,85],[-1,4],[0,8],[-1,136],[-1,77],[0,11],[-1,19],[-1,85],[0,34]],[[66778,24450],[-8,3],[-1,1],[-10,3],[-11,4],[-2,1],[-7,2],[-1,1],[-39,13],[-51,19],[-67,26],[-88,37],[-42,18],[-58,27],[-48,22],[-104,52],[-207,103],[-41,19],[-72,32],[-38,15],[-52,20],[-91,36],[-328,129],[-48,19],[-82,32],[-200,78],[-331,130],[-37,14],[-70,26],[-92,30],[-22,6],[0,1],[-51,15],[-14,3],[-45,13],[-148,40],[-64,17],[-1,1],[0,-1],[-4,-1],[-16,-6],[-6,-1]],[[57141,29356],[7,1],[22,0],[7,1],[103,5],[346,15],[103,5],[214,10],[322,14],[339,16],[295,11],[194,8],[292,13],[117,5],[434,19],[-2,22],[-4,46],[-3,33],[-1,3],[-12,119],[-1,12],[-1,14],[-2,12],[-1,9],[-7,52],[-1,13],[-2,2],[1,1],[1,6],[1,4],[9,8],[25,9],[18,5],[221,67],[74,22],[128,38],[381,115],[81,24],[48,13],[139,39],[75,21],[29,7],[132,32],[199,44],[43,12],[16,5],[38,14],[284,104],[9,6],[2,3],[0,5],[1,4],[-1,3],[-1,2],[-4,4],[-122,78],[-5,5],[-3,2],[-12,12],[-3,7],[0,8],[5,7],[16,7],[64,25],[233,87],[30,9],[47,10],[313,49],[259,37],[317,43],[40,6],[15,0],[16,-2],[7,-2],[9,-4],[5,-3],[7,-6],[1,-1],[0,-1],[16,-19],[16,-20],[64,-82],[9,-10],[1,-1],[3,-2],[4,-2],[14,-5],[13,-2],[59,-2],[40,0],[38,2],[277,21],[88,9],[15,1],[0,-1],[1,-1],[3,-5],[0,-1],[2,-3],[2,-2],[4,-8],[8,-12],[0,-1],[12,5],[167,61],[361,134],[64,18],[132,11],[61,5],[68,44],[0,1],[512,220],[1,0],[1,1],[1405,628],[468,209],[720,322],[1980,887],[284,127],[3231,1445],[3044,1340],[2458,1080],[260,113],[995,434],[1043,458],[973,423],[1,0]],[[82005,38626],[42,-44],[66,-69],[326,-338],[44,-46],[65,-67],[4,-4],[2,-1],[18,-16],[3,-2],[3,-3],[1209,-1221],[3627,-3665],[575,-580],[515,-521],[118,-120],[52,-52],[152,-156],[70,-70],[541,-554],[276,-282],[35,-36],[140,-143],[96,-98],[1,-1],[7,-5],[8,-7],[34,-22],[5,-4],[10,-7],[16,-11]],[[90065,30481],[-486,-271],[-1169,-653],[-289,-162],[-487,-271],[-369,-205],[-1105,-615],[-368,-205],[-261,-1],[-781,-4],[-261,-1],[-388,-2],[-1165,-5],[-389,-2]],[[82547,28084],[-2551,-10],[-5198,-23],[-2458,-1],[-1420,-1],[-570,0],[-444,-4],[1,-1],[1,0],[47,-22],[66,-29],[44,-21],[79,-33],[75,-32],[63,-24],[25,-9],[81,-28],[37,-15],[36,-11],[33,-12],[38,-14],[43,-16],[25,-11],[46,-20],[55,-20],[34,-11],[19,-7],[16,-7],[14,-5],[21,-8],[18,-6],[40,-18],[15,-9],[32,-15],[22,-9],[25,-8],[17,-7],[12,-8],[9,-8],[20,-11],[20,-9],[27,-14],[20,-9],[8,-3],[15,-6],[26,-10],[23,-8],[14,-4],[10,0],[7,-2],[1,-3],[1,-4],[4,-10],[1,0],[17,-13],[14,-8],[13,-10],[2,-1],[4,-4],[10,-7],[16,-7],[15,-2],[10,0],[11,2],[0,-5],[-3,-3],[0,-7],[5,-5],[28,-20],[21,-13],[2,-3],[0,-1],[1,0],[31,-17],[13,-2],[21,0],[6,-5],[17,-13],[7,-6],[8,-5],[6,-4],[3,-5],[5,-7],[1,0],[23,-11],[36,-16],[11,-4],[11,3],[4,-5],[2,-2],[0,-1],[6,-3],[10,-6],[40,-23],[16,-8],[52,-24],[13,-9],[4,-3],[11,-5],[14,-7],[9,-6],[12,-6],[16,-5],[12,-5],[22,-7],[12,-5],[10,-7],[7,-3],[18,-9],[31,-12],[17,-7],[9,-6],[22,-7],[22,-11],[14,-5],[9,-5],[14,-6],[15,-7],[10,-6],[27,-11],[28,-14],[7,-4],[10,-3],[12,-4],[7,-6],[21,-8],[16,-8],[10,-7],[13,-5],[21,-12],[15,-11],[77,-42],[14,-8],[41,-22],[10,-5],[4,-1],[28,-14],[28,-13],[35,-15],[34,-16],[1,0],[3,-2],[12,-7],[39,-19],[24,-14],[18,-9],[23,-11],[25,-9],[1,0],[0,-1],[4,-7],[11,-4],[34,-15],[4,-5],[7,-6],[14,-6],[22,-12],[18,-13],[3,-2],[19,-15],[3,-3],[10,-8],[12,-8],[5,-6],[20,-12],[10,-7],[46,-27],[31,-19],[26,-18],[19,-15],[27,-17],[17,-13],[9,-7],[14,-7],[33,-18],[75,-45],[40,-22],[40,-31],[27,-17],[23,-16],[11,-9],[24,-18],[18,-13],[16,-5],[11,-6],[34,-23],[27,-17],[45,-23],[39,-21],[49,-23],[15,-6],[0,-1],[11,-6],[13,-8],[55,-36],[35,-21],[50,-27],[30,-17],[27,-15],[15,-7],[43,-21],[63,-28],[11,-2],[3,-3],[0,-1],[-6,-8],[0,-1],[3,-4],[31,-30],[27,-15],[2,-6],[1,0],[14,-7],[1,-2],[4,-5],[4,-4],[15,-10],[7,-5],[6,-4],[2,-3],[1,0],[13,-13],[1,0],[15,-9],[25,-16],[28,-20],[21,-13],[45,-31],[33,-24],[33,-21],[35,-24],[8,-7],[9,-8],[1,0],[18,-8],[13,-7],[21,-13],[17,-10],[10,-7],[14,-6],[11,-6],[10,-9],[18,-8],[10,-8],[13,-9],[16,-6],[13,-8],[21,-14],[-176,-31],[-1,0],[-117,-28],[-2,-1],[-137,-36],[1,-1],[40,-21],[23,-4],[-5,0],[-107,-14],[-45,-7],[-14,-4],[-23,-9],[-111,-45],[-34,-16],[-7,-5],[-7,-8],[-1,-2],[-2,-5],[-31,-7],[-39,-10],[-6,-1],[-38,-5],[-26,-5],[-17,-2],[-66,-5],[-39,-5],[-38,-6],[-26,-6],[-59,-20],[-16,-4],[-22,-3],[-49,-8],[-28,-6],[-2,-2],[-6,1],[-15,3],[-15,1],[-150,2],[-154,-2],[-68,2],[-33,1],[-28,1],[-39,-1],[-34,-1],[-44,1],[-38,2],[-23,2],[-46,9],[-15,2],[-19,0],[-5,-2],[0,-2],[-1,-1],[-1,2],[-1,3],[0,8],[-31,11],[-50,25],[-26,14],[-26,17],[-20,13],[0,1],[-13,13],[-8,10],[-6,11],[-5,20],[0,3],[-1,11],[-2,21],[1,8],[4,7],[21,29],[23,28],[9,19],[2,10],[1,2],[2,9],[0,7],[-1,3],[0,3],[-1,12],[-4,9],[-7,11],[-1,3],[-1,0],[-19,18],[-12,6],[-17,7],[-25,8],[-27,6],[-20,2],[-19,1],[-12,0],[-18,-1],[-26,-3],[-45,-8],[-56,-11],[-75,-16],[-13,-4],[-7,-5],[-9,0],[-5,7],[-1,2],[-5,2],[-9,2],[-13,1],[-73,0],[-47,2],[-59,5],[-48,6],[-38,7],[-37,10],[-10,1],[-8,0],[-7,-2],[-4,-4],[-8,-20],[-7,-5],[-10,-4],[-14,-2],[-12,-1],[-10,2],[-12,3],[-11,3],[-10,1],[-6,-1],[-7,-2],[-28,-9],[-26,-8],[-62,-11],[-20,-7],[-5,-3],[-5,-7],[-1,-5],[1,-1],[6,-4],[11,-3],[13,0],[31,6],[8,0],[10,-1],[23,-8],[23,-4],[43,19],[14,2],[16,2],[14,-2],[14,-3],[10,-5],[9,-6],[0,-1],[4,-4],[0,-6],[-6,-6],[-13,-4],[-21,0],[-10,-1],[-5,-2],[1,-3],[10,-16],[-5,-5],[-7,-4],[-10,-2],[-14,-2],[-34,2],[-3,-1],[-2,-3],[1,-3],[0,-1],[6,-7],[3,-3],[0,-1],[1,-3],[0,-1],[-13,-19],[0,-6],[1,0],[4,-3],[14,-7],[14,-4],[11,-2],[6,-1],[5,2],[2,2],[2,10],[5,5],[8,4],[7,3],[10,1],[15,1],[14,-2],[11,-2],[7,-2],[37,-24],[3,-2],[-3,-6],[-1,-1],[-3,-1],[-8,-1],[-32,-1],[-6,-1],[-3,-3],[0,-5],[3,-7],[3,-6],[1,-1],[0,-3],[2,-6],[-1,-3],[-2,-4],[-6,-2],[-7,-2],[-4,0],[6,7],[0,4],[-1,2],[-6,17],[-4,9],[1,2],[10,7],[3,2],[7,0],[30,1],[2,1],[0,2],[1,0],[-3,3],[-28,19],[-13,2],[-18,1],[-7,0],[-6,-1],[-8,-5],[-6,-7],[-3,-11],[-4,-3],[-5,-4],[-9,1],[-21,5],[-23,8],[-19,8],[-6,1],[-22,-4],[-54,-17],[-14,-7],[0,-3],[1,0],[2,-1],[2,-2],[8,-1],[39,-3],[11,-2],[2,-1],[7,-5],[0,-1],[-14,-51],[-3,-11],[-6,-10],[-8,-10],[-9,-8],[-9,0],[-14,6],[-1,1],[9,0],[6,1],[6,3],[5,9],[1,1],[1,2],[6,16],[13,48],[-1,4],[-47,5],[-10,1],[-6,2],[-4,2],[-2,6],[-1,0],[1,1],[1,3],[7,7],[5,2],[73,20],[14,5],[14,9],[6,5],[0,1],[3,3],[0,10],[-10,12],[0,1],[-1,1],[2,2],[13,5],[41,-1],[12,1],[5,3],[0,4],[-6,8],[-6,7],[0,1],[-2,3],[1,3],[4,3],[7,1],[40,2],[5,2],[1,2],[1,0],[0,3],[-5,4],[-11,6],[-12,4],[-8,0],[-16,-1],[-10,-2],[-10,-5],[-29,-14],[-8,-2],[-5,1],[-37,11],[-12,3],[-14,0],[-37,-5],[-7,0],[-7,1],[-6,3],[-7,4],[-6,7],[1,8],[9,9],[8,3],[21,7],[24,7],[43,8],[14,3],[42,14],[12,2],[11,2],[5,-2],[21,-7],[7,-1],[7,1],[11,1],[7,3],[8,5],[3,7],[1,8],[1,1],[-2,2],[-2,4],[-5,6],[-9,9],[-30,25],[-16,16],[-4,6],[-17,22],[-7,5],[-1,1],[-17,10],[-30,8],[-9,2],[-77,5],[-38,1],[-30,-1],[-27,-2],[-37,-6],[-14,-5],[-7,-6],[-4,-7],[-1,-12],[0,-1],[2,-7],[2,-6],[4,-8],[3,-3],[40,-37],[9,-11],[26,-29],[2,-6],[2,-7],[2,-4],[1,-8],[2,-10],[-2,-2],[-7,-15],[-10,-13],[-12,-12],[-47,-37],[-19,-11],[-30,-14],[-36,-15],[-23,-7],[-45,-7],[-28,-3],[-15,-1],[-51,1],[-81,6],[-67,7],[-179,13],[-9,-1],[-1,-2],[-5,1],[-40,10],[-27,5],[-23,2],[-25,1],[-32,-2],[-26,-2],[-63,-11],[-67,-6],[-7,-2],[-2,-3],[-8,4],[-3,2],[0,1],[-21,7],[-72,15],[-55,17],[-24,6],[-22,4],[-84,12],[-9,3],[-1,0],[-7,7],[0,4],[2,1],[8,2],[4,0],[0,-1],[2,-4],[2,-2],[8,-3],[10,-3],[18,-2],[22,-3],[48,-7],[1,1],[-7,18],[-7,16],[-1,10],[1,11],[6,12],[8,11],[13,10],[8,5],[20,8],[120,33],[23,8],[9,4],[9,8],[14,13],[11,13],[4,8],[-1,5],[0,3],[-2,3],[-6,2],[-10,4],[-22,4],[-51,7],[-31,4],[-48,4],[-69,0],[-90,-5],[-53,0],[-45,1],[-24,1],[-43,3],[-37,5],[-19,3],[-105,24],[-24,5],[-20,3],[-17,1],[-24,0],[-46,-2],[-15,-2],[-19,-3],[-11,-4],[-11,-5],[-11,-11],[-3,-7],[1,-6],[1,-3],[0,-2],[3,-5],[20,-20],[34,-27],[31,-22],[1,0],[3,-2],[8,-7],[6,-9],[2,-9],[1,0],[0,-3],[2,-8],[-2,-9],[-3,-7],[0,-2],[-2,-2],[-10,-8],[-9,-6],[-37,-16],[-17,-5],[-23,-3],[-9,-1],[-5,0],[-4,-1],[-62,-4],[-22,-2],[-20,-4],[-49,-14],[-118,-40],[-20,-4],[-20,-3],[-22,-1],[-20,0],[-24,1],[-19,1],[-9,2],[-42,11],[-80,32],[-9,2],[-11,2],[-13,-2],[-7,-1],[-6,-3],[-79,-54],[-13,-12],[-9,-17],[-3,-1],[-13,1],[-8,0],[-99,-21],[-8,-2],[-6,-7],[-4,-9],[-41,-103],[-57,-133],[-3,-6],[-10,0],[0,6],[94,242],[1,6],[-1,0],[-1,2],[-6,3],[-18,1],[-16,-1],[-14,-2],[-47,-9],[-85,-20],[-23,-5],[-14,-1],[-9,-1],[-33,3],[-39,9],[-13,5],[-12,6],[-12,7],[-1,1],[-15,11],[-22,17],[-6,4],[-4,3],[-13,6],[-17,7],[-22,7],[-16,4],[-35,6],[-4,0],[-4,1],[-48,8],[-21,1],[-23,0],[-17,-2],[-9,-2],[-9,-3],[-20,-13],[-24,-27],[-15,-21],[-17,-31],[-23,-33],[-19,-23],[-18,-20],[-20,-18],[-11,-9],[-17,-12],[-46,-28],[-21,-16],[-16,-17],[-7,-12],[-3,-11],[0,-3],[1,-10],[1,-8],[14,-25],[9,-14],[5,-7],[4,-5],[2,-1],[9,-7],[7,-3],[26,-6],[35,-5],[17,-1],[15,0],[11,1],[28,9],[11,-1],[13,-5],[8,-3],[8,-1],[37,-1],[34,-3],[30,-2],[17,-3],[14,-4],[16,-6],[39,-19],[18,-15],[1,0],[7,-11],[-9,1],[-5,3],[-20,13],[-21,13],[-17,8],[-14,4],[-22,5],[-18,3],[-26,2],[-45,1],[-35,1],[-6,-1],[-6,-2],[-4,-4],[-18,-19],[-4,-2],[-8,1],[-13,2],[-1,2],[7,12],[1,2],[1,5],[-1,1],[0,3],[-2,1],[-14,1],[-14,0],[-24,2],[-55,7],[-20,0],[-7,-5],[-2,-5],[1,-2],[14,-13],[1,-1],[4,-5],[2,-4],[-4,-7],[-8,-9],[-60,-41],[-41,-26],[-33,-25],[-14,-17],[-12,-20],[-8,-20],[-10,-13],[-25,-18],[0,-1],[-1,0],[-31,-20],[-7,-4],[-7,-2],[-31,-3],[-32,-4],[-4,0],[-11,2],[-9,1],[-57,1],[-31,3],[-110,28],[-12,4],[-20,9],[-17,9],[-9,5],[-2,1],[-9,8],[-6,5],[-10,9],[-9,7],[-15,7],[-11,3],[-37,6],[-20,3],[-16,1],[-18,0],[-43,-1],[-35,-4],[-18,-4],[-14,-6],[-49,-28],[-24,-16],[-17,-17],[0,-1],[-5,-8],[-10,-27],[-5,-6],[-11,-11],[-31,-21],[-4,-6],[-2,-7],[-1,-9],[0,-5],[-7,-27],[-2,-7],[-4,-9],[-2,-8],[-4,-15],[-2,-19],[4,-6],[4,-4],[8,-2],[17,-2],[13,-1],[38,0],[38,-1],[34,-1],[57,-7],[24,-1],[21,0],[21,-2],[14,-2],[10,-2],[8,-2],[7,-4],[9,-9],[6,-8],[7,-12],[2,-4],[5,-13],[3,-10],[7,-15],[3,-8],[2,-1],[4,0],[5,2],[55,43],[6,1],[7,0],[35,-4],[1,0],[0,-1],[4,-7],[0,-1],[2,-2],[5,-1],[19,-1],[8,2],[4,2],[3,0],[14,1],[9,-4],[6,-5],[16,-17],[20,-11],[25,-3],[12,-4],[7,-8],[16,-3],[7,-2],[17,-10],[-14,1],[-23,5],[-10,3],[-18,10],[-32,7],[-9,3],[-12,6],[-1,0],[-5,7],[-7,10],[-7,5],[-4,0],[-16,-4],[-9,0],[-9,1],[-19,3],[-19,10],[-7,2],[-19,0],[-3,-2],[-22,-21],[-33,-26],[-5,-6],[-2,-8],[0,-26],[-1,-6],[-1,-1],[-14,-17],[-6,-21],[-2,-4],[-5,-3],[-18,-8],[-47,-12],[-35,-5],[-19,-5],[-2,-1],[-20,-2],[-31,-7],[-10,-3],[-9,-3],[-11,-9],[-4,-3],[-2,-1],[-6,-4],[-7,-4],[-1,-1],[-8,-2],[-9,-2],[-43,-4],[-11,-2],[-22,-6]],[[57141,29356],[1,0],[21,-15],[33,-23],[28,-22],[4,-3],[20,-17],[5,-4],[2,-2],[14,-13],[25,-22],[35,-34],[21,-21],[27,-28],[123,-123],[45,-43],[62,-67],[28,-33],[0,-1],[18,-26],[15,-22],[15,-23],[21,-34],[29,-44],[1,-1],[1,-3],[62,-93],[63,-90],[4,-4],[20,-21],[111,-114],[159,-163],[27,-27],[145,-144],[64,-64],[134,-136],[38,-38],[1,0],[76,-77],[247,-247],[56,-58],[193,-192],[55,-52],[7,-6],[11,-9],[23,-19],[124,-91],[136,-97],[36,-26],[14,-10],[41,-30],[14,-9],[24,-19],[24,-16],[2,-2],[18,-12],[6,-5],[1,-1],[9,-6],[26,-19],[55,-39],[28,-20],[48,-35],[15,-10],[5,-3],[13,-8],[24,-16],[4,-3],[4,-2],[14,-10],[3,-1],[17,-11],[1,-1],[15,-9],[30,-17],[7,-4],[4,-2],[13,-7],[67,-34],[109,-47],[28,-13],[13,-5],[25,-9],[35,-13],[20,-8],[54,-17],[34,-12],[110,-33],[102,-27],[16,-4],[38,-10],[44,-12],[69,-19],[46,-13],[53,-15],[67,-18],[79,-21],[143,-38],[71,-19],[260,-71],[13,-4],[559,-152],[122,-33],[184,-50],[158,-43],[24,-6],[72,-20],[23,-6],[31,-8],[108,-30],[416,-112],[93,-26],[45,-12],[9,-2],[29,-7],[37,-11],[138,-37],[88,-25],[76,-20],[69,-19],[23,-7],[228,-61],[54,-14],[82,-22],[11,-3]],[[64181,25449],[-1,-1],[-48,-16],[-150,-51],[-49,-16],[-47,-16],[-143,-48],[-48,-16],[-7,-3],[-21,-7],[-7,-2]],[[63660,25273],[-28,2],[-197,17],[-304,24],[-52,4],[-172,13],[-21,1],[-76,4],[-63,2],[-39,1],[-57,-1],[-330,-7],[-34,0],[-131,-1],[-156,-2],[-235,4],[-60,0],[-23,-1],[-30,0],[-17,2],[12,-4],[5,-3],[7,-2],[9,-6],[8,-7],[1,-1],[14,-12],[12,-9],[-1,0],[0,-1],[-69,-14],[-16,-3],[-167,-33],[-91,-19],[-86,-17],[-1,0],[-63,-13],[-111,-23],[-43,-10],[-5,0],[-20,-2],[-18,-2],[-32,0],[-169,10],[-27,1],[-27,0],[-25,-1],[-185,-11],[-184,-11],[-12,-1],[-35,-2],[-12,-1],[-2,0],[-216,-12],[-55,-4],[-362,-23],[-362,-22],[-94,-5],[-273,-14],[-1,0],[1,-2],[6,-29],[10,-44],[4,-23],[40,-180],[6,-24],[6,-28],[0,-2],[4,-20],[1,-4],[1,-1],[2,-13],[0,-19],[-2,-12],[-2,-5],[-1,-4],[-1,-1],[-5,-12],[-2,-6],[-2,-3],[-6,-11],[-12,-15],[-16,-18],[-37,-31],[-89,-74],[-22,-1],[-109,-4],[-204,-6],[-24,-2],[-2,2],[-6,5],[-4,8],[-1,1],[-8,16],[-5,-26],[-2,-7],[-1,-6],[0,-1],[-1,-4],[-30,-161],[-2,-9],[-4,-24],[0,-5],[2,-3],[-32,-2],[-28,-1],[-48,-2],[-18,0],[-31,-1],[-9,-1],[-28,-1],[-21,0],[-31,-2],[-11,0],[-43,-2],[-119,-4],[-16,0],[-41,-2],[-27,-1],[-9,0],[-110,-4],[-36,-1],[-7,0],[-20,-1],[-7,0],[-29,-1],[-92,-2],[-30,-1],[-93,-2],[-72,-2],[-89,-2],[-121,-3],[-54,-1],[-500,-13],[-120,-4],[-451,-11],[-158,-5],[-43,0],[-47,-2],[-52,-2],[-51,-3],[-23,-2]],[[55705,24169],[-9,43],[0,4],[-2,10],[-1,8],[-2,24],[0,22],[2,53],[7,144],[0,3],[1,31],[8,168],[0,29],[-2,10],[0,4],[-1,0],[-2,6],[-7,17],[-23,41],[-11,18],[-10,16],[-1,1],[-1,3],[-3,5],[-17,30],[-24,39],[-35,58],[-11,18],[0,1],[-19,32],[-17,32],[-7,18],[-7,20],[-3,15],[-3,22],[-1,8],[0,17],[2,21],[1,5],[16,112],[20,156],[2,33],[0,31],[-1,15],[-1,17],[-1,12],[-7,36],[-20,81],[-10,35],[-13,47],[-2,5],[0,1],[-2,6],[0,1],[-7,15],[-19,42],[-7,11],[-8,12],[-27,36],[-48,58],[-6,7],[-17,21],[-5,6],[-1,1],[-29,36],[-43,52],[-47,57],[-26,31],[-4,5],[-25,31],[-26,33],[-3,4],[-10,16],[-1,4],[-3,6],[-1,1],[-3,7],[-3,11],[-1,20],[1,12],[4,15],[9,35],[22,77],[22,68],[0,1],[34,114],[11,41],[86,297],[2,5],[30,99],[7,14],[1,0],[-36,15],[-12,6],[-17,8],[-24,14],[-29,18],[-10,7],[-21,17],[-17,14],[-2,1],[-9,8],[-4,5],[-3,3],[-7,8],[-3,4],[-1,1],[-6,7],[-4,7],[-2,1],[-10,20],[-5,11],[-4,13],[-3,17],[-2,21],[-12,146],[-5,69],[0,7],[-3,35],[-1,5],[-2,15],[-3,9],[-4,8],[0,2],[-1,2],[-4,6],[-2,2],[0,1],[-1,1],[-3,4],[-2,2],[-9,10],[-9,9],[-11,10],[-27,19],[-17,10],[-27,13],[-42,19],[-370,167],[-28,12],[-109,49],[-1,0]],[[47395,19092],[-5,7],[-3,4],[-3,5],[-24,25],[-210,201],[-180,173],[-228,217],[-7,6],[-33,30],[-14,10],[-85,61],[-148,106],[-54,39],[-4,2],[-117,86],[-39,28],[-54,39],[-44,31],[-130,94],[-45,32],[-21,15],[-13,10],[-13,9],[-34,24],[-6,4],[-18,14],[-8,5],[-23,18],[-8,5],[-13,9],[-36,27],[-13,9],[-13,10],[-40,29],[-5,4],[-9,6],[-39,27],[-13,10],[-1,0],[-38,27],[-14,10],[-2,2],[-4,3],[-112,82],[-147,107],[-1,0]],[[45324,20754],[4,1],[24,5],[14,2],[297,65],[32,8],[97,21],[33,7],[54,11],[40,9],[49,11],[72,16],[53,12],[1,0],[22,5],[3,1],[75,16],[26,6],[37,7],[7,3],[45,9],[29,6],[28,8],[15,4],[20,6],[13,5],[29,13],[25,13],[20,13],[26,26],[30,39],[15,22],[42,62],[41,61],[8,12],[33,50],[31,44],[14,18],[14,13],[15,11],[14,10],[16,9],[21,10],[23,9],[25,8],[42,12],[4,1],[62,13],[160,34],[1,0],[76,16],[176,37],[50,11],[75,18],[4,0],[11,3],[3,1],[21,4],[12,3],[99,20],[17,3],[38,4],[20,1],[19,-1],[36,-2],[53,-4],[8,-1],[89,-5],[235,-16],[111,-7],[42,-3],[104,-8],[76,127],[52,92],[24,46],[11,13],[9,11],[37,30],[68,55],[211,146],[78,52],[25,14],[20,8],[40,13],[177,45],[133,34],[31,8],[49,14],[30,11],[55,21],[157,57],[17,7],[3,1],[69,24],[206,72],[39,14],[31,10],[47,16],[57,17],[194,57],[17,4],[111,30],[18,5],[15,5],[16,5],[43,12],[12,3],[2,1],[32,8],[7,2],[31,8],[15,6],[23,10],[7,4],[82,51],[19,11],[18,11],[106,59],[44,25],[105,65],[56,29],[40,18],[87,26],[35,12],[72,20],[22,7],[31,8],[41,8],[45,6],[23,2],[16,1],[35,0],[23,-1],[5,-1],[20,-2],[17,-4],[52,-19],[8,-2],[56,-22],[94,-36],[84,-32],[120,-44],[20,-8],[100,-38],[118,-43],[74,-20],[4,-1],[25,-5],[74,-13],[33,-6],[38,-8],[36,-8],[29,-8],[35,-10],[55,-15],[15,-3],[38,-4],[16,-1],[16,0],[88,4],[113,4],[251,10],[85,3],[112,5],[4,0],[20,2],[19,3],[19,4],[11,3],[22,7],[47,13],[129,40],[71,22],[20,5],[55,16],[29,5],[8,2],[7,1],[20,2],[6,1],[2,0],[116,11],[120,12],[114,12],[177,19],[172,18],[250,27],[13,1],[88,10],[50,4],[23,2],[36,0],[12,-1],[9,-1],[7,-2]],[[55126,22962],[-1,0],[-12,-6],[-13,-9],[-10,-9],[-32,-46],[-3,-3],[-45,-75],[-96,-153],[-47,-77],[-1,-1],[-86,-139],[-20,-34],[-36,-56],[-33,-52],[-8,-12],[-2,-4],[-94,-135],[-82,-123],[-57,-84],[-35,-51],[-2,-3],[-16,-22],[-24,-34],[-12,-13],[-13,-12],[-4,-4],[-1,0],[-1,-1],[-9,-7],[-15,-10],[-12,-7],[-72,-40],[-235,-129],[-15,-9],[-65,-40],[-14,-10],[-19,-15],[-23,-21],[-36,-40],[-101,-109],[-113,-126],[-71,-78],[-171,-189],[-53,-61],[-53,-59],[-2,-4],[-5,-9],[-7,-14],[-3,-9],[-2,-14],[0,-13],[11,-143],[4,-51],[0,-4],[1,-12],[0,-7],[1,-2],[1,-11],[0,-8],[1,-2],[0,-2],[1,-21],[3,-35],[3,-29],[0,-6],[2,-23],[1,-18],[2,-7],[3,-40],[1,-15],[0,-3],[1,-18],[0,-39],[2,-39],[0,-2],[-2,-14]],[[53280,20240],[-3,-18],[0,-1],[-5,-20],[-2,-4],[-7,-20],[-3,-8],[-1,-3],[-4,-11],[0,-1],[-3,-3],[-3,-7],[-7,-14],[-16,-30],[-19,-31],[-10,-16],[-2,-4],[-3,-4],[-7,-11],[-27,-43],[-9,-15],[-13,-22],[0,-1],[-42,-69],[-2,-4],[-12,-18],[0,-1],[-19,-32],[-1,-1],[0,-2],[-11,-22],[0,-2],[-6,-14],[-7,-25],[-2,-16],[0,-3],[-8,-61],[0,-5],[-5,-40],[0,-12],[-1,-7],[-1,-4],[0,-1],[-1,-4],[-1,-17],[-1,-5],[0,-7],[-2,-21],[-1,-6]],[[49437,31812],[-28,11],[-1,0],[-5,1],[-61,22],[-23,9],[-28,11],[3,2],[18,9],[-4,2],[-1,1],[-25,9],[-26,10],[-45,16],[-24,9],[-82,40],[-110,54],[-113,81],[-37,26],[-13,17],[-7,9],[-63,80],[-14,25],[-7,12],[-9,15],[-9,31],[-3,12],[-10,72],[5,87],[15,128],[0,15],[-1,18],[-2,103],[-1,6],[-2,9],[0,6],[-40,14],[-11,4],[-3,1],[-85,30],[-15,5],[-12,-6],[-10,-4],[-12,-6],[-12,-8],[-16,-9],[-40,-20],[-15,-7],[-1,0],[-14,-8],[-34,-18],[-11,-5],[-14,-8],[-15,-8],[-46,-24],[-16,-8],[-178,-94],[-24,-12],[-194,-104],[-19,-9],[-82,-42],[-59,21],[-7,3],[-168,61],[-58,21],[-30,11],[-62,22],[-14,5],[-9,3],[-9,4],[-20,7],[-33,12],[-79,29],[-21,9],[-33,14],[-15,7],[-44,21],[-14,7],[-24,15],[-11,6],[-15,11],[-110,76],[-9,6],[-51,36],[-56,39],[-42,29],[-16,11],[-24,17],[-1,1]],[[46771,32928],[-1,1],[-15,10],[-47,34],[-16,11],[-105,75],[-33,27],[-21,23],[-5,5],[-26,28],[0,1],[-17,28],[-2,3],[-45,94],[-1,1],[-1,2],[0,1],[-14,27],[-21,44],[-11,18],[-11,21],[-4,6],[-35,46],[-27,30],[-19,17],[-22,17],[-45,31],[-26,14],[-19,12],[-45,22]],[[46137,33577],[97,40],[25,10],[3,1],[4,0],[20,4],[6,0],[8,1],[48,0],[25,-2],[77,-9],[22,-2],[19,-2],[17,-1],[30,0],[62,1],[109,7],[36,1]],[[46745,33626],[28,0]],[[46773,33626],[37,-4],[6,-1],[53,-8],[31,-3],[14,-1],[15,-2],[39,-8]],[[46968,33599],[40,-10]],[[47008,33589],[3,-2],[-3,-12],[-16,-28]],[[46992,33547],[0,-9]],[[46992,33538],[3,-6],[3,-4],[1,-3],[3,-3],[6,-2],[14,-5],[12,-3],[9,-1],[15,1],[72,9],[20,4],[33,6]],[[47183,33531],[55,11]],[[47238,33542],[14,3],[26,10],[3,1],[15,6],[11,6],[0,1],[9,7],[4,7],[4,11],[0,10]],[[47324,33604],[0,2]],[[47324,33606],[-8,52],[-6,18],[-5,7],[-6,4],[-7,5],[-34,15],[-18,10],[-9,9],[-4,8],[-2,3]],[[47225,33737],[0,12],[3,6]],[[47228,33755],[2,3],[3,4],[4,5],[9,5],[12,3],[12,1],[21,0],[51,-8],[8,-1],[3,-3],[1,0],[1,-6],[0,-6],[2,-2],[1,-2],[2,-1],[1,-1],[7,-1],[4,-1],[2,0],[10,1],[1,1],[6,2],[4,4],[4,0],[68,-8],[16,-5],[10,-2],[64,-4],[42,-1],[14,-2],[15,-2],[9,0]],[[47637,33728],[11,0]],[[47648,33728],[3,-1],[16,-4],[44,-21],[29,-13],[17,-7],[12,-7],[3,-3],[7,-19],[0,-2],[-33,-24],[-4,-6],[-1,-1],[0,-5],[-2,-13],[-4,-11],[-1,-4],[1,-2],[15,-6],[24,-5],[2,-1],[1,0],[11,-1],[36,-1],[8,0],[61,-1],[12,0],[10,1],[37,6],[20,3],[14,3],[3,1],[34,10],[24,8],[14,5]],[[48061,33607],[6,2]],[[48067,33609],[13,3],[14,6],[3,1],[61,33],[1,0],[13,11],[10,11],[3,9],[1,2],[0,1]],[[48186,33686],[0,11]],[[48186,33697],[-3,5],[-30,39],[-12,17],[-13,18],[-10,14],[-1,2],[-4,1]],[[48113,33793],[-7,5]],[[48106,33798],[-1,0],[-5,6],[-9,9],[-18,19],[0,1],[-11,9],[-3,3],[-3,2],[-13,9],[-41,25],[-49,37],[-9,7],[-12,15],[-2,3],[-10,18],[-2,9],[2,12],[4,9],[0,3]],[[47924,33994],[51,67]],[[47975,34061],[11,6],[47,39],[4,4],[2,1],[27,20],[13,4],[24,6],[6,2],[4,1],[6,1],[168,15],[1,0],[23,3],[30,6],[8,3],[2,1],[11,6],[18,13],[26,19],[14,17],[3,3],[22,37],[1,15],[-2,2],[0,2],[-11,11],[-13,8],[-49,25],[-1,0],[-86,44],[-20,12],[-26,20],[-15,13],[-1,2],[-6,10],[0,3],[-1,5]],[[48215,34440],[0,5]],[[48215,34445],[1,4],[0,4],[3,6],[4,14],[0,1],[-1,4],[4,6],[27,25],[2,7],[8,15],[17,23],[4,6],[11,13],[5,6],[4,4],[8,7],[41,26],[16,8],[3,2],[19,12],[12,8],[10,7],[26,22],[17,17],[11,12],[20,22]],[[48487,34726],[19,18],[11,18],[16,22]],[[48533,34784],[2,6],[1,1],[6,10],[14,24],[12,22],[1,5],[11,26],[16,58],[0,1],[-3,6],[-5,3]],[[48588,34946],[-2,1]],[[48586,34947],[-2,1],[-17,-1],[-26,-4],[-42,-1],[-14,-2],[-12,-2],[-22,-6],[-33,-12],[-25,-10],[-15,-9]],[[48378,34901],[-12,-5]],[[48366,34896],[-17,-4],[-17,-3],[-10,-1]],[[48322,34888],[-28,2]],[[48294,34890],[-19,4],[-16,3],[-55,14],[-19,6],[-17,6]],[[48168,34923],[-30,17]],[[48138,34940],[-89,43],[-47,28],[-25,17]],[[47977,35028],[0,1]],[[47977,35029],[3,1],[1,0],[8,2],[47,9],[22,6],[35,7],[185,48],[23,7],[37,16],[1,0],[16,8],[16,12],[12,8],[14,12],[34,34],[56,43],[20,14],[6,5],[5,3],[2,4],[2,12],[0,3],[-1,7]],[[48521,35290],[-1,12]],[[48520,35302],[-2,12],[0,4],[-3,13],[-11,16],[-1,2],[-1,1],[0,3],[-1,0],[0,10],[-6,9],[-8,14]],[[48487,35386],[-14,24]],[[48473,35410],[-2,1],[-4,4]],[[48467,35415],[-2,2],[-6,9]],[[48459,35426],[-2,3],[-13,23],[-34,40],[-41,41],[-49,33],[-29,16],[-26,16],[-25,18],[-18,14]],[[48222,35630],[-2,2]],[[48220,35632],[-5,5],[-6,8],[-3,5],[-1,1],[-2,3],[-5,10],[-3,8],[1,9],[4,14],[5,22],[14,19],[14,17],[10,11],[2,2],[12,11],[14,11],[10,6],[26,18],[14,7],[29,17],[24,15],[8,3],[21,11],[137,59],[43,13],[41,13],[10,2],[42,11],[189,39],[38,8],[15,6],[24,10],[20,10],[51,27],[88,55],[26,18],[29,23],[3,3],[15,20],[0,2]],[[49174,36184],[5,10]],[[49179,36194],[8,35],[3,13]],[[49190,36242],[-1,1],[0,1]],[[49189,36244],[0,1],[-6,4],[-14,17],[-2,10],[-8,16],[-2,5],[-4,9],[4,18],[4,6],[8,7],[9,7],[13,8],[49,27],[9,4],[15,6],[33,11],[46,9],[21,3],[37,6],[31,3],[44,0],[7,-1],[6,0],[6,-1],[20,-6],[11,-4],[16,-7],[28,-15]],[[49570,36387],[4,-4]],[[49574,36383],[13,-16],[3,-3],[4,-6],[7,-11],[9,-14],[7,-6],[4,-3],[23,-40],[4,-3],[1,-1],[24,-9],[9,-1],[2,-1],[4,0],[12,-2],[87,6],[89,5],[16,4],[15,2],[43,5],[15,3],[3,0],[33,7],[6,1],[4,0],[16,1],[41,4],[32,3],[56,5],[46,3],[5,1],[50,2],[21,0],[36,3],[67,7],[1,0],[15,2],[63,10],[2,0],[28,7],[6,2],[10,6],[15,14],[17,17]],[[50538,36387],[11,16]],[[50549,36403],[5,9],[0,1],[1,2],[12,27],[25,58],[13,22],[4,11]],[[50609,36533],[21,29],[0,4]],[[50630,36566],[2,6],[10,18],[10,33],[1,4],[2,9],[3,20],[-2,36],[-7,28],[1,12],[3,11],[5,8],[4,5],[10,10],[9,6],[9,5]],[[50690,36777],[11,3]],[[50701,36780],[18,3],[1,0],[19,3],[49,2],[10,-1],[130,-30],[35,-8],[57,-13],[23,-6],[3,-1],[11,-4],[33,-7],[11,-3],[18,-4],[11,-2],[2,0],[38,-11],[23,-4],[17,-3],[33,-3],[8,-1],[30,-2],[33,0],[17,2],[42,4],[26,5],[28,6],[12,1],[18,2],[6,1],[41,10],[57,13],[59,12],[15,3],[55,5],[76,4],[20,1],[14,0],[8,-1],[47,-5],[43,-9],[8,-2],[13,-3],[22,-7],[74,-23],[14,-5],[1,0],[39,-7],[37,-5],[22,-2],[52,-12],[43,-11],[19,-5],[20,-7],[44,-17],[12,-7],[1,-1],[3,-2],[1,-2],[3,-4],[1,-3],[1,-6],[-1,-18],[-2,-8],[-4,-6],[-35,-40],[-5,-9],[-3,-6],[-5,-15],[0,-3],[-1,-11],[-2,-16],[4,-14],[0,-2],[4,-6],[3,-7]],[[52281,36447],[3,-3],[3,-5]],[[52287,36439],[14,-13],[16,-14],[12,-10],[17,-8],[20,-15],[18,-14],[17,-12],[10,-8],[4,-3],[6,-5],[0,-1]],[[52421,36336],[1,0]],[[52422,36336],[0,-2],[5,-7],[7,-15],[3,-6],[0,-2],[4,-8],[1,-4],[13,-40],[7,-6]],[[52462,36246],[5,-5]],[[52467,36241],[15,-11],[7,-3],[10,-6],[18,-5],[4,-1],[3,0],[8,-1],[1,0],[17,1],[23,2],[19,3],[20,2],[44,7],[30,6],[14,4],[9,2],[37,11],[8,2],[118,54],[47,23],[169,87]],[[53088,36418],[1,1]],[[53089,36419],[2,1],[63,39],[9,6],[13,9]],[[53176,36474],[19,9]],[[53195,36483],[15,3],[12,1],[10,1],[8,-1],[2,0],[43,-12],[9,-4],[2,-1],[10,-7],[10,-8],[32,-26],[19,-21],[9,-10],[18,-17],[21,-19],[8,-6],[7,-7],[11,-7],[9,-4],[40,-16],[14,-4],[30,-9],[20,-4],[23,-7],[32,-11],[22,-11],[21,-11],[23,-15],[14,-18],[1,-8],[0,-2],[3,-71]],[[53693,36151],[-4,-18]],[[53689,36133],[1,-4],[1,-10],[5,-19],[2,-3],[0,-1],[3,-6],[10,-10],[16,-12],[10,-5],[5,-3],[19,-12],[41,-26],[23,-11],[112,-52],[68,-31],[5,-4],[5,-3],[85,-58],[4,-1],[97,-80],[13,-10],[4,-1]],[[54218,35771],[8,-4]],[[54226,35767],[7,-3],[4,-3],[13,-4],[27,-6],[38,-7],[48,-1],[35,-1],[122,4],[20,3],[15,2],[23,6],[19,8],[16,9],[10,11],[5,8],[0,1]],[[54628,35794],[5,20]],[[54633,35814],[-4,15],[0,1],[-21,21],[-1,2],[0,2],[-1,2],[0,3],[1,3]],[[54607,35863],[0,1]],[[54607,35864],[19,31],[1,2],[5,5],[9,8],[71,49],[34,21],[7,6],[21,15],[17,17],[78,56],[13,7],[14,6],[1,0],[36,10],[12,4],[1,1],[21,8],[19,10],[5,4],[2,2],[14,16],[9,8],[18,14],[14,15],[6,10],[1,2],[7,15],[2,22],[14,40],[0,2],[3,4],[2,4],[6,5],[29,13],[14,7],[2,0],[3,2]],[[55137,36305],[9,3]],[[55146,36308],[10,3],[18,3]],[[55174,36314],[24,2]],[[55198,36316],[20,0],[24,1],[24,-3],[4,-1],[14,-3],[53,-16],[18,-7],[13,-5],[5,-3],[5,-4],[4,-2],[5,-4],[1,-3],[4,-6],[5,-8],[0,-1],[7,-18],[0,-2],[-3,-49]],[[55401,36182],[0,-16]],[[55401,36166],[2,-5],[1,-3],[1,-1],[12,-11],[5,-3],[39,-35],[3,-2],[8,-7],[9,-11],[1,-2],[2,-3],[11,-14],[6,-9],[18,-25],[1,-4]],[[55520,36031],[2,-4]],[[55522,36027],[3,-10],[1,-4],[1,-10],[-1,-12],[0,-11],[-2,-6],[-29,-42],[-12,-10],[-24,-17],[-45,-37],[-29,-21],[-17,-17],[-8,-10],[-11,-23],[-2,-21],[-1,-1],[1,-4],[1,-15]],[[55348,35756],[0,-8]],[[55348,35748],[4,-2],[122,-19]],[[55474,35727],[15,-1],[23,-1]],[[55512,35725],[32,-1],[23,-3],[109,-19],[21,-6],[83,-14],[2,-1],[15,-1],[44,-8],[21,-4],[15,-1],[38,-4],[25,-1],[10,0]],[[55950,35662],[89,2]],[[56039,35664],[78,6],[8,1],[31,5],[25,4],[6,1],[132,30],[91,26],[63,23],[30,12],[38,17],[5,3],[12,5],[8,5],[10,5],[26,17],[7,7],[7,8],[10,12],[2,7],[8,40],[15,34],[1,2],[6,10],[27,23],[8,5],[35,10],[6,1],[16,1],[10,0],[37,1],[40,0],[59,-5],[35,-4],[10,-1],[14,-3]],[[56955,35972],[42,-6]],[[56997,35966],[1,0],[13,-2],[25,-8],[28,-9],[13,-5],[20,-9],[68,-32],[24,-12],[18,-6],[60,-24],[2,0],[4,-2],[17,-3],[28,-5]],[[57318,35849],[35,-3]],[[57353,35846],[39,0],[18,2],[1,0],[81,11],[15,4],[42,10],[17,5],[11,4],[62,13],[59,15],[18,6],[2,1],[3,1],[15,6],[41,21],[39,33]],[[57816,35978],[6,3]],[[57822,35981],[15,10],[17,11],[26,12],[23,9],[40,15],[29,11],[4,2],[7,3],[17,8],[14,11],[13,15],[7,3],[0,1],[1,1],[21,41],[33,27],[10,9],[8,4],[9,6],[14,5],[36,13],[10,3],[10,2],[38,2],[71,-3],[18,-2],[37,-4],[41,-6],[140,-22],[15,-3],[69,-9],[16,-4],[23,-4],[16,-4],[16,-3],[8,-3],[11,-2],[19,-8],[8,-3],[12,-5],[10,-5],[19,-9],[73,-42],[38,-21],[1,0],[25,-12],[26,-9]],[[58936,36022],[20,-5]],[[58956,36017],[1,0],[11,-5],[58,-20],[14,-7],[7,-3],[20,-12]],[[59067,35970],[10,-8]],[[59077,35962],[4,-7],[16,-23],[1,-9],[2,-12],[-1,-10],[0,-1]],[[59099,35900],[0,-2]],[[59099,35898],[-3,-9],[-20,-36],[-4,-9],[-38,-38],[-33,-28],[-2,-1],[-1,-2],[-5,-5],[-9,-13],[-4,-9],[0,-7],[2,-4],[0,-2],[54,-45],[7,-5],[3,-3],[6,-2],[4,-3],[1,-1],[1,0],[5,-2],[9,-4],[6,-1],[48,-15],[7,-1],[14,-3],[30,-5],[10,-2],[31,-4],[1,0]],[[59219,35639],[1,-63],[1,0],[10,-2],[54,-12],[34,-12],[46,-10],[20,-1],[16,-3],[25,-4],[15,-5],[14,-6],[14,-5],[11,-6],[11,-4],[2,-2],[2,-1],[5,0],[3,-1],[4,-3],[5,1],[5,-2],[11,-4],[15,-5],[4,-3],[2,0],[3,-1],[0,-2],[4,1],[12,-5],[3,-2],[7,-4],[10,-2],[5,-2],[8,-4],[5,-2],[4,-1],[5,-1],[4,-2],[5,-1],[5,-2],[1,-3],[-1,-2],[-4,0],[0,-2],[1,-1],[34,-6],[14,-2],[7,-2],[5,-2],[2,-2],[5,0],[13,-5],[42,-14],[17,-7],[8,-3],[1,-4],[0,-1],[-8,-1],[-3,-3],[-9,-3],[-15,-2],[-13,2],[-12,4],[-2,1],[-1,1],[0,-2],[-4,3],[-6,3],[-8,2],[-5,5],[0,3],[5,0],[-5,2],[-8,1],[-6,2],[-7,4],[-10,3],[-6,1],[-1,1],[2,1],[-35,9],[-4,0],[-2,1],[-1,0],[7,7],[1,2],[-1,1],[-9,-2],[-14,-6],[-8,1],[-4,1],[-4,3],[-3,0],[-4,2],[-6,-1],[-4,0],[-2,2],[-2,0],[-1,1],[-7,1],[-4,-1],[-5,1],[-7,1],[-12,0],[0,-3],[-2,-2],[-8,-3],[-2,-3],[0,-1],[1,-4],[-5,-2],[-6,2],[-3,3],[-5,4],[-2,2],[0,6],[-5,-1],[-3,0],[-4,3],[-5,-2],[-5,-1],[-18,0],[-5,-1],[-3,-2],[1,0],[3,-3],[0,-1],[-2,-2],[-12,0],[0,5],[-4,-3],[-11,0],[-2,-1],[0,3],[3,3],[0,7],[-1,0],[-2,1],[-5,1],[-3,4],[-4,0],[-3,2],[-6,3],[-10,0],[-5,2],[-7,2],[-2,-2],[-4,-1],[-6,2],[-4,2],[-18,2],[-44,-8],[-4,-3],[-7,-4],[-13,-3],[-20,-7],[-20,-5],[-11,-4],[-14,-3],[-23,-6],[-27,-8],[-19,-7],[-16,-6],[-23,-7],[-22,-10],[-20,-9],[-10,-5],[-18,-8],[-10,-5],[-13,-7],[-16,-7],[-11,-7],[-8,-4],[-26,-12],[-16,-9],[-13,-9],[-18,-14],[-21,-12],[-12,-12],[-271,-40],[-32,5],[-2,0],[-81,13],[-27,-24],[-113,-24],[-132,-28],[-5,-1],[-65,-36],[-43,-25],[-109,-60],[-2,-2],[-1,0],[-120,-118],[1,0],[25,-2],[11,-1],[9,-1],[-1,-1],[-11,-13],[-13,-12],[-34,-38],[-3,-5],[1,-13],[-1,0],[-13,2],[-12,2],[-9,1],[-4,1],[-12,1],[-12,3],[-12,1],[-3,1],[-47,7],[-13,1],[-259,37],[-9,2],[-78,10],[-1,0],[-30,3],[-53,4],[-104,6],[-60,3],[-185,9],[-261,13],[-56,0],[-5,-1],[-22,-3],[-27,-5],[-75,-24],[-47,-16],[-88,-28],[-43,-15],[-322,-105],[-74,-22],[-87,-26],[-22,-7],[-25,-7],[-75,-20],[-42,-12],[-182,-50],[-52,-14],[-23,-7],[-36,-9],[-69,-20],[-36,-8],[-19,-3],[-19,-2],[-19,-1],[-20,0],[-18,1],[-21,2],[-23,3],[-20,6],[-28,8],[-63,23],[-27,10],[-304,111],[-74,26],[-49,14],[-47,11],[-54,10],[-28,5],[-40,4],[-43,4],[-42,3],[-25,1],[-48,0],[-30,-1],[-42,-2],[-26,-3],[-24,-3],[-31,-5],[-35,-8],[-19,-6],[-10,-2],[-53,-18],[-64,-21],[-65,-23],[-59,-21],[-177,-61],[-70,-25],[-47,-17],[-33,-13],[-24,-10],[-10,-4],[-35,-16],[-35,-17],[-37,-20],[-22,-13],[-14,-8],[-2,-2],[-9,-4],[-52,-31],[-59,-33],[-25,-11],[-2,-1],[-27,-8],[-47,-14],[-80,-21],[-25,-7],[-29,-5],[-26,-2],[-20,-2],[-45,0],[-17,1],[-71,5],[-21,1],[-25,0],[-17,-1],[-22,-2],[-27,-4],[-31,-6],[-40,-9],[-82,-20],[-5,-2],[-45,-12],[-108,-36],[-26,-8],[-42,-14],[-8,-2],[-25,-7],[-3,-1],[1,0],[13,-8],[24,-8],[26,-12],[62,-20],[12,-4],[77,-27],[61,-23],[33,-11],[263,-92],[37,-13],[99,-35],[10,-3],[48,-17],[-34,-25],[-103,-75],[-34,-25],[-140,-91],[-17,-9],[-49,-27],[-85,-49],[-31,-17],[-212,-120],[-108,-60],[-14,-9],[-127,-72],[-17,-7],[-15,-6],[-13,-4],[1,-1],[11,-4],[12,-2],[14,-3],[101,-11],[188,-19],[62,-6],[37,-2],[20,-1],[146,0],[23,-1],[29,-3],[8,-1],[22,-7],[12,-5],[11,-7],[1,-1],[60,-75],[34,-47],[8,-11],[2,-3],[0,-1],[2,-3],[1,-5],[8,-51],[2,-12],[3,-5],[2,-4],[46,-86],[17,-32],[34,-62],[16,-28],[8,-19],[7,-15],[3,-10],[4,-32],[3,-23],[6,-50],[7,-62],[5,-27],[1,-3],[4,-10],[4,-12],[11,-15],[15,-16],[0,-1],[17,-18],[38,-40],[24,-26],[14,-12],[12,-9],[14,-10],[2,-1],[3,-2],[73,-46],[116,-73],[100,-68],[65,-46],[10,-9],[4,-5],[2,-6],[1,-6],[-3,-10],[-9,-12],[-24,-15],[-143,-81],[-124,-69],[-5,-3],[-81,-46],[-162,-91],[-176,-98],[-10,-6],[-1,0],[-10,-6],[-43,-23],[-77,-41],[-65,-28],[-27,-12],[-49,-22],[-3,-1],[-35,-17],[-1,0],[-57,-26],[-70,-32],[-75,-35],[-111,-50],[-137,-64],[-66,-31],[-123,-55],[-43,-19],[-18,-8],[-83,-40],[-1,-1],[-1,0],[-2,-1],[-12,-8],[-4,-2]],[[51354,30054],[-23,7],[-29,7],[-135,34],[-9,2],[-24,6],[-34,8],[-10,2],[-45,11],[-56,15],[-47,18],[-48,21],[-29,16],[-18,12],[-100,65],[-62,41],[-18,12],[-11,7],[-7,5],[-45,29],[-14,10],[-36,25],[-40,29],[-51,45],[-85,89],[-50,50],[-4,5],[-14,13],[-48,49],[-78,80],[0,1],[-17,17],[-8,9],[-42,43],[-17,18],[-31,31],[-8,7],[-44,41],[-54,50],[-7,7],[-17,15],[-10,9],[-10,10],[-21,19],[-14,14],[-4,3],[-1,1],[-1,2],[-8,5],[-2,3],[-43,43],[-11,12],[-6,6],[-21,27],[-5,6],[-2,2],[0,1],[-5,6],[-17,28],[-1,2],[-3,3],[-3,6],[-4,10],[-31,64],[-1,1],[-3,6],[-2,5],[-38,78],[-3,8],[-1,1],[-15,33],[-28,57],[-4,4],[-8,14],[-8,13],[0,1],[-7,12],[-10,19],[-4,6],[-3,4],[-2,4],[-5,8],[-5,10],[-17,31]],[[49552,31603],[-9,14],[-27,40],[-6,8],[-2,4],[-2,2],[-13,28],[-7,16],[-6,2],[-10,22],[-14,18],[0,1],[-4,10],[-4,11],[-1,4],[-9,29],[-1,0]],[[49437,31812],[102,-37],[229,-81],[1,0],[2,-1],[14,-5],[2,-1],[63,-22],[138,-50],[122,-45],[9,-2],[233,-85],[46,-17],[98,-31],[58,-16],[7,-1],[38,-9],[16,-4],[59,-10],[52,-8],[2,-1],[1,0],[23,-4],[12,-1],[56,-9],[36,-7],[37,-6],[91,-15],[219,-34],[28,-5],[42,-7],[23,-4],[26,-5],[12,-1],[78,-14],[45,-10],[60,-13],[90,-25],[17,-5]],[[51624,31221],[124,-35],[62,-18],[190,-54],[11,-3],[106,-30],[123,-35],[106,-29],[317,-90],[106,-29],[109,-31],[11,-3],[359,-107],[4,-1],[103,-30],[13,-3],[9,-3],[8,-2],[31,-9],[12,-3],[14,-4],[39,-11],[12,-4],[10,-3],[28,-10],[21,-8],[35,-15],[16,-7],[25,-12],[29,-17],[27,-18],[35,9],[1,0],[3,-2],[10,-9],[14,-13],[2,-2],[18,-15],[86,-71],[34,-30],[51,-44],[22,-16],[25,-16],[28,-16],[23,-13],[25,-11],[34,-14],[34,-13],[44,-13],[259,-74],[46,-12],[20,-6],[62,-18],[20,-5],[0,-1],[-21,-3],[-11,-3],[-8,-2],[1,0],[129,-36],[120,-35],[16,-4],[137,-39],[73,-20],[39,-10],[39,-9],[37,-8],[37,-6],[39,-6],[34,-3],[37,-4],[35,-2],[34,-2],[146,-4],[94,-2],[69,-1],[81,-1],[52,-2],[16,0],[30,-2],[29,-2],[2,0],[27,-3],[49,-6],[9,-1],[75,-12],[34,-8],[65,-17],[31,-10],[7,-2],[21,-8],[32,-12],[13,-6],[1,0],[16,-7],[31,-16],[34,-19],[20,-12],[74,-44],[135,-82],[76,-46],[46,-28],[7,-5],[4,-2],[46,-28],[1,-1],[31,-19],[285,-172],[78,-48],[27,-16]],[[57141,29356],[-1,0],[-66,-3],[-16,-1],[-250,-11],[-82,-3],[-1,0],[-35,-2],[-37,-2],[-15,-2],[-24,-5],[-98,-35],[-24,-7],[-6,-2],[-29,-5],[-73,-10],[-104,-10],[-492,-51],[-39,-4],[-10,-1],[-82,-7],[-138,-9],[-33,-2],[-132,-10],[-141,-10],[-238,-17],[-19,-1],[-35,-1],[-52,-2],[-47,1],[1,-1],[75,-101],[16,-21],[231,-311],[44,-57],[91,-123],[3,-44],[1,-9],[-125,-4],[-88,-116],[54,-65],[-4,-39],[-2,-24],[-115,-5],[104,-149],[69,-100],[-106,-9],[-648,-54]],[[54423,27912],[-16,8],[-19,7],[-20,9],[-68,24],[-108,34],[-186,59],[-153,48],[-104,32],[-215,69],[-55,17],[-9,3],[-132,41],[-97,32],[-29,8],[-48,18],[-30,13],[-18,8],[-5,2],[-11,6],[-20,10],[-33,18],[-21,13],[-22,16],[-109,84],[-76,60],[-63,48],[-29,23],[0,1],[-32,25],[-106,83],[-107,84],[-115,89],[-139,109],[-54,42],[-5,5],[-19,16],[-17,17],[-28,31],[-5,8],[-2,2],[-12,18],[-1,4],[0,2],[-8,17],[-1,1],[0,1],[-2,5],[-6,24],[-6,18],[-4,15],[-8,40],[-5,15],[-2,9],[-3,10],[-5,8],[-1,1],[-1,3],[-1,1],[-4,8],[-10,16],[-1,0],[-3,4],[-6,9],[-1,2],[-2,2],[-8,13],[-16,22],[-11,14],[-15,21],[-12,16],[-10,16],[-17,23],[-2,3],[-3,5],[-23,34],[-8,11],[-7,12],[-3,4],[-2,4],[-42,62],[-5,7],[-10,16],[-21,33],[-27,40],[-13,19],[-1,2],[-5,7],[-8,11],[-9,12],[-23,24],[-7,6],[-54,51],[-74,65],[-67,58],[-18,13],[-10,8],[-43,23],[-30,15],[-34,12],[-12,4],[-1,1]],[[53013,19554],[0,-1],[-1,-7],[-2,-20],[-9,-85],[-1,-12],[-2,-16],[-1,-11],[-2,-20],[0,-1],[-11,-92],[-2,-15],[-2,-16],[-2,-22],[-7,-52],[0,-7],[-4,-29],[-3,-9],[0,-1],[-6,-8],[-7,-8],[-10,-8],[-9,-7],[-15,-8],[-175,-80],[-30,-13],[-4,-2],[0,-1],[-6,-3],[-3,-2],[-4,-2],[-8,-6],[-16,-13],[-12,-13],[-8,-12],[-1,-1],[-2,-3],[-2,-6],[-1,-2],[-5,-13],[0,-1],[-2,-5],[-8,-23],[-21,-58],[-9,-27],[-10,-25],[-21,-58],[-5,-15],[-10,-25],[-25,-72],[1,0],[16,-1],[0,-1],[-9,-25],[-12,-36],[-30,-87],[-63,-181],[-34,-94],[-9,-25],[1,0],[62,8],[233,34],[0,-1],[1,-135],[-89,-30],[0,-1],[2,-5],[3,-10],[-70,-15],[18,-26],[16,-23]],[[48191,16322],[-38,0],[-40,2],[-28,2],[-27,3],[-47,6],[-109,17],[-19,3],[-188,31],[-103,20],[-37,6],[-29,5],[-40,6],[-111,13],[-89,11],[-39,3],[-70,5],[-68,5],[-67,4],[-53,1],[-89,-2],[-43,0],[-47,-1],[-63,2],[-24,1],[-78,8],[-40,3],[-99,10],[-230,18],[-93,8],[-111,9],[-21,2],[-10,1],[-24,2],[-75,7],[-14,1],[-9,1],[-26,2],[-12,1],[-66,7],[-26,3],[-20,2],[-38,4],[-22,1],[-20,1],[30,91],[7,25],[12,45],[0,21],[-3,10],[-4,4],[-5,7],[-22,15],[-53,32],[-47,27],[-24,13],[-29,18],[-12,10],[-6,9],[-1,5],[-1,1],[0,13],[16,48],[10,25],[1,1],[10,26],[31,85],[1,3],[0,1],[3,9],[18,48],[14,37],[6,8],[7,6],[7,5],[10,5],[12,5],[14,3],[10,1],[17,1],[65,2],[638,0],[16,1],[20,1],[19,4],[15,3],[12,5],[20,9],[3,3],[0,1]],[[46526,17248],[1,0]],[[46527,17248],[-249,0],[41,50],[1,1],[-131,-9],[8,23],[14,46]],[[46211,17359],[1,1],[1,0],[-12,-2],[-12,-1],[-12,0],[-14,1],[-20,3],[-1,1],[-60,12],[-22,1],[-18,-1],[-13,-2],[-23,-2],[-1,0],[3,8],[2,4],[0,1],[28,85],[59,173],[7,36],[0,1],[12,24],[17,18],[45,29],[22,11],[105,-1],[1,0],[-17,7],[-2,0],[-13,1],[-45,0],[-15,1],[-11,0],[-33,1],[-11,0],[-259,5],[-581,11],[-117,3],[-80,1],[-182,4],[-77,1],[-22,0],[-58,1],[-104,2],[-135,3],[-48,1],[-31,1]],[[44465,17802],[-9,22],[-2,4],[-1,5],[-4,10],[-30,82],[-8,20],[0,2],[-4,8],[0,1],[-35,85],[-9,23],[-1,1],[0,4],[2,9],[2,7],[7,9],[6,7],[28,19],[19,12],[28,18],[41,27],[126,83],[172,112],[9,6],[145,93],[137,88],[13,9],[43,27],[19,12],[17,7],[25,9],[118,32],[31,8],[2,1],[1,0],[8,-6],[26,-12],[12,-4],[20,-5],[21,-4],[21,-3],[14,-1],[347,-2],[119,-1],[221,-3],[57,0],[15,1],[64,12],[26,3],[16,2],[186,-4],[390,-5],[45,3],[22,1],[23,3],[129,13],[18,1],[19,0],[104,1],[9,0],[26,-1],[62,-6],[37,-5],[167,-28],[21,-3],[16,-1],[139,6],[-12,16],[-64,86],[-4,6],[-5,6],[-79,105],[-31,41],[-7,10],[-10,13],[-3,4],[-5,8],[-28,37],[-6,9],[-10,12],[-7,10],[-3,5],[-4,4],[-3,5],[-3,3],[0,1],[-7,8],[-2,3],[-32,41],[-33,43]],[[47395,19092],[1,0],[30,5],[1,0],[38,5],[19,2],[45,0],[323,-12],[66,-2],[24,1],[16,2],[31,4],[17,3],[25,5],[42,15],[6,2],[16,10],[21,15],[72,72],[8,9],[38,35],[20,12],[18,9],[3,0],[28,11],[17,4],[23,5],[21,3],[19,2],[33,2],[69,6],[91,8],[140,11],[8,1],[19,0],[28,1],[80,-2],[99,-2],[157,-4],[43,-1],[73,-3],[123,-2],[232,-7],[3,0],[154,-3],[10,0],[53,-1],[70,-1],[70,0],[253,-2],[74,-1],[24,0],[70,1],[39,4],[28,6],[5,1],[17,4],[19,4],[24,9],[32,14],[32,16],[9,5],[302,152],[81,42],[25,12],[85,43],[55,26],[1,1],[1,0],[1046,-52],[615,-32],[4,-2],[234,-9]],[[48113,16285],[15,8],[47,22],[14,6],[2,1]],[[48191,16322],[33,16],[100,47],[34,15],[4,2],[13,6],[14,7],[31,15],[78,37],[45,20],[10,5],[32,14],[1,1],[0,1],[7,3],[5,1],[23,11],[16,7],[26,13],[5,1],[9,5],[31,14],[12,5],[17,8],[18,8],[24,12],[21,10],[5,3],[18,8],[36,18],[49,24],[6,3],[135,62],[10,4],[10,5],[13,6],[143,67],[20,9],[58,26],[19,10],[57,26],[90,42],[1,0],[130,-61],[3,-1],[12,-6],[13,-6],[25,-11],[-15,-9],[-3,-5],[-6,-16],[1,0],[85,-37],[7,-2],[6,-1],[6,0],[6,1],[34,15],[22,-10],[6,-2],[16,-7],[152,66],[1,0],[-2,2],[-3,2],[40,18],[75,35],[22,11],[19,8],[7,3],[34,13],[1,1],[108,40],[36,13],[1,1],[16,7],[49,21],[15,8],[1,0],[14,5],[40,18],[13,6],[1,0],[10,5],[40,16],[34,15],[11,4],[1,0],[49,21],[1,1],[52,21],[1,0],[23,11],[13,6],[3,4],[15,30],[0,1],[41,75],[15,29],[62,-6],[5,-1],[14,-2],[5,0],[14,-2],[39,-4],[14,-2],[18,-2],[11,-1],[88,-10],[29,-4],[8,8],[2,0],[35,16],[11,6],[34,5],[34,6],[44,7],[23,4],[16,3],[17,5],[16,3],[72,18],[27,7],[8,2],[10,3],[27,10],[8,3],[9,4],[11,7],[19,2],[10,2],[142,17],[-180,212],[-33,37],[-58,67],[0,1],[152,26],[190,33],[26,5],[48,7],[43,7],[303,54],[57,13],[43,12],[34,10],[1,0],[24,8],[24,10],[32,12],[15,6],[52,20],[27,11],[12,4],[44,13],[10,2],[40,10],[11,2]],[[52566,17964],[39,7],[115,18],[38,5],[17,3],[50,7],[17,3],[37,5],[112,16],[37,6],[55,8],[166,24],[55,8],[356,52],[998,146],[71,11],[355,53],[73,10],[218,32],[16,3],[57,11],[81,15],[79,15],[165,33],[19,4],[63,10],[8,2],[14,2],[1,0],[36,6],[50,8],[105,16],[53,8],[364,53],[153,23],[71,10],[537,74],[10,2],[216,30],[108,17],[11,2],[15,2],[22,4],[4,1],[151,30],[152,32],[26,5],[78,16],[26,6],[22,4],[65,13],[21,5],[102,21],[66,13],[39,9],[94,20],[107,22],[102,22]],[[70622,14815],[0,-1],[7,-18],[4,-12],[11,-26],[9,-20],[1,-1],[0,-1],[6,-12],[3,-4],[0,-1],[3,-3],[1,-4],[2,-4],[4,-4],[0,-1],[3,-2],[-1,-1],[-21,-16],[-9,-9],[-13,-9],[-13,-8],[-14,-7],[-18,-10],[-79,-35],[-11,-5],[-108,-49],[-80,-36],[-26,-9],[-9,-3],[-11,-2],[-23,-5],[-11,-2],[-20,-2],[-22,-1],[-43,-1],[-57,3],[-40,2],[-12,0],[-6,-2],[-6,-1],[-12,-5],[-5,-6],[-11,-17],[-20,-44],[-6,-12],[-63,-131],[-1,-1],[-41,-85],[-4,-3],[-6,-4],[-7,-2],[-9,-2],[-13,0],[-84,10],[-54,7],[-428,56],[-15,1],[-16,1],[-10,-1],[-40,-3],[-276,-26],[-45,-4],[-21,-3],[-37,-7],[-14,-3],[-41,-10],[-112,-26],[-61,-14],[-95,-24],[-6,-1],[-24,-8],[-22,-6],[-26,-11],[-25,-12],[-21,-12],[-70,-56],[-67,-54],[-58,-49],[-13,-10],[-99,-80],[-39,-32],[-36,-28],[-20,-16],[-105,-83],[-7,-6],[-22,-28],[-47,-56],[-12,-13],[-42,-54],[-1,-1],[-7,-9],[-67,-78],[-55,-65],[-16,-19],[-5,-5],[-18,-20],[-144,-163],[-40,-46],[-24,-31],[-28,-52],[-44,-70],[-42,-59],[-31,-36],[-10,-22],[-3,-18],[0,-29],[2,-14],[1,-2],[4,-16],[15,-37],[5,-12],[1,-4],[0,-1],[19,-49],[2,-5],[5,-14],[17,-46],[5,-21],[0,-1],[6,-22],[10,-44],[1,-7],[1,-2],[1,-6]],[[67275,12494],[-144,-20],[-68,-10],[-169,-24],[-322,-46],[-92,-13],[-56,-8],[-22,-3],[-42,-3],[-43,-1],[-20,1],[-19,1],[-17,1],[-23,3],[-30,5],[-14,2],[-13,2],[-29,6],[-48,7],[-4,0],[-27,5],[-64,11],[-194,31],[-40,7],[-24,5],[-23,4],[-8,1],[-89,18],[-115,23],[-146,29],[-39,7],[-39,6],[-41,6],[-21,3],[-225,30],[-304,41],[-121,15],[-257,35],[-232,30],[-151,21],[-227,30],[-1,0]],[[57821,15566],[147,98],[165,109],[27,20],[33,27],[65,59],[90,85],[6,6],[15,18],[4,6],[22,24],[20,22],[22,21],[19,19],[2,3],[177,109],[91,57],[82,45],[2,2],[4,1],[3,2],[66,28],[65,27],[10,5],[28,12],[8,3],[1,1],[65,27],[127,54],[17,8],[12,6],[25,15],[3,2],[9,8],[5,4],[23,26],[3,3],[15,17],[13,15],[88,100],[29,33],[1,0],[70,-5],[207,-16],[67,-5],[3,0]],[[51492,15040],[16,-1],[27,-3],[129,-15],[42,-4],[38,-33],[116,-2],[100,0],[101,-2],[24,0],[65,-1],[169,-2],[79,-1],[182,-2],[1,0],[2,-2],[22,-18],[74,-62],[24,-20],[30,34],[18,22],[61,85],[24,35],[1,0],[26,-1],[16,0],[22,1],[43,3],[28,3],[40,9],[10,1],[11,-1],[91,-15],[167,-27],[20,-3],[197,-35],[242,-38],[62,-12],[20,-5],[21,-7],[28,-17],[10,-9],[0,-1],[2,-2],[18,-30],[1,-1],[2,-3],[3,-4],[13,-8],[14,-7],[37,-12],[27,-8],[28,-7],[19,-3],[47,-6],[11,0],[11,1],[46,12],[1,0],[26,7],[16,2],[20,2],[31,-1],[52,-4],[32,-3],[42,0],[21,2],[15,3],[36,9],[18,3],[7,0],[87,-2],[15,1],[22,1],[12,1],[6,1],[5,3],[24,10],[23,8],[7,2],[8,0],[13,-1],[14,-2],[21,-4],[28,-5],[113,-24],[205,-42],[66,-15],[138,-31],[169,-35],[192,-37],[163,-35],[13,-3],[19,-7],[9,-4],[8,-5],[29,-21],[11,-7],[13,-4],[19,-5],[4,-1],[15,-1],[20,-1],[20,0],[24,2],[34,4],[30,5],[20,4],[68,18],[29,4],[16,2],[31,0],[18,-1],[20,-3],[31,-6],[56,-14],[133,-34],[12,-3],[186,-53],[242,-73],[64,-18],[46,-9],[33,-4],[15,0],[29,1],[100,9],[20,0],[20,-1],[13,-1],[51,-10],[21,-5],[19,-6],[26,-7],[13,-3],[29,-3],[19,-1],[15,1],[16,3],[65,12],[30,5],[52,3],[12,0],[7,21],[1,4],[5,7],[6,6],[9,6],[10,5],[11,5],[12,3],[26,6],[35,7],[1,1],[12,2],[37,7],[2,1],[5,1],[4,3],[2,0],[3,1],[6,3],[7,4],[11,8],[9,7],[10,10],[9,11],[7,11],[1,5],[1,1],[-1,8],[-3,7],[-3,4],[-2,2],[-11,14],[-6,8],[-46,48],[-56,64],[-15,17],[-58,70],[-3,5],[-7,14],[-2,5],[-3,14],[-1,5],[-8,38],[0,7],[-1,3],[0,8],[-1,6],[0,20],[3,8],[1,3],[1,6],[0,2],[1,5],[4,28],[1,5],[0,11],[-2,9],[-3,11],[-48,106],[-13,28],[-1,3],[-4,9],[-5,10],[-14,32],[-44,101],[-31,76],[0,3],[1,7],[4,7],[5,5],[63,43],[70,44],[32,20],[118,80],[3,1],[1,1]],[[57821,15566],[4,-2],[87,-52],[31,-18],[1,0],[1,-1],[0,-1],[99,-62],[63,-38],[69,-45],[86,-57],[6,-4],[18,-10],[5,-4],[20,-13],[4,-2],[10,-6],[63,-40],[24,-15],[1,-1],[32,-20],[6,-4],[116,-72],[39,-24],[28,-18],[109,-68],[112,-70],[165,-106],[195,-123],[60,-39],[9,-6],[46,-30],[93,-60],[47,-31],[47,-30],[35,-22],[44,-29],[22,-11],[14,-5],[37,-10],[46,-13],[1,-1],[12,-3],[4,0],[50,-12],[9,-2],[7,-3],[23,-7],[1,0],[19,-8],[10,-5],[29,-17],[13,-8],[5,-3],[4,-2],[10,-6],[44,-27],[14,-8],[52,-31],[152,-94],[25,-15],[25,-16],[171,-5],[168,-5],[343,-11],[150,-4],[20,1],[0,-1],[16,-94],[7,-37],[29,-170],[14,-79],[2,-11],[2,-13],[7,-47],[5,-25],[0,-2],[1,-1],[0,-1],[1,-5],[0,-2],[1,-6],[1,-2],[3,-25],[2,-9],[2,-15],[18,-100],[16,-85],[-3,0],[12,-61],[3,-15],[7,-36],[1,-3],[41,-228],[26,-1],[248,0],[22,1],[21,0],[23,-2],[19,-2],[19,-4],[21,-5],[79,-21],[343,-96],[352,-96],[22,-3],[19,-2],[19,-1],[10,-1],[23,1],[17,1],[208,10],[144,8],[7,1],[60,3],[39,3],[38,1],[25,-1],[34,-2],[30,-2],[2,0],[16,-2],[37,-5],[109,-15],[36,-4],[76,-10],[31,-4],[167,-22],[30,-4],[76,-11]],[[63712,12752],[-1,0],[-8,-8],[-8,-10],[-10,-13],[-7,-12],[-11,-26],[-30,-86],[-3,-10],[-23,-68],[-12,-34],[-13,-35],[-23,-54],[-18,-37],[-47,-110],[-3,-12],[0,-11],[1,-8],[1,-3],[0,-1],[3,-11],[49,-81],[3,-8],[1,-9],[-1,-10],[-5,-10],[-11,-19],[-84,-133],[-6,-10],[-41,-67],[-75,-141],[-6,-10],[-94,-180],[-85,-154],[-96,-171],[-9,-24],[-5,-24],[-3,-19],[0,-8],[-5,-81],[-4,-70],[-15,-157],[-1,-1],[-15,-2],[-106,-11],[-166,-17],[-47,-7],[-45,-7],[-45,-8],[-40,-9],[-17,-4],[-16,-4],[-26,-6],[-69,-21],[-31,-9],[-93,-28],[-31,-9],[-50,-16],[-35,-10],[-15,-5],[-4,-1],[-157,-50],[-23,-10],[-21,-10],[-19,-11],[-4,-2],[-14,-9],[-16,-12],[-17,-16],[-8,-9],[-4,-5],[-9,-11],[-3,-5],[-5,-10],[-5,-11],[-1,-1],[-1,-3],[-4,-14],[0,-2],[-2,-14],[0,-16],[1,-10],[1,-1],[0,-3],[1,-2],[3,-8],[3,-11],[2,-8],[2,-3],[2,-8]],[[44559,14473],[25,13],[78,39],[25,14],[84,43],[43,23],[127,64],[153,80],[102,52],[123,64],[4,2],[1,0],[73,38],[81,42],[137,71],[3,2],[73,38],[40,20],[62,32],[53,27],[101,52],[175,91],[159,83],[25,12],[32,17],[90,46],[30,16],[1,0],[13,7],[39,20],[12,7],[51,26],[10,6],[90,46],[54,28],[47,25],[3,1],[0,1],[7,4],[32,15],[63,33],[51,26],[39,20],[102,53],[78,40],[160,82],[69,36],[101,53],[56,28],[48,25],[7,3],[7,4],[116,56],[191,89],[78,36],[29,14],[21,10],[34,16],[26,12],[15,8],[5,1]],[[48113,16285],[1,0],[10,-3],[-2,0],[-36,-18],[1,-1],[33,-19],[135,-77],[276,-52],[43,38],[75,-18],[85,75],[0,1],[1,0],[5,-5],[2,-1],[1,-1],[55,-44],[11,-8],[53,-45],[34,-34],[13,-14],[6,-7],[3,-3],[5,-8],[8,-10],[8,-14],[6,-9],[13,1],[20,-52],[15,-38],[106,-295],[11,-29],[47,67],[14,14],[16,4],[115,25],[83,17],[78,9],[17,-2],[28,-1],[9,2],[1,-1],[76,-21],[23,-5],[60,-5],[19,-1],[20,-1],[80,-1],[62,1],[98,4],[72,6],[14,-1],[14,-2],[58,-12],[24,-6],[39,-8],[67,-11],[8,-1],[34,-5],[84,-4],[38,-2],[9,-1],[19,-1],[3,-1],[1,0],[3,-2],[10,-6],[3,-2],[57,-34],[1,0],[28,-17],[9,-5],[31,-19],[104,-62],[45,-28],[13,-7],[4,-2],[16,-10],[50,-30],[9,-6],[3,-1],[18,-10],[26,-17],[79,-47],[27,-15],[1,2],[5,8],[2,3],[93,-55],[8,-6],[158,-94],[148,-88],[101,-61]],[[51492,15040],[1,-1],[8,-4],[104,-63],[1,0],[205,-123],[0,-1],[75,-44],[10,-6],[2,-1],[21,-12],[27,-16],[196,-118],[25,-15],[166,-103],[1,0],[26,-16],[70,-43],[8,-5],[18,-11],[8,-5],[11,-7],[23,-14],[14,-9],[12,-7],[76,-47],[92,-57],[136,-83],[75,-46],[1,-1],[93,-57],[30,-19],[182,-112],[17,-11],[47,-29],[4,-2],[8,-5],[86,-53],[15,-9],[84,-52],[85,-51],[183,-114],[26,-15],[97,-60],[1,-1],[55,-34],[84,-52],[143,-88],[251,-154],[25,-16],[139,-86],[-3,-2],[-10,-5],[-3,-1],[-1,0],[0,-1],[-65,-32],[-89,-45],[-71,-38],[-16,-10],[-12,-10],[-22,-22],[-19,-22]],[[67235,19760],[129,-24],[38,-8],[504,-92],[168,-31],[1,0],[178,-33],[329,-61],[212,-39],[179,-33],[13,-2],[36,-7],[12,-2],[65,-12],[135,-24],[63,-11],[532,-99],[184,-35],[15,-2],[71,-13],[31,-4],[16,0],[17,-1],[18,0],[20,2],[14,1],[20,4],[33,7],[196,42],[164,34],[149,31],[133,17],[508,33],[643,96],[450,64]],[[72511,19558],[-2,0],[-24,-8],[-7,-4],[-20,-10],[-25,-14],[-15,-13],[-12,-15],[-9,-18],[0,-6],[-1,-14],[0,-2],[1,-35],[0,-38],[1,-12],[1,-6],[0,-23],[1,-19],[4,-107],[2,-111],[0,-23],[1,-41],[-1,-8],[1,0],[40,-3],[25,-1],[196,-14],[65,-4]],[[73898,17079],[-41,1],[-34,1],[-49,1],[-83,1],[-83,0],[-12,-1],[-76,0],[-72,-1],[-141,-4],[-80,-2],[-73,-3],[-133,-3],[-102,-2],[-17,0],[-117,-3],[-83,-1],[-133,-5],[-148,-6],[-35,-2],[-25,-1],[-23,-2],[-26,-3],[-64,-8],[-36,-3],[-17,-2],[-217,-20],[-14,-1],[-41,-4],[-6,0],[-8,-1],[-81,-6],[-59,-4],[-9,-1],[-25,0],[-29,2],[-24,3],[-26,4],[-43,8],[-28,5],[-78,15],[-6,1],[-14,3],[-6,1],[-25,5],[-21,4],[-10,2],[-94,18],[-25,5],[-7,1],[-37,7],[-7,1],[-106,20],[-37,7],[-1,0]],[[62651,19420],[209,39],[492,91],[136,25],[210,39],[168,31],[504,94],[167,31],[65,13],[260,48],[59,11],[30,6],[29,5],[137,26],[102,19],[89,16],[465,86],[7,0],[163,-6],[59,-2],[21,-1],[21,-3],[13,-2],[60,-12],[106,-20],[77,-14],[11,-3],[118,-24],[127,-27],[338,-63],[195,-36],[17,-3],[50,-10],[16,-2],[13,-3],[37,-7],[13,-2]],[[67235,19760],[0,-1],[-1,-6],[0,-13],[1,-2],[0,-15],[2,-8],[9,-41],[3,-16],[0,-5],[3,-14],[6,-25],[10,-60],[2,-5],[1,-5],[4,-29],[1,-3],[2,-7],[-2,-10],[-3,-9],[-89,-159],[-45,-81],[-42,-77],[-1,-2],[-1,-7],[0,-8],[1,-4],[2,-3],[0,-1],[1,0],[1,-3],[4,-3],[2,-3],[48,-39],[161,-133],[75,-60],[27,-23],[81,-65],[27,-22],[5,-3],[30,-19],[35,-19],[57,-28],[4,-3],[97,-48],[230,-120],[40,-22],[11,-9],[3,-2],[8,-7],[6,-10],[5,-10],[10,-50],[4,-21],[13,-68],[7,-34],[0,-3],[4,-18],[9,-43],[12,-55],[19,-92],[9,-46],[26,-132],[13,-62],[5,-28],[0,-16],[-2,-12],[0,-5],[-1,0],[-4,-16],[-1,-3],[0,-1],[-1,-2],[-1,-3],[-7,-16],[-2,-5],[-25,-57],[-74,-171],[-24,-57],[158,-26],[217,-35],[256,-40],[134,-20],[24,-4],[15,-3],[173,-24],[31,-4],[21,-1],[18,-1],[30,-1],[58,0],[319,6],[84,2],[114,4],[25,1],[72,4],[2,0],[16,2],[66,3],[6,3],[86,9],[85,8],[9,1],[28,3],[10,1],[24,2],[82,8],[11,1],[28,2],[28,1],[39,0],[54,-1],[53,-2],[24,-1],[21,-1],[122,-6],[118,-7],[1,0],[203,-16],[285,-11],[-5,-21],[-12,-61],[-1,-1],[-6,-21],[-1,-4],[-1,-2],[-2,-7],[-2,-4],[-4,-11],[-3,-6],[-7,-15],[-1,-3],[-4,-7],[-3,-6],[-7,-12],[-9,-17],[-9,-18],[-7,-12]],[[71111,17106],[-14,-25],[-10,-21],[-21,-41],[-18,-32],[-21,-38],[-6,-11],[-2,-4],[-6,-11],[-2,-3],[-4,-5],[-12,-18],[-11,-14],[-3,-4],[-5,-6],[-15,-19],[-4,-6],[-4,-4],[-10,-13],[-4,-3],[-12,-13],[-17,-22],[-16,-19],[-16,-20],[-10,-12],[-6,-6],[-16,-18],[-13,-14],[-145,-153],[-36,-38],[-77,-80],[-7,-9],[-7,-6],[-25,-28],[-21,-23],[-12,-13],[-14,-18],[-3,-7],[-1,-1],[-9,-24],[-3,-10],[-1,-8],[-1,-10],[0,-9],[1,-13],[4,-32],[5,-33],[4,-35],[0,-1],[6,-47],[1,-9],[1,-5],[5,-30],[2,-21],[7,-47],[8,-46],[10,-69],[8,-60],[3,-14],[0,-7],[1,-12],[4,-38],[3,-54],[1,-24],[1,-15],[0,-54],[-2,-26],[-10,-42],[-9,-27],[-5,-13],[-10,-18],[-10,-14],[-11,-15],[-16,-20],[-14,-19],[-17,-24],[-4,-7],[-5,-11],[-12,-30],[-7,-21],[-2,-3],[-5,-9],[-4,-4],[-9,-5],[-21,-8]],[[37816,12186],[27,6],[259,81],[402,128],[54,16],[6,3],[1,0],[12,5],[75,24],[192,60],[71,22],[88,28],[49,16],[149,47],[50,16],[20,6],[58,19],[20,6],[84,26],[187,60],[27,8],[172,54],[152,48],[24,6],[106,35],[320,103],[12,3],[232,73],[40,12],[3,1],[25,8],[83,26],[27,9],[1,0],[40,13],[122,38],[40,13],[113,35],[106,34],[196,63],[38,11],[112,36],[1,0],[4,1],[153,48],[11,3],[332,106],[3,0],[59,18],[40,12],[71,21],[99,27],[647,185],[160,45],[146,42],[73,20],[35,12],[16,4],[40,13],[57,22],[42,17],[3,1],[6,3],[38,18],[35,17],[2,1],[26,14],[209,107],[109,57],[84,43],[21,11],[85,45],[256,131],[84,44],[1,1]],[[44559,14473],[1,-1],[26,-8],[74,-30],[33,-14],[193,-77],[72,-30],[72,-29],[28,-11],[101,-39],[6,-2],[20,-6],[58,-16],[76,-24],[33,-10],[54,-18],[40,-15],[31,-12],[23,-10],[15,-7],[79,-34],[9,-4],[79,-34],[43,-19],[93,-39],[208,-87],[69,-30],[47,-20],[76,-32]],[[72733,19009],[67,-5],[115,-7],[86,-6],[68,-4],[5,-1],[174,-11],[109,-7],[221,-13],[207,-14],[180,-10],[40,-2],[115,-7],[4,0],[40,-3]],[[74164,18919],[-1,-1],[-6,-5],[-45,-41],[-8,-11],[-7,-11],[-2,-9],[-2,-3],[-1,-13],[2,-11],[0,-1],[1,-2],[1,-8],[1,-4],[1,0],[6,-10],[7,-9],[3,-4],[1,-1],[5,-4],[5,-5],[7,-6],[31,-24],[28,-21],[78,-60],[48,-37],[66,-50],[15,-12],[6,-4],[5,-4],[6,-4],[120,-94],[6,-4],[146,-110],[99,-76],[24,-17],[41,-24],[29,-16],[57,-28],[12,-6],[82,-39],[75,-35],[31,-15],[73,-30],[168,-70],[19,-8],[97,-40],[76,-32],[53,-22],[35,-16],[24,-11],[19,-10],[21,-14],[38,-27],[0,-1],[6,-5],[12,-11],[14,-15],[18,-19],[8,-9],[21,-24],[15,-19],[17,-23],[23,-34],[17,-28],[5,-10],[0,-1],[5,-9],[6,-12],[3,-8],[3,-5],[10,-24],[1,-3],[0,-2],[1,-4],[4,-12],[3,-7],[0,-1],[1,-1],[5,-24],[3,-24],[2,-27],[0,-73],[-1,-31],[0,-10],[-1,-4],[-1,-3],[-3,-8],[-5,-8],[-6,-8],[-8,-8],[-14,-10],[-44,-22],[-40,-18],[-15,-8],[-14,-6],[-40,-19],[-14,-6],[-2,-1],[-9,-4],[-3,-1],[-12,-6],[-40,-19],[-13,-5],[-60,-29],[-16,-8],[-230,-108],[-23,-11],[-28,-14],[-23,-12]],[[75298,16978],[-7,-4],[-13,-8],[-7,-4],[-7,-5],[-26,-16],[-28,-19],[-58,-41],[-103,-66],[-54,-36],[-16,-10],[-11,-11],[-10,-12],[-7,-12],[-5,-8],[-1,-5],[-55,21],[-67,24],[-102,38],[-77,28],[-17,6],[-5,2],[-22,8],[-87,32],[-26,10],[-12,4],[-113,42],[-131,48],[-164,61],[-42,15],[-23,8],[-18,4],[-10,2],[-14,2],[-18,2],[-21,1],[-23,0]],[[73898,17079],[0,15],[2,6],[2,3],[0,1],[1,1],[8,9],[17,19],[71,75],[29,32],[21,22],[1,1],[46,27],[51,15],[4,1],[70,14],[22,5],[104,22],[49,13],[50,12],[-17,14],[-49,39],[-17,13],[-12,13],[-7,7],[0,1],[-23,10],[-12,2],[-22,5],[-162,21],[-42,5],[-13,1],[-12,0],[-34,-2],[-33,-8],[-30,26],[-10,10],[-54,46],[-1,2],[-6,5],[-58,53],[-1,0],[-13,13],[-15,16],[-9,9],[-78,-6],[-160,-14],[-38,-1],[-47,0],[-37,-2],[-30,-3],[-15,-1],[-11,-2],[-79,-11],[-5,0],[-22,-3],[-16,-1],[-24,-2],[-22,-3],[-16,-1],[-7,12],[-7,10],[-10,27],[-6,12],[-1,4],[-3,5],[-1,2],[-2,5],[-7,18],[-5,10],[0,1],[-5,10],[-1,3],[0,1],[-1,1],[-7,16],[-2,5],[-23,52],[-1,3],[-7,16],[-6,13],[-6,12],[-18,44],[-5,12],[-9,22],[-2,6],[-17,39],[-2,5],[-3,6],[-8,19],[-6,15],[-14,33],[-14,31],[-22,50],[0,1],[-5,10],[-3,9],[-4,8],[-9,22],[-5,14],[-4,9],[-8,19],[-7,15],[0,2],[-2,3],[-4,9],[-25,61],[-7,16],[-8,18],[0,2],[-45,105],[-16,38],[-11,27],[-6,12],[-13,30],[-5,10],[-6,13],[-13,31],[-9,23],[-24,55],[-5,11],[-1,3],[0,2],[-2,3],[-7,17],[-14,31],[-6,14],[-3,8],[-1,0],[-2,12],[-1,13],[3,15],[4,15],[23,88],[11,41],[6,23],[1,8]],[[46218,13815],[9,-3],[26,-8],[33,-9],[136,-28],[64,-12],[56,-11],[190,-34],[212,-41],[141,-24],[57,-9],[56,-7],[108,-7],[13,-1],[121,-8],[97,-4],[70,-3],[129,-4],[298,-11],[32,-2],[21,-1],[21,-2],[16,-2],[10,-2],[19,-3],[19,-5],[22,-7],[16,-6],[16,-7],[12,-6],[1,0],[5,-3],[11,-8],[67,-63],[21,-19],[15,-14],[1,0],[0,-1],[31,-20],[32,-20],[22,-13],[121,-69],[110,-58],[122,-63],[38,-19],[35,-15],[31,-13],[75,-26],[183,-67],[69,-23],[26,-7],[25,-6],[26,-6],[56,-8],[19,-2],[74,-5],[1,0],[-17,22],[-17,21],[-1,26],[0,3],[14,9],[43,24],[-2,28],[-20,23],[0,1],[13,15],[17,8],[7,3],[164,36],[61,19],[136,40],[1,0],[-4,6],[-1,2],[-1,3],[-23,43],[-14,38],[-6,19],[-3,18],[-1,11],[-1,3],[-2,19],[-3,75],[157,1],[135,1],[303,0],[117,-1],[33,-1],[29,-3],[18,-2],[121,-20],[237,-44],[48,-8],[230,-42],[1,0],[117,-22],[353,-65],[117,-21],[13,-3],[34,-6],[72,-13],[30,-6],[50,-9],[42,-7],[30,-6],[58,-10],[18,-4],[49,-8],[72,-14],[30,-5],[26,-5],[2,0],[16,-3],[272,-50],[99,-17],[67,-13],[80,-14],[51,-9],[15,-2],[9,-1],[31,-3],[11,-1],[157,-13],[52,-4],[210,-17],[381,-32],[249,-21],[25,-2],[186,-16]],[[54248,12974],[-1,-1],[-79,-88],[-1,-2],[-6,-6],[-72,-82],[-78,-92],[-100,-121],[-64,-77],[-1,-3],[-14,-19],[-1,-1],[-5,-6],[-1,-2],[-7,-10],[-9,-13],[-24,-44],[-3,-5],[0,-1],[-1,-3],[-6,-10],[-27,-52],[-3,-7],[-8,-16],[-55,-106],[-28,-53],[-18,-37],[-6,-13],[-4,-9],[-1,0],[-2,-13],[-9,-57],[-1,-5],[-1,-11],[-4,-50],[-3,-36],[-2,-18],[-2,-16],[-20,-82],[-13,-55],[-8,-34],[-3,-20],[0,-34],[2,-12],[34,-142],[9,-39],[4,-16],[0,-2],[10,-34],[0,-1],[5,-20],[1,-2],[1,-7],[3,-12],[1,-3],[0,-1],[1,-3],[2,-7],[8,-37],[6,-25],[4,-15],[2,-6],[9,-43],[3,-15],[1,0],[0,-1],[5,-25],[0,-8],[-1,-3],[-2,-5],[-2,-6],[-6,-5],[-11,-8],[-6,-3],[-3,-2],[-8,-3],[-12,-4],[-13,-3]],[[47314,10231],[-95,64],[-9,7],[-8,6],[-18,14],[-24,21],[-21,22],[-13,16],[-6,6],[-6,8],[-5,8],[-122,147],[-40,47],[-9,12],[-19,22],[-3,3],[-2,3],[-27,32],[-34,42],[-1,1],[-89,108],[-33,39],[-18,23],[-15,17],[-39,46],[-32,38],[-15,18],[-3,5],[-9,12],[-5,5],[0,1],[-8,9],[-2,1],[-3,5],[-11,15],[-30,50],[-43,74],[-25,43],[-18,32],[-43,70],[-22,40],[-14,27],[-42,66],[-75,121],[-25,42],[-25,40],[-4,8],[-8,13],[-22,36],[-8,15],[-7,9],[0,1],[-1,0],[-11,10],[-9,8],[-1,1],[-12,5],[-26,9],[-38,15],[-3,2],[-11,7],[-9,6],[-3,4],[-5,7],[-1,0],[-1,6],[-6,17],[-22,105],[-26,118],[-2,5],[-4,6],[-2,5],[-9,10],[-10,11],[-12,10],[-30,20],[-71,43],[-201,123],[-43,29],[-3,3],[-5,4],[-7,9],[-6,10],[-10,34],[-5,19],[-25,80],[-30,99],[-2,6],[-2,7],[-11,38],[-3,8],[-13,39],[-22,80],[-7,18],[-4,15],[-8,23],[-2,8],[-1,5],[-1,3],[-9,30],[-10,33],[-2,8],[-6,16],[-12,43],[-6,22],[0,20],[3,14],[4,14],[8,16],[27,39],[49,46],[473,431],[67,61],[25,22],[115,107],[69,62]],[[67668,16337],[62,-16],[26,-7],[264,-66],[87,-21],[19,-5],[53,-13],[10,-3],[8,-1],[83,-21],[1,0],[47,-12],[74,-18],[150,-37],[101,-26],[20,-5],[44,-14],[8,-2],[28,-10],[36,-14],[19,-8],[26,-12],[1,0],[7,-3],[66,-35],[136,-73],[87,-45],[138,-74],[20,-10],[1,-1],[7,-4],[141,-74],[190,-100],[101,-52],[27,-14],[18,-9],[29,-13],[47,-22],[76,-32],[51,-22],[66,-26],[2,0],[78,-29],[136,-47],[27,-10],[21,-9],[34,-16],[14,-9],[18,-12]],[[70373,15285],[10,-7],[1,0],[13,-11],[13,-13],[1,-2],[1,0],[8,-8],[0,-1],[22,-24],[15,-17],[10,-11],[11,-12],[89,-101],[6,-6],[4,-5],[9,-10],[19,-20],[41,-46],[55,-62],[50,-55],[17,-19],[40,-46],[-34,2],[-3,0],[-111,3],[-7,1],[-31,0]],[[70622,14815],[-125,-2],[-232,-5],[-142,-3],[-27,-1],[-11,0],[-35,-2],[-147,-11],[-35,-3],[-11,-1],[-49,-9],[-42,-13],[-10,-2],[-46,-17],[-56,-16],[-30,-6],[-39,-6],[-112,-14],[-10,-1],[-110,-13],[-95,-11],[-22,-2],[-9,-1],[-14,-1],[-113,0],[-63,1],[-28,0],[-141,2],[-355,3],[-29,0],[-20,-1],[-16,-1],[-20,-1],[-30,-2],[-25,-1],[-22,-1],[-34,-2],[-29,0],[-285,5],[-171,4],[-256,6],[-42,1],[-16,1],[-16,2],[-18,2],[-186,31],[-15,2],[-21,3],[-59,6],[-204,17],[-202,17],[-238,21],[-20,0],[-5,-1],[-1,0],[-9,-1],[-36,-9],[-7,-2],[-126,-31],[-45,-10],[-52,9],[-55,8],[-13,2],[-73,12],[-77,13],[-193,30],[-79,13],[-61,9],[-81,8],[-265,27],[-140,14],[-18,2],[-124,13],[-133,12],[-183,16],[-69,8],[-26,4],[-657,123],[-62,10],[-62,8],[-29,4],[-168,24],[-96,13],[-11,1],[0,1],[4,6],[1,2],[4,15],[0,12],[-6,52],[-17,145],[-6,39],[-1,7],[-2,16],[-10,67],[-7,41],[0,13],[4,6],[5,7],[13,12],[49,41],[10,13],[6,11],[3,21],[18,158],[11,89],[-1,25],[-10,92],[-7,67],[-11,121],[-2,14],[-1,10],[-1,1],[-13,116],[-9,96],[-5,43],[-3,23],[-2,12],[-4,34],[-1,12]],[[59777,16667],[-18,21],[-31,39],[-24,26],[-19,22],[-27,30],[-1,0],[-1,2],[-1,1],[-37,48],[-14,18],[-1,0],[0,1],[-6,10],[-5,8],[-3,5],[-5,9],[0,1],[-1,4],[-1,1],[0,2],[-3,5],[-4,13],[0,7],[-1,0],[0,8],[-1,3],[-1,14],[-2,24],[-1,49],[0,14],[-1,22],[-1,32],[0,6],[-1,33],[-2,72],[-16,103],[-9,56],[-10,66],[-7,45],[-13,78],[-4,29],[-5,35],[-1,2],[-3,16],[0,1],[-12,75],[-3,21],[-12,77],[-10,63],[-1,5],[0,3],[-1,2],[-2,14],[-2,7],[-1,7],[-4,14],[-3,12],[-12,27],[0,1],[-13,27],[-2,2],[-28,42],[-76,101],[-26,36],[-62,83],[-70,94],[-56,76],[-10,13],[0,1],[-4,6],[-91,122],[-25,34],[-11,14],[-61,83],[-2,3],[-3,5],[-1,0],[-6,9],[-14,18],[-10,10],[-16,18],[-14,15],[-43,47],[-13,14],[-29,32],[-44,44],[-13,14],[-5,7],[-1,1]],[[58684,18947],[51,10],[59,13],[92,21],[49,12],[12,3],[33,8],[13,3],[27,6],[27,7],[105,25],[190,46],[107,25],[112,27],[830,199],[87,20],[90,21],[51,11],[68,12],[59,11],[82,15],[62,10],[106,18],[94,15],[235,40],[106,19],[37,6],[101,17],[3,0],[99,17],[157,27],[52,9],[103,17],[1,0]],[[61984,19637],[69,12],[59,10],[67,11],[79,11],[2,1],[70,8],[28,4],[14,1],[128,15],[42,5],[10,-28],[9,-24],[9,-25],[46,-127],[2,-5],[10,-27],[9,-25],[3,-7],[7,-19],[0,-1],[4,-7]],[[62651,19420],[0,-1],[7,-11],[15,-15],[79,-78],[27,-26],[2,-2],[1,-2],[6,-6],[5,-4],[3,-3],[0,-1],[32,-30],[30,-30],[63,-61],[34,-34],[5,-4],[1,-2],[29,-27],[6,-7],[2,-2],[2,-1],[1,-1],[0,-1],[2,-1],[15,-15],[9,-8],[6,-7],[1,0],[5,-5],[42,-41],[126,-122],[18,-18],[24,-23],[45,-45],[28,-27],[9,-9],[26,-25],[178,-175],[8,-7],[9,-7],[5,-6],[2,-1],[1,-1],[25,-20],[29,-19],[0,-1],[10,-6],[8,-5],[15,-8],[8,-6],[23,-12],[13,-7],[11,-5],[5,-2],[1,-1],[23,-11],[1,-1],[2,0],[22,-9],[10,-4],[14,-6],[26,-8],[28,-8],[10,-3],[118,-37],[66,-20],[139,-43],[234,-72],[29,-9],[157,-49],[139,-44],[108,-34],[37,-12],[287,-88],[108,-33],[47,-15],[123,-38],[17,-5],[47,-14],[392,-122],[1,0],[194,-60],[40,-13],[33,-11],[34,-13],[20,-8],[43,-18],[30,-14],[30,-15],[28,-15],[10,-5],[17,-10],[27,-17],[7,-5],[1,0],[3,-2],[5,-4],[17,-11],[24,-17],[17,-14],[5,-4],[4,-3],[17,-15],[7,-7],[22,-21],[18,-18],[6,-8],[1,-2],[48,-64],[7,-9],[15,-19],[28,-38],[48,-63],[31,-43],[5,-6],[19,-26],[9,-11],[1,-2],[41,-54],[37,-49],[6,-8],[72,-97],[10,-14],[11,-14],[31,-42],[73,-98],[101,-135],[16,-19],[14,-15],[2,-3],[19,-19],[8,-7],[13,-10],[21,-18],[22,-17],[25,-17],[26,-17],[10,-7],[26,-15],[27,-15],[28,-15],[43,-20],[38,-16],[5,-2],[22,-9],[28,-10],[32,-11],[35,-12],[16,-4],[43,-14],[3,0]],[[67668,16337],[-1,-1],[-6,-5],[-13,-7],[-8,-4],[-8,-1],[-9,-2],[-139,3],[-49,1],[-1,0],[-202,3],[-4,1],[-222,4],[-24,0],[-52,1],[-32,-1],[-25,-1],[-35,-2],[-31,-3],[-33,-4],[-35,-5],[-60,-11],[-59,-13],[-194,-41],[-20,-4],[-20,-5],[-21,-2],[-12,-2],[-21,-2],[-21,-1],[-31,-2],[-23,0],[-48,2],[-28,3],[-37,5],[-18,3],[-25,5],[-48,10],[-7,1],[-16,3],[-18,4],[-52,11],[-23,4],[-1,1],[-1,0],[-173,35],[-13,3],[-317,65],[-194,38],[-60,12],[-114,23],[-101,21],[-302,61],[-69,14],[-10,1],[-23,3],[-9,2],[-32,4],[-32,2],[-33,2],[-16,1],[-17,1],[-35,0],[-320,-1],[-124,0],[-69,-1],[-167,-1],[-38,-1],[-7,-1],[-31,-2],[-37,-5]],[[63592,16559],[-19,-3],[-1,0],[-8,-1],[-9,-1],[-27,-5],[-33,-7],[-44,-9],[-36,-7],[-2,0],[-4,-1],[-2,0],[-27,-5],[-82,-16],[-28,-5],[-95,-19],[-219,-42],[-228,-44],[-422,-81],[-296,-56],[-3,-1],[-13,-2],[-31,-3],[-32,-2],[-42,-2],[-75,0],[-42,2],[-17,1],[-25,3],[-31,5],[-17,3],[-16,4],[-5,1],[-20,6],[-21,7],[-20,8],[-23,11],[-130,83],[-151,95],[-32,18],[-17,7],[-24,10],[-21,7],[-21,5],[-22,6],[-23,4],[-25,5],[-94,10],[-30,3],[-314,33],[-167,18],[-123,10],[-24,2],[-20,1],[-61,2],[-70,2],[-44,1],[-30,0],[-20,1],[-13,0],[-11,1],[-25,1],[-22,2],[-23,2],[-32,4],[-3,0],[-19,3],[-137,23],[-52,10]],[[77230,10001],[293,70],[200,47],[320,89],[370,47],[308,39],[765,98],[987,125],[1,0],[1308,166],[765,98]],[[81759,8913],[12,6],[21,9],[19,10],[14,10],[5,4],[5,5],[8,11],[2,2],[4,8],[2,2],[17,34],[25,45],[6,12],[74,141],[9,19],[39,84],[1,0],[29,5],[46,8],[43,9],[29,7],[51,11],[46,12],[284,79],[2,1],[100,19],[31,6],[14,3],[76,21],[30,9],[21,6],[12,3],[83,20],[20,7],[12,4],[24,16],[130,64],[1,1],[100,59],[84,40],[71,30],[75,36],[7,2],[61,18],[37,8],[23,5],[52,14],[67,7],[31,0],[2,1],[30,17],[1,1],[0,2],[1,2],[6,24],[34,62],[3,5],[12,23],[140,47],[1,0],[-80,16],[-82,16],[-89,18],[-55,13],[-78,22],[-8,7],[-1,1],[-6,5],[-1,1],[-9,-2],[0,-5],[-7,-1],[-7,2],[-10,3],[-18,-3],[-13,-4],[-7,-3],[-16,-1],[-18,-4],[-9,-3],[-17,-7],[-17,-5],[-18,-6],[-21,-2],[-18,-12],[-13,-5],[-20,-1],[-16,2],[-14,3],[-3,1],[-4,3],[-7,1],[-9,0],[-8,3],[-9,2],[-18,0],[-15,-1],[-12,0],[-5,4],[-6,-7],[-10,-1],[-7,-2],[-15,0],[-20,-4],[-16,2],[-15,1],[-1,1],[-2,4],[-6,3],[-7,-9],[-15,-1],[-21,1],[-18,1],[-12,5],[0,11],[-5,-6],[-7,-2],[-18,-2],[-11,0],[-20,4],[-1,0],[-1,14],[0,1],[-8,-5],[-14,-3],[-24,0],[-48,6],[-25,7],[-11,3],[-16,1],[-38,6],[-45,7],[-31,6],[-15,4],[-19,1],[-15,2],[-30,-6],[-20,-1],[-9,-2],[-33,4],[-1,0],[-3,128],[0,521]],[[82547,10780],[1,0],[93,24],[280,74],[94,24],[16,5],[397,102],[5,1],[203,57],[296,57],[363,43],[460,25],[455,24],[1,0]],[[85211,11216],[990,27],[450,13],[831,25],[1316,20],[377,7],[281,6],[393,5],[248,2],[27,1]],[[85144,6959],[29,47],[1,0],[25,43],[1,1],[45,81],[33,59],[9,15],[0,1],[18,-8],[14,7],[6,2],[76,3],[15,14],[0,25],[-17,10],[-76,6],[-21,11],[-1,1],[5,21],[47,7],[22,-1],[158,-42],[58,3],[7,25],[1,6],[37,23],[201,41],[155,-13],[33,4],[30,-1],[1,0],[-33,13],[-8,5],[-2,2],[-1,0],[-1,1],[0,2],[5,10],[7,9],[22,20],[2,2],[9,18],[0,3],[-2,3],[-12,19],[-17,22],[52,23],[1,0],[1,1],[-26,10],[-2,2],[-1,0],[1,2],[4,1],[12,1],[10,5],[3,-2],[0,-3],[1,-3],[0,-1],[2,-2],[6,-4],[8,-3],[5,-1],[9,3],[10,5],[6,6],[11,22],[5,3],[4,2],[5,1],[9,1],[26,-1],[11,-1],[15,-4],[20,-1],[42,-1],[20,-2],[8,-2],[13,-4],[5,-1],[5,2],[9,3],[2,0],[0,1],[-4,1],[-150,36],[-38,9],[-1,0],[20,17],[164,-44],[35,-6],[9,2],[1,7],[0,1],[-43,16],[-1,1],[0,1],[1,1],[3,2],[22,6],[16,9],[23,15],[12,12],[2,5],[1,1],[-5,7],[-7,11],[0,5],[4,4],[46,2],[18,3],[57,11],[28,2],[18,-1],[6,0],[39,-1],[12,0],[5,2],[14,7],[2,3],[0,6],[-6,13],[-3,5],[-4,8],[-11,7],[-63,29],[-10,3],[-150,74],[-54,27],[16,8],[182,-89],[29,-20],[5,-2],[27,-7],[4,-1],[11,2],[5,3],[3,2],[1,2],[4,12],[7,8],[0,1],[18,12],[3,4],[-2,2],[-3,1],[-2,2],[-28,7],[-6,4],[-11,9],[-11,7],[-2,3],[-1,1],[0,3],[7,5],[12,4],[16,5],[31,7],[5,3],[2,2],[3,1],[12,15],[5,8],[10,9],[3,3],[33,25],[7,4],[7,1],[15,1],[5,0],[8,5],[0,3],[-2,3],[0,1],[-2,3],[-6,6],[-4,5],[-10,8],[-7,3],[-40,9],[-18,4],[-14,6],[-14,7],[-11,7],[-8,9],[-3,6],[-2,3],[0,8],[5,10],[21,24],[0,5],[-1,1],[-2,4],[-2,3],[-9,6],[-31,15],[-9,6],[-6,6],[0,1],[-2,3],[-2,2],[-2,12],[-1,7],[-6,19],[1,0],[41,35],[-71,44],[-42,22],[-20,10],[-19,10],[-84,45],[-38,23],[-158,97],[-29,26],[-14,14],[-24,22],[-20,23],[-40,48],[-18,21],[-25,30],[-18,39],[-11,22],[-4,7],[-7,15],[-7,13],[-9,21],[-33,56],[-5,9],[5,53],[3,22],[-1,25],[-1,16],[-1,15],[0,8],[17,35],[3,4],[1,3],[3,5],[9,19],[65,60],[18,16],[106,113],[45,49],[38,74],[1,1],[162,30],[485,93],[189,27],[15,3],[12,2],[129,17],[101,12],[104,13],[229,20],[282,-2],[70,-12],[226,-38],[4,1],[3,3],[11,4],[10,8],[0,9],[-1,1],[-2,4],[6,6],[15,7],[8,3],[11,3],[21,17],[-1,3],[0,2],[-1,2],[9,5],[1,0],[0,5],[13,7],[8,8],[15,10],[8,2],[1,5],[2,6],[3,6],[2,5],[-14,8],[3,6],[6,6],[4,5],[12,26],[14,29],[1,1],[-2,2],[-1,0],[0,1],[-13,4],[-1,0],[0,2],[-1,3],[3,3],[-3,2],[-10,3],[-11,6],[-5,5],[-8,3],[-8,-4],[-14,4],[-7,5],[-4,3],[0,1],[-1,0],[6,2],[0,1],[-4,5],[-1,1],[4,2],[14,2],[10,4],[3,4],[-5,4],[-1,0],[4,5],[4,2],[7,6],[9,3],[8,9],[57,-12],[2,4],[0,1],[-47,9],[-5,3],[-1,0],[3,2],[1,0],[5,2],[2,6],[0,1],[-11,0],[-10,2],[-1,1],[0,3],[-1,0],[5,3],[4,1],[-2,4],[7,6],[10,0],[8,6],[21,0],[6,-2],[9,0],[8,7],[1,1],[1,5],[9,6],[9,2],[4,5],[7,2],[12,1],[18,6],[4,8],[2,3],[1,1],[0,1],[25,9],[24,8],[17,6],[18,3],[22,4],[16,2],[22,2],[19,-2],[17,0],[12,-2],[6,2],[10,1],[11,2],[-2,4],[-1,1],[-4,3]],[[88742,9915],[-1,0]],[[88741,9915],[14,0],[17,3],[11,3],[18,1],[14,-6],[10,-2],[12,1],[12,-2],[24,-2],[26,0],[17,2],[2,-3],[-1,0],[-19,-6],[-13,-6],[-4,-9],[-1,-2],[0,-1],[-4,-6],[-5,-5],[-7,-9],[-4,-7],[-11,-12],[-6,-3],[-6,-1],[-9,-2],[-1,0],[-1,-1],[-3,-5],[-1,-2],[0,-3],[-7,-2],[-13,-2],[-33,3],[-1,1],[0,1],[-1,3],[0,1],[2,5],[5,6],[3,0],[-7,3],[-22,1],[-9,-2],[-7,-3],[-3,-8],[0,-9],[-2,-6],[0,-6],[-2,-6],[-1,-2],[-1,-3],[-2,-4],[-5,-7],[1,0],[0,-1],[4,-4],[17,-12],[13,-6],[0,-1],[1,0],[8,-6],[12,-6],[0,-4],[-21,0],[-20,-20],[1,0],[21,-4],[-39,-46],[0,-1],[1,-4],[5,-2],[6,2],[20,23],[26,33],[12,-4],[10,-3],[15,5],[13,5],[34,23],[22,16],[1,0],[11,10],[14,10],[23,6],[21,5],[24,2],[22,-1],[21,-5],[22,-8],[23,-7],[87,-22],[10,-3],[34,-9],[3,-7],[4,-8],[0,1],[62,21],[20,8],[3,1],[34,25],[27,27],[4,0],[7,3],[0,7],[-3,6],[-1,0],[0,1],[4,5],[9,2],[10,-1],[5,5],[4,5],[5,4],[1,0],[0,1],[-1,4],[10,7],[9,6],[6,6],[1,5],[0,7],[2,7],[13,5],[17,2],[8,-2],[5,-4],[3,-2],[7,4],[7,6],[6,4],[35,7],[6,4],[-2,3],[-2,5],[15,9]],[[86693,6219],[-1,2],[-1,4],[-1,3],[0,3],[-1,1],[0,10],[2,11],[9,15],[4,8],[1,1],[4,9],[2,4],[1,1],[0,1],[14,22],[5,9],[0,1],[6,8],[15,26],[4,8],[1,1],[23,39],[57,92],[5,10],[9,15],[16,25],[8,14],[20,34],[12,18],[41,72],[0,1],[8,-1],[14,24],[22,39],[10,17],[10,14],[12,18],[21,34],[49,79],[0,1],[21,35],[3,3],[5,9],[5,8],[18,30],[8,12],[10,16],[30,49],[10,16],[3,5],[8,12],[2,4],[1,0],[34,55],[9,14],[4,8],[0,3],[-1,2],[-5,2],[-7,3],[-22,6],[-26,8],[-1,1],[17,15],[26,21],[26,22],[11,10],[6,5],[6,4],[2,2],[1,0],[2,2],[17,15],[13,11],[11,9],[2,2],[9,7],[2,2],[10,8],[28,25],[11,8],[4,4],[16,13],[5,5],[6,7],[24,19],[8,6],[11,9],[32,29],[5,4],[7,5],[10,9],[4,3],[28,24],[11,11],[2,3],[3,3],[2,3],[3,4],[289,0],[34,1],[225,0],[72,1],[167,-1],[81,0],[12,31],[14,11],[7,14],[14,10],[12,15],[14,14],[138,147],[13,14],[40,17],[65,4],[9,8],[51,47],[95,90],[-1,1],[-27,19],[-3,5],[0,1],[-5,9],[1,4],[10,38],[22,45],[15,32],[1,0],[21,-6],[62,-16],[15,-4],[5,-2],[68,59],[14,16],[116,105],[20,18],[56,53],[89,84],[163,146],[22,20],[32,30],[206,191],[146,137],[80,24],[1,0],[-11,6],[-7,4],[-9,3],[-1,0],[0,3],[1,2],[2,2],[1,2],[1,4],[3,7],[0,3],[5,6],[2,4],[18,18],[8,7],[10,9],[37,35],[21,21],[2,1],[10,13],[15,20],[6,9],[13,23],[7,18],[4,10],[12,22],[19,30],[10,20],[3,7],[4,13],[2,8],[0,49],[-4,12],[-3,6],[-1,3],[-1,0],[-1,5],[-4,11],[0,1],[-2,3],[33,1],[0,1],[-2,3],[1,5],[2,6],[2,8],[-2,6],[0,1],[-1,6],[-7,2],[-4,9],[-1,2],[-1,9],[0,10],[3,8],[0,11],[-3,5],[-1,0],[-7,1],[-17,-1],[-12,2],[-6,3],[-1,0],[3,6],[7,7],[12,13],[1,12],[-1,12],[-2,26],[0,11],[1,12],[-1,4],[-3,6],[2,3],[1,3],[7,5],[-1,5],[-5,6],[1,8],[-1,2],[-1,6],[-1,3],[-1,2],[6,7],[9,1],[0,4],[2,7],[-5,7],[-8,5],[-12,3],[0,1],[-3,5],[-1,14],[-1,7],[-1,8],[-1,6],[-4,3],[-15,4],[-9,6],[-3,3],[-11,0],[-2,2],[-5,4],[-8,10],[-1,5],[-10,7],[-8,6],[-6,6],[0,1],[-6,5],[-3,4],[0,6],[-1,2],[-2,2],[-11,2],[0,1],[-3,3],[4,7],[6,5],[8,8],[-2,5],[0,5],[2,5],[2,6],[10,4],[3,2],[9,4],[5,5],[0,4],[3,7],[4,6],[2,4],[6,4],[-1,5],[0,6],[4,7],[7,5],[5,1],[8,-1],[6,3],[0,4],[-2,4],[0,6],[-7,7],[-4,7],[-7,11],[-4,2],[-1,1],[-1,0],[0,3],[10,3],[2,7],[-3,20],[-6,7],[-2,1],[-5,-1],[-3,-1],[-4,-3],[-6,-32],[0,-1],[-3,-7],[-10,-7],[-19,-5],[-9,-3],[-11,-1],[-27,2],[-21,0],[-13,1],[-10,-1],[-21,1],[-15,0],[-12,2],[-16,3],[-20,1],[-15,1],[-17,1],[-40,4],[-25,1],[-42,4],[-24,2],[-24,-1],[-26,1],[-15,0],[-16,3],[-170,-11],[-1,0]],[[89534,9944],[4,2],[0,1],[1,0],[-11,5],[-16,10],[-7,5],[-2,1],[0,1],[-16,7],[-16,9],[-13,6],[-11,4],[-12,8],[-15,4],[-13,4],[-19,11],[-12,9],[-9,8],[-3,4],[-2,1],[-2,3],[-3,2],[0,1],[-6,5],[-7,11],[-10,8],[0,1],[-4,6],[-9,6],[0,4],[-1,4],[-1,13],[0,8],[-11,4],[-1,3],[0,1],[-8,3],[-3,4],[-7,4],[0,5],[-4,4],[-8,5],[-2,3],[-2,2],[-4,2],[-3,3],[-8,5],[0,1],[-6,6],[0,2],[-2,3],[-7,2],[-5,4],[0,3],[-3,0],[-2,1],[-1,0],[172,2],[18,5],[18,10],[14,3],[11,4],[6,3],[6,6],[6,3],[11,1],[10,-2],[13,-1],[12,4],[5,4],[13,-1],[11,-1],[17,-1],[10,3],[19,0],[9,4],[11,7],[18,16],[3,6],[6,5],[12,6],[3,3],[-2,2],[0,1],[8,4],[7,2],[9,-1],[17,-1],[8,0],[-3,3],[3,3],[11,1],[3,3],[2,0],[8,11],[5,1],[6,6],[11,3],[10,4],[7,2],[2,2],[10,1],[2,4],[2,5],[0,2],[1,2],[1,4],[5,7],[9,7],[11,5],[-3,3],[0,1],[-8,5],[-5,5],[-5,4],[-11,1],[-2,-4],[-6,-1],[-13,2],[0,1],[-4,2],[-2,2],[-2,5],[0,2],[4,5],[5,4],[0,1],[6,4],[1,5],[2,4],[5,2],[-1,0],[-3,5],[-1,0],[-13,3],[-7,4],[-10,5],[-10,4],[-2,6],[2,2],[0,1],[-4,3],[-1,0],[0,5],[6,7],[5,4],[6,1],[0,4],[4,5],[7,5],[12,1],[5,2],[7,4],[0,4],[6,6],[20,10],[8,7],[11,6],[10,5],[8,2],[22,0],[8,2],[-1,2],[0,2],[-21,1],[-12,1],[-9,3],[-10,3],[-1,1],[-1,5],[-10,8],[-16,4],[-17,2],[-6,4],[-1,0],[3,5],[1,1],[15,10],[23,12],[19,9],[10,9],[8,7],[1,1],[-34,7],[-15,0],[-28,-12],[-18,-9],[-11,-4],[-44,0],[-17,-6],[-8,-3],[-18,-4],[-9,-4],[-14,-5],[-6,-7],[-9,-2],[-15,3],[-1,0],[-3,7],[-1,1],[4,5],[-11,3],[-11,-5],[-14,-11],[-10,-7],[-22,-14],[-12,-6],[-21,-5],[-19,-2],[-13,3],[-8,0],[-9,-1],[-14,3],[-6,2],[-13,1],[-16,1],[-9,-2],[1,0],[10,-4],[1,-2],[2,-2],[-10,-8],[-14,-9],[-5,-3],[0,-7],[19,-2],[7,5],[9,3],[17,0],[25,-4],[13,-5],[11,-5],[1,0],[0,-1],[6,-7],[12,-4],[15,-14],[0,-7],[-32,-2],[-11,8],[-1,0],[0,4],[-1,1],[0,1],[-18,-1],[-15,-2],[-24,6],[-12,8],[-9,3],[-22,1],[-32,2],[-27,5],[-19,4],[-24,7],[-15,5],[-8,2],[-13,3],[-7,1],[-8,2],[-1,1],[-9,0],[-7,2],[0,1],[-6,0],[-6,2],[-1,2],[-14,3],[-18,4],[-34,10],[-19,6],[-15,2],[-11,0],[-1,2],[0,1],[8,1],[2,3],[1,0],[-5,4],[-3,4],[-7,2],[-6,6],[-1,3],[-1,1],[1,6],[1,0],[-1,5],[0,15],[3,6],[2,5],[5,4],[0,6],[9,9],[2,1],[1,1],[14,7],[21,10],[11,1],[6,3],[5,4],[16,3],[12,6],[14,8],[10,9],[4,3],[9,5],[10,4],[13,4],[8,3],[5,5],[6,5],[8,4],[18,4],[8,2],[9,4],[16,1],[7,2],[13,5],[7,4],[7,1],[13,4],[9,4],[12,5],[1,7],[4,6],[10,6],[11,3],[3,5],[7,4],[13,7],[8,1],[0,3],[7,2],[10,2],[9,3],[1,2],[0,2],[11,3],[5,2],[-1,2],[0,3],[6,4],[51,0],[4,6],[0,1],[1,4],[0,1],[-3,5],[-1,2],[0,1],[-1,2],[29,3],[16,6],[13,3],[23,0],[3,2],[1,0],[-5,3],[-19,0],[-23,-2],[-15,-3],[-8,0],[-14,-3],[-18,-3],[-15,-3],[-15,-2],[-10,0],[5,7],[12,8],[13,5],[15,6],[0,3],[-6,5],[-3,2],[-1,1],[-30,1],[-31,-11],[-11,-6],[-7,-7],[-5,-6],[-10,-8],[-16,-7],[-9,-9],[-11,-4],[-6,-3],[-5,3],[-8,-1],[-6,-1],[-14,7],[-4,7],[0,6],[-8,12],[7,4],[0,1],[-6,4],[-8,4],[-11,9],[-14,1],[-13,0],[-13,-14],[1,-7],[0,-1],[-4,-4],[-3,-6],[-1,-1],[0,-2],[-1,-1],[-1,-3],[0,-12],[-2,-7],[-1,0],[-9,-7],[-12,-4],[-7,-1],[-9,3],[-1,0],[-3,3],[-2,3],[-8,5],[-5,5],[-2,4],[-7,0],[-8,-6],[-5,-4],[-9,-2],[-11,-3],[-15,-3],[-8,-2],[-11,6],[-7,1],[-12,3],[-1,0],[-2,6],[-5,4],[-6,6],[0,1],[1,8],[6,6],[4,5],[0,1],[-1,2],[0,2],[-2,3],[-5,6],[-2,6],[0,1],[-30,1],[-10,-6],[-13,-4],[-17,2],[-13,-1],[0,-5],[7,-6],[-1,0],[-6,-5],[-28,1],[-28,5],[-1,1],[-4,7],[0,20],[5,13],[7,9],[6,9],[12,10],[7,7],[5,3],[1,0],[-43,18],[-63,-24],[1,0],[18,-12],[-1,-6],[-5,-7],[-12,-12],[-11,-4],[-3,-3],[-2,-3],[-2,-4],[-4,-6],[-13,-7],[-17,-1],[-16,5],[-8,6],[-21,-2],[2,-11],[0,-1],[1,-6],[0,-1],[-6,-14],[-1,0],[-9,-17],[-11,-7],[-17,-8],[-14,-2],[-17,2],[-20,2],[-15,4],[-10,5],[-12,2],[-25,0],[-19,-3],[-6,-1],[-24,1],[-31,1],[-32,3],[-31,9],[-33,-14],[1,0],[0,-1],[6,-6],[-1,0],[-4,-4],[-25,-2],[-21,2],[-24,2],[-22,4],[-14,3],[-16,4],[-15,2],[0,1],[-3,6],[-6,2],[-4,2],[3,2],[1,0],[-5,2],[1,5],[1,3],[6,1],[11,0],[12,-3],[5,1],[-1,3],[13,-1],[4,3],[17,-1],[25,0],[19,12],[0,1],[-31,7],[-23,3],[-5,3],[-16,1],[-10,1],[-11,4],[-11,3],[-10,1],[-8,5],[0,4],[4,4],[-3,3],[-2,3],[-1,4],[-3,3],[-1,0],[7,4],[-3,4],[-1,1],[-4,6],[-1,1],[10,1],[2,6],[11,11],[18,5],[6,1],[0,8],[-8,2],[-6,5],[-8,3],[-12,-1],[-25,5],[-5,4],[0,1],[1,7],[6,9],[5,7],[0,8],[5,6],[4,4],[4,6],[3,21],[0,31],[-1,6],[-2,17],[0,1],[-1,1],[-4,5],[-2,4],[0,1],[-1,0],[4,1],[20,-10],[0,-40],[44,0],[3,7],[4,10],[10,19],[9,22],[6,2],[31,3],[31,2],[41,6],[22,2],[39,2],[32,0],[28,3],[28,2],[39,1],[31,1],[90,0],[28,-1],[26,-2],[33,-4],[30,-3],[34,-3],[16,-12],[91,-11],[18,0],[39,-1],[75,2],[71,2],[54,1],[255,27],[75,7],[107,55],[245,13],[73,33],[38,2],[13,1],[13,2],[-7,21],[-5,19],[-5,20],[0,1]],[[90124,11322],[57,0],[259,6],[2,0]],[[90442,11328],[13,0],[824,27],[273,10]],[[91552,11365],[2,0],[523,28],[1,0],[779,42],[3916,213],[1306,70],[137,9],[412,26],[137,9]],[[98765,11762],[56,-108],[16,-32],[75,-595],[76,-604],[183,-745],[144,-586],[103,-1183],[93,-555],[6,-37],[19,-113],[6,-41],[10,-58],[188,-765],[134,-792],[2,-39],[19,-270],[28,-407],[12,-147],[36,-450],[28,-707],[-5,0],[0,-217],[-20,-245],[-8,-90],[-15,-211],[-8,-105],[-6,-89],[-1,-17],[-1,-13],[0,-13],[-14,-255],[-13,-246],[-29,-391],[-131,-543],[-4,-306],[-8,-751],[-176,-4],[-529,-11],[-177,-4],[-155,-4],[-466,-10],[-155,-3],[-48,0],[-1185,2],[-1872,3],[-1825,3],[-1031,1],[-140,1],[-13,-1]],[[89442,5147],[9,-1],[2,0],[25,-1],[9,-1],[19,0],[26,-1],[17,0],[32,1],[35,2],[23,1],[15,2],[18,2],[15,1],[62,8],[79,10],[17,2],[31,4],[105,14],[5,1],[7,1],[23,5],[6,1],[-1,0],[0,-1]],[[90021,5197],[0,0],[-7,-9],[-4,-4],[-25,-30],[-9,-11],[1,0],[34,2],[144,12],[0,-3],[1,-3],[1,-4],[1,-2],[0,-2],[-8,-20],[-13,-33],[-4,-11],[174,-19],[102,-10],[40,-4],[119,-12],[292,-31],[126,-12],[50,-5],[19,1],[21,0],[6,1],[44,2],[38,1],[1,-1],[5,-9],[9,-16],[0,-2],[8,-13],[5,-10],[2,0],[5,-1],[1,0],[0,-1],[2,0],[30,-14],[31,4],[1,0],[0,9],[71,2],[1,0],[0,-3],[1,-3],[158,7],[6,-29],[1,-5],[2,-11],[3,-22],[-10,-30],[0,-1],[5,-10],[0,-2],[6,-14],[1,-1],[-2,-9],[0,-5],[4,-24],[2,-11],[1,-8],[0,-20],[-9,-5],[0,-1],[2,-3],[2,-1],[7,-6],[0,-6],[-6,-6],[3,-5],[1,-2],[1,0],[12,-26],[-1,-25],[0,-13],[-8,-14],[0,-1],[4,-11],[3,-7],[5,-11],[1,-6],[0,-1],[-5,-11],[5,-14],[0,-2],[2,-20],[3,-23],[-3,-6],[5,-40],[0,-2],[-1,-15],[5,-23],[1,-5],[1,-11],[-3,-9],[-1,-7],[-10,-18],[7,-12],[1,-3],[3,-5],[4,-9],[1,-15],[1,-17],[0,-22],[5,-27],[4,-38],[0,-26],[2,-8],[1,-45],[1,-17],[0,-1],[-7,-7],[0,-1],[-1,-1],[0,-1],[-8,-14],[3,-14],[1,0],[11,-11],[5,-10],[-3,-4],[4,-5],[3,-4],[-2,-7],[0,-1],[1,-2],[1,-7],[-5,-10],[3,-9],[0,-3],[2,-9],[-2,-7],[-1,-18],[0,-9],[-4,-8],[1,-6],[1,-2],[0,-3],[1,-7],[1,-10],[1,-6],[0,-1],[8,-15],[3,-6],[4,-9],[1,-2],[0,-1],[-2,-21],[1,0],[6,-15],[0,-1],[7,-13],[2,-25],[2,-23],[2,-7],[2,-6],[5,-19],[7,-27],[4,-17],[3,-11],[16,-64],[1,-15],[0,-4],[2,-23],[0,-2],[1,-17],[12,-41],[-1,-1],[0,-3],[-7,-21],[0,-1],[4,-17],[3,-10],[-1,-31],[16,-34],[9,-20],[0,-8],[2,-14],[11,-52],[0,-18],[-1,-21],[0,-22],[1,-13],[1,0],[1,-8],[1,-14],[1,-7],[0,-25],[1,-5],[4,-17],[2,-5],[11,-22],[0,-1],[-1,-1],[-3,-10],[-2,-19],[5,-27],[1,-3],[5,-14],[7,-20],[10,-63],[2,-12],[12,-112],[10,-95],[3,-23],[-4,-8],[1,-18],[2,-32],[2,-16],[6,-61],[6,-51],[6,-74],[0,-19],[-1,-17],[16,-53],[7,-24],[0,-17],[10,-63],[-1,-14],[-1,-7],[1,-16],[1,-13],[19,-93],[5,-38],[4,-30],[5,-22],[2,-10],[4,-28],[4,-21],[5,-26],[7,-32],[10,-41],[4,-21],[7,-31],[4,-10],[13,-42],[-1,-6],[0,-6],[-3,-32],[0,-20],[6,-49],[3,-25],[1,-7],[2,-16],[0,-2],[-1,-30],[1,-4],[2,-5],[0,-46],[5,-51],[1,-7],[-3,-31],[-1,-5],[4,-7],[1,-1],[0,-1],[-1,-11],[-1,-2],[2,-5],[0,-7],[3,-11],[3,-8],[5,-17],[-2,-9],[-3,-13],[5,-38],[5,-27],[6,-14],[7,-18],[1,-8],[1,-3],[0,-5],[-5,-17],[7,-22],[0,-16],[-5,-11],[3,-28],[0,-1],[2,-13],[2,-10],[6,-38],[2,-13],[4,-32],[-2,-15],[4,-11],[0,-24],[1,-4],[2,-7],[7,-54],[-5,-36],[4,-48],[-2,-21],[-4,-40],[0,-1],[2,-7],[1,-35],[1,-22],[-9,-30],[-5,-91],[4,-11],[1,-2],[5,-12],[0,-75],[-1,-7],[0,-2],[-1,-9],[-9,-50],[5,-60],[1,-14],[0,-13],[-13,-59],[-8,-39],[-8,-114],[-3,-40],[-3,-43],[-14,-43],[-7,-17],[1,-1],[51,-5]],[[91964,9],[-53,0],[-122,-1],[-1913,0]],[[87803,5495],[0,-1],[34,-20],[18,-9],[21,-10],[9,-3],[1,-1],[14,-6],[12,-3],[14,-5],[27,-8],[10,-3],[19,-5],[28,-6],[19,-3],[8,-1],[46,-6],[9,-1],[14,-1],[55,-6],[154,-16],[11,-1],[142,-15],[137,-14],[98,-10],[8,-1],[47,-5],[23,-3],[26,-4],[19,-3],[28,-7],[19,-4],[30,-9],[40,-15],[1,0],[44,-17],[5,-2],[13,-5],[1,0],[50,-20],[51,-20],[17,-7],[18,-6],[32,-12],[26,-9],[27,-8],[24,-6],[4,-2],[34,-7],[30,-6],[31,-6],[32,-4],[28,-4],[23,-2],[8,0]],[[89442,5147],[7,-7],[16,-17],[11,-11],[4,-5],[58,-58],[4,-5],[6,-7],[31,-29],[5,-4],[0,-1],[2,-2],[2,-3],[5,-4],[7,-9],[6,-9],[3,-4],[1,0],[6,-4],[9,-7],[51,-48],[7,-7],[18,-15],[26,-24],[5,-5],[1,-2],[1,0],[9,-4],[8,-3],[1,0],[28,-28],[16,-17],[7,-7],[3,-6],[1,-6],[-27,18],[-22,-15],[0,-1],[1,-1],[0,-1],[1,0],[1,-4],[0,-1],[1,-1],[-4,-7],[-8,-8],[-15,-11],[-44,-27],[-6,-3],[-5,-5],[-1,-8],[0,-1],[1,0],[2,-3],[11,-9],[8,-5],[7,-2],[10,-7],[11,-3],[16,-4],[16,-2],[50,0],[10,-2],[7,-3],[2,0],[7,-4],[3,-1],[16,-12],[25,-30],[8,-5],[24,-8],[4,-2],[0,-1],[4,-2],[7,-12],[4,-5],[10,-3],[16,0],[7,-1],[5,-2],[2,-2],[34,-26],[4,-1],[8,-1],[4,1],[1,2],[1,3],[0,2],[14,1],[16,2],[7,-4],[7,-2],[6,-2],[24,0],[22,-2],[6,-1],[2,-2],[8,-5],[3,-3],[6,-5],[2,-3],[4,-4],[7,-14],[-1,-6],[-5,-20],[1,-1],[6,-16],[-7,-7],[0,-3],[2,-1],[3,-1],[45,11],[27,6],[22,1],[7,-1],[12,-5],[1,0],[15,-12],[9,0],[0,3],[-4,34],[33,-4],[1,1],[0,-1],[1,-3],[0,-7],[3,0],[6,-1],[2,0],[4,1],[2,0],[8,4],[24,13],[3,2],[4,2],[1,0],[3,2],[2,0],[9,3],[3,0],[5,1],[0,-1],[-8,-13],[1,0],[3,-2],[3,0],[4,1],[-1,-1],[-3,-2],[1,-9],[1,-1],[1,0],[1,-2],[1,-1],[8,-7],[2,-2],[15,-6],[7,0],[9,-1],[83,3],[193,8],[5,-1],[1,-6],[-3,-1],[-21,-2],[-173,-9],[-55,-2],[-30,-3],[-6,-1],[-7,-4],[2,-6],[2,-4],[5,-6],[2,-3],[4,-4],[6,-5],[9,-6],[5,-1],[8,-1],[88,5],[171,9],[3,0],[1,-1],[0,-6],[-213,-12],[-78,-4],[0,-1],[18,-30],[2,-5],[1,-1],[124,4],[147,5],[13,0],[3,-1],[0,-1],[1,-3],[1,-4],[-7,-2],[-219,-7],[-61,-2],[-16,-2],[-18,-11],[-3,-9],[1,0],[0,-1],[5,-3],[5,-2],[9,-1],[19,-2],[23,0],[10,-1],[5,0],[19,-6],[11,-4],[59,-8],[23,-3],[0,-1],[-3,-6],[0,-1],[1,-1],[2,-3],[1,0],[2,-1],[169,-32],[3,-1],[-1,0],[-3,-4],[-3,0],[-9,2],[-39,6],[-110,19],[-7,1],[-5,-1],[0,-3],[9,-8],[15,-7],[12,-3],[73,-8],[13,-3],[2,-1],[2,-8],[2,-1],[20,-6],[19,-11],[1,-1],[9,-8],[1,-2],[0,-1],[-4,-4],[1,0],[0,-1],[3,-2],[44,-4],[10,1],[4,1],[4,2],[9,11],[3,2],[2,-1],[1,0],[0,-1],[9,-9],[5,-2],[22,-6],[2,-1],[-3,-2],[-26,-1],[-7,-1],[-5,-2],[-3,-4],[-3,-14],[-13,10],[-7,3],[-7,1],[-4,-1],[-2,0],[-4,-2],[0,-1],[-1,0],[-1,-2],[0,-4],[1,-4],[1,-2],[12,-20],[6,-8],[30,-50],[16,-26],[0,-1],[1,-2],[1,-3],[1,-2],[5,-6],[-1,0],[-23,5],[-4,7],[-2,3],[-5,9],[-7,10],[-3,2],[-1,0],[-7,17],[-4,9],[-12,21],[-29,50],[-1,1],[-2,1],[-19,2],[-71,0],[14,-24],[8,-14],[45,-76],[3,-7],[2,-5],[-1,0],[-8,-1],[-12,3],[-84,138],[-1,2],[-33,7],[-6,1],[-12,3],[-39,7],[0,-5],[2,-2],[11,-19],[0,-4],[15,-22],[6,-11],[24,-40],[-1,0],[0,-1],[-3,0],[-4,-1],[-10,-2],[-60,99],[-31,50],[-1,3],[-3,3],[-3,7],[-2,1],[0,1],[-1,0],[-8,1],[-26,0],[-9,-3],[0,-1],[1,-1],[0,-2],[1,-1],[0,-2],[11,-20],[3,-4],[2,-3],[0,-2],[15,-24],[27,-44],[8,-14],[7,-11],[4,-6],[7,-9],[8,-12],[2,-4],[23,-30],[2,-2],[0,-1],[23,-1],[3,-9],[6,-12],[12,-40],[5,-15],[2,-8],[2,-3],[0,-3],[4,-16],[3,-7],[9,-4],[-3,-3],[1,0],[8,-1],[5,1],[5,0],[5,-2],[18,0],[-42,116],[31,-2],[1,-2],[25,-85],[5,-20],[2,-10],[28,0],[5,-5],[5,0],[13,2],[10,2],[6,2],[8,5],[7,5],[3,5],[0,4],[-1,16],[-1,5],[11,44],[35,-2],[6,0],[0,-1],[-2,-9],[-7,-18],[1,0],[43,-2],[0,-1],[1,-3],[5,-12],[4,-8],[1,-3],[2,-3],[0,-1],[-1,-5],[-5,-4],[-9,-5],[-16,-7],[-5,-1],[-65,-23],[-14,-1],[-17,1],[-19,-21],[-5,-6],[53,-29],[28,-6],[41,-9],[18,-2],[24,-5],[1,-3],[11,-11],[13,-2],[0,4],[19,-4],[10,6],[18,2],[5,4],[8,8],[21,4],[20,3],[15,-2],[-9,-6],[-20,-4],[-16,-3],[-7,-6],[-15,-4],[-6,-6],[-5,-7],[1,-5],[0,-1],[1,-2],[-1,0],[-3,-5],[-9,-5],[-3,-3],[5,-5],[14,2],[14,5],[9,4],[14,1],[12,5],[13,-5],[-4,-5],[0,-1],[1,-2],[1,-3],[1,-1],[0,-1],[-1,0],[-14,-6],[-5,-4],[-13,-1],[-14,-3],[-12,-4],[-10,-2],[-13,-4],[-10,-6],[-5,-6],[-4,-9],[2,-3],[0,-14],[-1,0],[-6,-7],[-7,-10],[-2,-2],[0,-2],[4,-6],[-1,-4],[-1,-5],[-5,-5],[-2,-8],[4,-6],[3,-5],[7,-4],[-1,-1],[-5,-6],[-20,-2],[-16,2],[-4,-5],[1,-4],[1,-2],[0,-8],[-3,-9],[-6,-6],[-9,-11],[-4,-4],[-9,-2],[-8,-9],[-7,-8],[-8,-7],[-6,-8],[-7,-4],[-10,-4],[0,-1],[-1,-2],[0,-1],[-8,-2],[-2,-4],[12,-12],[2,-4],[8,-2],[7,2],[11,-1],[11,2],[12,2],[17,1],[10,-3],[0,-1],[-1,0],[-9,-2],[1,-1],[1,-3],[-13,-4],[-17,-3],[-4,-3],[-5,-3],[-3,-3],[7,-4],[3,-2],[6,-7],[-3,-5],[3,-5],[0,-1],[3,-3],[10,-4],[4,-6],[12,-7],[5,-7],[10,0],[9,-5],[4,-5],[7,-8],[9,-4],[0,-3],[8,-2],[0,-3],[2,-2],[-2,-5],[-1,-2],[0,-1],[1,-5],[12,-7],[12,-2],[10,-3],[10,-6],[3,-3],[4,-5],[0,-1],[-1,-9],[-2,-8],[3,-4],[2,-4],[12,-4],[20,-8],[8,-7],[0,-1],[1,-23],[-5,-16],[-9,-14],[-12,-7],[-18,-13],[-8,-6],[0,-1],[-2,-8],[4,-7],[7,-6],[26,4],[15,-2],[13,4],[21,1],[17,2],[14,2],[17,2],[15,0]],[[91146,3275],[-1,0]],[[91145,3275],[-7,-6],[-34,-9],[-25,-6],[-35,-7],[-14,-5],[-9,-3],[-24,-9],[-3,-7],[-1,-5],[-10,-6],[-10,-3],[-16,-6],[-9,-8],[-7,-8],[1,0],[10,-4],[0,-1],[-1,0],[-1,-7],[6,-2],[13,0],[15,-3],[17,-3],[20,3],[17,1],[10,-4],[0,-1],[-1,0],[-3,-5],[-19,-3],[-35,0],[-19,2],[-14,-6],[2,0],[4,-4],[20,-3],[27,0],[52,1],[36,1],[60,4],[17,0]],[[91175,3153],[2,1],[-1,0],[-4,-4],[-35,-6],[-20,-3],[-20,-4],[-15,-4],[-21,0],[-20,1],[-40,0],[-18,1],[-22,-2],[-17,-3],[1,-4],[1,0],[11,-2],[14,-1],[6,-8],[-1,0],[-13,-4],[-20,-5],[-4,-5],[1,-4],[8,-7],[1,-4],[0,-2],[-9,-7],[-9,-5],[-1,-6],[0,-5],[1,-3],[-2,-6],[-4,-6],[-13,-6],[-7,-8],[-4,-7],[-1,-1],[-6,-8],[-5,-5],[1,0],[6,-1],[5,-4],[0,-3],[-1,-2],[7,-10],[9,0],[9,-2],[-2,0],[-9,-3],[0,-6],[-89,12],[-261,23],[-88,8],[-2,1],[-8,-2],[-2,-6],[-6,-1],[-8,-5],[-16,2],[-13,0],[0,-1],[2,-3],[-1,0],[-8,1],[-15,-2],[0,-5],[8,0],[7,-2],[-1,-1],[-8,-2],[-8,0],[-3,-5],[-5,3],[-12,2],[0,-1],[1,-3],[7,-4],[7,-3],[5,-4],[-1,0],[0,-1],[-11,-3],[1,-2],[0,-3],[1,-5],[6,0],[-1,-1],[-2,-1],[0,-9],[-9,-5],[-14,-2],[-22,-2],[-7,3],[4,4],[1,3],[0,2],[-9,3],[-17,4],[-2,3],[-1,0],[3,4],[-12,3],[-23,-2],[-12,-2],[-19,-2],[-20,-3],[-31,-6],[-11,-5],[-1,-5],[-9,-4],[-2,-6],[2,-3],[-6,-8],[2,0],[15,1],[9,-4],[-1,-1],[-1,-3],[-9,2],[-10,-4],[-6,-5],[-7,0],[-1,-4],[1,0],[7,-3],[2,-1],[2,-4],[-1,-6],[-12,-1],[-4,-5],[1,0],[2,-5],[-5,-3],[-9,-5],[0,2],[-6,2],[-11,-2],[-12,-3],[-8,1],[-3,3],[0,1],[-7,0],[-16,3],[-5,-3],[-5,1],[-7,-4],[-9,1],[1,-2],[1,-1],[2,-4],[-7,-2],[-12,-3],[-13,-1],[-11,-1],[-9,-1],[-11,-1],[-7,-3],[-10,-3],[-5,2],[-4,-3],[-8,-1],[-4,4],[-12,-2],[-19,10],[-12,-3],[-1,-1],[3,5],[-6,3],[-6,-5],[1,-4],[-13,-6],[-5,3],[-8,1],[-1,-1],[-1,-2],[-6,-3],[-13,4],[-19,-1],[-8,-4],[-14,0],[-6,-7],[-5,-5],[0,-1],[1,-3],[0,-1],[6,-4],[10,-4],[0,-3],[-1,0],[-10,-5],[-4,3],[-6,4],[-6,0],[-8,7],[-6,-3],[0,-9],[1,-2],[-6,-1],[0,-5],[-5,-2],[-1,0],[-1,6],[-1,2],[0,1],[-7,2],[-8,-3],[-6,-6],[-16,-7],[-8,-2],[-11,0],[-5,-4],[-5,-7],[0,-4],[-12,0],[-11,-5],[-3,-9],[1,-6],[2,-4],[0,-1],[-8,-5],[6,-4],[-2,-6],[0,-7],[-9,1],[-6,3],[-2,3],[-6,3],[1,3],[0,1],[-10,1],[-7,5],[-10,6],[-6,-4],[-6,-2],[-11,1],[-5,1],[-8,4],[-10,2],[-3,-4],[-10,0],[-15,-2],[-10,-3],[-11,-3],[-12,2],[-10,-1],[-4,-3],[-8,-3],[-7,2],[-6,-1],[0,-3],[-9,-3],[-7,-6],[-4,-5],[-1,-8],[1,-1],[1,-2],[1,-3],[8,-4],[1,-1],[2,-4],[-1,-6],[-5,-2],[-13,-2],[-17,-1],[-7,-3],[1,-4],[1,-2],[2,-3],[11,-1],[9,-1],[4,-2],[0,-1],[-6,-5],[-1,-5],[-6,-2],[-1,-3],[7,-4],[1,-2],[0,-3],[6,-5],[14,1],[15,4],[10,5],[6,6],[-2,7],[0,4],[7,3],[5,-1],[5,-2],[8,0],[11,-5],[-1,0],[-3,-3],[1,0],[0,-5],[15,-5],[1,0],[2,-2],[-2,-4],[5,-5],[11,-1],[1,-7],[-6,-2],[-16,0],[-16,2],[-3,2],[-11,-2],[-16,1],[-8,-3],[-12,-1],[-18,-1],[-3,-4],[-6,3],[-12,1],[-15,1],[-5,-7],[-1,-2],[-1,-3],[-15,-4],[-15,-5],[-2,-7],[-1,-1],[0,-2],[-6,-12],[-1,-3],[-8,-10],[0,-1],[4,-3],[-6,-6],[-10,-2],[0,-5],[1,-12],[9,-9],[16,-9],[19,-10],[8,-8],[19,-5],[15,-6],[9,-1],[26,1],[18,2],[11,1],[12,1],[15,6],[9,6],[16,2],[3,1],[8,5],[13,5],[7,5],[7,6],[7,5],[8,3],[6,5],[3,5],[2,7],[16,-1],[13,0],[16,2],[14,2],[11,-1],[-1,-4],[0,-4],[1,0],[6,-1],[16,-2],[6,-6],[0,-3],[1,-4],[-1,-6],[-6,-4],[0,-3],[-22,2],[-8,5],[-17,1],[-17,-3],[-16,-4],[-12,-7],[0,-1],[3,-5],[0,-1],[-4,-5],[-11,-4],[-8,-6],[-8,0],[-3,2],[-12,-8],[-11,-2],[-13,-4],[-14,-3],[-11,-6],[-7,-4],[2,-5],[0,-1],[1,-1],[-1,0],[-6,-3],[1,-1],[2,-3],[-1,0],[-9,3],[-11,4],[-13,1],[-8,-1],[-13,4],[-16,3],[-18,1],[-16,1],[-7,3],[-10,0],[-15,-3],[-20,-6],[-13,-6],[-10,-6],[-4,-6],[4,-5],[0,-6],[-1,-3],[0,-2],[1,-3],[0,-3],[-2,-7],[-4,-9],[0,-14],[6,-6],[12,-5],[1,0],[1,-1],[2,-3],[0,-5],[-1,-9],[-7,-7],[-6,-5],[0,-1],[-2,-5],[-1,-5],[1,0],[9,-7],[14,-5],[12,-1],[12,1],[10,2],[10,4],[12,8],[9,5],[1,-1],[3,-2],[6,-6],[7,-3],[11,-6],[9,-4],[12,-3],[1,-3],[13,-2],[13,0],[15,1],[0,-3],[1,-2]],[[89535,2339],[0,1]],[[89535,2340],[9,5],[2,4],[12,3],[8,0],[8,2],[12,-2],[4,-3],[0,-4],[-11,0],[-2,-5],[-7,-8],[-8,-7],[-6,-7],[-9,-6],[2,-2],[1,-2],[8,-3],[7,-6],[8,-5],[0,-7],[4,-5],[2,-2],[2,-1],[-2,-5],[-1,-7],[-10,2],[-5,-2],[1,0],[5,-3],[3,-4],[5,-2],[7,-1],[5,-3],[1,-3],[7,-1],[3,-2],[5,-5],[4,-5],[3,-3],[-1,0],[-4,-4],[0,-3],[-16,0],[1,-1],[5,-2],[-4,-6],[-7,-2],[-9,2],[-8,-5],[0,-6],[4,-4],[-2,-2],[-6,-5],[8,0],[1,-1],[2,-3],[-1,-3],[1,0],[6,-3],[3,-4],[4,1],[22,-10],[-21,0],[-13,-1],[-16,-3],[-11,-4],[-16,6],[0,1],[4,4],[-1,1],[-1,2],[-11,4],[-10,6],[-11,7],[-1,1],[-1,4],[-1,2],[-14,5],[-11,3],[-1,1],[-5,4],[-6,5],[6,2],[4,4],[-4,3],[-1,0],[3,3],[2,3],[1,0],[-4,3],[4,4],[-1,4],[-4,3],[-1,3],[0,1],[-11,1],[-16,2],[-9,2],[-10,4],[-12,1],[-9,-3],[-7,-5],[-6,7],[0,1],[-1,0],[-7,-3],[-11,3],[-13,0],[-9,-1],[-9,3],[-13,-2],[-4,-4],[-5,3],[-13,3],[-10,-5],[-5,-6],[-2,-7],[1,0],[5,-3],[0,-4],[-4,-1],[-2,-5],[0,-3],[-7,-6],[-15,6],[-2,2],[-2,3],[-3,6],[-5,4],[-6,2],[-5,-2],[-7,4],[-10,2],[0,1],[-1,0],[-1,3],[1,5],[5,1],[1,1],[-14,2],[-7,5],[-11,4],[-3,4],[1,3],[3,4],[1,0],[-3,1],[-13,3],[-8,4],[-1,0],[4,2],[0,1],[2,0],[-7,1],[-12,6],[-5,7],[0,1],[-9,-3],[-13,-4],[-12,-7],[-8,-6],[-11,-5],[-4,2],[-2,0],[-1,1],[11,5],[6,3],[-1,2],[-2,3],[5,2],[2,4],[-3,4],[-13,3],[-10,2],[-4,1],[-8,-6],[-5,3],[-2,4],[0,1],[1,3],[0,2],[-11,1],[-7,-3],[-13,-4],[-12,2],[-5,3],[-3,3],[0,1],[-7,5],[0,3],[1,1],[-10,-2],[-7,-1],[-6,3],[-5,-4],[-9,2],[-6,-2],[-9,0],[-7,2],[-9,4],[-13,-1],[-17,-4],[-23,1],[-9,3],[-7,4],[-1,0],[2,2],[1,0],[-4,3],[-5,5],[5,5],[11,3],[0,4],[-5,5],[-11,0],[-8,-2],[-9,4],[0,1],[-1,2],[0,1],[6,5],[0,3],[5,1],[5,5],[-2,3],[0,1],[-1,0],[5,2],[6,1],[0,1],[-2,5],[-5,5],[10,5],[4,5],[-11,1],[-5,-5],[-8,-9],[-10,1],[-20,0],[0,3],[4,7],[1,0],[0,1],[-5,3],[-11,1],[-13,-2],[-11,-1],[-19,1],[-16,2],[-8,3],[-4,-3],[-6,-3],[-6,-2],[-5,3],[-7,5],[-1,0],[-4,1],[-13,1],[-5,2],[-4,-4],[-4,-2],[-9,-3],[0,-2],[-3,-3],[-8,1],[-6,-4],[-4,-4],[-9,0],[-7,-4],[-4,3],[0,3],[9,9],[8,3],[4,2],[2,4],[1,1],[6,2],[3,-1],[4,4],[1,0],[-24,5],[-7,3],[0,1],[1,4],[1,0],[-9,1],[-12,-3],[-7,1],[-6,3],[-5,0],[-1,-1],[1,5],[1,0],[0,1],[8,1],[1,0],[-12,5],[-6,-4],[-5,3],[-1,1],[4,4],[8,6],[2,6],[1,0],[-9,5],[-12,-1],[-11,-4],[-3,-6],[-5,-5],[-10,1],[-1,-3],[-6,0],[-7,3],[-8,1],[-11,1],[-1,-3],[-1,-1],[-419,-165]],[[86672,2401],[-42,5],[-110,17],[-30,6],[-63,13],[-39,5],[-17,-5],[-30,-9],[-95,-33],[-63,-17],[-18,-4],[-5,-2],[-79,-9],[-16,-2],[-87,-2],[-62,17],[-26,49],[-6,6],[-45,44],[-6,16],[-3,7],[-6,17],[-5,10],[0,1],[-3,5],[-17,25],[-5,8],[0,1],[-37,35],[-155,-9],[-29,-3],[-161,-16],[-31,-2],[-8,-1],[-87,-7],[-121,-19],[-38,-38],[-16,-21],[-26,-32],[-33,-68],[-4,-34],[-4,-29],[-75,-23],[-24,-10],[-30,-12],[-30,-11],[-126,-46],[-173,-33],[-166,-44],[-95,-15],[-22,-3],[-12,-2],[-48,-4],[-5,0],[-64,-6],[-141,5],[-71,13],[-28,5],[-92,20],[-89,35],[-50,20],[-109,49],[-9,4],[-1,1],[-3,2],[-115,30],[-66,-7],[-59,-7],[-58,-6],[52,46],[2,0],[-33,3],[-15,0],[-6,-1],[-7,0],[-2,-1],[-5,-2],[-6,4],[-1,1]],[[79749,7089],[101,25],[77,18],[33,9],[36,8],[40,10],[26,7],[305,74],[8,3],[60,14],[32,8],[1,0],[-6,3],[-1,2],[-4,2],[-2,4],[-1,1],[0,10],[-1,6],[-4,43],[0,20],[-4,70],[-3,40],[-2,43],[-2,17],[-1,15],[0,3],[-1,2],[-1,19],[-6,68],[0,8],[-1,15],[-1,11],[-2,28],[-3,31],[-2,30],[-1,14],[-1,5],[-1,13],[-7,135],[-1,25],[-7,101],[-10,152],[-3,36],[0,4],[-1,20],[-7,129],[0,1],[51,12],[128,29],[37,9],[26,7],[23,8],[28,10],[21,10],[126,62],[121,60],[44,23],[46,24],[56,34],[51,32],[22,13],[52,29],[47,26],[32,16],[9,4],[6,3],[20,8],[20,7],[16,4],[1,0],[23,5],[10,2],[52,9],[50,9],[14,3],[20,4],[23,4],[28,7],[27,7],[37,10],[28,9],[34,11],[3,1],[33,9],[13,2]],[[81759,8913],[1,1],[16,2],[19,3],[22,1],[29,0],[28,-2],[69,-8],[171,-21],[322,-41],[14,-2],[43,-5],[113,-15],[15,-2],[13,-3],[12,-4],[5,-2],[6,-3],[7,-5],[1,-2],[1,0],[3,-3],[1,-2],[1,-1],[3,-4],[0,-2],[1,-4],[1,-3],[-5,-19],[-13,-24],[-10,-18],[-2,-6],[-11,-20],[-14,-27],[-25,-46],[-29,-59],[-3,-10],[-1,-5],[-4,-19],[-2,-14],[3,-27],[3,-16],[3,-33],[1,-5],[1,-17],[10,-75],[1,-7],[1,-8],[4,-36],[2,-23],[4,-27],[1,-5],[0,-3],[2,-23],[1,-8],[3,-26],[2,-12],[0,-4],[5,-45],[1,-3],[9,-81],[1,-18],[3,-25],[2,-26],[1,-1],[12,-6],[335,-118],[59,-22],[110,-41],[6,-3],[64,-23],[125,-45],[219,-79],[154,-56],[124,-45],[1,-1],[19,-7],[60,-22],[20,-7],[95,-34],[1,-1],[224,-81],[0,-1],[172,-56],[81,-27],[57,-20],[22,-7],[66,-24],[19,-8],[15,-8],[10,-7],[12,-9],[0,-1],[25,-22],[3,-4],[13,-14],[7,-11],[2,-2],[2,-4],[4,-6],[1,-4],[3,-8],[1,-11],[1,-9],[-1,-1],[-2,-15],[-34,-22],[-2,0],[-51,-26],[-8,-5],[-3,-1],[1,0],[30,-8],[15,-3],[16,-2],[15,-2],[1,0],[31,-2],[20,0],[23,-3],[19,-4],[16,-4],[33,-12],[21,-9],[8,-4],[8,-2],[12,-4],[13,-3],[17,-2],[19,-2],[16,0],[27,1],[19,1],[10,4],[0,-1],[2,-3],[8,-4],[6,-2],[7,-2],[6,-1],[7,-1],[7,-2],[5,0],[2,-1],[15,-1],[13,-2],[8,-1],[4,-1]],[[85144,6959],[-12,-23],[-12,-32],[-104,3],[-2,-5],[-7,-17],[-2,-5],[-1,-1],[-2,-5],[-7,-17],[-3,-6],[0,-1],[-4,-7],[-5,-11],[-6,-14],[-8,-7],[1,0],[68,-33],[11,-6],[155,-74],[15,-7],[27,-13],[13,-6],[56,-27],[0,-1],[36,-17],[70,-36],[1,0],[3,-5],[2,-5],[-1,-4],[0,-1],[-1,-1],[-3,-5],[-40,-29]],[[86693,6219],[0,-1],[1,-1],[1,-4],[0,-1],[3,-3],[6,-9],[1,-2],[1,-1],[6,-4],[6,-6],[8,-7],[11,-7],[6,-5],[9,-6],[26,-18],[9,-5],[13,-10],[15,-11],[15,-12],[34,-25],[11,-9],[8,-7],[11,-11],[1,0],[0,-1],[1,-1],[5,-4],[7,-7],[8,-10],[2,-2],[3,-4],[7,-7],[4,-5],[1,-2],[9,-11],[7,-7],[2,-3],[1,-2],[1,-1],[1,0],[1,-1],[0,-1],[4,-4],[2,-1],[7,-9],[19,-24],[2,-1],[5,-6],[5,-5],[18,-15],[8,-7],[7,-5],[11,-8],[47,-29],[9,-5],[1,-1],[13,-8],[1,-1],[1,0],[3,-2],[17,-10],[39,-23],[37,-22],[6,-4],[10,-7],[17,-14],[12,-12],[14,-17],[6,-7],[3,-4],[4,-6],[1,0],[2,-3],[13,-18],[25,-25],[17,-10],[2,-2],[16,-8],[16,-7],[1,-1],[18,-6],[16,-5],[4,-2],[30,-7],[18,-4],[51,-9],[27,-7],[36,-9],[27,-7],[33,-11],[26,-10],[24,-11],[15,-9],[7,-3],[5,-3],[12,-8],[2,-1],[1,-1],[6,-3],[13,-9],[1,0],[15,-10],[2,-1],[1,-1],[6,-3],[17,-11],[14,-8]],[[87803,5495],[-1,0],[-15,-4],[-36,-10],[-28,-7],[-37,-8],[-85,-20],[-23,-5],[-37,-8],[-30,-6],[-23,-4],[-22,-2],[-23,-2],[-145,-3],[-80,-1],[-27,0],[-104,-1],[-35,-1],[-113,0],[-231,-1],[-76,0],[-94,-1],[-145,0],[-26,-23],[-17,-14],[-1,-1],[-9,-8],[-14,-12],[-24,4],[-16,1],[-15,1],[-16,-1],[-13,-1],[-17,-2],[-4,-1],[-79,-13],[-23,-4],[-19,-3],[-46,-9],[-1,0],[-22,-6],[0,-1],[-2,-5],[0,-2],[-2,-3],[-15,-31],[-6,-11],[-1,-2],[-1,-1],[-7,-12],[-19,-33],[-38,-67],[-2,-2],[-6,-3],[-6,-2],[-7,-1],[-102,3],[-39,1],[-43,1],[-1,0],[-64,3],[-35,1],[-23,1],[-13,4],[-2,0],[-58,-22],[-39,-15],[-29,-9],[-34,-6],[-28,-3],[-31,-2],[-27,0],[-32,2],[-30,3],[-56,5],[-61,5],[-142,14],[-84,8],[-89,8],[-97,8],[-24,3],[-14,1],[-157,27],[-32,5],[-79,13],[-6,1],[-10,2],[-33,5],[-19,4],[-60,10],[-20,3],[-31,6],[-78,13],[-15,3],[-31,5],[-26,5],[-23,3],[-60,8],[-28,3],[-16,3],[-12,1],[-82,11],[-15,2],[-13,2],[-77,9],[-143,18],[-91,11],[-76,10],[-1,0]],[[83408,6424],[0,1],[2,9],[17,26],[32,49],[29,49],[4,6],[21,36],[20,33],[14,24],[4,5],[21,29],[5,7],[8,10],[18,24],[11,13],[14,19],[1,0],[124,-25],[108,-22],[16,-1],[6,0],[9,-1],[1,0],[105,-13],[154,-20],[16,-2],[235,-31],[4,0],[12,-1],[5,-1],[7,-1],[237,-28],[14,-2],[47,-5],[64,-8],[1,0],[154,-19],[26,-3],[54,-6],[22,-3],[26,-3],[1,0],[5,-1],[68,39],[139,-59],[66,-26],[2,2],[4,2],[1,1],[4,3],[1,1],[15,10]],[[85382,6541],[4,2],[17,6],[24,8],[24,6],[14,3],[1,0],[11,2],[27,5],[27,3],[13,0],[3,1],[26,1],[20,0],[59,1],[10,0],[78,1],[7,0],[212,3],[31,1],[110,1],[1,0],[12,1],[4,0],[31,1],[10,1],[7,1],[16,2],[-1,-1],[-16,-20],[-15,-19],[-29,-43],[-12,-18],[-1,-3],[0,-5],[1,-1],[0,-1],[14,-19],[2,-3],[3,-3],[7,-9],[11,-15],[15,-20],[8,-11],[16,-20],[1,0],[11,-12],[0,-1],[13,-11],[10,-6],[13,-6],[13,-4],[64,-19],[11,-3],[53,-15],[1,0],[6,-1],[19,-5],[5,-2],[21,-7],[26,-7],[140,-41],[47,-13],[10,-4],[13,-4],[32,0]],[[87835,14],[-67,-1],[-203,-2],[-67,0],[-128,-4],[-477,0],[-910,-1],[-1360,0],[-734,-1],[-1000,0],[-786,-1],[-514,0],[-206,-1],[-996,0]],[[81767,3099],[6,-2],[12,-3],[6,-2],[5,-1],[3,-1],[7,-1],[3,-1],[5,-2],[14,-3],[6,-2],[35,-9],[106,-27],[26,-7],[10,-2],[29,-7],[87,-22],[29,-8],[131,-33],[187,-48],[89,-22],[3,-1],[49,-12],[62,-16],[30,-8],[101,-25],[36,-10],[92,-23],[18,-5],[35,-9],[47,-12],[140,-36],[46,-12],[59,-15],[33,-9],[12,-4],[9,-5],[7,-5],[1,0],[1,-2],[10,-40],[3,-9],[3,-12],[1,-7],[5,-30],[0,-2],[1,-5],[0,-1],[1,-4],[0,-2],[5,-34],[1,-3],[10,-118],[2,-17],[0,-4],[-2,-5],[-6,-4],[-6,-3],[-6,-2],[-20,-5],[-49,-12],[-12,-6],[-7,-3],[-7,-7],[0,-1],[-4,-5],[-1,-2],[-1,-4],[-1,-2],[-2,-6],[0,-1]],[[83262,2331],[0,-10],[-9,1],[-13,-1],[-4,-3],[0,-1],[-1,-6],[-2,-16],[-2,-19],[-9,-9],[-13,-2],[-34,0],[-13,2],[-15,3],[-43,9],[-30,1],[-15,2],[-27,9],[-12,2],[-9,1],[-10,0],[-27,-3],[-50,-9],[-27,-9],[-14,-4],[-26,-7],[-42,-4],[-8,-2],[-6,-5],[-1,-1],[-4,-6],[-10,-17],[-9,-14],[-6,-5],[-4,-2],[-11,-2],[-5,0],[-16,7],[-11,1],[-22,0],[-25,-1],[-3,-1],[-1,-1],[-11,-15],[-61,-101],[-45,-85],[-135,-250],[-3,-4],[-39,-76],[-5,-10],[-31,5],[-92,7]],[[82250,1680],[1,0]],[[82251,1680],[0,-1],[5,-24],[3,-7],[0,-1],[8,-20],[12,-31],[34,-91],[0,-1],[4,-10],[7,-20],[5,-13],[11,-27],[29,-78],[8,-22],[8,-21],[3,-6],[1,-6],[8,-19],[4,-10],[14,-39],[8,-21],[1,-3],[39,-106],[25,-65],[3,-8],[19,-50],[8,-9],[43,13],[106,31],[21,7],[60,18],[58,20],[138,44],[67,21],[56,18],[37,13],[26,9],[22,10],[18,9],[64,33],[77,31],[65,22],[100,30],[139,39],[24,7],[219,77],[1,0],[41,13],[123,38],[41,12],[39,12],[76,22],[2,1],[22,5],[30,5],[23,4],[24,3],[99,5],[157,9],[36,1],[131,6],[87,4],[26,2],[164,8],[70,3],[87,5],[98,4],[122,6],[31,-1],[35,-1],[9,0],[9,-1],[17,-2],[34,-3],[34,-4],[3,-1],[21,-4],[24,-4],[32,-7],[15,-4],[28,-7],[32,-6],[55,-12],[28,-5]],[[81677,6358],[1,0],[98,6],[32,2],[264,17],[6,1],[30,2],[54,3],[8,1],[84,5],[75,4],[41,2],[26,2],[22,1],[124,7],[55,3],[85,2],[98,3],[38,1],[64,1],[48,1],[231,4],[216,4],[29,-5],[2,-1]],[[83408,6424],[-1,-8],[-1,-1],[1,-5],[3,-10],[1,-1],[2,-4],[1,-3],[4,-7],[0,-1],[5,-12],[3,-7],[1,-1],[8,-15],[1,-2],[7,-12],[0,-1],[4,-5],[7,-12],[2,-4],[20,-33],[80,-137],[7,-7],[6,-7],[1,-2],[1,0],[1,-1],[7,-6],[59,-51],[2,-1],[10,-4],[5,-3],[13,-5],[4,-1],[3,-1],[46,-8],[24,-5],[7,-1],[27,-5],[35,-7],[9,-1],[3,-1],[72,-13],[23,-4],[36,-6],[-49,-49],[-4,-5],[-28,-25],[-1,-1],[-99,-63],[-18,-17],[-7,-9],[-4,-9],[-2,-7],[0,-1],[-5,-56],[-4,-55],[-1,-4],[-5,-66],[-2,-6],[-1,-6],[-6,-11],[-2,-3],[-6,-8],[-56,-66],[-45,-52],[-1,0],[-23,-29],[-75,-86],[-25,-29]],[[87486,1906],[208,60],[42,13],[182,52],[68,21],[8,2],[30,0],[15,-1],[-1,-3],[-7,-7],[1,0],[5,-1],[12,-1],[5,-7],[-5,-3],[-9,-3],[-3,-3],[1,0],[6,-2],[-1,-1],[1,0],[6,-1],[8,0],[6,-3],[12,1],[0,-1],[-1,-8],[-3,0],[-4,-3],[4,-2],[0,-2],[-4,-6],[-7,-1],[0,-4],[-5,2],[-4,-3],[-6,-3],[-6,-6],[-10,0],[-6,1],[-2,-5],[-1,-3],[-9,0]],[[88012,1975],[1,0]],[[88013,1975],[2,-2],[-5,-3],[-3,-6],[1,0],[4,-5],[-3,-5],[1,0],[12,-4],[5,4],[8,4],[1,0],[-1,2],[-1,3],[3,1],[6,-4],[7,1],[7,0],[0,-2],[1,0],[12,-4]],[[88070,1955],[1,-1]],[[88071,1954],[-3,3],[0,1],[4,4],[11,-2],[14,-1],[11,0],[10,3],[9,-2],[10,-3],[16,0],[8,-1],[0,-1],[2,-3],[0,-2],[-7,-2],[-4,0],[-9,-5],[-11,-3],[-9,-5],[-11,0],[0,-3],[-14,-3],[1,-5],[1,-3],[8,-15],[9,-18],[11,-8],[6,1],[10,-1],[14,-7],[-4,4],[7,4],[11,1],[8,-2],[6,-5],[1,-5],[-2,-7],[0,-1],[-5,-4],[4,-4],[3,-4],[-2,-3],[3,-4],[7,1],[2,3],[1,2],[-3,8],[3,3],[1,6],[0,3],[1,4],[11,0],[1,3],[9,-1],[1,-1],[2,-5],[2,-8],[1,0],[11,-11],[15,-16],[10,-7],[13,-3],[17,-2],[9,0],[-1,-1],[-3,-2],[-11,-3],[-2,-3],[-9,-3],[-13,-4],[-8,-2],[-5,-5],[0,-1],[2,-2],[1,-4],[2,-3],[1,-2],[-10,-5],[-3,-3],[1,-1],[1,-3],[0,-1],[22,-13],[11,-7],[20,-8],[9,-3],[8,-8],[4,5],[22,0],[1,-2],[11,1],[7,2],[10,3],[5,1],[1,0],[-5,2],[-1,0],[3,2],[8,1],[3,3],[-3,2],[-1,0],[4,3],[5,-1],[6,0],[5,3],[5,0],[2,2],[0,1],[-3,1],[-1,1],[5,5],[4,1],[0,5],[5,3],[4,4],[6,2],[5,1],[0,-6],[6,-2],[-2,-4],[1,0],[2,-2],[2,-3],[-1,-2],[-1,-1],[0,-1],[-8,-5],[1,0],[6,-2],[-1,0],[-1,-4],[-5,-4],[-2,1],[-1,-4],[3,-2],[-1,0],[-6,-5],[-12,-3],[-16,-7],[1,0],[20,4],[6,0],[-2,-3],[3,-4],[-3,-1],[5,-15],[-3,-3],[0,-5]],[[88423,1703],[0,1]],[[88423,1704],[5,1],[1,-3],[0,-5],[1,0],[6,-5],[16,-8],[9,-7],[5,-6],[14,4],[2,-1],[1,0],[4,-4],[3,-1],[-3,-7],[5,-7],[3,-2],[2,-3],[-4,-4],[1,0],[5,-4],[10,-4],[-5,-3],[1,0],[10,-3],[13,-5],[9,-5],[11,-7],[14,-4],[11,2],[11,-3],[0,-1],[-2,-2],[-4,-3],[0,-1],[-1,-3],[2,-1],[0,-1],[1,-7],[1,0],[6,-3],[0,-4],[1,0],[10,-5],[21,-11],[30,-11],[11,0],[13,-2],[13,-3],[8,0],[10,1],[0,-3],[18,-6],[0,-4],[-2,-4],[1,0],[3,-3],[1,0],[-5,-5],[-3,-6],[-4,-5],[0,-5],[8,-3],[-1,0],[-7,-2],[0,-1],[4,-3],[10,-4],[8,-4],[20,-6],[15,-7],[19,-6],[15,-4],[17,1],[14,3],[14,2],[15,0],[16,-1],[9,-3],[7,-5],[15,-5],[8,1],[8,-4],[-1,-2],[-1,-4],[0,-1],[2,-4],[8,-2],[1,-2],[154,-43],[479,-122],[84,-22],[85,-25],[0,10],[4,-3],[11,-3],[3,0],[11,2],[11,3],[0,3],[12,0],[2,4],[2,5],[9,-7],[-1,-2],[-7,-4],[-5,-7],[-1,-5],[-1,-8],[0,-6],[4,-7],[-2,-2],[0,-1],[4,-7],[11,-8],[11,-4],[14,-12],[7,-7],[5,-7],[-3,-4],[-3,-6],[-1,-3],[3,-9],[1,-7],[3,-7],[3,-5],[1,-5],[0,-1],[4,-5],[6,-8],[14,-12],[5,-4],[-1,-1],[-3,-4],[6,-7],[0,-1],[1,-1],[5,-8],[-2,-7],[5,-7],[10,-4],[20,-5],[35,-7],[25,-4],[7,-14],[0,-5],[-2,-6],[-1,-9],[-9,-2],[-8,-3],[-8,-6],[-1,-1],[-2,-10],[3,-10],[24,-12],[9,-5],[-1,-1],[-3,-7],[-10,-9],[-6,-7],[-3,-11],[8,-7],[21,-9],[42,-11],[46,-12],[33,-6],[19,-15],[1,-4],[1,-3],[3,-5],[1,-4],[-6,-3],[-8,1],[-10,-3],[-6,-5],[0,-1],[2,-7],[6,-10],[9,-9],[13,-9],[7,-4],[-2,-4],[-9,-4],[-12,1],[-13,-2],[-11,-5],[-22,-3],[-13,-5],[-14,-14],[-1,0],[-3,-5],[-4,-11],[-7,-8],[-3,-7],[1,-12],[3,-3],[19,-20],[-1,0],[-4,-3],[-6,-6],[-1,-5],[-11,-9],[-4,1],[-6,-2],[-6,-9],[0,-21],[-3,-6],[0,-12],[-1,-7],[-1,0],[-6,-5],[0,-1],[3,-5],[2,-8],[11,-6],[11,-8],[30,-21],[17,-8],[13,-6],[9,-4],[6,-5],[7,-6],[7,-3],[12,-12],[-2,-17],[4,-7],[10,-6],[12,-7],[18,-6],[19,-5],[23,-3],[12,-5],[9,-4],[0,-1],[-4,-12],[1,0],[4,-5],[6,-6],[0,-1],[7,-7],[1,0],[6,-12],[0,-9],[-9,-5],[-17,-7],[-12,-3],[-8,2],[-8,4],[-5,-3],[-13,-1],[-19,-5],[-12,-3],[-15,-2],[-6,2],[-4,2],[-5,-1],[-5,0],[-3,-1],[3,-3],[7,-3],[2,-3],[1,-3],[-6,-5],[3,-5],[0,-1],[-7,-3],[-7,-1],[1,0],[6,-6],[11,-3],[13,-2],[3,-3],[5,-6],[0,-1],[-6,-5],[-10,-5],[-7,-3],[-5,0],[-7,1],[-1,-4],[1,0],[7,-4],[7,-10],[-4,-6],[-5,-7],[-3,-6],[0,-13],[-1,-3],[0,-8],[-5,-10],[-6,-5],[-2,-5],[-7,-6],[-12,-9],[-32,-25],[-7,-8],[-9,-4],[-13,1],[-15,3],[-12,1],[-10,2],[-19,6],[-29,6],[-10,3],[-12,4],[-6,6],[-1,4],[1,2],[3,3],[3,1],[25,0],[29,-2],[7,-1],[4,-1],[26,4],[11,5],[11,8],[3,4],[0,3],[-3,2],[-1,1],[-22,12],[-6,6],[-8,23],[-7,10],[-5,6],[-9,5],[-4,1],[-8,-1],[-4,-2],[-16,-14],[-17,-11],[-23,-6],[-47,-3],[-2,-2],[1,-1],[2,-1],[24,-10],[7,-3],[4,-3],[2,-4],[2,-6],[-1,-5],[-2,-8],[0,-4],[-1,-2],[2,-5],[2,-4],[2,-3],[0,-1],[5,-4],[6,-3],[41,-20],[14,-7],[8,-5],[0,-1],[4,-4],[6,-8],[12,-14],[17,-2],[0,-5],[1,0],[4,-1],[0,-1],[-2,-6],[-11,-9],[-10,-4],[-1,0],[-6,-3],[0,-1],[6,-13],[-4,-4],[-12,-4],[-7,-6],[-8,-6],[-8,-4],[-14,-6],[-15,-9],[-12,-12],[-9,-8],[-15,-10],[-8,-16],[-4,-4]],[[89876,8],[-665,0],[-136,3],[-360,0],[-435,1],[-14,0],[-211,1],[-217,1],[-3,0]],[[87835,14],[90,35],[271,107],[109,39],[1,0],[-7,4],[-1,1],[0,1],[-2,1],[-1,2],[-1,1],[-6,0],[-2,3],[-1,2],[-2,3],[-7,4],[-7,0],[-2,2],[0,1],[-1,0],[-5,-3],[-2,3],[-6,3],[-1,7],[0,5],[8,2],[12,6],[0,10],[-5,4],[-1,0],[1,2],[0,2],[-2,1],[0,3],[7,5],[4,4],[9,-1],[7,-1],[4,4],[3,0],[4,-3],[-5,-10],[-4,-5],[1,-6],[1,0],[3,-2],[2,-4],[1,0],[0,-1],[1,-4],[0,-3],[-1,-2],[0,-2],[-4,-1],[1,-3],[0,-4],[-9,0],[-3,-5],[0,-6],[1,0],[7,-4],[8,-1],[5,-4],[2,-2],[3,-2],[10,-1],[14,-4],[7,-3],[4,-4],[10,3],[12,-2],[9,-2],[10,1],[6,-2],[12,2],[26,0],[12,3],[12,1],[19,7],[17,7],[11,5],[11,8],[7,13],[-3,5],[-9,3],[-22,3],[-21,3],[-1,0],[-2,2],[-9,5],[0,6],[-8,7],[-1,1],[-10,2],[-8,-2],[-4,3],[-12,8],[-23,2],[0,4],[8,0],[10,-2],[15,0],[23,3],[14,9],[16,3],[16,6],[1,1],[-9,4],[-1,0],[-1,3],[6,4],[1,0],[-3,3],[-5,2],[-10,3],[-1,2],[0,2],[11,-1],[3,0],[-11,2],[-13,3],[-11,7],[-3,3],[0,1],[-2,2],[3,0],[9,-2],[2,7],[9,2],[5,3],[7,1],[5,1],[1,0],[0,1],[-5,1],[-2,2],[-1,0],[-3,3],[2,3],[-3,3],[-1,0],[5,2],[8,3],[8,2],[0,3],[-1,1],[-2,4],[-7,3],[-1,0],[1,-1]],[[88482,388],[11,0],[3,0],[-27,7],[-4,3],[0,2],[-1,3],[11,2],[6,2],[6,5],[11,1],[20,-3],[9,1],[27,0],[32,-1],[9,3],[-2,4],[-1,3],[-6,7],[-18,7],[-15,8],[-1,2],[-6,7],[-1,4],[-2,3],[-15,-2],[-17,1],[-15,-2],[-13,-3],[-7,-5],[-12,-7],[-3,-4],[10,-2],[5,-4],[0,-1],[-1,-4],[-12,-6],[-9,-2],[-2,-6],[-10,-1],[-6,2],[-5,-2],[-4,1],[-2,0],[6,6],[-15,-5],[0,-1],[1,-1],[-1,0],[-9,-5],[-11,3],[-13,5],[-1,1],[-1,3],[-1,1],[0,5],[4,8],[3,5],[1,1],[-17,-7],[-10,-2],[0,1],[-3,3],[-5,4],[-9,0],[-9,-2],[-9,2],[0,1],[1,4],[0,1],[-4,3],[-9,2],[-12,-1],[-8,3],[-1,0],[5,5],[1,0],[-1,1],[-1,0],[0,1],[1,2],[4,4],[1,6],[0,1],[-1,2],[-1,3],[-3,6],[0,1],[5,3],[0,3],[-1,2],[0,1],[-2,1],[-1,1],[-9,2],[-1,5],[-1,2],[-2,1],[-1,2],[-4,2],[-3,3],[9,6],[1,0],[-2,-1]],[[88286,514],[-20,-1],[-1,1],[-4,0],[-10,3],[-5,4],[-1,0],[4,3],[5,2],[1,0],[0,3],[3,2],[1,1],[-12,-1],[-7,2],[0,1],[5,4],[9,2],[3,4],[6,2],[8,-2],[4,4],[-1,0],[-1,4],[-11,0],[-6,1],[-1,0],[1,2],[1,1],[0,1],[-9,0],[1,4],[1,0],[-6,3],[-8,-2],[-3,2],[-11,2],[2,2],[4,3],[1,4],[0,1],[-19,-6],[-10,-2],[-6,3],[-10,3],[-14,-1],[-10,4],[-11,-1],[-2,0],[2,3],[5,2],[1,1],[-12,1],[-1,0],[3,4],[4,4],[0,2],[12,6],[2,0],[-11,1],[-5,3],[1,3],[0,1],[-6,0],[-9,2],[-1,0],[0,1],[-1,2],[0,4],[-10,-3],[-5,3],[0,1],[-1,3],[1,5],[0,1],[-9,0],[-5,1],[-6,4],[-5,3],[-1,0],[0,6],[-1,1],[0,2],[-10,0],[-1,2],[0,2],[-2,1],[0,1],[-1,1],[2,4],[1,0],[-9,4],[-1,0],[-2,1],[12,-1],[11,4],[8,1],[2,4],[1,1],[-2,4],[0,1],[-1,1],[0,8],[-8,-1],[-4,4],[-8,2],[-5,2],[3,5],[-13,1],[-8,3],[-9,-1],[-9,2],[-5,2],[-16,-4],[-6,1],[-1,3],[0,7],[-6,0],[-2,2],[0,1],[2,4],[1,1],[-7,-1],[-5,4],[-8,6],[-8,1],[-15,-2],[0,-6],[7,-5],[3,-1],[-1,0],[-11,-4],[-14,2],[-10,2],[-1,0],[0,1],[4,2],[0,1],[-7,0],[-3,3],[-7,-2],[-11,-1],[-5,-3],[-2,-3],[-14,-3],[-13,-1],[-8,-3],[-3,-7],[-11,4],[-12,3],[-10,-2],[-7,0],[-9,1],[-5,2],[-9,0],[-2,-4],[-7,-3],[-8,-2],[-15,1],[2,-4],[-7,-5],[-10,-4],[1,0],[3,-4],[3,-2],[-5,-4],[4,-7],[-4,1],[-4,8],[0,1],[-3,7],[-2,8],[-1,2],[3,4],[8,3],[1,0],[-5,3],[-1,0],[0,1],[2,3],[5,6],[1,6],[-9,5],[-5,6],[-4,4],[-9,5],[4,3],[13,6],[13,5],[33,4],[5,1],[4,-2],[17,-14],[3,-2],[2,-4],[-10,-11],[1,-1],[2,-3],[0,-1],[4,-4],[6,-3],[7,-3],[5,0],[7,1],[20,8],[10,11],[10,4],[26,8],[14,4],[14,3],[18,2],[18,0],[51,-5],[16,-1],[23,0],[27,1],[2,1],[-6,6],[-27,18],[-1,1],[12,6],[1,0],[0,1],[-10,6],[-5,0],[-19,-3],[-7,0],[-15,4],[-22,6],[-12,4],[-1,1],[9,9],[1,0],[-6,4],[-6,1],[-4,0],[-16,-4],[-4,0],[-1,1],[-1,0],[1,7],[0,1],[-10,1],[-3,-1],[-21,-17],[-12,-6],[-66,-22],[-9,1],[-19,7],[-11,3],[-9,-3],[-89,-4],[-7,1],[-1,2],[-7,11],[-6,6],[-2,1],[-3,2],[1,4],[-1,15],[21,34],[4,9],[0,10],[1,7],[-1,10],[0,9],[-2,8],[-2,6],[-4,11],[-1,2],[-2,6],[-3,11],[-3,4],[-3,1],[-6,-1],[-4,-2],[-2,-6],[-1,-2],[9,-26],[3,-7],[2,-21],[0,-14],[-2,-1],[-8,1],[-22,7],[-13,6],[-18,12],[-1,0],[-38,12],[-67,15],[-29,7],[-27,8],[-58,17],[-142,32],[-7,4],[-7,31],[-4,1],[-23,0],[5,-21],[15,-66],[1,-3],[-2,-1],[-21,-7],[-5,-3],[-1,-5],[1,-4],[2,-2],[2,0],[131,28],[7,1],[21,-1],[7,-1],[20,-5],[39,-9],[41,-12],[81,-16],[15,-4],[71,-29],[17,-7],[7,-5],[3,-3],[0,-1],[-2,-2],[-14,-11],[-15,-13],[-9,-11],[-6,-10],[-5,-18],[42,-34],[-1,-1],[-4,-11],[-29,-5],[-57,7],[-20,5],[-12,-2],[-6,-5],[-8,-6],[-21,-5],[-21,-4],[-31,-3],[-9,-2],[-3,-1],[-17,1],[-1,8],[-10,52],[-19,105],[-5,11],[0,1],[-11,1],[-7,-3],[9,-64],[14,-112],[7,-101],[2,-3],[3,-4],[12,-6],[12,-3],[40,-20],[15,-7],[10,-2],[8,-3],[11,-1],[1,-1],[3,-11],[0,-4],[1,-9],[0,-1],[-2,-2],[-3,-5],[-4,-7],[-1,-3],[-4,-7],[-5,-7],[3,0]],[[87512,503],[-1,0]],[[87511,503],[-10,-11],[-6,-7],[-2,-8],[1,0],[5,-6],[12,-7],[5,-4],[0,-1],[2,-2],[0,-3],[2,-1],[1,-1],[-1,-1],[-1,-4],[-5,-1],[-7,-1],[-12,0],[-13,-1],[-4,3],[-10,9],[-6,3],[-5,4],[-6,8],[-1,0],[-1,3],[-4,11],[-2,3],[-7,13],[0,2],[7,0],[0,2],[-3,2],[-4,2],[-2,0],[0,4],[-3,4],[-7,3],[-14,0],[6,4],[1,0],[-4,3],[-8,5],[-14,5],[-18,2],[-13,2],[-8,-1],[-13,2],[-20,2],[-7,0],[-3,2],[-22,159],[-1,5],[0,4],[-5,32],[-5,35],[-6,35],[-7,47],[0,1],[-4,1],[-21,0],[-3,-1],[0,-1],[3,-19],[3,-20],[3,-26],[1,-9],[35,-238],[1,-8],[-23,0],[-1,11],[-2,0],[-1,4],[0,2],[-69,0],[-2,3],[0,1],[-3,36],[0,3],[-2,19],[-12,94],[-1,5],[0,1],[-4,6],[-3,5],[-6,8],[-1,0],[-3,1],[-5,0],[-7,-2],[-1,-7],[0,-7],[1,0],[6,-7],[0,-3],[-12,-13],[5,-38],[6,-48],[7,-57],[-1,-3],[-1,-2],[-32,-11],[-31,-11],[-15,8],[-16,12],[-11,9],[-5,5],[-17,44],[0,1],[-9,21],[-10,23],[-1,4],[0,7],[14,51],[6,8],[1,2],[0,1],[12,11],[75,55],[3,6],[3,20],[1,6],[0,5],[-1,2],[-1,1],[-9,1],[-2,-1],[-13,-27],[-84,-56],[-13,-11],[-27,-77],[0,-4],[7,-18],[16,-46],[2,-3],[0,-1],[1,-7],[-1,-4],[-9,-7],[-11,-9],[-18,-8],[-27,-16],[-1,-12],[1,-10],[4,-5],[2,-3],[-1,-6],[-1,-7],[-21,-5],[-14,0],[-39,8],[-1,3],[7,15],[10,6],[4,0],[5,2],[7,5],[10,5],[-14,10],[-27,3],[-1,-2],[-24,6],[0,6],[7,9],[12,10],[6,14],[-1,9],[0,1],[-17,37],[0,1],[-2,6],[-1,2],[2,10],[22,63],[19,35],[14,22],[10,13],[25,15],[0,2],[-7,1],[-31,0],[-5,-3],[-29,-40],[-20,-30],[-10,-20],[-7,-18],[-4,-18],[0,-1],[-1,-3],[-1,-9],[1,-10],[1,-4],[9,-52],[0,-1],[-3,-13],[-4,-7],[-12,-22],[-29,-26],[-32,-1],[-41,2],[-25,0],[0,1],[-18,1],[-26,5],[-39,7],[16,21],[15,11],[20,1],[7,1],[9,1],[7,4],[5,4],[1,7],[-2,21],[0,3],[1,11],[1,10],[3,23],[4,46],[7,24],[11,16],[29,35],[4,8],[1,3],[-1,2],[-1,0],[-3,3],[-6,1],[-9,0],[-5,-1],[-40,-61],[-12,-24],[-11,-28],[-4,-21],[-2,-8],[-1,-7],[-1,-14],[-4,-32],[-2,-5],[-12,-7],[-47,-16],[-48,0],[-8,1],[-134,12],[18,41],[2,0],[8,12],[-1,1],[-1,0],[13,23],[0,1],[-4,3],[-4,4],[7,5],[9,2],[7,-2],[1,0],[4,-3],[10,-5],[1,-1],[2,-1],[10,-7],[5,-3],[9,0],[5,2],[8,3],[14,8],[10,10],[7,14],[6,16],[4,45],[5,18],[0,1],[8,20],[1,4],[0,5],[-8,-1],[-6,-3],[-3,-4],[-30,-49],[-10,-15],[-22,-23],[-11,-4],[-13,1],[-37,-5],[-6,-2],[-11,-2],[-19,-6],[-35,-5],[-18,4],[-13,6],[-1,0],[-7,14],[-1,1],[-18,16],[-24,9],[-8,-1],[-7,9],[-14,13],[-12,7],[-12,1],[-35,4],[-7,2],[-8,5],[-7,3],[-28,5],[-23,6],[-7,1],[-28,1],[-6,1],[-4,3],[-18,15],[-38,12],[-68,18],[-5,2],[-12,3],[-10,4],[-24,14],[-18,7],[-10,7],[-8,7],[-1,7],[-1,2],[0,1],[-1,3],[-4,9],[-1,0],[0,3],[3,3],[3,2],[18,5],[14,4],[6,-1],[32,-8],[17,-11],[12,-6],[19,-5],[44,0],[18,-1],[10,-1],[124,-31],[13,-2],[209,-26],[104,-27],[4,2],[3,2],[-4,2],[-111,29],[-16,3],[-52,7],[-32,4],[-117,16],[-47,14],[0,1],[-1,1],[3,1],[17,4],[44,3],[61,3],[19,1],[71,-3],[90,-6],[22,-3],[160,-32],[26,-3],[23,-1],[112,-2],[36,-1],[4,1],[2,3],[0,2],[-3,4],[-5,1],[-40,4],[-7,4],[-6,3],[-14,10],[-25,23],[-2,4],[0,2],[2,6],[0,1],[3,3],[18,6],[40,10],[0,-1],[9,-8],[37,-35],[37,-37],[7,-3],[6,-1],[16,-4],[1,0],[4,-2],[0,-1],[1,-1],[1,0],[1,-1],[3,-13],[5,-18],[12,2],[16,3],[21,4],[4,0],[13,3],[32,6],[21,4],[13,2],[4,1],[35,7],[20,3],[-22,18],[-21,18],[-114,96],[-1,0],[-8,7],[-4,3],[-2,2],[-40,34],[-1,9],[-2,25],[-1,4],[-1,18],[0,13],[-2,2],[0,1],[2,3],[3,5],[6,6],[68,30],[46,21],[1,0],[-7,3],[-15,9],[-8,5],[-2,2],[-47,38],[-18,14],[-1,1],[-6,5],[-36,28],[-4,3],[-13,9],[-17,9],[-7,4],[-24,12],[-33,12],[-24,8],[-43,11],[-8,2],[-67,15],[-13,3],[-36,7],[-3,1],[-13,3],[-1,0],[-15,3]],[[86672,2401],[140,-14],[85,-11],[62,-7],[124,-16],[64,-2],[147,-5],[24,-1],[273,11],[56,-2],[96,-1],[93,-2],[134,-29],[11,-1],[1,0],[11,-1],[13,-1],[51,-5],[55,-15]],[[88112,2299],[-4,-3],[-180,-108],[1,0],[3,-1],[1,0],[4,-8],[10,-4],[8,0],[8,-3],[5,-5],[2,-3],[-1,0],[-6,-4],[1,-1],[4,-2],[0,-5],[-3,-3],[-4,-3],[-7,-1],[0,-4],[1,0],[8,-4],[7,1],[5,-3],[0,-1],[-2,-1],[-1,-4],[1,0],[15,-2],[3,-3],[2,-6],[4,-6],[-1,-1],[-2,-3],[1,-2],[0,-4],[1,-3],[5,-1],[2,-5],[0,-10],[-2,-4],[-1,-4],[-3,-11],[-23,-5],[-98,-29],[-65,-20],[-48,-13],[-132,-41],[-117,-35],[-34,-11],[-3,-2],[0,-1],[1,-1],[8,0]],[[87486,1906],[-4,-2],[-91,-21],[0,-1],[-4,-2],[-9,-4],[-11,-3],[-10,-1],[-9,0],[-11,2],[-6,2],[-1,1],[-14,-12],[-26,-12],[-191,-52],[-89,-25],[-8,-1],[-6,-1],[-7,0],[-4,-1],[-7,-1],[-8,-1],[-35,-7],[-21,-5],[-6,-2],[-7,-3],[-10,-5],[-6,-6],[-8,-10],[-13,-16],[-13,-15],[-14,-12],[-1,-1],[-2,-4],[-2,-2],[-21,-19],[-25,-21],[-26,-25],[-41,-36],[-24,-18],[-9,-8],[-1,-1],[-25,-20],[-40,-29],[-32,-34],[-7,-10],[-29,-37],[-36,-54]],[[86516,1371],[-405,85],[-156,32],[-38,8],[-31,7],[-91,19],[-30,6],[-1,1]],[[85764,1529],[7,7],[2,6],[3,8],[5,21],[19,44],[9,22],[9,28],[9,25],[1,1],[3,9],[2,4],[2,7],[13,54],[11,54],[8,33],[12,54],[5,16],[9,41],[0,1],[8,0],[18,3],[6,0],[11,1],[30,7],[14,5],[10,2],[14,5],[5,1],[9,3],[22,2],[13,9],[10,9],[2,2],[9,12],[5,10],[5,16],[5,7],[7,7],[25,26],[5,4],[10,12],[2,3],[2,10],[11,11],[4,5],[5,8],[8,14],[5,13],[1,10],[21,19],[6,7],[17,13],[6,5],[7,7],[3,2],[10,12],[36,48],[74,-2],[1,0],[-8,4],[-3,6],[15,3],[12,6],[10,3],[1,0],[-6,3],[-9,4],[2,6],[0,1],[10,1],[9,3],[14,0],[0,-1],[1,-3],[13,-2],[7,-6],[6,-1],[11,-5],[-6,-7],[-8,-7],[3,-6],[3,-4],[38,-2],[9,3],[2,2],[10,4],[7,-4],[14,0],[11,-1],[12,0],[-1,4],[-7,5],[3,4],[14,-2],[8,1],[5,4],[2,4],[-1,1],[-2,5],[-6,4],[-16,1],[-18,0],[-16,3],[-7,0],[-16,-1],[-8,6],[-11,4],[-4,6],[-1,0],[1,-1]],[[86454,2340],[17,0],[2,0],[-18,4],[-1,0],[-1,5],[7,1],[9,-1],[8,4],[11,2],[12,-2],[10,-3],[4,-3],[10,-1],[4,5],[7,1],[15,-1],[8,-3],[6,-4],[11,1],[13,-4],[11,-3],[9,-6],[4,-2],[59,71],[1,0]],[[79458,6220],[210,12],[97,6],[294,18],[28,1],[69,5],[362,23],[155,10],[30,2],[136,9],[53,4],[69,4],[9,1],[20,1],[21,1],[7,0],[309,20],[70,4],[210,13],[70,4]],[[81677,6358],[-68,-87],[-19,-12],[-24,-16],[-111,-69],[-45,-26],[-170,-99],[-43,-25],[-114,-68],[-162,-95],[-23,-14],[-35,-20],[-35,-21],[-20,-11],[-3,-2],[-76,-44],[-139,-81],[-85,-50],[-74,-44],[-1,-1],[-11,-6],[-36,-21],[-5,-3],[-7,-4],[-27,-16],[-10,-6],[-21,-12],[1,-1],[338,-118],[126,82],[25,18],[1,0],[10,7],[96,18],[89,26],[1,0],[-48,34],[-1,0],[362,55],[-1,0],[0,-1]],[[81312,5625],[0,-2],[78,1],[186,2],[14,1],[10,3],[17,5],[67,21],[8,3],[108,24],[6,2],[366,82],[121,28],[19,-14],[19,-15],[33,-31],[16,-16],[7,-6],[6,-9],[2,-4],[1,-4],[1,-20],[7,-121],[0,-19],[3,-41],[143,-1],[431,-3],[143,-1],[1,0],[1,-1],[17,-18],[2,-4],[-1,-1],[-78,0],[-265,3],[-12,-16],[-24,-44],[-16,-28],[-13,-41],[3,-88],[-11,-7],[0,-1],[-26,-42],[60,-22],[125,28],[154,34],[61,13],[236,52],[150,33]],[[83488,5340],[0,-1],[-73,-84],[-3,-2],[-53,-62],[-36,-32],[-58,-33],[-59,-33],[-24,-12],[-22,-13],[-16,-11],[-14,-10],[-17,-14],[-9,-9],[-92,-81],[-12,-11],[-27,-24],[-6,-8],[-1,-3],[-3,-8],[-2,-4],[0,-7],[-1,-15],[10,-31],[0,-1],[82,-105],[13,-20],[9,-16],[9,-9],[14,-17],[5,-6],[-3,-28],[0,-1],[-17,-29],[-18,-24],[-26,-35],[-24,-31],[-32,-29],[-24,-17],[-47,-30],[-40,-21],[-22,-9],[-3,-2],[-30,-12],[-31,-11],[-4,-2],[-25,-8],[-13,-4],[-81,-21],[-47,-14],[-122,-38],[-221,-84],[-53,-23],[-126,-54],[1,-1],[23,-25],[25,-29],[4,-4],[123,-138],[12,-13],[23,-26],[5,-5],[9,-12],[24,-33],[1,-7],[0,-1],[-1,-3],[-5,-8],[-7,-6],[-13,-9],[-3,-1],[-10,-5],[-12,-4],[-14,-4],[-49,-11],[-2,0],[-6,-3],[-8,-2],[-1,-1],[-2,0],[-4,-2],[-3,0],[-37,-8],[-112,-23],[-39,-7],[-2,-1],[-65,-13],[-29,-6],[-95,-18],[-25,-7],[-10,-4],[-16,-6],[-14,-8],[-2,-2],[-9,-7],[-10,-9],[-9,-12],[-7,-21],[-13,-35],[-4,-11],[0,-1],[-3,-8],[-1,-1],[-6,-25],[-3,-8]],[[10135,13272],[0,5],[-15,109],[-8,58],[-4,32],[-44,323],[0,1],[-21,153],[-15,114],[-15,104],[-4,33],[-7,49],[-60,439],[-42,316],[-12,88],[-22,165],[-66,485],[-44,326],[-28,210],[-3,23],[-4,33],[-6,41],[-3,20],[-3,24],[-21,151],[-5,33],[0,1],[-1,8],[-25,188],[-2,18],[-33,241],[-14,98],[-1,6],[-2,17],[-4,27],[-11,82],[0,1],[-3,22],[0,3],[-4,29],[-38,284],[-21,149],[0,1]],[[18810,13888],[-2,3],[-16,29],[-37,64],[-17,29],[-17,31],[111,15],[227,30],[101,15],[110,16],[-4,6],[-8,13],[-1,1],[-4,5],[-1,3],[-2,3],[0,1],[-43,53],[-47,-9],[-36,-7],[-16,38],[0,1],[77,12],[258,32],[148,18],[-1,1],[-4,5],[-9,13],[-10,12],[-2,3],[-1,2],[-3,4],[-1,1],[-1,0],[0,1],[-4,5],[-1,1],[-2,3],[-9,13],[-1,0],[-4,6],[-1,2],[-4,4],[0,2],[-1,0],[-1,2],[-1,1],[-4,6],[-10,13],[-1,2],[-3,3],[-2,4],[-1,1],[0,1],[-1,1],[-1,0],[-1,2],[-1,1],[-3,4],[-1,2],[-5,6],[-3,5],[-3,3],[0,1],[-5,6],[-10,13],[-5,6],[-3,5],[-2,1],[-6,9],[-16,21],[-6,8],[-6,7],[0,1],[-1,1],[-10,14],[-41,57],[-6,7],[-17,22],[-8,11],[-1,1],[-1,2],[-7,8],[-1,2],[-2,3],[-1,1],[-14,20],[-26,33],[0,1],[-3,3],[-3,4],[-4,6],[-12,17],[-3,3],[-3,5],[-5,6],[-2,2],[-1,2],[-1,1],[-1,3],[-4,4],[-3,5],[-3,2],[-3,4],[-5,6],[-7,9],[-5,6],[-10,15],[-35,49],[-12,16],[-4,5],[0,1],[-24,34],[-51,71],[-23,34],[-2,2],[-4,6],[-2,2],[-1,2],[0,1],[-2,3],[-6,8],[-2,4],[-13,21],[-1,1],[-19,28],[-24,38],[0,1],[-3,3],[-3,7],[-7,11],[-5,7],[-6,10],[-13,21],[-11,19],[-8,12],[-10,17],[-6,10],[-4,6],[-4,10],[-5,16],[-5,8],[0,2],[-5,13],[0,1],[-3,6],[-4,11],[-21,52],[-4,10],[-5,10],[-15,39],[-24,59],[-3,9],[-9,24],[0,2],[-16,40],[-9,24],[-3,7],[-4,11],[-5,20],[-3,19],[-1,25],[0,24],[2,20],[3,19],[21,82],[2,8],[0,1],[3,12],[8,42],[9,55]],[[18816,15921],[0,-1]],[[18816,15920],[27,-6],[75,-13],[12,-2],[50,-1],[26,-2],[20,-2],[14,-1],[48,-4],[45,-1],[208,-3],[194,2],[39,-1],[17,-1],[52,-11],[24,-4],[15,-2],[39,-6],[49,-3],[111,-4],[0,1],[-4,12],[-6,20],[-6,18],[-14,19],[0,1],[-14,13],[-1,1],[-53,29],[-41,22],[-1,0],[0,1],[122,51],[12,6],[390,182],[130,60],[39,14],[11,3],[150,45],[51,15],[10,-9],[10,-5],[19,-9],[9,-2],[4,0],[40,-10],[101,-20],[43,-6],[22,-4],[31,-4],[10,-1],[95,0],[137,2],[13,0],[22,-3],[13,1],[11,2],[62,10],[11,1],[56,1],[32,3],[62,8],[106,3],[84,2],[14,0],[91,11],[20,1],[16,-1],[16,-2],[44,-8],[20,-5],[10,-2],[9,0],[7,2],[5,4],[5,10],[7,10],[55,125],[11,38],[9,22],[5,2],[15,1],[53,-5],[44,-4],[44,-5],[60,-3],[18,0],[33,5],[107,22],[13,2],[10,2],[53,0],[10,-1],[8,0],[17,-3],[41,-8],[22,-3],[24,-2],[26,-1],[16,0],[24,1],[23,4],[12,4],[15,8],[15,18],[4,10]],[[27528,15524],[2,0],[3,-1],[32,-9],[109,-31],[35,-11],[19,-5],[43,-12],[15,-5],[8,-2],[7,-3]],[[27801,15445],[1,0],[7,-2],[8,-3],[5,-2],[29,-8],[149,-43],[2,0],[38,-6],[16,-2],[16,-1],[22,-1],[22,1],[50,2],[38,2],[37,3]],[[28241,15385],[0,-1],[44,-17],[134,-55],[45,-18],[58,-23],[173,-70],[57,-23],[48,-20],[346,-156],[79,-36],[58,-33],[4,-2],[1,-1],[254,-145],[32,-18],[6,-3],[62,-36],[-13,-33],[-18,-35],[-27,-53],[-26,-48],[-13,-23],[-37,-60],[-42,-59],[-34,-46],[-2,-2],[-5,-7],[-11,-10],[-12,-14],[-7,-9],[-11,-12],[-31,-35],[-11,-12],[-17,-19],[-11,-15],[-22,-31],[-19,-48],[-1,-7],[-2,-13],[-1,-10],[0,-2],[-1,-9],[0,-4],[-2,-9],[0,-5],[-1,-9],[0,-7],[-1,-1],[1,-9],[1,-8],[2,-15],[4,-39],[1,-32],[0,-22],[3,-16],[2,-6],[0,-9],[-2,-21],[-1,-3],[-6,-12],[-1,-1],[0,-1],[-2,-2],[-4,-7],[-27,-27],[-34,-15],[-1,-1],[-9,-5],[-1,0],[-6,-3],[-41,-23],[-39,-26],[-17,-15],[-11,-11],[0,-1],[1,-1],[1,-2],[1,0],[8,-4],[21,-6],[19,-5],[30,-11],[17,-9],[6,-4],[1,-1],[7,-6],[8,-7],[81,-72],[12,-12],[10,-9],[2,-1],[28,-25],[32,-29],[5,-5],[4,-2],[13,-10],[15,-9],[1,-1],[12,-6],[14,-8],[24,-15],[12,-7],[23,-10],[2,-1],[3,-1],[19,-9],[20,-9],[134,-67],[23,-11],[238,-119],[119,-59],[56,-29],[336,-167],[2,-1],[62,-30],[133,-67],[14,-6],[0,-1],[1,-1],[5,-2],[31,-15],[47,-23],[27,-13],[14,-8],[53,-23],[43,-15],[11,-5],[45,-17],[71,-21],[268,-77],[294,-85],[252,-72],[13,-4],[63,-18],[0,-1],[10,-31],[9,-26],[14,-42],[13,-38],[13,-37],[2,-4],[3,-11],[31,-90],[6,-20],[14,-39],[0,-1],[1,-3],[1,-2],[3,-12],[13,-29],[5,-12],[3,-4],[2,-2],[5,-7],[4,-5],[0,-1],[20,-14],[162,-94],[42,-26],[79,-49],[17,-11],[51,-32],[2,-1],[18,-10],[21,-13],[88,-53],[39,-23],[283,-177],[64,-40],[42,-26],[33,-21],[87,-53],[9,-7],[32,-20],[50,-33],[22,-13],[20,-13],[1,-2],[30,-19],[70,-44],[67,-38],[39,-16],[4,-3],[85,-32]],[[24207,14192],[1,-6],[30,12],[1,-5],[0,-3],[2,-16],[0,-2],[3,-22],[4,-22],[1,-9],[3,-17],[5,-43],[7,-43],[1,-10],[2,-16],[2,-13],[0,-2],[6,-35],[2,-14],[1,-10],[5,-33],[2,-14],[0,-1],[1,-6],[1,-4],[1,-11],[1,-5],[0,-1],[1,-6],[0,-5],[3,-14],[1,-5]],[[20127,14028],[88,8],[42,4],[4,1],[59,3],[12,1],[9,0],[45,1],[32,1],[106,2],[46,1],[39,0],[49,1],[29,0],[17,1],[53,1],[17,1],[90,2],[28,0],[103,1],[3,1],[183,2],[28,1],[3,0],[18,1],[2,0],[34,2],[112,12],[1,0],[116,14],[12,2],[3,0],[17,1],[21,1],[26,2],[90,12],[38,6],[1,0],[27,3],[83,11],[28,4],[25,4],[75,10],[25,3],[3,0],[11,2],[60,8],[56,8],[7,0],[21,3],[43,6],[14,2],[3,0],[9,1],[37,4],[12,1],[1,0],[9,1],[63,6],[37,3],[32,3],[26,6],[83,12]],[[10866,7894],[-8,53],[-19,141],[-12,93],[-6,44],[-12,83],[-93,689],[-31,226],[-28,211],[-31,229],[0,1],[-51,376],[-24,172],[-2,19],[-7,50],[-7,54],[0,1],[-2,15],[-1,2],[-2,14],[-8,59],[-19,145],[-19,139],[-3,20],[-26,194],[-16,118],[-10,70],[0,5],[-2,10],[-3,19],[-4,34],[-3,15],[0,3],[-6,46],[-11,76],[0,2],[-9,66],[-4,38],[-3,18],[-4,30],[-4,26],[-20,148],[-7,50],[-7,57],[0,1],[-3,15],[0,4],[-6,45],[-11,80],[-2,13],[-1,8],[-10,72],[0,1],[-1,5],[-16,127],[-17,118],[-3,22],[-2,17],[-3,14],[-10,79],[-2,18],[-1,3],[0,5],[-2,8],[-1,9],[-9,68],[-14,102],[-2,17],[-1,3],[-5,38],[-7,56],[-11,82],[-5,37],[-13,92],[-1,4],[0,1],[-3,19],[-14,110],[-9,70],[-14,101],[-5,31],[-2,19],[0,1],[-1,1],[0,1]],[[10135,13272],[1,0],[149,7],[62,3],[91,4],[9,1],[86,4],[47,2],[16,1],[33,2],[11,1],[89,6],[42,4],[12,2],[31,4],[23,3],[36,5],[96,14],[12,3],[95,13],[6,1],[10,1],[105,15],[3,1],[7,1],[99,13],[185,28],[15,2],[126,18],[11,2],[218,31],[24,4],[221,32],[17,2],[15,2],[14,2],[1,0],[110,15],[16,1],[40,5],[92,11],[32,3],[95,7],[23,3],[103,5],[22,1],[75,3],[85,1],[29,1],[120,0],[183,-1],[141,-1],[74,0],[68,1],[97,3],[16,1],[37,2],[32,2],[44,3],[32,3],[35,4],[40,3],[6,1],[112,11],[70,7],[21,2],[70,7],[21,2],[8,0],[21,2],[59,6],[21,2],[65,6],[194,19],[64,6],[1,0],[27,2],[79,8],[26,2],[1,0],[19,2],[58,6],[19,2],[82,7],[168,17],[75,7],[81,7],[50,5],[45,4],[104,6],[49,2],[17,1],[81,3],[36,0],[268,1],[268,-2],[3,0],[117,-1],[362,-2],[21,0],[99,-1],[30,0],[86,-1],[29,0],[336,-2],[277,-3],[2,-1],[100,0],[290,-2],[44,0],[45,1],[44,2],[39,3],[1,0],[1,1],[9,0],[26,3],[32,5],[7,1],[6,1],[19,3],[30,6],[17,3],[48,12],[62,14],[33,8],[42,10],[231,52],[26,6],[12,3],[1,0],[15,3],[54,10],[31,6],[21,3],[33,6],[28,3],[21,3]],[[18810,13888],[7,1],[19,3],[2,0],[8,1],[76,10],[29,4],[14,1],[10,2],[31,3],[13,1],[25,2],[75,8],[24,2],[25,3],[52,5],[23,2],[25,3],[25,2],[75,8],[23,2],[2,1],[68,7],[109,11],[92,10],[68,7],[16,2],[49,5],[16,2],[32,3],[50,6],[28,4],[18,1],[33,3],[10,1],[31,3],[11,1],[21,2],[58,6],[4,0],[20,2]],[[20127,14028],[1,0],[0,-1],[12,-28],[1,-2],[12,-26],[15,-36],[21,-50],[0,-1],[1,-1],[10,-23],[31,-73],[10,-24],[0,-1],[1,0],[1,-4],[53,-106],[0,-1],[3,-5],[27,-35],[8,-11],[16,-20],[6,-5],[2,-2],[7,-6],[0,-1],[4,-3],[6,-7],[15,-13],[5,-5],[7,-6],[76,-71],[35,-24],[1,0],[8,-6],[24,-15],[2,-1],[10,-6],[25,-13],[76,-39],[21,-11],[4,-2],[1,0],[9,-4],[32,-13],[10,-4],[-16,-7],[-66,-85],[1,-1],[20,-8],[42,-9],[4,-1],[33,-6],[2,-1],[2,0],[10,-2],[4,-1],[1,0],[18,-4],[59,-12],[2,0],[16,-6],[74,-19],[49,-22],[48,-19],[-31,-39],[-2,-2],[-18,-36],[-5,-6],[2,0],[1,-1],[5,-1],[2,0],[13,-3],[41,-6],[13,-3],[17,-9],[3,-2],[1,-26],[1,0],[16,-6],[19,-7],[2,-1],[4,-1],[1,-1],[-4,-3],[-47,-35],[-7,-4],[-9,-2],[-11,-2],[-41,-1],[-19,-4],[-38,-10],[0,-8],[25,-22],[8,-7],[71,9],[25,21],[33,10],[28,10],[33,15],[26,18],[28,18],[50,43],[28,25],[0,1],[23,30],[26,30],[27,29],[1,1],[23,26],[23,22],[18,22],[10,11],[14,10],[22,9],[17,7],[10,7],[21,17],[58,38],[33,23],[20,18],[41,30],[0,3],[3,8],[15,11],[21,10],[12,6],[6,6],[3,4]],[[19535,9831],[50,50],[84,82],[4,6],[55,54],[24,27],[4,4],[11,14],[4,9],[1,8],[0,10],[-2,11],[-2,18],[-7,52],[-3,20],[-6,44],[-6,38],[-3,21],[-3,18],[-5,21],[-7,39],[0,2],[1,4],[1,0],[-5,31],[-6,41],[1,3],[11,51],[2,10],[1,2],[1,5],[16,31],[16,19],[5,5],[31,10],[30,0],[170,-24],[66,-11],[13,-2],[47,-6],[73,-11],[12,-1],[4,0],[13,1],[8,1],[17,4],[8,3],[9,5],[16,8],[14,9],[29,19],[40,29],[28,24],[10,7],[16,16],[42,45],[52,51],[5,4],[5,6],[38,38],[23,24],[51,54],[56,56],[109,114],[31,33],[18,17],[4,3],[-9,-6],[-8,-3],[-7,-2],[-7,-1],[-5,0],[-8,1],[-9,2],[-9,4],[-41,17],[-121,50],[-109,43],[-73,30],[-6,2],[-37,17],[-25,11],[-27,15],[-3,2],[-105,65],[-23,13],[-32,18],[-41,21],[-21,11],[-44,20],[-251,100],[-70,29],[-77,31],[-19,8],[-21,10],[-16,9],[-21,6],[-1,0],[9,4],[72,33],[58,30],[36,25],[13,10],[19,14],[57,44],[28,22],[45,36],[151,116],[19,15],[20,14],[10,5],[44,21],[64,27],[49,20],[61,25],[104,40],[47,19],[3,2],[11,4],[3,1],[18,8],[3,1],[6,3],[25,10],[20,10],[20,11],[9,6],[19,12],[2,1],[0,1],[-20,4],[-63,16],[-2,0],[12,10],[10,8],[6,4],[4,3],[50,38],[13,11],[16,16],[2,4],[2,8],[7,11],[17,12],[21,9],[57,15],[134,36],[18,5],[54,14],[35,10],[17,1],[31,0],[18,-2],[16,-4],[15,-4],[26,12],[42,16],[12,9],[7,7],[2,4],[0,5],[-4,10],[0,1],[-3,4],[-2,3],[-1,0],[-2,2],[-2,1],[-7,5],[-6,4],[-6,3],[-11,6],[-2,2],[-33,17],[-2,1],[-8,5],[-1,1],[-1,0],[-4,-1],[-6,-1],[-451,32],[-1,0],[0,62],[12,25],[17,35],[13,9],[81,59],[224,68],[149,37],[58,21],[76,48],[105,100],[47,64],[134,126],[190,143],[-18,28],[-2,2],[-1,0]],[[21750,13420],[25,18],[37,22],[43,21],[36,15],[21,9],[23,9],[25,11],[87,27],[59,21],[61,16],[77,19],[59,13],[12,3],[4,0],[43,4],[52,1],[37,2],[19,0],[47,2],[30,0],[30,-1],[22,-1],[50,-6],[3,0],[41,-8],[10,-3],[18,-4],[72,-20],[4,1],[4,-1],[5,-2],[9,-6],[6,-3],[7,-5],[7,-7],[9,-7],[65,-26],[21,-8],[40,-11],[24,-7],[22,-6],[47,-12],[4,-1],[20,-4],[67,-13],[10,-2],[89,-8],[160,-3],[41,-1],[52,1],[126,3],[2,1],[46,1],[14,2],[87,19],[33,13],[55,21],[6,2],[58,46],[-4,52],[-23,54],[-5,11],[-4,8],[-14,35],[6,22],[2,8],[3,7],[1,6],[4,2],[67,32],[81,13],[92,14],[117,3],[0,-1],[1,-4],[2,-15],[1,-2],[0,-3],[7,0],[20,2],[7,0]],[[24294,13811],[0,-4],[1,-7],[0,-1],[1,-8],[3,-29],[1,-3],[1,-9],[3,-21],[5,-49],[2,-11],[0,-5],[3,-16],[0,-6]],[[26965,9647],[-21,20],[-22,20],[-22,22],[-58,55],[-17,16],[-30,28],[-43,39],[-8,8],[-12,11],[-13,12],[-9,8],[-7,7],[-21,20],[-8,7],[-6,6],[-15,14],[-4,3],[-14,14],[-23,21],[-6,6],[-2,1],[-10,11],[-2,1],[-39,36],[-3,3],[0,1],[-9,8],[-1,1],[-26,25],[-65,61],[-15,13],[-5,4],[-2,3],[-11,9],[-9,9],[-69,66],[-157,147],[-53,49],[-31,29],[-39,36],[-194,183],[-1,0],[-95,90],[-45,41],[-11,11],[0,1],[-21,19],[-31,29],[-1,1],[-31,29],[-13,12],[-8,8],[-7,6],[-17,16],[-47,44],[-7,7],[-16,14],[0,1],[-20,18],[-2,1],[-1,2],[-3,3],[-4,3],[-1,2],[-9,8],[-15,13],[-3,3],[0,1],[-8,8],[-43,39],[-12,12],[-1,0],[0,1],[-29,28],[-8,8],[-16,19],[-6,6],[0,2],[-1,0],[-7,7],[-9,11],[-5,6],[-16,19],[-8,11],[-31,41],[-2,3],[0,1],[-1,0],[-5,9],[-18,29],[-2,3],[-2,2],[-3,6],[-2,3],[-1,4],[0,1],[-7,11],[-40,80],[-28,53],[-20,36],[-1,3],[-9,16],[-13,26],[0,1],[-10,18],[-40,77],[-16,32],[-94,180],[-7,14],[-81,156],[-13,24],[-22,43],[-45,85],[-16,31],[-1,2],[-60,116],[-25,47],[-1,4],[-17,33],[-141,270],[-35,67],[-23,45],[-9,18],[-24,47],[-2,3],[-14,28],[-17,51],[-10,26],[-7,32],[0,3],[-1,4],[0,1],[-4,21],[-1,0],[-9,48],[-8,67],[-4,22],[-12,88],[-4,33],[-1,12],[-2,12],[0,2],[-1,4],[0,2],[-2,11],[0,1],[-6,41],[-2,18],[-4,26],[-5,35],[-10,71],[-1,13],[-11,76],[0,3],[4,1],[2,1],[19,7],[6,2]],[[24314,13642],[37,14],[46,18],[45,11],[24,6],[41,10],[3,0],[13,3],[47,8],[16,3],[3,1],[37,5],[14,1],[35,5],[71,5],[19,1],[22,1],[16,0],[46,1],[20,0],[148,-5],[61,-2],[7,0],[138,-5],[32,-1],[96,-4],[31,-1],[7,0],[22,-1],[7,0],[22,-1],[66,-2],[22,-1],[140,-5],[29,-1],[4,0],[45,-2],[36,-1],[12,-1],[16,0],[36,-1],[100,-4],[7,0],[37,-2],[36,-2],[68,-2],[42,-2],[37,-2],[1,0],[36,-2],[103,-5],[5,0],[37,-1],[18,-1],[15,-1],[41,-2],[19,-1],[13,0],[4,-1],[48,-2],[8,0],[8,-1],[7,0],[21,-1],[7,0],[20,-1],[29,-2],[35,-1],[3,0],[52,-2],[108,-4],[21,0],[71,-1],[86,0],[43,1],[23,0],[93,2],[13,0],[43,1],[154,2],[66,1],[20,1],[376,6],[121,2],[34,0],[-1,-1],[-2,-14],[-12,-25],[-8,-10],[-5,-10],[-1,-11],[2,-8],[9,-11],[11,-11],[31,-20],[8,-6],[2,-3],[2,-10],[-6,-29],[-6,-30],[-1,-11],[1,-14],[5,-10],[10,-13],[10,-11],[26,-21],[7,-7],[3,-4],[4,-6],[9,-25],[4,-12],[0,-2],[1,-9],[-3,-11],[0,-1],[-6,-9],[-7,-11],[-2,-3],[-2,-2],[-17,-19],[-13,-12],[-38,-27],[-47,-45],[-15,-17],[-19,-27],[-1,-5],[0,-1],[1,-1],[2,-5],[0,-1],[19,-17],[7,-3],[9,-4],[18,-5],[32,-8],[19,-3],[27,-3],[7,-1],[1,0],[3,-1],[51,-16],[5,-1],[53,-13],[16,-5],[63,-25],[12,-4],[32,-6],[2,-1],[19,-2],[29,-2],[11,1],[4,1],[1,0],[34,-8],[44,-16],[26,-14],[11,-7],[21,-23],[16,-9],[16,-11],[11,-9],[5,-6],[1,-2],[6,-19],[0,-1],[-5,-18],[-24,-39],[-10,-14],[-14,-18],[-31,-28],[-3,-5],[-19,-53],[-7,-23],[0,-11],[2,-6],[8,-20],[1,-5],[0,-3],[3,-23],[7,-16],[5,-5],[40,-20],[4,-6],[1,0],[4,-4],[14,-19],[6,-10],[12,-10],[14,-11],[12,-14],[0,-1],[1,-16],[4,-4],[2,-1],[25,-14],[3,-3],[-3,-19],[-1,-11],[8,-16],[2,-2],[0,-5],[-2,-6],[-7,-6],[-18,-12],[-20,-10],[-17,-7],[-38,-11],[-10,-6],[-8,-7],[-7,-18],[0,-17],[1,-6],[2,-6],[2,-13],[2,-6],[-4,-10],[-4,-11],[-7,-9],[-12,-12],[-10,-9],[1,0],[6,-2],[73,-18],[107,-28],[104,-25],[31,-8],[81,-19],[57,-14],[24,-5],[135,-29],[18,-4],[88,-20],[81,-17],[20,-5],[60,-13],[21,-4],[0,-1],[1,0],[6,-1],[2,0],[49,-11],[147,-32],[50,-11],[58,-13],[74,-15],[219,-47],[179,-38],[133,-28],[1,1],[365,110],[47,-12],[1270,-331],[421,-110],[2,0],[161,-42],[484,-126],[160,-42],[48,-13],[192,-48],[18,-4],[54,-9],[14,-3],[4,0]],[[33512,11198],[102,-42],[20,-8],[100,-38],[94,-44],[85,-42],[97,-47]],[[24207,14192],[-2,8],[0,4],[-7,47],[0,4],[-1,8],[-1,1],[-1,10],[-1,3],[-5,37],[-1,10],[-1,2],[0,1],[-1,4],[0,8],[-1,3],[0,4],[-3,1],[-14,2],[-7,4],[-33,16],[-18,7],[-16,4],[-27,4],[-6,1],[-13,0],[-6,-2],[-42,-17],[-6,-2],[-10,-4],[-16,-4],[-7,-2],[-13,0],[-10,5],[-26,42],[-36,27],[-20,19],[-7,6],[-9,9],[-5,3],[-3,3],[-12,10],[-7,3],[-15,5],[-13,1],[-1,3],[-3,4],[-2,3],[0,2],[-1,3],[-1,0],[-19,-3],[-8,-1],[-34,-3],[-16,-3],[-8,-1],[-12,-2],[-13,-3],[-17,-5],[-42,-11],[-34,-11],[-9,-3],[-124,-43],[-50,-16],[-86,-30],[-31,-10],[-46,-13],[-33,-9],[-41,-11],[-21,-5],[-28,-7],[-6,-1],[-16,-3],[-18,-4],[-24,-5],[-33,-5],[-35,-6],[-162,-22],[-74,-10],[-72,-14],[-40,-8],[-131,-19],[-1,0]],[[22493,14215],[3,4],[2,9],[1,5],[3,21],[2,7],[0,2],[1,0],[11,-5],[38,25],[178,116],[34,28],[49,36],[0,1],[-8,3],[-2,0],[25,20],[51,39],[30,24],[1,0],[4,4],[15,11],[5,4],[6,5],[5,4],[9,6],[24,20],[11,7],[1,1],[27,21],[53,42],[30,23],[27,21],[6,4],[15,12],[6,5],[1,1],[5,3],[19,15],[6,6],[4,3],[12,10],[5,3],[3,3],[10,8],[4,3],[1,1],[6,5],[23,23],[8,10],[2,2],[15,19],[8,11],[24,34],[21,31],[12,17],[6,8],[5,7],[5,8],[16,22],[13,19],[3,4],[8,11],[37,54],[13,19],[3,5],[1,1],[0,1],[3,4],[1,1],[17,25],[19,27],[25,32],[15,17],[14,16],[9,8],[15,15],[42,43],[14,14],[2,3],[8,9],[23,23],[12,13],[11,12],[15,16],[48,48],[16,17],[1,0],[16,18],[17,17],[14,15],[4,5],[13,15],[34,36],[12,12],[13,18],[14,19],[28,45],[4,7],[3,4],[3,5],[8,15],[32,54],[3,5],[0,1],[1,2],[25,43],[22,39],[9,15],[64,118],[30,55],[1,1],[2,3],[10,21],[22,40],[13,25],[45,93],[10,20],[59,121],[1,1]],[[24620,16849],[1,0],[1,-1],[7,-1],[2,-1],[26,-6],[78,-17],[25,-6],[19,-5],[59,-13],[19,-4],[9,-2],[28,-8],[29,-8],[59,-18],[18,-7],[34,-12],[4,-2],[4,-1],[6,-3],[3,-2],[7,-3],[20,-9],[7,-3],[5,-3],[18,-8],[6,-2],[43,-20],[39,-18],[54,-25],[35,-16],[43,-19],[2,-1],[4,-1],[1,-1],[2,-1],[5,-2],[2,-1],[32,-15],[38,-16],[26,-12],[0,-1],[5,-2],[56,-25],[52,-24],[68,-31],[70,-31],[17,-8],[68,-31],[1,0],[51,-23],[34,-16],[19,-8],[227,-101],[80,-37],[77,-36],[40,-18],[1,0],[34,-16],[53,-28],[15,-9],[13,-9],[10,-7],[31,-21],[69,-49],[172,-119],[58,-41],[109,-78],[0,-1],[75,-52],[33,-25],[54,-29],[51,-22],[69,-22],[76,-23],[33,-9],[73,-22],[18,-6],[54,-16],[4,-1],[15,-4],[1,-1],[20,-5],[15,-5],[47,-14],[20,-6]],[[27528,15524],[-24,-17],[-16,-12],[-122,-89],[-43,-30],[-28,-20],[-87,-64],[-27,-20],[-2,-2],[-17,-12],[-47,-34],[-15,-11],[-2,-1],[-38,-25],[-9,-5],[-5,-3],[-21,-12],[-51,-23],[-70,-28],[-41,-14],[-65,-22],[-3,-1],[-11,-4],[-4,-1],[-69,-23],[-78,-27],[-50,-17],[-73,-25],[-1,0],[-28,-10],[-2,0],[-42,-15],[-249,-86],[-5,-2],[-7,-2],[-25,-9],[-32,-11],[-33,-11],[-31,-11],[-33,-11],[-22,-7],[-64,-22],[-23,-8],[-26,-9],[-11,-3],[-71,-22],[-26,-9],[-110,-37],[-1,0],[-114,-39],[-38,-14],[-118,-42],[-38,-14],[-13,-4],[-40,-13],[-13,-5],[-23,-8],[-69,-23],[-23,-8],[-81,-28],[-232,-78],[-12,-5],[-82,-27],[-78,-27],[-235,-80],[-21,-7],[-31,-10],[-26,-10],[-21,-7],[-8,-2],[-69,-24],[-5,-3],[-12,-3],[-29,-11],[-30,-13]],[[9450,18330],[80,9],[8,0],[73,3],[72,-1],[107,-9],[12,-1],[61,-10],[8,-2],[70,-14],[175,-39],[412,-93],[80,-11],[68,-6],[60,-3],[94,1],[34,2],[259,12],[14,0],[40,2],[4,0],[13,1],[1,0],[52,2],[158,8],[52,3],[62,3],[187,9],[61,3],[102,5],[42,2],[91,9],[78,12],[86,16],[67,13],[29,6],[102,21],[304,61],[102,20],[110,23],[84,17],[405,82],[179,30],[197,33],[18,4],[122,18],[86,12],[197,29],[139,21],[42,6],[38,6],[61,7],[19,2],[47,5],[53,4],[56,4],[3,0],[46,3],[67,2],[57,2],[61,0],[52,-1],[49,-1],[123,-6],[85,-5],[179,-10],[62,-4],[113,-6],[56,-3],[78,0],[23,1],[38,2],[10,1],[38,4],[34,4],[34,6],[41,7],[44,10],[16,5],[35,9],[29,9],[58,16],[135,39],[157,45],[421,121],[191,55],[1,0],[26,7],[77,22],[26,8],[137,39],[175,50],[51,17],[36,11],[44,16],[43,16],[45,20],[2,0],[41,19],[49,24],[26,14],[1,0],[91,-29],[277,-87],[93,-29],[129,-41],[85,-27],[153,-47],[143,-46],[8,-2],[84,-26],[46,-15],[173,-55],[176,-55],[21,-7],[56,-17],[55,-17],[59,-19],[152,-48],[15,-4],[105,-34],[52,-17],[1,0],[27,-8],[28,-10],[19,-8],[75,-27],[85,-31],[60,-23],[73,-28],[0,-1],[64,-23],[34,-13],[85,-33],[213,-80],[45,-17],[31,-13],[13,-7],[4,-1],[23,-12],[37,-20],[21,-13],[79,-48],[43,-26],[126,-75],[27,-15],[11,-5],[27,-11],[19,-8],[15,-4],[6,-2],[27,-7],[23,-6],[26,-5],[60,-12],[102,-22],[56,-12],[26,-4],[39,-8],[46,-10],[26,-6],[37,-10],[5,-1],[37,-11],[1,0],[7,-3],[26,-9],[9,-2],[5,-2],[16,-5],[5,-1],[5,-2],[14,-3],[5,-2],[4,-1],[11,-3],[3,-1]],[[21623,17903],[1,0],[141,-41],[359,-101],[55,-14],[1,0],[13,-4],[31,-8],[89,-23],[26,-5],[60,-14],[3,-1],[114,-20],[67,-12],[62,-11],[37,-7],[18,-3],[169,-30],[24,-3],[31,-5],[2,-1],[7,-4],[24,-14],[7,-6],[1,0],[26,-19],[4,-3],[53,-36],[25,-18],[22,-18],[4,-2],[1,0],[45,-30],[33,-19],[41,-18],[60,-24],[40,-13],[68,-24],[41,-10],[44,-11],[52,-10],[6,-1],[36,-5],[14,-3],[14,-4],[11,-3],[12,-5],[15,-7],[30,-18],[52,-32],[7,-4],[2,-2],[2,-1],[151,-123],[10,-8],[4,-4],[101,-79],[28,-21],[33,-17],[45,-20],[20,-7],[16,-5],[76,-19],[19,-4],[29,-6],[106,-22],[33,-6],[31,-6],[70,-13],[45,-9],[11,-3],[21,-5],[17,-4]],[[24591,16855],[1,0],[5,-1],[17,-4],[6,-1]],[[24620,16849],[0,-1],[-1,-3],[0,-3],[-2,-7],[-1,-4],[-18,-85],[-23,-108],[-15,-67],[-16,-81],[-18,-86],[-14,-67],[-86,0],[-128,1],[-1,0]],[[24297,16338],[-29,4],[-1,0],[-28,4],[-87,13],[-29,5],[-170,25],[-454,68],[-54,8],[-169,25],[-113,18],[-2,0],[-319,48],[-27,4],[-115,17]],[[22700,16577],[0,1]],[[22700,16578],[0,2],[2,5],[3,4],[2,3],[0,4],[3,2],[57,22],[8,4],[3,3],[-5,7],[-26,12],[-26,25],[-2,5],[-9,23],[-7,5],[-10,4],[-9,1],[-26,4],[-48,4],[-25,3],[-35,9],[-8,1],[-20,2],[-28,2],[-23,3],[-30,8],[-8,1],[-17,-1],[-32,-4],[-17,-7],[-25,-16],[-4,-1],[-37,-2],[-12,-1],[-10,-3],[-8,-4],[-22,-13],[-15,-8],[-9,-2],[-9,-1],[-17,-1],[-10,2],[-6,2],[-17,15],[-8,5],[-12,4],[-11,1],[-13,0],[-8,-1],[-19,-1],[-15,1],[-35,4],[-17,5],[-1,0],[-10,3],[-17,3],[-10,1],[-5,1],[-65,2],[-26,2],[-19,4],[-27,10],[-3,2],[-1,1],[-34,0],[-19,3],[-27,5],[-51,13],[-8,2],[-9,3],[-13,7],[-17,11],[-34,29],[-6,4],[-7,3],[-6,2],[-30,5],[-18,6],[-16,5],[-72,41],[-55,36],[-11,5],[-2,0],[-10,4],[-13,3],[-25,4],[-36,4],[-17,2],[-32,1],[-13,0],[-8,1],[-1,0],[-18,1],[-10,1],[-12,2],[-4,0],[-62,11],[-23,3],[-80,2],[-40,3],[-74,5],[-27,0],[-42,-1],[-28,-2],[-19,-2],[-19,-4],[-41,-16],[-12,-4],[-9,-2],[-9,-1],[-14,-1],[-15,1],[-6,2],[-24,11],[-51,22],[-72,21],[-35,14],[-18,11],[-25,22],[-6,10],[-5,6],[-2,4],[-4,3],[-7,7],[-12,10],[-15,12],[-12,7],[-23,9],[-18,1],[-12,5],[-14,7],[-15,10],[-5,4],[-108,7],[-89,3],[-12,1],[-16,4],[-31,14],[-14,8],[-13,8],[-1,1],[-12,15],[-14,15],[-13,12],[-1,1],[-11,8],[-6,4],[-20,11],[-20,6],[-19,5],[-108,17],[-25,2],[-24,2],[-23,0],[-25,-1],[-29,-2],[-21,-3],[-45,-11],[-10,-2],[-9,-1],[-25,1],[-36,2],[-10,0],[-39,-4],[-16,1],[-15,3],[-45,24],[-24,12],[-47,-2],[-21,-1],[-33,0],[-47,3],[-32,2],[-6,1],[-43,10],[-1,0],[-33,7],[-18,2],[-18,1],[-102,-1],[-60,2],[-38,1],[-35,3],[-66,8],[-157,23],[-23,2],[-19,0],[-21,-2],[-69,-12],[-60,0],[-71,-12],[-29,0],[-23,1],[-21,3],[-51,9],[-31,5],[-43,5],[-42,1],[-56,1],[-59,0],[-139,-2],[-178,3],[-60,1],[-46,1],[-13,2],[-53,4],[-50,7],[-68,10],[-32,6],[-9,2],[-31,19],[-5,3],[-7,2],[-10,3],[-66,10],[-10,2],[-7,5],[-1,1],[-15,30],[-1,3],[-6,7],[-6,8],[-2,1],[-9,7],[-10,6],[-16,6],[-13,3],[-46,5],[-37,2],[-24,0],[-19,-1],[-19,-2],[-126,-18],[-91,-12],[-13,-1],[-24,1],[-89,10],[-15,3],[-17,4],[-19,7],[-15,7],[-13,8],[-12,9],[-54,47],[-7,5],[-47,20],[-14,7],[-23,9],[-11,4],[-14,3],[-10,0],[-14,-1],[-13,-1],[-58,-14],[-10,-1],[-37,-2],[-15,0],[-19,2],[-22,3],[-29,7],[-58,16],[-11,5],[-12,5],[-8,5],[-3,5],[-2,6],[0,17],[6,33],[-1,6],[-1,8],[-7,9],[-25,20],[-6,10],[-4,11],[-2,6],[-9,33],[-3,7],[-9,6],[-8,4],[-49,10],[-17,6],[-26,12],[-7,2],[-94,17],[-77,13],[-79,11],[-109,15],[-20,2],[-7,0],[-63,4],[-14,2],[-12,2],[-9,4],[-13,7],[-49,41],[-22,18],[-11,7],[-6,4],[-14,6],[-14,5],[-87,16],[-22,5],[-2,0],[-28,7],[-21,6],[-27,7],[-52,15],[-13,3],[-33,2],[-336,4],[-73,-2],[-115,-2],[-20,-3],[-2,0],[-9,-3],[-77,-8],[-232,-22],[-77,-8],[-190,-20],[-764,-80],[-70,-8],[-211,-24],[-72,-7],[-252,-27],[-759,-80],[-253,-26],[-516,0],[-292,2],[-875,8],[-293,3]],[[9524,17782],[-30,226],[-18,132],[-25,185],[-1,4],[0,1]],[[13919,8478],[58,33],[57,32],[94,52],[26,14],[343,201],[132,92],[61,43],[57,40],[110,124],[1,1],[6,8],[0,9],[2,148],[-38,194],[-25,130],[42,219],[71,48],[167,54],[172,22],[99,10],[127,14],[279,12],[46,16],[106,32],[104,128],[334,413],[99,122],[3,3],[7,5],[40,-28],[2,0],[2,-2],[38,-28],[14,-9],[26,-17],[26,-13],[1,-1],[16,-6],[41,-15],[84,-21],[131,-35],[164,-42],[41,-10],[13,-4],[88,-23],[28,-7],[92,-25],[142,-37],[6,-1],[12,-3],[34,-9],[36,-9],[0,-1],[7,-1],[28,-8],[10,-2],[30,-8],[10,-3],[73,-19],[18,-5],[203,-52],[16,-4],[57,-15],[6,-1],[14,-4],[4,-1],[180,-47],[94,-25],[131,-34],[240,-62],[189,-50],[261,-68],[134,-35],[139,-36],[155,-40]],[[19535,9831],[70,-18],[18,-5],[195,-44],[72,-16],[31,-7],[94,-21],[25,-6],[7,-1],[89,-20],[154,-33],[113,-26],[89,-20],[75,-16],[100,-22],[126,-28],[75,-18],[45,-9],[133,-29],[44,-10],[6,-2],[3,0],[14,-3],[5,-2],[110,-24],[34,-7],[72,-16],[59,-13],[9,-2],[103,-23],[333,-74],[19,10],[43,25],[12,6],[19,10],[7,4],[3,2],[16,8],[7,3],[47,23],[30,13],[36,16],[46,18],[138,58],[46,19],[25,9],[32,11],[20,4],[1,1],[19,4],[26,5],[37,6],[40,4],[38,2],[37,1],[73,1],[119,1],[104,1],[3,0],[219,2],[149,2],[88,0],[295,3],[498,4],[10,-1],[96,2],[70,2],[31,1],[36,3],[30,1],[56,6],[52,5],[54,7],[32,2],[93,11],[61,8],[25,3],[33,3],[232,25],[112,9],[4,1],[10,0],[10,2],[9,0],[21,1],[10,0],[49,2],[13,1],[137,4],[25,1],[25,0],[52,1],[70,1],[69,2],[18,0],[53,1],[76,2],[42,0],[30,1],[145,4],[11,-1],[76,-4],[167,-9],[5,0],[278,-17],[236,-16],[80,-5],[90,-4],[1,0]],[[26965,9647],[8,0],[24,-1],[7,-1],[82,-4],[148,-10],[13,-1],[131,-7],[37,0],[10,1],[8,2],[22,4],[14,4],[31,11],[100,37],[22,9],[15,5],[14,4],[17,4],[20,4],[14,2],[13,1],[14,1],[13,0],[26,-1],[31,-3],[22,-4],[50,-6],[16,-2],[46,-7],[129,-18],[50,-7],[39,-5],[116,-16],[10,-1],[30,-5],[22,19],[8,8],[78,65],[16,14],[31,26],[1,0],[34,-6],[59,-11],[277,-56],[92,-19],[10,-1],[28,-6],[9,-2],[87,-17],[132,-27],[106,-22],[23,-5],[24,-4],[36,-5],[29,-3],[19,-3],[12,-2],[33,-4],[31,-3],[24,-1],[58,0],[51,-1],[37,0],[150,-3],[38,-1],[33,-1],[23,-2],[9,0],[10,1]],[[28906,7633],[0,16],[-2,36],[-4,50],[-2,4],[-4,6],[-10,38],[-7,18],[-8,21],[-1,2],[-2,1],[-8,15],[0,2],[-1,0],[0,2],[-3,6],[-5,8],[-20,27],[-3,5],[-3,4],[-12,17],[-1,1],[-89,91],[-25,23],[-198,186],[-10,10],[-3,2],[-26,25],[-8,7],[-2,2],[0,1],[-4,3],[-13,13],[-5,4],[-34,31],[-11,11],[0,1],[-30,27],[-6,6],[-34,31],[-5,5],[-52,49],[-11,10],[-14,14],[-1,0],[-31,30],[-11,10],[-5,5],[-6,5],[-17,16],[-19,18],[-21,21],[-4,3],[-1,1],[5,2],[14,8],[4,2],[124,68],[79,42],[1,0],[8,5],[23,12],[58,33],[1,0],[5,3],[20,11],[1,0],[19,11],[57,31],[58,32],[9,5],[32,17],[44,25],[12,6],[3,1],[25,13],[16,10],[24,13],[6,3],[7,4],[48,26],[20,11],[32,17],[28,16],[94,50],[10,6],[61,34],[9,4],[167,90],[87,48],[266,145],[31,16],[14,7],[38,21],[71,38],[18,10],[100,56],[12,6],[61,33],[1,0],[0,1]],[[29937,9565],[39,20],[116,64],[39,21],[69,37],[84,46],[66,34],[56,27],[4,2],[7,3],[35,16],[32,15],[6,2],[8,3],[47,18],[14,4],[29,11],[4,2],[82,26],[240,77],[24,7],[85,27],[20,7],[60,19],[20,7],[1,0],[43,14],[16,5],[179,57],[61,19],[30,10],[61,19],[128,41],[41,13],[16,5],[61,19],[41,13],[121,39],[40,12],[52,17],[155,49],[46,15],[6,2],[13,4],[36,12],[13,4],[50,16],[152,48],[51,16],[87,28],[14,4],[64,21],[241,76],[101,32],[115,36],[291,93],[55,17],[115,37],[78,25],[235,75],[76,24],[2,0]],[[34010,10977],[141,45],[279,89],[147,46],[142,45],[167,53],[638,203],[1,0],[601,191],[102,31],[176,56],[51,17],[128,40],[244,78],[225,70],[159,50],[284,91],[231,72],[89,32],[1,0]],[[37816,12186],[1,0],[456,-110],[614,-148],[1,0],[185,-44],[394,-95],[168,-39],[186,-45],[45,-10],[53,-13],[82,-20],[44,-11],[3,0],[16,-5],[39,-9],[148,-35],[618,-147],[9,-3],[196,-47],[195,-47],[27,-6],[267,-64],[83,-20],[209,-50],[195,-46],[1,0],[94,-23],[14,-4],[256,-60],[15,-4],[95,-23],[112,-26],[38,-10],[50,-11],[104,-23],[137,-29],[13,-2],[115,-23],[2,0],[231,-45],[9,-2],[167,-31],[143,-28],[42,-8],[110,-21],[116,-23],[113,-22],[55,-10],[178,-35],[42,-8],[544,-105],[475,-91],[546,-106],[702,-135],[32,-7],[91,-17],[54,-9],[50,-8],[40,-5],[40,-4],[42,-3],[31,-1],[53,-1],[106,2],[35,2],[17,1],[18,1],[18,2],[11,1]],[[24920,7894],[14,-1],[19,0],[22,8],[13,5],[5,0],[14,1],[4,0],[15,2],[50,-14],[5,-1],[47,-15],[89,-19],[72,-15],[31,-6],[41,-6],[49,-7],[12,-1],[46,-11],[16,-3],[59,-28],[33,-22],[2,-2],[8,-2],[10,-2],[25,-6],[5,-2],[6,-1],[1,0],[0,-1],[13,-13],[9,-4],[6,-2],[42,-19],[66,-24],[7,-2],[43,-10],[33,-9],[18,-4],[66,-11],[19,-3],[9,-1],[24,-4],[2,0],[7,-4],[5,-2],[17,-3],[8,-1],[2,0],[3,-1],[65,0],[4,1],[57,2],[44,3],[49,5],[85,11],[110,17],[46,9],[44,9],[51,9],[10,2],[9,2],[19,6],[7,2],[3,1],[39,14],[65,23],[10,4],[60,12],[43,8],[37,0],[48,-5],[28,-4],[20,-3],[6,0],[8,-1],[23,-3],[8,-1],[12,-2],[33,-4],[101,-14],[35,-6],[35,-5],[11,-1],[9,-1],[25,-2],[9,0],[-5,10],[1,-1],[6,-5],[10,-11],[-25,-7],[23,0],[30,2],[43,4],[22,0],[7,-1],[22,-11],[11,-8],[12,-10],[2,0],[9,4],[5,3],[1,4],[0,4],[-9,14],[0,6],[3,4],[22,13],[0,6],[-14,9],[-23,14],[5,2],[16,8],[6,1],[1,0],[2,2],[8,3],[2,1],[1,0],[-7,7],[-12,14],[-1,0],[-2,6],[1,4],[6,6],[8,6],[11,6],[69,34],[27,15],[28,11],[17,4],[9,1],[64,1],[27,3],[16,2],[36,9],[12,2],[18,1],[29,1],[1,0],[92,-33],[32,-11],[124,-44],[99,-35],[24,-8],[72,-25],[0,-1],[-6,-13]],[[10866,7894],[144,-43],[136,-59],[249,-67],[109,-36],[105,-36],[119,-5],[106,-4],[260,24],[306,157],[67,34],[285,165],[101,58],[21,12],[445,129],[19,5],[279,80],[302,170]],[[13919,8478],[1,0],[30,-7],[92,-23],[31,-7],[2,0],[33,3],[25,-1],[21,-3],[14,-4],[9,-5],[24,-22],[5,-3],[6,0],[3,1],[17,7],[9,-3],[9,-6],[5,-4],[3,-6],[1,-1],[5,-10],[1,-6],[-1,-1],[-22,-36],[-8,-32],[0,-6],[1,-3],[1,-2],[0,-2],[7,-12],[3,-8],[3,-10],[-1,-12],[0,-6],[-7,-36],[0,-5],[1,0],[2,-3],[1,-1],[19,-10],[18,-8],[22,-6],[8,-1],[11,0],[13,1],[3,1],[1,0],[-1,1],[-1,0],[0,1],[-12,6],[0,4],[2,1],[6,1],[11,2],[6,-1],[7,-1],[8,-3],[28,-15],[11,-3],[15,-3],[38,-6],[104,-15],[37,-9],[7,-2],[20,-3],[41,0],[16,-1],[17,-2],[26,-5],[6,-1],[7,0],[21,2],[31,-1],[29,3],[41,0],[0,2],[1,1],[-1,3],[-1,1],[1,8],[4,6],[7,7],[12,8],[32,16],[12,13],[6,4],[8,4],[5,1],[13,0],[13,-2],[16,1],[0,-1],[3,-2],[2,-5],[3,-3],[1,-2],[3,-2],[4,-3],[11,-4],[33,-5],[11,-2],[20,-5],[1,0],[0,4],[-4,3],[-9,4],[-28,9],[-19,5],[-8,5],[-3,3],[-5,6],[-4,3],[-2,2],[-3,2],[-26,7],[-13,6],[-11,6],[-2,2],[-1,0],[0,2],[-1,2],[0,6],[3,6],[5,5],[6,7],[25,20],[1,2],[8,11],[7,6],[12,5],[2,3],[10,22],[7,14],[0,1],[7,7],[5,2],[4,0],[13,-1],[22,4],[9,3],[1,1],[-16,1],[-10,0],[-6,1],[-6,2],[-1,1],[1,18],[8,5],[5,7],[4,3],[15,7],[20,12],[4,5],[0,3],[-14,11],[-4,5],[-6,9],[0,1],[8,4],[14,3],[2,2],[0,2],[-2,5],[-1,0],[0,1],[-2,1],[-2,2],[-1,0],[-3,2],[-12,1],[-1,0],[-2,2],[2,3],[2,2],[13,4],[7,3],[5,3],[8,13],[19,16],[12,8],[16,5],[13,3],[29,3],[13,1],[50,-1],[48,-4],[36,0],[18,-3],[38,-3],[74,-10],[4,-2],[-1,-1],[-5,-3],[-23,-8],[-4,-3],[0,-2],[1,0],[1,-1],[4,1],[43,10],[7,1],[7,0],[40,-4],[16,-5],[25,-2],[91,-11],[42,-11],[11,-1],[68,-4],[47,1],[69,0],[21,-4],[8,0],[23,3],[21,3],[26,-1],[11,2],[10,4],[13,6],[46,31],[26,12],[28,13],[31,12],[9,3],[37,11],[40,19],[6,1],[13,2],[10,3],[49,18],[21,10],[13,4],[25,-1],[29,-4],[6,-2],[14,-10],[16,-14],[7,-9],[19,-33],[0,-3],[1,-5],[2,-3],[0,-1],[4,-3],[10,-4],[20,-6],[30,-11],[18,-4],[6,-2],[29,-6],[15,-4],[28,-14],[27,-9],[129,-31],[35,-9],[25,-5],[46,-10],[23,-7],[25,-6],[12,-1],[106,7],[55,7],[8,1],[51,17],[55,17],[43,16],[19,6],[11,3],[7,0],[5,-2],[-1,0],[-4,-5],[-7,-8],[-23,-14],[-8,-7],[-4,-8],[0,-2],[-1,-3],[0,-2],[1,-3],[5,0],[7,1],[13,6],[15,7],[17,12],[33,27],[40,27],[11,5],[9,3],[10,2],[5,0],[7,-1],[15,-3],[12,-4],[5,-1],[27,-20],[4,-2],[26,-8],[6,-1],[72,-16],[41,-8],[21,-4],[28,-2],[32,-2],[23,0],[33,3],[54,6],[31,4],[71,6],[18,3],[21,6],[31,12],[19,9],[73,36],[4,3],[2,4],[-2,4],[-49,49],[-5,12],[-1,2],[-1,1],[0,20],[5,11],[1,1],[0,2],[8,12],[9,8],[10,7],[14,5],[6,2],[24,0],[10,-2],[35,-8],[26,-2],[7,-2],[17,-12],[7,-7],[11,-17],[12,-18],[6,-13],[6,-12],[1,-1],[4,-5],[9,-6],[19,-6],[23,-6],[36,-4],[6,-1],[3,-2],[1,-1],[1,-2],[14,-12],[12,-7],[18,-11],[3,-2],[2,0],[6,-2],[21,-4],[55,0],[19,-1],[52,-5],[13,-3],[31,-12],[8,-1],[4,0],[37,4],[14,0],[10,3],[8,5],[24,4],[10,3],[4,3],[1,1],[0,1],[-18,10],[-2,3],[-1,1],[0,4],[8,6],[19,6],[49,6],[31,-1],[10,2],[37,13],[12,1],[20,0],[5,2],[8,6],[9,4],[15,4],[15,3],[31,3],[12,0],[12,-2],[16,-3],[24,-7],[61,-24],[24,-12],[2,-2],[2,-9],[1,0],[2,-1],[4,-1],[17,3],[12,-2],[56,-18],[9,-4],[6,-3],[16,-14],[0,-1],[1,-2],[-2,-2],[-14,-6],[-28,-5],[-2,-12],[3,-3],[4,-1],[16,9],[10,2],[12,2],[9,1],[5,1],[1,2],[3,8],[3,3],[4,3],[3,1],[14,3],[30,2],[7,0],[20,-6],[38,-4],[8,-2],[52,-20],[20,-6],[46,-5],[30,-5],[24,-6],[16,-7],[1,-1],[4,-3],[9,-8],[6,-1],[58,-10],[45,0],[17,-5],[0,-1],[1,-3],[-4,-5],[-5,-6],[-7,-4],[-19,-7],[-30,-9],[-30,-8],[-47,-10],[-10,-2],[-5,-9],[-3,-1],[-20,-5],[-17,-27],[-5,-8],[3,-10],[2,-4],[0,-43],[-7,-18],[-1,-3],[-1,-1],[-2,-8],[2,-6],[1,-4],[2,-4],[0,-1],[1,-3],[6,-5],[9,-8],[16,-12],[45,-25],[9,-8],[14,-24],[14,-17],[16,-15],[2,-3],[5,-6],[0,-1],[1,-3],[-3,-5],[-14,-9],[-12,-7],[-6,-2],[-22,-2],[-54,-3],[-21,-3],[-14,-6],[-7,-6],[-12,-26],[-10,-17],[1,0],[2,-2],[24,-5],[14,-5],[16,-8],[12,-3],[7,0],[5,2],[3,3],[1,4],[-1,3],[-3,8],[0,2],[-3,5],[-2,5],[1,4],[1,1],[3,6],[13,0],[7,-3],[10,-4],[11,-9],[2,-1],[4,0],[9,5],[12,8],[16,7],[40,23],[9,4],[15,6],[39,8],[42,17],[15,4],[83,19],[17,3],[27,3],[24,0],[23,-3],[64,-11],[24,0],[265,91],[138,0],[61,-1],[88,-14],[71,-2],[3,0],[46,6],[31,15],[50,28],[4,2],[21,26],[1,3],[16,53],[0,31],[-1,31],[0,1],[4,8],[21,49],[57,33],[66,22],[52,17],[1,0],[58,2],[86,-20],[5,-2],[2,-1],[74,-41],[63,-33],[108,-45],[185,-48],[4,-1],[84,-34],[1,0],[6,-2],[16,-7],[56,-23],[13,-3],[27,-5],[151,-21],[62,-6],[88,-9],[220,-25],[89,4],[51,8],[24,4],[36,15],[29,13],[86,24],[117,12],[113,1],[102,-1],[63,-17],[53,-23],[16,-10],[25,-15],[9,-7],[32,-22],[68,-35],[83,-20],[127,-37],[21,-13],[40,-25],[21,-8],[91,-35],[109,-19],[197,-3],[87,1],[48,5],[67,29],[65,25],[64,21],[89,13],[94,3],[35,-8],[41,-19],[54,-16],[70,-14],[15,-13],[17,-28],[49,-34],[66,-13],[39,-3]],[[24920,7894],[-1,-1],[-6,-10],[0,-1],[-5,-8],[-13,-19],[-3,-4],[-8,-10],[-5,-5],[-53,-24],[-14,-13],[3,-14],[28,-17],[4,-4],[-9,-9],[-26,-6],[-25,-1],[-11,-5],[-30,-20],[-7,-12],[-2,-13],[0,-5],[1,-5],[3,-5],[8,-7],[4,-4],[17,-14],[5,-4],[9,-7],[14,-7],[14,-5],[37,-5],[14,-3],[36,-13],[26,-10],[29,-14],[3,-2],[2,0],[14,-7],[51,-26],[18,-6],[28,-7],[31,-6],[17,-2],[10,-2],[34,-1],[13,0],[24,-6],[17,-6],[68,-21],[24,-6],[18,-3],[15,-2],[2,-1],[24,-4],[23,-6],[3,0],[15,-5],[7,-2],[25,-10],[3,-1],[84,-37],[10,-5],[4,-3],[1,0],[1,-1],[5,-3],[18,-16],[3,-3],[5,-8],[20,-34],[11,-19],[6,-7],[10,-16],[4,-6],[3,-6],[2,-9],[0,-1],[-1,-2],[-1,-7],[-7,-18],[8,-11],[1,-1],[-4,-17],[1,-7],[8,-10],[12,-9],[4,-4],[2,-3],[1,-5],[4,-16],[-1,-54],[2,-17],[2,-12],[0,-11],[-7,-19],[-3,-6],[-12,-9],[-11,-14],[63,0],[185,-2],[91,0],[85,2],[28,1],[35,9],[106,25],[35,9],[44,-8],[133,-24],[44,-8],[22,0],[64,1],[21,0],[24,1],[92,0],[243,4],[58,0],[15,-1],[0,-3],[14,-98],[46,-330],[9,-72],[6,-39]],[[11243,5108],[-52,388],[-147,1084],[-2,9],[-28,209],[-3,25],[-12,88],[0,2],[-29,215],[-34,246],[-31,226],[-16,125],[-11,75],[0,5],[-12,89]],[[26943,4593],[1,12],[0,21],[1,98],[0,33],[2,35],[1,32],[4,151],[2,51],[1,38],[1,29],[1,13],[0,16],[4,86],[0,29],[1,24],[1,41],[1,32],[0,24],[1,18],[2,55],[0,18],[2,81],[1,14],[5,148],[4,138],[0,3],[1,31],[2,60],[0,1],[3,111],[3,53],[0,15],[-1,10],[-1,178],[-1,72],[0,35],[-1,80],[21,0],[63,-1],[21,0],[1,3],[0,3],[1,11],[0,4]],[[27091,6499],[182,0],[1,16],[0,11],[-1,9],[0,35],[1,9],[0,2],[11,-1],[90,0],[404,-4],[14,5],[16,7],[8,6],[8,8],[7,12],[4,13],[1,6],[-1,4],[-7,6],[-11,8],[-13,8],[-5,5],[-2,3],[-9,13],[-4,6],[-5,3],[-19,15],[-4,5],[-1,0],[0,2],[-3,6],[0,2],[-1,4],[1,1],[2,6],[0,1],[5,3],[9,4],[11,2],[40,2],[23,3],[29,7],[26,9],[36,17],[10,3],[9,2],[8,1],[12,0],[41,-5],[15,-1],[8,1],[16,4],[14,6],[11,9],[4,12],[-1,4],[-6,9],[-3,3],[-3,6],[0,1],[-5,10],[-1,6],[5,8],[23,21],[4,5],[2,6],[-1,4],[-1,0],[-7,7],[-1,2],[-5,6],[0,1],[3,4],[27,16],[4,5],[12,12],[5,3],[12,2],[38,0],[7,1],[6,8],[-1,2],[-1,3],[-1,5],[-7,6],[-13,7],[-24,13],[-30,13],[-11,4],[-1,0],[-2,9],[-1,5],[-2,6],[0,3],[42,5],[-1,11],[-1,12],[1,0],[94,19],[3,0],[1,1],[-37,28],[-19,15],[-1,1],[-28,-11],[4,113],[4,39],[0,1],[14,81],[4,20],[2,45],[0,1],[2,5],[5,22],[23,84],[7,27],[-10,1],[-33,4],[-10,1],[7,13],[23,38],[8,13],[11,-2],[34,-6],[11,-2],[3,4],[0,1],[2,8],[3,24],[3,17],[0,4],[1,9],[0,1],[14,56]],[[28288,7739],[10,-2],[91,-27],[28,-7],[69,-12],[14,-4],[9,-6],[5,-6],[1,-13],[1,-12],[0,-1],[8,-15],[7,-5],[9,-6],[14,-2],[18,-2],[14,0],[12,1],[45,8],[15,1],[21,0],[7,-2],[53,-19],[37,-11],[15,-5],[7,-1],[10,-3],[16,0],[14,1],[13,3],[10,5],[10,10],[-5,8],[-11,24],[-1,0],[26,22],[-10,-10],[-8,-7],[-5,-4],[19,-7],[30,0]],[[28906,7633],[6,0],[20,-1],[21,0],[46,2],[15,0]],[[29014,7634],[-1,0]],[[29013,7634],[0,-1],[-41,-35],[2,-6],[2,-3],[2,-1],[2,-4],[1,0],[5,-3],[5,-2],[13,-2],[10,0],[51,10],[53,6],[66,4],[33,1],[22,2],[22,3],[34,8],[45,16],[15,7],[16,5],[54,15],[9,4],[24,14],[9,4],[16,4],[19,4],[18,3],[66,7],[19,1],[49,-1],[26,-1],[21,-3],[66,-15],[80,-14],[26,-4],[26,-8],[57,-21],[16,-5],[13,-1],[8,1],[2,1],[0,2],[-4,4],[-5,3],[-42,18],[-1,1],[22,3],[26,1],[34,0],[59,-3],[93,-8],[51,-3],[18,0],[18,1],[29,4],[15,3],[1,-1],[81,-37],[16,-4],[20,-4],[32,-4],[5,-1],[17,-4],[4,-2],[3,-16],[5,-4],[10,-6],[20,-6],[12,-3],[11,-2],[9,0],[22,7],[40,0],[42,-3],[31,1],[35,7],[36,7],[9,1],[7,-1],[9,-2],[15,-6],[12,-9],[9,-9],[3,-8],[1,-6],[2,-2],[3,-4],[11,-7],[9,-4],[10,-3],[10,-1],[7,-1],[7,1],[18,4],[8,1],[15,-1],[16,-3],[4,-3],[2,-4],[1,-1],[1,-10],[3,-10],[0,-1],[6,-6],[5,-4],[36,-16],[19,-8],[1,0],[9,-4],[34,-16],[44,-21],[25,-8],[52,-9],[39,-12],[55,-10],[19,-4],[11,-6],[5,-3],[3,-4],[3,-11],[1,-1],[1,-2],[2,-5],[1,0],[22,-15],[0,-1],[5,-5],[0,-1],[9,-14],[5,-4],[8,-3],[34,-8],[10,-3],[9,-4],[11,-6],[8,-7],[1,-6],[0,-2],[5,-10],[33,-15],[27,-16],[5,-7],[0,-2],[1,-2],[-8,-14],[0,-2],[-1,-1],[5,-5],[2,-3],[1,0],[22,-10],[63,-11],[11,-4],[31,-13],[12,-3],[25,-3],[35,-2],[142,0],[14,-1],[9,-2],[6,-2],[5,-3],[1,-3],[0,-7],[-6,-16],[0,-7],[3,-2],[0,-1],[1,0],[4,-1],[25,-3],[5,-2],[16,-11],[8,-3],[12,-2],[35,-1],[51,-6],[97,-17],[33,-8],[8,-1],[32,2],[8,0],[16,-3],[10,-3],[8,-4],[2,-2],[6,-5],[5,-14],[1,-1],[0,-1],[29,-35],[23,-28],[2,-4],[4,-9],[1,-1],[5,-13],[2,-13],[-4,-25],[1,-13],[2,-11],[1,-1],[4,-6],[9,-8],[8,-4],[8,-3],[14,-3],[60,-8],[15,-3],[11,-3],[18,-8],[11,-7],[14,-11],[13,-11],[35,-19],[37,-21],[11,-5],[1,0],[2,-1],[33,-9],[9,-3],[10,-7],[21,-14],[10,-4],[63,-16],[35,-8],[27,-5],[68,-10],[34,-7],[17,-5],[9,-3],[8,-5],[2,-2],[2,-3],[3,-4],[1,-2],[1,0],[3,-15],[1,-2],[3,-2],[0,-1],[8,-2],[10,-1],[9,0],[47,9],[18,2],[7,-1],[3,-1],[6,-3],[0,-1],[4,-3],[13,-26],[1,-3],[14,-14],[13,-7],[14,-7],[12,-4],[21,-5],[58,-10],[4,-1],[247,-31],[9,-2],[16,-5],[15,-7],[11,-10],[6,-6],[19,-31],[1,-1],[2,-3],[7,-7],[2,-1],[5,-4],[12,-8],[18,-11],[16,-7],[13,-9],[6,-5],[3,-6],[18,-60],[1,-30],[0,-4],[3,-6],[1,-1],[1,-2],[5,-8],[8,-9],[5,-6],[8,-6],[10,-8],[24,-15],[17,-11],[7,-6],[4,-4],[26,-32],[69,9],[21,-1],[20,-2],[16,-2],[10,0],[8,1],[12,5],[7,8],[12,15],[5,3],[6,3],[7,2],[31,0],[9,3],[42,27],[58,32],[20,9],[10,3],[30,11],[20,5],[21,4],[11,0],[22,1],[2,0],[33,-2],[11,-2],[13,-3],[13,-9],[11,-7],[10,-6],[21,-11],[6,-2],[3,-2],[2,-2],[3,-6],[4,-9],[1,-4],[1,-9],[-6,-32],[-3,-18],[1,-3],[0,-2],[1,-5],[8,-8],[1,0],[31,-15],[11,-9],[8,-11],[119,23],[30,5],[25,2],[28,2],[98,0],[31,5],[35,7],[40,13],[61,24],[13,3],[8,1],[15,1],[19,0],[23,-2],[26,-3],[15,-4],[67,-23],[167,-64],[69,-19],[14,-3],[20,-2],[29,0],[19,2],[29,6],[34,9],[24,7],[20,8],[5,3],[23,13],[1,1],[19,10],[16,6],[26,10],[11,3],[22,7],[35,9],[32,6],[20,3],[24,0],[18,-1],[15,-5],[53,-22],[16,-8],[25,-11],[42,-22],[3,-4],[8,-8],[6,-5],[4,-3],[5,-3],[16,-11],[16,-9],[10,-4],[11,-3],[15,-3],[38,-5],[12,-1],[11,-3],[40,-12],[80,-23],[9,-3],[43,-14],[23,-8],[65,-25],[47,-22],[25,-11],[18,-6],[17,-3],[16,-1],[16,0],[15,2],[16,4],[27,7],[24,8],[18,3],[26,3],[22,1],[50,-3],[159,-15],[52,-2],[19,1],[23,3],[91,16],[30,4],[15,1],[18,-1],[19,-2],[36,-10],[25,-9],[21,-8],[38,-13],[28,-10],[35,-8],[14,-2],[56,-3],[31,-6],[21,-5],[29,-10],[30,-14],[10,-5],[11,-4],[19,-5],[23,-7],[60,-23],[22,-12],[29,-17],[1,-1],[23,-15],[26,-18],[23,-11],[21,-8],[13,-3],[34,-7],[27,-6],[58,-11],[19,-5],[26,-5],[26,-8],[9,-4],[1,-1],[11,-5],[11,-9],[29,-28],[2,-3],[4,-3],[15,-12],[0,-1],[17,-12],[10,-6],[21,-15],[9,-6],[16,-10],[4,-5],[2,-7],[1,-3],[-4,-13],[0,-5],[1,-3],[0,-1],[7,-10],[3,-2],[7,-7],[7,-2],[14,-2],[1,-1],[12,-9],[6,-5],[48,-7],[95,-8],[43,-18],[64,-43],[70,-33],[47,-12],[116,-11],[145,-34],[51,-25],[53,-45],[33,-8],[44,8],[7,21],[14,10],[43,4],[0,-1],[1,-22],[0,-37],[50,-31],[160,-38],[83,-33],[91,-23],[0,-1],[3,-14],[-14,-11],[-2,-20],[-1,-8],[34,-28],[7,-6],[2,-1],[7,-46],[0,-1],[8,-7],[6,-7],[47,-36],[73,-20],[138,-6],[137,-15],[76,5],[18,13],[0,39],[14,10],[54,7],[48,-10],[156,54],[1,1],[16,-5],[11,-10],[8,-7],[0,-1],[13,-6],[14,-5],[50,-9],[19,-4],[5,-2],[1,-6],[14,-3],[30,3],[31,4],[14,2],[40,0],[20,3],[46,20],[16,5],[13,2],[9,1],[29,-2],[15,-4],[53,-15],[15,-3],[23,-3],[20,-2],[59,0],[29,-3],[16,-3],[48,-12],[17,-3],[14,-1],[57,-1],[20,-2],[45,-9],[14,-2],[10,2],[11,3],[16,9],[8,2],[25,4],[61,5],[25,3],[74,15],[24,10],[22,6],[21,3],[23,2],[20,0],[23,-2],[6,-1],[25,-3],[15,-4],[61,-15],[3,-3],[38,-8],[27,-8],[10,-4],[28,-24],[3,-2],[18,-13],[29,-21],[12,-9],[1,0],[3,-2],[31,-17],[26,-13],[64,-30],[26,-14],[11,-8],[1,0],[2,-2],[6,-3],[22,-21],[8,-9],[1,-1],[2,-3],[1,-1],[9,-11],[3,-2],[6,-6],[16,-8],[6,-2],[13,-3],[18,-4],[1,0],[0,-1],[9,-9],[54,-61],[136,-151],[56,-63],[12,-13],[38,-44],[13,-14],[14,-16],[13,-15],[8,-8],[15,-17],[3,-3],[0,-1],[4,-3],[14,-16],[1,0],[50,-57],[12,-14],[6,-6],[33,-36],[139,-109],[85,-67],[40,-32],[4,-3],[2,-2],[43,-33],[11,-8],[26,-20],[4,-3],[8,-7],[2,-1],[12,-10],[13,-10],[5,-4],[1,-1],[43,-35],[2,-1],[53,-48],[27,-32],[33,-37],[25,-29],[10,-11],[1,-2],[3,-3],[17,-19],[2,-2],[2,-3],[17,-17],[32,-35],[8,-9],[38,-42],[4,-4],[45,-48],[26,-30],[1,0],[2,-2],[11,-15]],[[28798,4488],[7,0],[19,1],[6,0],[26,1],[64,1],[53,1],[39,-7],[170,-27],[27,-4],[32,-5],[28,-5],[74,-12],[97,-14],[87,-8],[160,-13],[4,-1],[471,-41],[16,-1],[135,-14],[86,-8],[175,-15],[1,-1],[146,-14],[6,0],[101,-8],[13,0],[52,-3],[443,5],[41,0],[145,-9],[127,-6],[270,-13],[64,-3],[15,-1],[212,-11],[24,-1],[78,-4],[19,-1],[55,-2],[18,-1],[1,0],[48,-2],[70,3],[296,11],[60,3],[118,5],[1,0],[42,2],[128,5],[44,2],[32,1],[100,5],[33,1],[38,1],[116,6],[38,1],[15,1],[60,2],[224,9],[75,3],[0,3],[-1,7],[0,2],[218,-52],[326,-78],[93,-20],[25,-4],[23,-3],[208,-15],[67,-4],[39,-9],[33,-18],[48,-38],[1,0],[12,-10],[7,-3],[19,-9],[28,-8],[37,-8],[1,0],[30,-3],[21,-3],[64,-8],[21,-2],[87,-10],[17,-2],[311,-36],[104,-12],[83,-10],[150,-18],[89,-13],[9,-3],[28,-9],[37,-13],[7,-4],[2,0],[50,-23],[112,-51],[42,-19],[51,-24],[1,0],[1,-1],[12,-5],[34,-17],[45,-23],[100,-46],[32,-14],[2,-2],[15,-6],[20,-9],[59,-28],[20,-9],[37,-18],[5,-2],[72,-34],[35,-15],[10,-4],[28,-12],[6,-3],[31,-10],[28,-10],[97,-28],[101,-29],[132,-40],[170,-57],[80,-29],[155,-57],[1,0],[18,-7],[49,-17],[6,-3],[17,-8],[29,-12],[57,-29],[21,-15],[9,-5],[14,-11],[83,-23],[86,-25],[229,-67],[115,-34],[40,-11],[108,-31],[13,-3],[71,-19],[46,-11],[39,-7],[19,-3],[16,-2],[29,-1],[110,0],[34,-3],[70,-10],[66,-15],[54,-16],[49,-18],[49,-23],[43,-19],[26,-8],[30,-4],[49,-1],[39,3],[2,0],[28,2],[52,5],[5,1],[8,3],[285,90],[229,73],[57,17],[72,22],[77,21],[173,38],[370,83],[236,52],[70,15],[81,13],[16,2],[123,14],[370,44],[11,2],[113,13],[54,6],[163,19],[55,7],[157,18],[111,13],[63,5],[50,2],[32,1],[45,0],[153,-7],[27,-1],[48,-3],[82,-3],[36,0],[28,2],[17,1],[45,4],[35,7],[2,0],[28,5],[4,2],[28,6],[41,11],[43,11],[27,8]],[[44775,118],[-206,2],[-158,2],[-18,0],[-84,1],[-629,6],[-137,2],[-28,1],[-56,0],[-75,1],[-396,4],[-128,2],[-1276,14],[-20,0],[-1131,12],[-1323,15],[-343,3],[-33,1],[-34,0],[-211,3],[-274,3],[-1,0],[-685,7],[-12,0],[-272,3],[-440,5],[-55,0],[-33,1],[-457,5],[-206,2],[-86,1],[-68,0],[-19,1],[-181,2],[-106,1],[-58,1],[-181,1],[-44,1],[-150,1],[-420,5],[-60,1],[-119,2],[-91,1],[-26,0],[-505,9],[-700,11],[-39,0],[-111,2],[-325,5],[-223,4],[-23,0],[-74,1],[-11,0],[-66,1],[-22,0],[-56,2],[-102,1],[-74,1],[-404,7],[-42,0],[-277,5],[-138,2],[-68,1],[-1,0],[-52,1],[-130,2],[-1,0],[-101,1],[-25,0],[-78,2],[-51,1],[-53,1],[-189,2],[-530,9],[-18,0],[-243,4],[-320,4],[-64,1],[-18,1],[-192,3],[-25,0],[-60,1],[-169,3],[-74,1],[-85,0],[-20,-1]],[[28736,1739],[-2,-53],[0,-7],[-4,-82],[-5,-133],[-2,-85],[-2,-57],[0,-2],[-1,-41],[0,-20],[-1,-9],[-2,-47],[-1,-19],[0,-22],[-1,-40],[-1,-16],[0,-33],[-1,-1],[0,-8],[-1,-34],[-3,-82],[0,-6],[-1,-37],[-1,-19],[0,-9],[-1,-14],[-1,-42],[-5,-125],[0,-24],[-1,-14],[0,-17],[-2,-36],[0,-12],[-2,-57],[0,-8],[-3,-98],[-4,-82],[0,-3],[-2,-13],[0,-13]],[[28686,319],[-32,0],[-81,1],[-116,0],[-21,1],[-94,0],[-46,1],[-28,1],[-104,2],[-130,0],[-89,3],[-2,0],[-29,1],[-80,1],[-11,1],[-160,4],[-142,2],[-137,4],[-25,1],[-126,2],[-18,1],[-57,0],[-83,2],[-22,0],[-72,1],[-160,3],[-66,1],[-68,1],[-61,1],[-90,1],[-19,0],[-22,1],[-31,-1],[-98,0],[-151,1],[-49,0],[-179,4],[-1,0],[-140,1],[-34,0],[-43,1],[-35,1],[-65,5],[-14,1],[-8,0],[-120,2],[-461,7],[-31,0],[-164,3],[-339,5],[-188,3],[-186,3],[-42,0],[-248,4],[-80,1],[-16,1],[-33,0],[-33,1],[-454,7],[-422,8],[-549,12],[-790,17],[-797,16],[-377,9],[-643,13],[-1889,40],[-69,1],[-201,4],[-266,6],[-1538,32],[-13,0],[-275,6],[-58,1],[-608,13],[-472,10],[-1,0],[-578,12],[-1099,23],[-488,10],[-11,0],[-261,6],[-1,8],[-64,471],[-21,155],[-3,25],[-46,341],[-6,44],[-20,144],[-8,60],[-56,419],[-58,421],[-17,129],[-10,73],[-4,35],[-2,9],[-17,130],[-13,94],[-9,64],[-53,394],[-15,116],[-23,167],[-30,217],[-24,173],[0,1],[-5,39],[-17,126],[-10,76],[-8,61],[-7,50],[-4,34],[-3,16],[-4,33],[-3,19],[-4,33],[-39,285],[0,1]],[[11243,5108],[350,-37],[89,-8],[57,-5],[29,-2],[275,-14],[158,-7],[528,-24],[1,-1],[27,-1],[90,-4],[28,-1],[2,0],[127,-6],[249,-11],[137,-7],[128,-6],[11,-1],[32,-1],[11,-1],[144,-6],[340,-16],[93,-5],[131,-6],[14,0],[103,-5],[212,-10],[97,-4],[103,-5],[236,-11],[41,-2],[355,-17],[311,-14],[164,-8],[71,-3],[1,0],[0,-1],[17,-26],[4,-5],[3,-9],[2,-4],[0,-1],[1,-4],[0,-1],[-1,-3],[-2,-10],[1,-4],[0,-1],[2,-3],[1,-1],[22,-42],[11,-11],[1,-7],[0,-6],[-8,-15],[0,-9],[1,0],[2,-4],[1,0],[5,-4],[10,-6],[28,-3],[23,-6],[11,-3],[20,-8],[3,-3],[0,-1],[2,-2],[0,-2],[-2,-18],[3,-11],[2,-8],[0,-46],[96,-39],[88,-47],[73,-45],[93,-58],[111,-80],[0,-1],[26,-21],[90,-77],[209,-209],[55,-63],[35,-40],[8,-14],[26,-41],[31,-51],[30,-54],[0,-1],[1,-2],[8,-32],[31,-111],[-2,-60],[0,-20],[-5,-28],[-10,-66],[-77,-168],[-80,-144],[-56,-74],[-23,-32],[-105,-124],[-2,-2],[-21,-20],[-17,-14],[-75,-57],[-8,-14],[6,0],[57,-9],[173,-26],[57,-9],[256,-22],[767,-68],[256,-22],[140,28],[343,69],[90,18],[19,4],[111,22],[126,20],[375,59],[125,19],[8,1],[266,61],[820,187],[274,63],[6,2],[20,4],[6,1],[62,13],[184,37],[61,13],[359,73],[1077,222],[37,8],[322,66],[5,2],[21,8],[4,2],[60,20],[13,3],[9,1],[5,1],[17,1],[9,1],[1,0],[4,-1],[31,-3],[225,21],[780,71],[260,24],[138,13],[368,34],[48,4],[138,13],[1,0],[9,1],[128,4],[230,9],[181,6],[137,5],[72,2],[213,8],[72,2],[95,6],[15,0],[48,3],[281,15],[21,1],[90,5]],[[50218,6276],[-37,8],[-89,24],[-39,6],[-40,1],[-40,-2],[-21,0],[-44,-1],[-52,0],[-45,3],[-21,3],[-19,5],[-58,33],[-21,8],[-10,3],[-15,2],[-50,5],[-20,3],[-19,4],[-10,2],[-9,4],[-21,14],[-33,16],[-94,40],[-24,13],[-18,9],[-12,9],[-29,24],[-10,14],[0,3],[-1,6],[8,11],[22,12],[3,2],[7,6],[4,7],[1,0],[-1,6],[-2,16],[-9,32],[-2,10],[-2,7],[-9,12],[-1,1],[-11,15],[-18,15],[-14,9],[-16,8],[-1,0],[-12,5],[-12,4],[-31,4],[-82,4],[-53,5],[-99,10],[-6,1],[-78,8],[-120,17],[-128,15],[-15,3],[-36,12],[-9,5],[-4,4],[-14,13],[0,1],[-1,1],[-1,3],[-27,27],[-7,8],[-3,4],[-7,8],[-10,14],[-12,35],[-5,14],[-7,10],[-36,33],[-4,9],[-1,1],[0,1],[-2,6],[-1,20],[0,6],[-2,7],[-4,6],[-2,4],[-23,33],[-2,6],[-1,4],[0,6],[25,38],[2,3],[1,9],[-1,11],[-7,15],[-12,17],[-7,9],[-8,11],[-19,25],[-15,17],[-6,7],[-6,5],[-13,12],[-2,3],[-15,13],[-43,32],[-5,4],[-3,2],[-61,44],[-14,10],[-12,7],[-15,9],[-35,17],[-9,10],[-40,12],[-20,1],[-34,2],[-35,22],[-1,1],[7,68],[-145,43],[-35,26],[-33,60],[-94,26],[-40,11],[-1,0],[-3,45],[0,1],[-84,-2],[-32,0],[-73,-1],[-222,-3],[-73,-1],[1,3],[-699,722],[-538,555],[-2,4],[0,1],[-1,0],[-163,169],[-603,622],[-1,2],[-1,0],[41,13],[106,31],[104,30],[237,71],[194,58],[51,14],[52,13],[56,12],[67,14],[67,12],[43,7],[130,19],[168,23],[137,19],[121,17],[400,54],[49,9],[10,2]],[[47207,10218],[5,0],[16,2],[2,0],[17,2],[45,5],[6,1],[15,2],[1,1]],[[47314,10231],[35,5],[105,17],[87,15],[325,65],[137,27],[61,12],[6,1],[198,40],[66,14],[113,23],[50,9],[491,97],[162,33],[172,34],[364,73],[47,9],[50,8],[54,9],[174,27],[110,18],[327,51],[10,1],[80,13],[19,3],[107,17],[320,53],[49,8],[57,9],[66,10],[200,30],[22,3],[44,5],[51,6],[25,2],[38,4],[64,5],[64,4],[62,2],[3,0],[65,3],[65,0],[158,-2],[259,-3],[329,-8],[2,1],[52,-1],[144,-3],[70,-2],[49,-1],[52,-3],[25,-1],[47,-4],[47,-3],[48,-3],[60,-6],[74,-7],[16,-2],[83,-8]],[[28736,1739],[-32,-11],[-1,0],[2,51],[0,1],[-294,6],[-883,18],[-293,6],[-59,1],[-179,3],[-59,1],[0,1],[-92,2],[-277,6],[-93,2],[1,5],[2,15],[1,5],[6,44],[17,114],[2,16],[1,3],[5,41],[15,92],[0,2],[31,176],[3,14],[8,50],[8,44],[16,94],[8,54],[18,114],[7,45],[3,21],[4,32],[-2,5],[-7,14],[0,1],[-3,4],[12,45],[3,12],[8,30],[35,139],[13,50],[2,6],[0,1],[5,25],[22,127],[6,27],[42,235],[19,198],[5,55],[0,3],[3,11],[16,73],[1,6],[1,4]],[[26813,3878],[2,15],[3,11],[14,77],[6,24],[0,4],[26,115],[42,180],[29,171],[8,54],[0,64]],[[26943,4593],[1,0],[12,-2],[37,-5],[27,-6],[33,-9],[6,-2],[6,-3],[10,-6],[8,-9],[3,-3],[4,-5],[2,-4],[1,-4],[-1,-4],[0,-1],[8,-11],[0,-1],[-1,-6],[-6,-5],[-4,-6],[1,-3],[1,-1],[18,-14],[0,-5],[-2,-3],[-13,-6],[-3,-4],[-2,-4],[0,-1],[2,-10],[0,-4],[-15,-13],[-1,-3],[-1,-4],[2,-8],[4,-4],[3,-2],[8,-4],[35,-8],[14,-3],[22,0],[13,2],[19,10],[12,3],[14,2],[21,2],[14,0],[-1,5],[-3,18],[-2,4],[0,1],[310,9],[598,16],[332,10],[203,6],[106,3]],[[28798,4488],[0,-3],[-1,-33],[-1,-50],[-4,-115],[-5,-144],[-3,-66],[0,-20],[6,1],[20,4],[7,0],[-5,-134],[-4,-98],[-5,-136],[0,-5],[-1,-34],[-6,-167],[-1,-40],[-6,-220],[-1,-25],[0,-3],[-1,-22],[-1,-23],[0,-17],[-2,-14],[0,-5],[-2,-94],[-1,-2],[-1,-30],[-1,-15],[-2,-46],[0,-29],[-1,-14],[-1,-25],[0,-19],[-2,-41],[-1,-32],[0,-9],[-1,-15],[-2,-86],[-3,-53],[0,-13],[-8,-214],[-2,-44],[0,-10],[-1,-32],[-1,-25],[0,-8],[-10,-301],[0,-1],[-1,-19],[-1,-17],[0,-5],[-3,-102],[0,-22],[-1,-11],[-1,-6],[-1,-39],[0,-1]],[[56847,60],[-578,2],[-105,1],[-424,1],[-112,1],[-982,4],[-451,2],[-324,1],[-116,0],[-78,1],[-26,0],[-1101,4],[-266,2],[-334,1],[-2,0],[-373,1],[-22,0],[-462,-9],[-78,0],[-210,-1],[-117,1],[-14,0],[-376,-1],[-25,1],[-1156,-1],[-6,1],[-1,0],[-158,1],[-615,5],[-248,3],[-828,9],[-174,-3],[-102,-3],[-1,0],[-182,9],[-83,3],[-268,4],[-48,1],[-170,0],[-216,3],[-1,0],[-228,2],[-258,3],[-164,2],[-299,3],[-33,1],[-256,3],[-1,0]],[[44775,118],[1,5],[39,176],[29,123],[1,3],[1,4],[3,6],[8,17],[41,60],[8,15],[5,9],[6,11],[4,4],[1,4],[0,2],[2,3],[1,9],[5,20],[2,12],[1,30],[0,9],[-1,3],[0,3],[-1,24],[-1,23],[-2,19],[-1,4],[0,4],[-2,9],[0,1],[-3,11],[-2,4],[0,1],[-2,3],[-10,20],[-4,7],[-1,1],[-6,11],[-11,16],[-7,12],[-13,17],[-2,3],[-11,17],[-17,26],[-6,10],[-6,11],[-6,12],[-9,17],[-4,12],[-2,3],[-1,2],[-29,75],[-1,5],[-2,8],[-13,39],[-4,22],[-1,3],[-1,10],[-2,11],[-1,7],[-3,18],[0,1],[-1,14],[-4,47],[-3,47],[-2,23],[0,2],[1,8],[0,3],[14,38],[4,11],[3,6],[1,3],[9,23],[14,30],[16,42],[2,10],[2,14],[2,12],[1,9],[0,1],[2,15],[3,57],[2,23],[2,33],[0,20],[1,27],[0,1],[1,8],[0,1],[8,25],[-41,11],[-107,28],[-65,24],[-56,21],[-12,4],[-8,4],[-81,43],[-8,4],[-6,6],[-34,30],[-65,65],[-19,18],[-15,15],[-16,17],[-6,7],[-6,6],[-1,3],[-2,2],[-5,13],[0,1],[-1,9],[0,8],[2,9],[9,15],[7,9],[7,7],[19,20],[4,4],[51,49],[29,34],[13,15],[3,3],[2,5],[5,13],[0,11],[-1,8],[-3,9],[-2,7],[-2,8],[-1,1],[-14,17],[-6,5],[-15,12],[-14,8],[-234,150],[-38,28],[-29,32],[-12,13],[-38,44],[-16,17],[-5,6],[-2,2],[-7,9],[-28,32],[-10,11],[-18,20],[-8,9],[-11,13],[-3,3],[-6,7],[-3,3],[-36,41],[-44,50],[-57,63],[-44,50],[-148,171],[-1,0],[-4,4],[-1,2],[-15,17],[-54,59],[-2,3],[-2,2],[-5,6],[-13,16],[-23,25],[-3,3],[-7,8],[-34,40],[-20,22],[-82,92],[-7,8],[0,1],[-35,43],[-1,0]],[[43256,3431],[63,18],[50,14],[85,27],[47,17],[59,22],[7,3],[19,7],[2,1],[6,2],[1,1],[46,20],[68,29],[72,30],[31,14],[15,6],[1,0],[82,37],[40,17],[115,49],[94,41],[62,27],[19,9],[2,1],[63,30],[28,14],[107,58],[47,26],[42,23],[18,10],[22,13],[65,37],[22,13],[26,15],[12,10],[13,17],[46,70],[7,13],[16,24],[13,19],[24,31],[59,68],[75,78],[49,40],[26,10],[17,3],[30,4],[22,0],[92,-9],[36,0],[8,1],[54,8],[41,7],[58,11],[130,24],[42,8],[82,13],[21,5],[22,5],[56,16],[20,7],[16,6],[2,1],[39,17],[114,52],[43,22],[25,19],[11,9],[13,10],[41,40],[4,3],[1,1],[21,16],[12,3],[18,7],[112,26],[44,10],[128,30],[152,34],[22,5],[63,16],[82,29],[137,54],[110,54],[141,67],[43,21],[11,5],[59,22],[46,14],[27,5],[70,16],[156,29],[56,11],[2,1],[12,3],[17,1],[30,2],[8,1],[130,7],[29,2],[14,1],[7,0],[15,2],[17,3],[16,4],[2,0],[15,5],[10,4],[17,8],[42,22],[71,36],[35,18],[2,1],[41,21],[7,3],[141,74],[45,24],[2,0],[19,11],[21,10],[112,52],[15,6],[28,12],[15,5],[1,0],[35,13],[16,5],[27,10],[54,12],[16,2],[70,6],[34,3],[24,3],[49,7],[23,6],[19,5],[10,4],[36,16],[199,82],[177,73],[121,51],[4,1],[62,27],[71,29],[28,16],[13,10],[13,17],[12,22],[3,6],[12,21],[15,17],[2,3],[5,5],[0,1],[8,8],[9,7],[19,15],[2,2],[8,5],[30,17],[17,8],[50,25],[74,35],[83,37],[148,60],[5,2],[78,32],[26,12],[1,0]],[[50218,6276],[3,1],[22,13],[17,12],[16,14],[15,17],[7,7],[8,10],[20,28],[65,102],[24,33],[12,10],[12,11],[14,10],[19,11],[23,14],[39,22],[34,20],[67,39],[30,17],[89,52],[78,46],[1,1],[64,37],[1,0],[29,17],[181,106],[9,5],[239,138],[35,21],[273,162],[103,66],[151,97],[31,20],[27,16],[1,0],[18,-9],[20,-8],[21,-8],[5,-2],[20,-6],[92,-23],[109,-25],[73,-17],[1,0],[69,-16],[99,-23],[18,-4],[88,-20],[4,-2],[12,-3],[49,-14],[8,-1],[46,-15],[46,-16],[86,-33],[149,-56],[229,-76],[39,-13],[126,-40],[179,-56],[6,-2],[1,0],[5,-1],[70,-22],[13,-4],[215,-65],[76,-23],[7,6],[7,7],[11,9],[6,5],[6,4],[138,93],[39,27],[213,140],[186,119],[148,96],[10,7],[35,21],[10,7],[7,5],[82,54],[108,70],[161,104],[44,28],[6,4],[37,26],[1,1],[13,9],[105,87],[23,19],[17,14],[64,51],[66,53],[181,152],[40,33],[9,7],[67,56],[18,45],[8,22],[15,39],[12,25],[12,22],[16,22],[1,2],[16,20],[26,26],[7,8],[4,6],[7,12],[2,6],[3,6],[4,12],[0,8],[1,9],[2,6],[0,21],[-10,32],[-4,8],[-4,6],[-7,9],[0,1],[-11,13],[-34,40],[-10,14],[-29,34],[-88,103],[-23,26],[-7,9],[-33,38],[-15,18],[-14,16],[-56,67],[-43,46],[-4,3],[-5,5],[-33,25],[-28,23],[-34,23],[-4,3],[-14,10],[-2,0],[0,1],[-1,1],[-21,12],[-30,12],[-10,2],[-2,1],[-19,6],[-8,3],[-4,1],[-22,9],[-8,3],[-9,4],[-3,2],[-21,11],[-12,8],[-17,10],[-18,10],[-22,9],[-21,8],[-19,6],[-129,38],[-11,5],[-15,-14],[-67,37],[-118,37],[-143,51],[-154,54],[-41,15],[-100,35],[-91,35],[-15,6],[-13,8],[-12,7],[-10,9],[-45,52],[-2,2],[-52,62],[-51,63],[-9,11],[-269,341],[0,1]],[[58685,5036],[-10,1],[-13,1],[-25,0],[-37,-1],[-55,-3],[-183,-9],[-233,-12],[-58,-2],[-82,-5],[-61,-3],[-184,-10],[-25,-2],[-13,0],[-18,1],[-5,1],[-13,1],[-16,4],[-238,62],[-100,26],[-352,90],[-349,90],[-3,0],[-264,69],[-74,19],[-224,59],[-47,12],[-23,10],[-1,0],[-234,-13],[-226,-13],[-154,-9],[-552,-29],[-466,-27],[-207,-11],[-460,-26],[-11,42],[-12,46],[-34,126],[-12,44],[-18,65],[-1,1],[0,4],[-2,6],[-12,43],[-3,14],[-42,154],[-14,50],[-18,69],[-11,43],[-15,58],[-3,12],[-3,9],[-3,18],[-1,17],[1,14],[0,3],[1,3],[2,15],[2,7],[3,10],[3,7],[-143,-24],[-428,-73],[-143,-24],[-183,-29],[-99,-15],[-452,-69],[-184,-28],[-109,-18],[-329,-56],[-110,-19],[5,40],[5,26],[3,16],[0,1],[1,4],[2,29],[0,56],[-1,13],[0,7],[-3,10],[-3,8],[-4,8],[-10,19],[-9,12],[-1,0],[-56,-12],[-112,-21],[-61,-9],[-5,-1],[-96,-11],[-20,-1],[-23,0],[-58,1],[-43,6],[-12,3],[-10,3],[-10,5],[-3,1],[-2,1],[-10,7],[-31,23],[-31,29],[-19,14],[-1,1],[-19,11],[-20,10],[-20,6],[-22,5],[-48,7],[-10,3],[-11,4],[-5,3],[-33,20],[-17,9],[-17,7],[-14,5],[-6,2],[-39,12],[-51,22],[-18,6],[-38,7],[-73,17]],[[66615,18],[-20,0],[-840,4],[-122,1],[-312,1],[-433,2],[-779,3],[-305,2],[-1691,7],[-2966,12],[-2299,10],[-1,0]],[[56847,60],[94,83],[76,72],[6,2],[1,0],[207,190],[71,70],[8,17],[38,133],[17,15],[31,5],[35,-2],[72,-8],[82,-13],[152,-29],[62,-9],[65,-4],[27,1],[20,5],[10,16],[0,1],[7,26],[12,15],[32,13],[40,8],[106,35],[30,28],[5,9],[2,53],[12,68],[14,24],[73,54],[19,23],[8,20],[-6,53],[10,20],[14,24],[2,17],[1,4],[-8,9],[-17,8],[-97,25],[-67,14],[-49,15],[-46,18],[-23,18],[-15,23],[-44,95],[-27,60],[-3,6],[-4,7],[-6,7],[-7,6],[-9,5],[-12,6],[-49,17],[-156,54],[-90,31],[-1,1],[94,53],[259,147],[23,14],[75,44],[5,2],[14,8],[20,11],[34,20],[17,12],[14,10],[19,14],[18,14],[104,99],[15,13],[53,52],[4,2],[15,15],[13,12],[10,8],[13,6],[14,6],[17,4],[12,3],[5,1],[17,2],[8,1],[6,1],[16,-1],[49,-2],[17,-1],[-14,19],[-11,16],[0,1],[6,138],[1,18],[0,4],[15,323],[45,999],[1,7],[6,154],[18,407],[23,523],[2,67],[3,203],[1,14],[0,8],[36,40],[1,1]],[[58685,5036],[1,-1],[6,0],[4,-1],[7,-2],[7,-1],[12,-3],[122,-39],[4,-2],[23,-4],[20,-3],[21,-2],[25,-1],[29,0],[26,-1],[23,-1],[24,-3],[23,-4],[22,-5],[21,-5],[21,-6],[61,-24],[34,-15],[101,-45],[28,-12],[19,-6],[24,-6],[26,-5],[13,-2],[52,-7],[115,-16],[95,-12],[78,-11],[18,-3],[16,-5],[15,-5],[14,-6],[10,-6],[1,0],[1,-1],[26,-17],[22,-13],[48,-26],[27,-13],[22,-8],[49,-15],[160,-44],[33,-8],[4,-1],[10,-2],[18,-2],[32,0],[150,17],[0,2],[-2,4],[-1,5],[-7,24],[-8,25],[-10,35],[-15,48],[-1,6],[-8,30],[-3,7],[-1,3],[-10,35],[0,3],[-4,9],[-1,5],[-4,10],[-10,35],[-5,15],[-5,20],[-3,11],[-5,14],[-5,16],[-6,19],[-8,20],[-12,37],[-10,24],[-5,16],[-4,10],[-1,5],[-13,37],[-38,106],[-4,13],[-12,34],[-10,27],[-1,4],[-1,1],[0,2],[-5,12],[-1,4],[-1,1],[-7,22],[-21,61],[-3,7],[-1,4],[-7,19],[-9,26],[-2,6],[-17,46],[-10,29],[-8,22],[-11,32],[-1,0],[-11,30],[-12,33],[-19,54],[-6,17],[-5,11],[0,1],[-34,92],[-6,14],[0,1],[-27,82],[-26,94],[-24,136],[-12,81],[-4,23],[0,15],[1,3],[0,8],[2,44],[1,163],[1,114],[0,1],[420,8],[55,0],[171,128],[52,34],[11,5],[17,7],[19,6],[167,42],[118,31],[61,17],[37,10],[3,1],[115,33],[138,39],[93,27],[174,50],[82,22],[17,4],[22,8],[26,10],[5,2],[32,16],[42,19],[41,19],[50,24],[21,9],[22,8],[100,25],[85,21],[3,1],[13,1],[16,1],[29,0],[17,-2],[17,-4],[82,-24],[122,30],[367,91],[122,30],[15,27],[6,8],[8,8],[11,8],[179,99],[5,3],[17,7],[19,7],[21,6],[21,5],[21,4],[153,17],[16,2],[17,4],[16,5],[14,5],[12,6],[13,7],[8,7],[6,8],[20,39],[12,34],[5,13],[3,13],[1,6],[0,11],[-3,13],[-4,12],[-21,51],[-4,12],[-2,5],[0,9],[1,5],[2,9],[5,12],[59,78],[4,5],[7,7],[12,9],[55,32],[86,48],[11,9],[1,0]],[[67399,5454],[-67,55],[-22,17],[-26,22],[-121,99],[-34,27],[-67,55],[-1,0],[-3,-2],[-10,-6],[-3,-1],[-47,38],[-13,10],[-42,34],[-105,86],[-48,39],[-58,47],[-94,75],[-18,16],[-83,67],[-22,17],[-12,10],[-52,43],[-5,4],[-17,13],[-97,80],[-5,4],[-1,0],[-64,52],[-48,40],[-3,1],[-11,8],[-28,20],[-5,4],[-1,1],[-18,9],[-25,17],[-1,1],[-23,13],[-16,11],[-78,59],[-37,28],[-1,0],[-44,-17],[-36,-13],[-98,-38],[-45,-17],[-43,19],[-10,4],[-48,24],[-5,3],[-26,0],[-56,-25],[-49,26],[-1,0],[-19,10],[-150,21],[-106,2],[-165,1],[-23,174],[9,26],[0,1],[10,7],[17,8],[37,12],[44,2],[79,14],[1,-1],[25,-44],[177,11],[174,45],[1,0],[-7,5],[-24,18],[-1,1],[-1,0],[-19,13],[-59,40],[-19,13],[-10,6],[-20,14],[-3,2],[-79,53],[-54,36],[-5,3],[-16,11],[-5,4],[-33,21],[-3,2],[-11,8],[-92,61],[-5,3],[-35,24],[-21,14],[-63,43],[-66,44],[-28,19],[-109,75],[-8,4],[-156,104],[-19,13],[-258,173],[-63,42],[-124,83],[-127,86],[-174,116],[-158,106]],[[63742,8082],[-171,116],[-87,58],[-12,7],[-35,23],[-11,8],[-25,16],[-3,3]],[[61877,10323],[0,1],[12,0],[11,1],[17,1],[12,1],[5,1],[12,1],[5,0],[10,-3],[5,0],[11,3],[16,3],[30,7],[16,3],[10,3],[12,-1],[22,2],[11,2],[3,0],[1,17],[0,16],[6,1],[14,-1],[13,1],[10,2],[7,3],[13,9],[37,17],[6,2],[28,3],[60,0],[39,4],[16,0],[13,-3],[51,-10],[18,-7],[21,-9],[39,-21],[55,-20],[23,-7],[38,-6],[45,-3],[13,0],[34,4],[27,-1],[16,-3],[5,-2],[5,-5],[15,-22],[4,-4],[3,-2],[1,-2],[8,-4],[10,-3],[22,-5],[31,-12],[9,-2],[14,-1],[1,0],[21,7],[4,2],[3,3],[0,3],[-5,4],[-2,2],[-17,10],[-2,2],[-3,4],[0,13],[4,9],[2,3],[9,11],[6,7],[15,17],[19,15],[31,28],[11,6],[6,2],[6,0],[6,-1],[1,-4],[0,-6],[5,-2],[11,-2],[12,0],[6,1],[15,8],[18,4],[4,0],[21,-2],[6,-2],[18,-8],[18,-5],[24,-8],[37,-4],[15,-4],[6,-3],[0,-2],[-1,-5],[-2,-6],[0,-1],[4,-7],[-1,-2],[-4,-4],[-3,-1],[-29,7],[-20,3],[-8,2],[-13,11],[-7,3],[-11,1],[-25,0],[-25,-1],[-15,-3],[-9,-3],[-8,-4],[-10,-7],[-7,-9],[-5,-10],[0,-10],[1,-6],[3,-6],[1,-1],[26,-33],[9,-19],[0,-1],[4,-4],[7,-5],[5,-3],[8,-1],[10,-2],[10,0],[17,1],[9,2],[2,0],[15,5],[28,18],[-11,21],[-3,5],[10,11],[30,0],[26,-12],[32,-7],[12,-9],[0,-10],[-1,-10],[-3,-16],[6,-15],[1,-1],[15,-14],[43,-10],[15,-1],[17,-1],[22,-1],[44,1],[17,0],[17,-1],[24,-4],[28,-5],[14,-3],[55,-18],[11,-4],[11,-2],[15,-1],[9,-1],[7,0],[5,1],[25,2],[29,4],[14,4],[7,4],[4,4],[8,23],[5,4],[13,7],[26,12],[17,6],[16,1],[16,0],[11,-1],[16,-3],[44,-15],[7,-2],[55,-15],[19,-7],[3,-1],[23,-10],[32,-23],[13,-14],[1,0],[2,-3],[3,-5],[4,-13],[1,-3],[-1,0],[-4,-14],[-14,-19],[0,-6],[3,-6],[1,-5],[17,-28],[0,-1],[-1,-21],[-4,-9],[-11,-14],[-22,-21],[-31,-26],[-27,-20],[-22,-14],[-16,-9],[-55,-27],[-15,-8],[-10,-6],[-15,-15],[-8,-7],[-6,-10],[-2,-2],[-5,-12],[0,-4],[-5,-22],[-10,-18],[-1,-7],[1,0],[0,-2],[6,-8],[7,-3],[5,-1],[11,2],[10,3],[47,17],[32,10],[48,14],[14,5],[43,21],[11,2],[12,3],[25,-2],[34,4],[14,1],[34,-1],[25,3],[89,25],[13,5],[6,4],[9,20],[9,14],[10,12],[12,8],[35,12],[17,7],[26,15],[11,4],[31,8],[44,3],[43,0],[12,-2],[26,-6],[11,-4],[14,-8],[9,-8],[29,-29],[20,-15],[46,-25],[32,-16],[31,-14],[38,-14],[7,-3],[3,-4],[1,-1],[16,-21],[2,-1],[18,-14],[19,-13],[39,-17],[17,-6],[36,-11],[17,-1],[20,-1],[5,0],[6,1],[4,3],[1,0],[-12,9],[-2,2],[-1,2],[1,4],[5,4],[32,12],[18,6],[21,4],[49,9],[15,3],[25,7],[20,8],[23,11],[77,39],[19,8],[12,3],[35,8],[14,2],[25,3],[9,-1],[31,-3],[12,-1],[43,1],[17,-1],[39,-5],[50,-3],[9,1],[30,4],[64,-6],[40,-5],[19,-5],[33,-10],[24,-8],[27,-12],[44,-21],[20,-12],[20,-14],[14,-12],[9,-8],[15,-15],[2,-3],[3,-5],[5,-10],[3,-17],[4,-33],[1,-8],[1,-4],[4,-10],[9,-16],[7,-7],[12,-5],[17,-5],[19,-5],[34,-3],[22,0],[4,1],[1,2],[1,1],[-2,3],[-7,2],[-36,6],[-12,4],[-1,0],[-12,6],[-3,2],[0,1],[2,9],[8,7],[7,5],[9,4],[18,7],[32,8],[25,7],[19,6],[42,9],[24,7],[17,7],[13,7],[5,5],[0,10],[-2,6],[-4,8],[0,5],[-1,2],[0,14],[2,6],[6,8],[33,32],[11,7],[7,4],[73,30],[40,14],[52,14],[13,3],[27,3],[21,2],[83,2],[52,5],[33,0],[79,-1],[23,1],[101,9],[17,3],[14,3],[17,5],[16,8],[4,3],[0,3],[-9,3],[-7,1],[-7,-2],[-13,-4],[-1,0],[3,4],[10,13],[2,3],[1,1]],[[67140,9968],[-1,0],[-12,-11],[-15,-14],[-17,-13],[-11,-7],[-25,-14],[-8,-3],[-31,-12],[-19,-6],[-25,-6],[-20,-5],[-11,-2],[-49,-8],[-2,-1],[-29,-5],[-65,-11],[-49,-7],[-38,-6],[-38,-5],[-86,-16],[-21,-4],[-26,-6],[-8,-3],[-20,-10],[-42,-17],[-4,-2],[-17,-25],[-10,-14],[-13,-17],[-21,-27],[-35,-41],[-19,-19],[-3,-2],[-2,-2],[0,-5],[-2,-10],[-5,-16],[-4,-7],[-7,-11],[-17,-16],[-17,-13],[-20,-5],[-15,-3],[-14,-3],[-23,-5],[-27,-4],[-33,-5],[-45,-4],[-62,-5],[-34,-3],[-28,-1],[-47,-2],[-9,0],[-7,-26],[-20,-76],[-5,-18],[-2,-8],[0,-2],[-1,-1],[-1,-4],[-1,-3],[-3,-6],[-1,-6],[0,-1],[-3,-20],[-1,-6],[0,-1],[-14,-47],[-9,-18],[-1,-1],[-1,-5],[0,-4],[-1,-4],[-2,-11],[-35,-94],[-6,-18],[0,-1],[-1,0],[0,-1],[-1,0],[-2,-15],[-14,-21],[-16,-44],[-26,-71],[-8,-2],[-8,-4],[-2,0],[-7,-4],[-5,-5],[-10,-19],[-7,-10],[0,-1],[-2,-4],[-31,-38],[-25,-31],[-60,-72],[-13,-11],[-15,-9],[-16,-8],[-17,-8],[-35,-12],[-83,-23],[-53,-15],[-66,-18],[-59,-17],[-1,0],[-12,-4],[-37,-10],[-11,-3],[-12,-4],[-37,-9],[-12,-4],[-52,-14],[-10,-3],[-187,-50],[-47,-13],[-14,-5],[-10,-4],[-28,-13],[-37,-17],[-48,-23],[-3,-1],[-24,-12],[-37,-17],[-40,-19],[-6,-3],[-105,-49],[-31,-14],[-46,-22],[-7,-3],[-16,-8],[-73,-33],[-24,-11],[-21,-10],[-34,-15],[-5,-3],[-29,-14],[-40,-26],[-15,-11],[-50,-41],[-15,-10],[-6,-3],[-28,-13],[-27,-11],[-5,1],[-18,5],[-4,1],[-1,0],[-17,4],[-49,13],[-18,4],[-1,0],[-18,-8],[-48,-18],[-16,-7],[-24,-10],[-15,-8],[-16,-15],[-4,-7],[-1,0],[-9,-13]],[[70501,6470],[-5,1],[-18,7],[-7,2],[-131,47],[-8,3],[-217,76],[-72,24],[-139,40],[-117,34],[-15,3],[-17,2],[-17,3],[-51,8],[-17,2],[-22,4],[-33,4],[-86,11],[-31,7],[-1,0],[109,82],[11,8],[-92,23],[-116,86],[-19,-18],[-50,29],[-43,23],[0,1],[47,12],[0,1],[-31,17],[-95,54],[-31,17],[-1,1],[-57,-8],[-168,-24],[-57,-8],[-1,0],[-9,55],[-3,12],[-2,15],[-6,30],[0,1],[-263,30],[-32,4],[-68,27],[-1,1],[23,6],[19,4],[17,4],[12,1],[13,0],[57,-3],[37,-1],[27,0],[36,5],[117,28],[32,5],[41,4],[134,14],[62,9],[42,6],[35,6],[4,1],[36,7],[25,7],[28,9],[57,21],[13,6],[10,6],[8,7],[48,57],[1,7],[0,16],[52,127],[48,42],[1,0],[15,34],[4,8],[27,29],[29,10],[75,23],[65,12],[25,1],[25,-4],[32,-11],[23,-9],[13,0],[50,31],[20,9],[38,6],[7,-1],[13,0],[13,-3],[34,-17],[3,-1],[43,-20],[29,5],[90,37],[32,6],[47,-2],[76,-17],[47,-17],[68,7],[22,10],[0,21],[-28,17],[-1,1],[7,20],[19,19],[13,17],[7,8],[10,8],[25,10],[15,8],[33,26],[4,4],[19,10],[14,7],[40,14],[8,6],[23,15],[26,12],[8,6],[8,28],[5,7],[7,6],[7,5],[14,5],[17,4],[20,3],[29,0],[26,-1],[24,-3],[19,-4],[4,-1],[46,-11],[13,-1],[17,1],[54,11],[2,0],[-13,6],[-37,19],[-12,6],[-25,13],[-33,32],[-19,17],[-28,18],[-19,20],[-14,6],[-36,36],[-33,21],[-5,4],[-16,15],[0,1],[-4,3],[-54,41],[-1,1],[158,29],[475,86],[36,7],[107,20],[14,3],[1,0],[-36,25],[-19,12],[-39,27],[-10,7],[-18,12],[-31,22],[-57,41],[-7,4],[-55,38],[-71,47],[-158,109],[-51,35],[-71,47],[-78,53],[-171,115],[-38,26],[-26,19],[-33,24],[-43,30],[-126,6],[-54,2],[-57,2],[-33,0],[-22,-2],[-7,-1],[-18,-3],[-173,-22],[-48,-6],[-4,-1],[-12,-1],[-121,-13],[-171,-23],[-28,-3],[-263,-32],[-42,-5],[-356,-45],[-25,-3],[-22,-5],[-26,-6],[-3,0],[-39,-11],[-334,-87],[-114,-30],[-183,-47],[-289,-79],[-23,-5],[0,-1],[-15,-4],[-15,-3],[-48,-12],[-21,-5],[-6,-1],[-17,-3],[-21,-2],[-121,-7],[-36,-2],[-29,-2],[-83,-5],[14,75],[5,25],[1,8],[3,17],[0,5],[3,17],[1,7],[4,24],[5,43],[13,84],[3,21],[2,13],[5,38],[10,85],[1,12],[10,87],[3,14],[7,26],[5,24],[3,12],[6,28],[14,54],[25,67],[7,10],[11,14],[11,11],[4,3],[0,1],[1,0],[-15,3],[-2,0],[-20,5],[-57,12],[-20,4],[-95,21],[-78,11],[-194,28],[-89,27],[-53,4],[-8,0],[-30,-3],[-44,-4],[-109,-2],[-181,-2],[-12,0],[-40,-1],[-14,0],[0,1],[2,14],[1,42],[-1,23],[1,11],[4,6],[6,7],[8,7],[7,4],[54,21],[10,6],[23,14],[7,5],[42,12],[47,17],[33,10],[91,25],[21,6],[44,8],[57,14],[35,10],[43,12],[60,25],[21,7],[106,32],[33,8],[42,14],[59,19],[9,5],[24,16],[22,12],[11,4],[27,3],[6,2],[4,2],[5,7],[31,9],[27,7],[12,3],[20,3],[20,1],[21,1],[39,-1],[42,1],[70,-3],[132,-10],[28,64],[5,10],[4,10],[0,1],[-192,3],[-17,0],[-192,4],[-87,-11],[-62,-7],[-89,-49],[-75,-34],[-19,-8],[-145,-38],[-11,-1]],[[67140,9968],[-37,6],[-6,0],[-27,4],[-34,3],[-28,1],[-24,-1],[-17,-2],[-11,-1],[-27,-4],[-3,-1],[-2,0]],[[66924,9973],[7,8],[19,25],[6,8]],[[66956,10014],[14,5],[7,3],[27,11],[14,6],[6,4],[5,6],[1,1],[0,1],[3,15],[4,19],[3,4],[7,7],[45,30],[34,25],[22,16],[10,5],[11,3],[19,2],[44,1],[55,1],[18,1],[40,3],[31,4],[18,4],[37,10],[18,3],[16,0],[37,-1],[32,-2],[26,-2],[30,-5],[42,-12],[80,-21],[21,-5],[66,-11],[8,-1],[23,-4],[8,-1],[5,-1],[26,-4],[14,0],[14,1],[23,3],[28,6],[49,16],[28,7],[11,1],[17,0],[78,-4],[37,-5],[63,-10],[24,-4],[5,2],[2,2],[-13,19],[1,2],[10,6],[2,3],[-1,5],[-2,6],[5,3],[1,0],[0,5],[-8,5],[-7,18],[0,2],[1,0],[4,4],[3,1],[4,-2],[8,-6],[2,-13],[1,-2],[7,-10],[0,-1],[-6,-7],[0,-2],[2,-7],[-1,-4],[-9,-6],[0,-1],[4,-4],[2,-3],[2,-6],[2,-2],[1,0],[8,-3],[91,0],[13,-3],[93,-26],[25,-8],[27,-11],[37,-23],[25,-21],[13,-10],[10,-13],[1,-1],[4,-5],[6,-10],[2,-18],[9,-16],[10,-17],[9,-6],[9,-2],[8,0],[13,2],[28,6],[22,7],[16,5],[5,1],[4,0],[0,-1],[-6,-6],[-11,-6],[-13,-3],[-50,-10],[-8,-3],[-3,-2],[0,-1],[2,-3],[10,-6],[26,-13],[30,-10],[52,-11],[72,-6],[8,0],[20,3],[3,2],[1,4],[0,3],[-1,1],[-8,7],[0,6],[6,8],[1,3],[-2,4],[-3,5],[0,2],[4,-1],[7,-3],[10,-8],[0,-3],[-9,-6],[-1,-4],[8,-8],[4,-7],[0,-5],[1,0],[4,-3],[40,-3],[46,-3],[7,0],[4,1],[-4,6],[0,7],[1,1],[4,-1],[12,-10],[2,-2],[7,-3],[1,-1],[14,-4],[14,0],[34,1],[39,-4],[21,0],[14,2],[32,9],[27,5],[14,7],[10,20],[7,8],[5,12],[0,1],[3,4],[5,8],[-3,7],[-3,4],[-7,3],[-7,0],[-7,1],[-50,-7],[-14,1],[-11,2],[-3,2],[-1,1],[0,4],[2,5],[16,10],[13,17],[16,8],[15,5],[34,8],[31,10],[33,12],[45,21],[17,7],[56,16],[24,5],[18,3],[22,2],[35,3],[7,1],[21,1],[46,0],[40,-1],[28,-2],[62,-8],[16,-3],[23,-6],[25,-8],[37,-14],[19,-5],[26,-6],[97,-15],[127,-22],[48,-9],[62,-14],[19,-4],[55,-18],[13,-2],[10,-2],[19,0],[12,3],[12,6],[4,-2],[209,50],[163,62],[4,59],[-13,22],[-178,84],[-171,24],[-59,19],[-188,95],[-8,10],[-1,1],[759,-250],[89,-29],[71,9],[159,2],[39,-4],[59,-6],[110,-14],[22,-4],[10,-2],[54,-16],[41,-10],[21,-1],[17,1],[10,1],[17,4],[40,11],[17,7],[33,15],[9,5],[1,1],[28,17],[2,1],[80,39],[21,8],[26,11],[10,4],[82,35],[58,8],[31,6],[28,6],[20,8],[7,5],[7,11],[4,6],[15,10],[20,11],[22,14],[23,12],[24,12],[30,16],[14,5],[25,9],[24,5],[31,6],[15,4],[5,5],[19,9],[13,4],[25,9],[24,4],[20,5],[18,3],[21,4],[24,3],[30,4],[13,2],[15,4],[29,1],[25,4],[67,0],[36,-1],[21,0],[18,-1],[31,-2],[36,-3],[26,-5],[25,-3],[32,-7],[26,-5],[42,-10],[14,-3],[22,-6],[13,-4],[13,-7],[7,-8],[11,-6],[10,-5],[11,-7],[11,-6],[9,-3],[0,-5],[1,-7],[0,-6],[1,-9],[1,-11],[6,-5],[16,-15],[18,-9],[17,-8],[18,-4],[29,-6],[5,1],[19,-2],[16,-5],[10,-4],[6,-2],[13,-3],[19,-5],[2,-2],[27,-8],[29,-14],[20,-7],[27,-12],[24,-8],[16,-7],[15,-7],[11,-7],[12,-6],[19,-9],[15,-9],[18,-7],[22,-11],[23,-6],[4,1],[12,-2],[21,-10],[25,-6],[12,-2],[-1,4],[-3,6],[0,1],[8,6],[8,7],[17,8],[17,6],[17,5],[6,7],[2,7],[5,5],[12,5],[18,9],[16,6],[14,7],[17,10],[19,8],[23,10],[24,8],[0,3],[17,5],[20,5],[12,4],[10,3],[32,9],[28,5],[31,5],[27,5],[9,0],[19,4],[20,3],[22,-1],[26,0],[19,-1],[4,1],[10,-1],[19,-2],[28,-4],[18,-2],[20,0],[40,-7],[18,-5],[15,-4],[22,-5],[24,-8],[12,-5],[10,-4],[11,-5],[24,-8],[13,-4],[12,-2],[9,-4],[15,-3],[12,-5],[9,-4],[3,0],[15,-4]],[[74545,10209],[0,-1],[16,-4],[15,-9],[22,-9],[5,2],[15,2],[7,3],[7,5],[20,0],[5,3],[9,7],[9,0],[5,3],[4,4],[13,3],[16,3],[21,3],[22,3],[4,-5],[0,-2],[15,0],[26,-1],[25,0],[6,-1],[18,-1],[28,-1],[35,-2],[5,-1],[11,-4],[12,0],[14,-1],[6,-4],[11,0],[19,-5],[26,0],[14,1],[22,-1],[20,-2],[24,-6],[28,5],[18,4],[17,4],[14,4],[22,4],[16,5],[21,1],[-1,2],[-1,0],[4,3],[13,5],[12,4],[7,1],[1,0],[-4,3],[13,5],[8,2],[22,7],[19,8],[18,7],[28,13],[25,9],[30,10],[27,5],[5,3],[14,4],[26,8],[25,5],[14,-3],[10,0],[3,3],[2,4],[25,4],[1,0],[0,-1],[4,-4],[95,12],[0,2],[35,4],[-1,1],[0,1],[14,1],[29,6],[25,6],[23,2],[17,1],[12,2],[15,2],[18,6],[29,4],[28,3],[23,2],[19,0],[27,-3],[11,-2],[19,-1],[11,1],[73,-1],[0,-3],[41,1],[-1,4],[0,1],[6,1],[25,3],[18,1],[24,2],[27,1],[25,1],[26,0],[20,1],[12,2],[20,3],[36,6],[30,3],[18,8],[40,14],[52,21],[37,12],[3,0],[172,-65],[37,-15],[170,-107],[141,-81],[24,-33],[30,-43],[15,-20],[37,-51],[40,-40]],[[77230,10001],[1,0],[107,-107],[209,-171],[205,-157],[202,-122],[60,-117],[36,-69],[-108,8],[-122,3],[0,-1],[7,-7],[10,-6],[14,-1],[25,2],[5,0],[-1,-1],[-1,-5],[-6,-5],[2,-1],[3,-3],[10,-5],[12,-2],[15,0],[16,3],[15,-2],[2,-3],[1,-1],[-9,-5],[-12,-3],[-9,-7],[0,-6],[1,0],[15,-4],[12,-1],[12,0],[11,3],[5,-3],[-1,-1],[-5,-6],[-6,-5],[0,-5],[-7,-5],[13,0],[4,-3],[9,-8],[1,-1],[1,-8],[3,-4],[1,-1],[21,-3],[13,-4],[4,-9],[-3,-7],[-5,-3],[1,0],[8,-4],[9,-3],[4,-9],[10,-6],[0,-1],[1,-3],[16,-14],[5,-5],[9,-16],[5,-3],[18,-9],[2,-3],[-1,-3],[-7,-7],[1,0],[2,-1],[11,-3],[2,-2],[4,-20],[0,-3],[10,-14],[0,-4],[-3,-6],[-20,-8],[1,-1],[0,-1],[8,-2],[24,2],[4,0],[4,-2],[13,-7],[34,-9],[0,-2],[1,0],[-4,-1],[-44,-8],[-22,-5],[-6,-2],[-9,-5],[0,-1],[83,15],[13,2],[10,4],[7,3],[3,0],[11,-6],[14,-16],[5,-8],[4,-14],[1,-17],[0,-11],[-1,-10],[2,-9],[-7,-16],[3,-18],[5,-9],[1,-10],[0,-3],[-2,-5],[-4,-2],[-7,-3],[-9,-3],[-48,-7],[-21,-4],[-28,-7],[-16,-6],[-7,-3],[-14,-12],[-3,-6],[0,-1],[-1,-2],[-2,-6],[1,-10],[3,-4],[0,-1],[3,-5],[8,-7],[13,-5],[19,-4],[16,-2],[26,-1],[11,-2],[10,-1],[7,-3],[0,-1],[2,-1],[2,-3],[-7,-9],[-14,-10],[-6,-5],[-1,-5],[0,-9],[2,-16],[11,-11],[6,-2],[18,-3],[31,-3],[15,0],[7,2],[21,7],[13,1],[3,0],[7,-4],[5,-13],[6,-7],[5,-5],[19,-11],[16,-8],[33,-13],[29,-8],[9,-4],[5,-6],[0,-14],[2,-1],[1,-3],[9,-9],[23,-10],[12,-3],[16,-3],[27,-3],[6,-3],[2,-4],[1,0],[0,-2],[7,21],[2,-1],[2,-2],[11,-6],[3,-7],[1,-8],[-2,-7],[-4,-8],[-5,-8],[-2,-2],[-20,-12],[-13,-6],[-23,-11],[-14,-8],[-12,-9],[-2,-2],[-2,-3],[0,-13],[1,0],[4,-4],[6,-5],[15,-7],[14,-5],[25,-6],[15,-4],[9,-9],[0,-2],[2,-2],[0,-3],[-2,-5],[-11,-12],[-2,-5],[-1,-2],[3,-5],[0,-1],[4,-4],[3,-2],[7,-4],[5,-2],[10,-3],[15,-2],[18,-2],[16,-1],[12,-1],[5,-1],[15,-4],[5,-1],[12,-6],[7,-4],[5,-5],[7,-6],[4,-3],[7,-6],[13,-8],[11,-7],[4,-1],[0,-4],[-1,-9],[0,-3],[1,-5],[0,-3],[2,-3],[3,-7],[3,-5],[4,-3],[6,-3],[8,-5],[7,-3],[17,-7],[7,-4],[7,-5],[3,-1],[1,-1],[4,-7],[3,-4],[-6,-5],[-12,-5],[-24,-7],[-9,-3],[-6,-4],[-2,-3],[-1,-3],[0,-2],[1,-2],[2,-3],[4,-7],[0,-1],[14,-14],[5,-4],[2,-3],[1,0],[15,-10],[5,-4],[4,-3],[5,-6],[1,-1],[2,-1],[1,-2],[3,-2],[1,-2],[-6,-4],[-2,-2],[-5,-8],[-4,-7],[-1,-8],[1,-2],[3,-5],[4,-10],[3,-5],[3,-2],[7,-7],[3,-2],[2,-3],[2,-2],[13,-14],[5,-3],[12,-7],[8,-7],[3,-5],[0,-3],[1,-3],[1,-8],[1,-3],[1,-4],[2,-4],[3,-2],[7,-5],[3,-1],[8,-3],[4,-3],[14,-4],[4,-1],[14,-7],[1,-1],[10,-9],[1,-2],[6,-8],[2,0],[1,-2],[4,-2],[6,-4],[2,-2],[1,-5],[1,-10],[0,-22],[-3,-6],[1,-2],[-4,-5],[-8,-4],[-8,-2],[-2,-2],[-5,-2],[0,-1],[-1,0],[-4,-4],[-6,-7],[-2,-7],[0,-3],[-3,-12],[-6,-9],[-4,-7],[0,-4],[2,-3],[-5,-5],[-14,-7],[0,-8],[10,-9],[0,-2],[4,-2],[2,-5],[-1,-1],[-2,-6],[-16,-19],[-17,-45],[-30,-58],[-14,-24],[-1,-4],[1,-2],[2,-5],[14,-18],[3,-3],[3,-13],[0,-1],[-2,-19],[1,-7],[1,-1],[15,-20],[0,-2],[1,-3],[-2,-7],[-6,-5],[-10,-11],[-4,-2],[1,-1],[14,-5],[27,-10],[22,-6],[15,-5],[1,0],[13,-7],[42,-21],[13,-7],[15,-7],[42,-22],[14,-7],[506,-261],[54,-16],[43,-6],[30,-1],[43,3]],[[79749,7089],[-2,-1],[-33,-9],[-13,-4],[-29,-8],[-6,-1]],[[72545,6],[-3181,0],[-171,1],[-141,0],[-107,1],[-221,1],[-48,0],[-397,2],[-2,0],[-1662,7]],[[66615,18],[2,9],[0,6],[1,5],[0,6],[3,10],[6,10],[8,10],[9,8],[12,9],[86,42],[51,24],[44,21],[118,50],[32,14],[12,6],[173,72],[188,77],[37,15],[44,19],[136,56],[39,16],[28,11],[130,53],[65,23],[193,70],[64,23],[7,2],[20,8],[6,2],[14,5],[14,6],[12,8],[77,43],[30,19],[27,16],[-144,158],[-13,14],[-1,1],[11,2],[-23,18],[-9,8],[-6,4],[-16,14],[-5,3],[-10,8],[-48,36],[-14,10],[-10,7],[-20,15],[-10,8],[-53,40],[-5,3],[-3,3],[-8,-3],[-6,-1],[-146,-35],[-64,-16],[-62,-14],[-176,-40],[-257,166],[-148,-36],[-86,-24],[15,128],[9,2],[77,13],[22,0],[145,-16],[20,-2],[213,47],[34,0],[53,-10],[52,-12],[17,-6],[119,-9],[15,1],[1,0],[-10,7],[-3,2],[-86,65],[-105,79],[-48,27],[-64,22],[-219,47],[-2,1],[-20,4],[-1,0],[55,14],[-91,36],[-76,-25],[-144,31],[17,42],[0,1],[-89,14],[-28,-35],[-46,11],[-174,37],[-114,31],[-92,27],[-82,28],[-7,13],[0,168],[258,20],[654,99],[212,-277],[120,-155],[26,4],[72,7],[102,-14],[367,-103],[35,-10],[98,-39],[24,28],[3,4],[5,19],[8,30],[-16,64],[38,2],[-2,17],[-5,24],[-4,9],[-1,1],[366,13],[-10,59],[143,4],[-11,65],[-4,29],[-5,28],[-2,11],[-8,54],[-3,16],[-8,57],[-4,24],[-2,11],[-9,57],[0,1]],[[53844,10025],[-103,130],[-40,50],[-32,41],[-87,110],[-40,51],[-18,22],[-43,54],[-54,69],[-66,84],[-41,52],[-20,26],[-31,39],[-6,10],[-2,9],[0,11],[3,10],[0,1],[18,25],[3,4],[68,87],[21,29],[0,1]],[[53374,10940],[35,46],[50,66],[34,40],[11,10],[12,9],[13,7],[3,1],[11,6],[17,7],[16,6],[28,8]],[[53604,11146],[1,0],[3,-1],[0,-1],[1,0],[7,-5],[24,-23],[7,-3],[13,-4],[23,-3],[47,-5],[62,-1],[62,2],[12,0],[97,2],[39,0],[146,3],[15,2],[12,3],[8,3],[11,8],[27,28],[13,5],[22,3],[10,0],[36,-2],[13,2],[9,3],[19,10],[21,1],[34,0],[15,1],[14,2],[11,-1],[10,-1],[14,-2],[14,-1],[12,-1],[13,0],[18,2],[14,2],[8,0],[7,-1],[13,-2],[19,0],[7,1],[13,1],[41,12],[15,3],[35,0],[28,4],[21,-1],[18,2],[11,3],[7,4],[10,2],[8,1],[40,-9],[44,-3],[3,16],[23,103],[85,170],[1628,46],[224,-25],[0,-1],[-116,-135],[-17,-20],[-1,-1],[23,-4],[138,-28],[74,-11],[737,-108],[119,-73],[12,-7],[70,-43],[20,12],[1,0],[45,-28],[136,-84],[46,-28],[201,-125],[33,-20],[0,-1],[2,-1],[25,-15],[20,6],[-12,8],[-13,7],[-22,14],[-5,2],[-1,1],[-157,98],[1,12],[5,38],[20,26],[43,23],[79,29],[133,35],[172,33],[108,8],[115,-9],[98,-21],[26,-13],[37,-18],[114,-6],[24,-2],[62,-4],[12,-12],[3,-1],[6,-3],[1,-1],[12,-5],[14,-3],[11,-1],[10,1],[7,1],[25,5],[8,1],[34,-1],[14,-2],[17,-2],[60,-13],[18,-2],[19,-2],[15,-6],[29,10],[1,0],[44,15],[8,-1],[36,-4],[33,-5],[50,-11],[49,-11],[22,-8],[26,-8],[21,-8],[1,5],[19,16],[27,16],[24,6],[31,9],[29,5],[118,-54],[194,49],[44,3],[2,0],[-1,6],[0,2],[6,1],[17,13],[8,1],[13,1],[16,-1],[14,-4],[4,-1],[10,-5],[7,-8],[-2,-16],[-1,-5],[2,-7],[1,-5],[-1,-4],[-10,-11],[-2,-5],[2,-5],[5,-7],[13,-12],[20,-16],[11,-7],[13,-5],[22,-5],[49,-10],[19,-5],[16,-8],[15,-9],[28,-23],[15,-11],[6,-3],[5,-1],[6,0],[7,2],[6,3],[14,12],[14,9],[13,7],[7,2],[27,4],[28,4],[8,0],[68,-12],[64,-3],[32,1],[12,1],[26,4],[19,3],[43,12],[48,18],[11,2],[10,0],[39,-2],[5,1],[19,5],[47,16],[10,4],[7,5],[5,7],[2,8],[-2,3],[0,1],[-6,4],[-8,4],[-16,2],[-22,2],[-25,-1],[-87,-15],[-8,-1],[-7,1],[-6,1],[-6,2],[-32,20],[-26,10],[-21,3],[-7,0],[-15,-1],[-24,-4],[-45,-12],[-7,-2],[-11,1],[-4,2],[-5,5],[0,1],[-3,2],[-19,20],[-9,5],[-61,22],[-16,9],[0,1],[-1,3],[-1,2],[0,3],[2,5],[6,13],[0,5],[-5,6],[0,1],[-2,9],[0,4],[5,4],[9,4],[15,5],[7,3],[13,7],[6,4],[3,9],[14,18],[7,6],[30,17],[8,2],[8,-1],[0,-1],[-1,-6],[-5,-5],[-19,-14],[-6,-7],[-1,-7],[4,-6],[8,-9],[0,-1],[3,-1],[3,-3],[1,0],[13,-6],[6,0],[10,2],[24,12],[15,2],[14,3],[51,-3],[14,0],[9,1],[8,3],[13,5],[11,-1],[1,-1],[8,-1],[-2,-3],[1,-3],[1,-2],[3,-1],[10,1],[8,1],[12,4],[34,19],[15,7],[23,15],[17,6],[19,2],[17,0],[1,-2],[0,-3],[-1,-1],[-50,-22],[-19,-10],[-5,-5],[-2,-1],[-9,-17],[-7,-5],[-8,-2],[-42,-2],[-4,0],[-11,-2],[-6,-1],[-9,-4],[-3,-2],[5,-5],[7,-1],[38,-1],[12,-2],[4,-1],[6,-3],[3,-4],[-7,-7],[-7,-1],[-15,1],[-21,2],[-22,4],[-14,4],[-8,4],[-4,4],[-6,7],[-4,6],[-5,3],[0,1],[-1,0],[-5,3],[-7,1],[-15,0],[-12,-4],[-4,-3],[-4,-8],[1,-1],[1,-3],[5,-9],[16,-9],[13,-5],[19,-5],[20,-4],[35,-5],[29,-6],[9,-1],[10,0],[19,2],[25,6],[39,19],[7,3],[10,1],[14,0],[15,-2],[16,-4],[19,-7],[19,-9],[12,-6],[25,-17],[9,-12],[13,-21],[23,-31],[2,-3],[8,-13],[1,-9],[1,-12],[-3,-15],[-9,-14],[-12,-11],[-8,-5],[-32,-10],[-35,-15],[-38,-14],[-19,-8],[-64,-34],[-2,-2],[0,-1],[-1,-5],[-1,-4],[0,-1],[3,-2],[4,-4],[12,-5],[27,-9],[10,-4],[25,-11],[1,-1],[4,-1],[5,0],[18,1],[20,3],[54,11],[15,2],[25,1],[19,0],[23,-2],[10,-3],[2,-2],[-2,-2],[-1,0],[-3,-2],[-5,0],[-21,3],[-16,0],[-13,-1],[-40,-7],[-19,-3],[-3,0],[-14,-2],[-3,-1],[0,-1],[-1,-2],[1,0],[7,-4],[1,0],[36,-12],[8,-4],[5,-2],[6,-4],[14,-14],[8,-5],[4,-2],[7,-2],[13,-1],[16,0],[56,3],[11,0],[12,-1],[7,-3],[6,-3],[0,-1],[5,-6],[13,-24],[2,-4],[24,-30],[41,-49],[3,-6],[6,-8],[3,-7],[2,-4],[1,-4],[2,-6],[1,-7],[-1,-8],[0,-3],[-4,-7],[-5,-8],[-7,-7],[-15,-12],[-59,-38],[-2,-2],[-10,-8],[-3,-13],[5,-11],[2,-5],[6,-6],[10,-8],[12,-7],[13,-6],[31,-11],[17,-3],[75,-9],[79,-11],[16,-2],[39,0],[7,-1],[30,9]],[[61858,10367],[0,-1],[4,-8],[1,-4],[10,-20],[0,-2],[1,-2],[1,-1],[2,-6]],[[61877,10323],[-7,0],[-10,-1],[-4,0],[-24,-8],[-92,-16],[-85,4],[-170,53],[-7,3],[-51,43],[-32,47],[-86,127],[-113,45],[-36,14],[-127,17],[-213,12],[-130,-6],[-127,-16],[-11,-1],[-159,-24],[-24,-3],[-57,4],[-1,-2],[-8,-2],[-42,-5],[-58,-9],[-14,-4],[-14,-5],[0,-1],[-2,-1],[-1,-4],[0,-1],[-4,-2],[0,-1],[-1,0],[-7,-7],[1,-1],[10,-13],[0,-1],[3,-4],[5,-7],[7,-8],[57,-46],[-9,-41],[-15,-8],[-54,6],[-37,5],[-6,0],[-48,2],[-69,36],[-22,60],[0,1],[-4,4],[-27,23],[-55,15],[-56,13],[-54,5],[-64,12],[-42,-3],[-115,-2],[-31,-1],[-26,-10],[-26,-51],[-28,-21],[-125,-35],[-46,-13],[-61,-18],[-22,-25],[-11,-13],[-15,-17],[-12,-21],[9,-3],[24,-7],[3,-1],[10,-3],[1,0],[6,-2],[7,-2],[9,-3],[7,-2],[33,-11],[27,-8],[19,-6],[4,-1],[20,-7],[62,-19],[21,-6],[2,-1],[12,-4],[1,0],[8,-3],[71,-22],[44,-14],[123,-37],[216,-68],[33,-10],[46,-13],[78,-25]],[[60114,9518],[-13,-2],[-13,-1],[-3,-1],[-7,-1],[-11,-1],[-25,-3],[-13,-2],[-2,0],[-7,-1],[-40,-5],[-31,-4],[-33,-4],[-52,-6],[-10,-1],[-9,-1],[-25,-3],[-9,-1],[-92,-11],[-160,-20],[-31,-3],[-83,-11],[-92,-11],[-54,-7],[-1,0],[-54,-6],[-25,-3],[-109,-14],[-62,-9],[-35,-7],[-66,-16],[-22,-7],[-10,-3],[-19,-6],[-65,-25],[-11,6],[-105,43],[-66,28],[-28,11],[-33,12],[-177,58],[-52,15],[-13,5],[-71,22],[-1,0],[-16,5],[-37,14],[-50,12],[-37,9],[-35,7],[-27,7],[-51,17],[-4,1],[-43,14],[-25,10],[-8,3],[-21,10],[-31,15],[-16,8],[-36,19],[-155,80],[-48,25],[-50,25],[-55,29],[-42,20],[-6,3],[-3,1],[-13,6],[-13,5],[-9,3],[-1,0],[-7,3],[-37,14],[-19,8],[-18,7],[-49,18],[-2,1],[-9,7],[-5,5],[-2,1],[0,1],[-2,2],[-3,5],[-1,5],[-3,11],[0,16],[2,13],[-2,13],[0,1],[-2,7],[-3,9],[-6,5],[-10,10],[-14,7],[-16,10],[-8,4],[-41,20],[-39,18],[-25,12],[-1,1],[-3,1],[-72,36],[-32,17],[-31,18],[-26,16],[-10,8],[-12,8],[-23,15],[-36,19],[-20,9],[-14,5],[-28,8],[-60,12],[-104,22],[-88,18],[-54,13],[-66,19],[-43,13],[-84,26],[-71,22],[-134,41],[-8,2],[-1,0],[-55,-40],[-34,-24],[-100,-72],[-70,-50],[-10,-5],[-14,-5],[-12,-3],[-14,-3],[-38,-5],[-30,-4],[-153,-17],[-23,-2],[-220,-25],[-85,-10],[-146,-17],[-354,-40],[-108,-13],[-153,-17],[-7,-1],[-3,0],[-4,-1],[-257,-28],[-187,-23],[-130,-15],[-49,-7]],[[63398,8313],[-1,-1],[-12,-4],[-11,-3],[-3,-1],[-3,-2],[-6,-1],[-3,0],[-7,-2],[-15,-1],[-22,3],[-72,16],[-346,72],[-114,24],[-1,0],[-45,10],[-57,13],[-1,0],[-78,16],[-46,10],[-7,2],[-25,5],[-13,3],[-70,20],[-39,13],[-13,5],[-31,10],[0,1],[-17,5],[-34,12],[-83,30],[-44,16],[-27,10],[-4,1],[-49,18],[-182,67],[-61,21],[-81,30],[-25,8],[-75,27],[-24,9],[-1,0],[-5,2],[-12,4],[-4,2],[-29,10],[-43,15],[-17,6],[-105,34],[-15,4],[-74,19],[-16,3],[-67,16],[-10,2],[-1,0],[-7,1],[-21,5],[-7,1],[-27,5],[-60,12],[-21,5],[-3,1],[-21,9],[-64,41],[-55,37],[-19,13],[-1,0],[-7,4],[-12,8],[-61,42],[-35,23],[-62,42],[-11,7],[-7,4],[-11,8],[-13,9],[-2,2],[-6,5],[-1,1],[-9,4],[-31,11],[-35,14],[-76,30],[-25,10],[-37,10],[-183,7],[-57,96],[-46,68],[-33,57],[-14,25],[-9,14],[0,1],[-49,-6]],[[60114,9518],[-21,49],[-3,8],[-14,32],[12,3],[29,5],[1,0],[-18,67],[-1,3],[-1,2],[-15,54],[0,5],[-4,10],[0,1],[-37,26],[-28,27],[-25,25],[35,17],[24,25],[-3,14],[-2,8],[-12,17],[-25,6],[-47,-1],[-5,25],[0,1],[-54,-7],[7,-24],[-17,0],[-12,-3],[-42,-4],[-124,-10],[-43,-4],[-3,12],[-1,6],[-8,31],[-1,8],[-1,4],[0,1],[321,20],[12,7],[1,0],[-4,21],[-4,25],[5,2],[25,-7],[8,-2],[10,-3],[7,-1],[8,0],[7,2],[4,1],[4,3],[43,29],[25,16],[16,13],[8,6],[-28,9],[-13,4],[-10,4],[-31,9],[-6,2],[-4,1]],[[60059,10118],[24,-3],[5,0],[24,-3],[21,-1],[8,1],[12,1],[1,0],[25,2],[8,0],[25,1],[8,1],[35,2],[107,7],[10,0],[12,1],[10,-1],[4,0],[12,-2],[17,-4],[23,-6],[7,-2],[70,-19],[43,-10],[28,-7],[33,-6],[6,-1],[62,-11],[3,-1],[8,-1],[3,0],[64,-11],[73,-13],[44,-8],[75,-12],[5,-2],[13,-2],[1,0],[50,-9],[16,-3],[45,-8],[10,-2],[6,-1],[23,-3],[52,-9],[16,-3],[23,-4],[21,-4],[13,-2],[52,-9],[21,-4],[45,-8],[38,-6],[99,-17],[45,-7],[2,2],[7,8],[1,2],[3,2],[5,7],[2,2],[1,0],[4,-2],[13,-6],[5,-2],[-3,-2],[-10,-7],[-3,-2],[-3,-1],[-6,-4],[-2,-2],[-3,-2],[22,-9],[63,-24],[22,-9],[30,-13],[22,-11],[67,-32],[29,-14],[-12,-7],[-2,-2],[-15,-10],[-19,-19],[94,-72],[3,-3],[27,-20],[1,-1],[56,-43],[28,-21],[20,-16],[53,-41],[55,-42],[16,-13],[58,-44],[38,-30],[40,-30],[7,-6],[5,-3],[7,-6],[1,-1],[7,-4],[19,-16],[7,-6],[28,-20],[2,-3],[30,-23],[50,-37],[22,-17],[0,-1],[-1,-1],[1,0],[4,-2],[0,-1],[1,-1],[15,-11],[48,-39],[17,-12],[6,-5],[2,-2],[12,-9],[6,-4],[6,-6],[7,-5],[16,-12],[43,-35],[23,-17],[0,-1],[4,-3],[19,-14],[13,-11],[41,-32],[3,-3],[9,-6],[2,-1],[1,-1],[5,-4],[2,0],[18,-15],[50,-39],[16,-13],[38,-30],[2,-2],[1,0],[6,-6],[3,-1],[19,-16],[7,-6],[1,0],[43,-36],[14,-11],[43,-33],[25,-21],[51,-40],[45,-35],[22,-18],[60,-47],[9,-8],[4,-2],[19,-15],[1,-1],[4,-3],[7,-6],[6,-6],[4,-3],[16,-16],[2,-4],[9,-10],[1,0],[1,-2],[0,-1],[12,-15],[3,-5],[7,-11],[4,-10],[23,-49],[2,-4],[0,-1],[1,-1],[2,-4],[2,-5],[3,-9],[10,-23],[6,-13],[5,-5],[2,-4],[9,-9],[48,-27],[25,-14],[5,-3],[-57,-19],[0,-1],[-23,-4]],[[68771,2083],[-23,147],[-8,56],[-5,34],[-16,95],[-3,18],[-10,68],[-19,129],[-6,34],[0,5],[-1,3],[-22,147],[-8,54],[-4,26],[-3,15],[-9,61],[-16,108],[-10,60],[-46,300],[-24,155],[0,1],[-7,41],[-4,31],[-5,31],[0,2],[-1,2],[-25,162],[-8,57],[-26,172],[-16,100],[-1,2],[-6,17],[-19,47],[-6,15],[-7,23],[-5,20],[-1,10],[-5,32],[-11,72],[-8,47],[0,1],[-4,24],[-3,16],[-1,2],[-8,31],[-1,1],[-8,22],[-2,4],[-7,13],[0,1],[-10,15],[-14,22],[-34,43],[-23,26],[-29,27],[-12,10],[-1,1],[-3,2],[-38,30],[0,1],[-123,100],[-49,40],[-26,22],[-30,30],[-30,33],[-19,21],[-20,18],[-1,1],[28,0],[-4,3],[-103,88],[-205,167],[-74,57],[-26,21],[-73,59],[-24,20],[-1,0]],[[67399,5454],[35,11],[24,8],[23,11],[12,7],[3,2],[2,2],[1,8],[0,2],[-1,5],[0,1],[-1,1],[-3,5],[-5,5],[-8,7],[-31,23],[-41,26],[-6,3],[-2,2],[-7,6],[-4,3],[-6,8],[-1,1],[0,44],[-1,8],[1,11],[3,11],[2,2],[4,9],[7,9],[33,35],[10,7],[5,5],[23,26],[13,11],[1,1],[16,11],[18,12],[21,11],[19,9],[77,28],[26,4],[32,3],[54,5],[30,3],[13,2],[62,8],[6,3],[10,13],[8,6],[8,3],[37,10],[33,15],[14,7],[25,14],[16,12],[22,17],[8,8],[6,9],[4,11],[3,6],[11,14],[5,11],[1,3],[8,34],[1,3],[3,22],[0,13],[-1,1],[0,3],[-1,0],[-7,8],[-75,89],[-8,9],[0,1],[-18,16],[-32,22],[-73,39],[-3,3],[-14,12],[-1,0],[0,2],[-3,8],[-1,3],[-12,29],[-3,11],[-12,49],[-11,15],[-8,7],[-45,28],[-32,15],[-35,16],[-61,30],[-67,36],[-20,17],[-4,4],[-8,9],[-7,24],[-7,19],[-1,5],[-2,9],[-3,8],[-7,15],[-8,15],[-21,42],[-14,27],[-2,13],[0,4],[2,6],[1,5],[1,2],[5,8],[5,5],[2,1],[3,3],[2,1],[1,0],[80,-64],[119,-96],[130,-105],[203,-163],[264,-213],[7,-6],[53,-42],[185,3],[0,-1],[11,-45],[36,0],[106,2],[35,1],[1,-2],[1,-10],[17,-70],[40,-170],[10,-49],[6,-26],[1,-6],[0,-1],[1,-22],[-2,-17],[-6,-17],[-8,-15],[-1,-4],[1,0],[8,-1],[5,0],[7,-2],[27,-12],[18,-9],[93,-44],[18,-8],[43,-20],[61,-28],[4,-2],[190,-89],[63,-30],[46,-22],[138,-65],[46,-21],[17,6],[53,20],[18,7],[20,7],[59,22],[19,8],[87,33],[261,98],[86,32],[17,7],[4,1],[48,18],[17,7],[32,12],[16,8],[10,7],[2,1],[8,7],[1,1],[5,7],[45,62],[2,3],[28,39],[29,40],[11,14],[31,42],[10,15],[4,5],[19,24],[2,3],[77,99],[25,33],[10,13],[8,10],[26,29],[7,8],[4,5],[4,4],[13,14],[0,1],[4,3],[0,1],[-109,26],[-163,38],[-113,2],[-50,-23],[-19,-9],[-43,-16],[-41,-3],[-1,0],[8,4],[36,23],[14,12],[10,11],[10,14],[3,5],[3,9],[5,23],[6,6],[6,4],[26,16],[5,17],[15,14],[2,9],[-1,7],[1,9],[0,1],[4,8],[6,7],[5,4],[26,13],[13,10],[10,14],[3,11],[1,5],[0,6],[-9,21],[-1,12],[1,4],[7,4],[25,11],[52,23],[72,27],[3,1],[1,1]],[[70501,6470],[1,-1],[296,-148],[58,-34],[178,-79],[154,-58],[57,-20],[1,0],[6,-3],[1,0],[120,-43],[10,-4],[35,-12],[22,-8],[96,-34],[1,0],[51,-19],[33,-11],[31,-9],[18,-5],[354,-95],[107,-28],[319,-86],[106,-28],[28,-8],[56,-15],[29,-8],[2,-1],[24,-9],[31,-12],[17,-7],[6,-3],[22,-10],[109,-51],[46,-22],[7,-3],[33,-16],[1,0],[5,-2],[121,-55],[42,-20],[24,1],[37,1],[39,1],[2,0],[22,1],[1,0],[50,6],[25,4],[13,4],[97,25],[99,26],[70,19],[8,2],[26,7],[9,2],[25,7],[14,4],[62,16],[25,7],[33,9],[98,27],[13,3],[19,6],[95,25],[4,1],[23,9],[17,8],[17,7],[14,9],[69,43],[79,50],[5,3],[34,18],[38,20],[27,14],[30,14],[11,6],[8,4],[232,112],[68,33],[8,4],[51,25],[152,73],[51,25],[43,21],[127,62],[3,2],[42,20],[1,1],[45,22],[49,24],[22,10],[105,50],[62,30],[57,29]],[[69805,2825],[0,-3],[-1,-4],[0,-2],[-1,-4],[0,-6],[-2,-11],[-5,-17],[-4,-11],[-3,-9],[-9,-20],[-12,-19],[-5,-6],[-33,-43],[-7,-14],[-4,-12],[-1,-12],[0,-8],[3,-11],[4,-22],[3,-6],[2,-8],[0,-2],[-77,-12],[-140,-22],[-95,-4],[-67,-2],[-12,2],[7,-39],[10,-58],[51,-293],[12,-66],[5,-31],[-127,-3],[-294,-5],[-14,0],[-17,2],[-81,15],[-71,14],[-22,5],[-6,0],[-16,4],[-4,0],[-1,1]],[[80501,1384],[1,0],[8,-8],[5,-4],[2,-5],[0,-5],[-20,-58],[-20,-66],[-1,-2],[-10,-57],[2,-10],[1,-2],[3,-8],[10,-18],[4,-6],[2,-2],[1,-3],[11,-9],[15,-11],[59,-37],[11,-7],[6,-4],[20,-12],[35,-30],[8,-7],[11,-11],[25,-26],[91,-102],[56,-66],[16,-18],[47,-56],[3,-9],[0,-2],[10,-2],[1,0],[44,-47],[42,-39],[44,-45],[9,-10],[4,-5],[6,-6],[29,-40],[22,-29],[22,-28],[2,-3],[5,-5],[6,-3],[-1,-1],[-23,-19],[-23,-21],[0,-1],[-9,-9],[-28,-37],[-72,-100],[-1,-3],[-6,-8],[-10,-9],[-7,-6],[-38,-27],[-16,-10],[-18,-9],[-21,-9],[-74,-32],[-21,-11],[-13,-8],[-10,-7],[-9,-6],[-14,-12],[-8,-6],[-19,-14],[-13,-6],[-12,-5],[-14,-5],[-4,-1],[-76,-16],[-17,-5],[-19,-5],[-105,-35],[-7,-2],[-23,-6],[-19,-4],[-12,-3]],[[80387,3],[-928,0],[-374,1],[-923,0],[-1603,1],[-1582,0],[-22,1],[-2410,0]],[[72545,6],[-4,6],[-2,4],[-5,8],[-8,20],[-4,9],[-1,1],[-2,5],[-7,9],[-12,15],[-11,11],[-44,27],[-17,14],[-10,12],[-4,7],[-5,7],[-3,3],[-2,12],[0,3],[-2,4],[-2,5],[-3,15],[-5,17],[0,1],[-2,6],[-1,6],[-1,4],[-8,39],[-1,6],[0,13],[-1,5],[-2,15],[-1,3],[0,5],[38,6],[28,3],[43,8],[30,6],[11,3],[18,5],[18,4],[31,9],[22,8],[9,3],[63,25],[16,6],[62,26],[1,1],[39,15],[9,4],[8,3],[12,4],[12,3],[8,3],[11,3],[16,5],[5,2],[29,7],[49,10],[27,6],[14,6],[23,15],[9,8],[13,13],[42,20],[11,5],[31,25],[56,25],[2,2],[30,21],[2,1],[21,20],[6,13],[5,11],[1,15],[0,18],[-1,10],[-1,5],[-1,12],[0,1],[-8,21],[-6,29],[9,21],[3,23],[32,30],[9,13],[34,51],[0,2],[2,8],[0,1],[-1,10],[-3,10],[-7,10],[-9,14],[-2,3],[-7,12],[-10,12],[-25,32],[-6,7],[-16,15],[-12,8],[-13,6],[-14,6],[-25,8],[-27,8],[-8,3],[-20,7],[-3,0],[-23,8],[-13,3],[-21,5],[-23,4],[-103,14],[-19,2],[-65,9],[-60,7],[-1,1],[105,59],[100,56],[48,28],[88,50],[80,45],[65,37],[39,22],[18,11],[57,32],[18,11],[1,0],[32,19],[2,1],[60,34],[46,25],[34,20],[20,12],[22,12],[36,20],[19,11],[41,24],[36,20],[20,11],[207,118],[22,13],[21,13],[30,20],[27,20],[3,3],[41,35],[43,38],[13,12],[1,1]],[[74490,2200],[-49,10],[-8,1],[-86,12],[-91,12],[-60,7],[-3,1],[-5,0],[-126,17],[-212,30],[-19,1],[-212,28],[-197,25],[-8,2],[-96,12],[-62,8],[-1,0],[0,-2],[-2,-2],[-5,-1],[-7,-1],[-5,0],[-291,42],[-13,4],[-12,4],[-212,29],[-278,38],[-16,3],[-537,73],[-2,1],[-225,30],[-727,94],[-10,2],[-169,21],[-61,7],[-300,40],[-63,7],[-515,70]],[[69805,2825],[1,12],[2,20],[5,14],[2,3],[2,5],[3,6],[1,3],[6,10],[7,10],[40,49],[37,42],[139,168],[27,32],[9,10],[9,12],[13,17],[0,-1],[73,-11],[18,-5],[140,-24],[12,-1],[17,0],[13,1],[15,2],[9,2],[12,4],[30,7],[31,7],[32,6],[5,1],[27,4],[239,35],[9,1],[19,3],[17,4],[16,4],[14,5],[121,36],[12,3],[24,12],[11,8],[6,5],[56,76],[112,153],[30,40],[1,2],[16,23],[16,22],[6,6],[12,10],[59,42],[33,23],[165,119],[72,49],[1,0],[105,72],[163,111],[26,18],[80,55],[17,14],[24,20],[1,1],[22,23],[14,15],[13,17],[20,29],[1,0],[26,-8],[78,-25],[20,-6],[27,-9],[16,-5],[41,-16],[2,0],[13,-5],[264,-132],[19,-10],[286,-142],[20,-7],[22,-7],[23,-6],[26,-5],[172,-33],[291,-52],[29,-5],[114,-19],[164,-20],[51,-4],[2,0],[319,-26],[85,-7],[227,-16],[1,-1],[20,-1],[170,-14],[199,-16],[374,-30],[190,-15],[215,-17],[133,-10],[146,-11],[33,-1],[33,0],[66,2],[14,2],[214,26],[2,0],[212,26],[0,1],[-2,4],[-5,14],[-2,4],[-1,1],[-7,20],[-1,2],[-10,17],[-8,11],[-21,21],[-31,33],[-105,105],[-191,195],[-12,13],[-9,9],[-40,41],[-11,13],[-2,2],[-10,13],[-3,3],[-1,3],[-2,3],[-9,13],[-34,55],[-1,2],[-7,11],[-2,5],[-5,9],[-23,40],[-1,1],[-29,51],[-5,9],[-9,15],[-32,56],[-12,18],[-3,6],[-6,10],[-10,12],[-6,8],[-1,2],[-13,10],[-8,4],[-8,5],[-15,7],[-19,8],[-10,3],[-7,3],[-7,2],[-10,2],[-1,1],[26,16],[25,11],[22,10],[22,9],[24,8],[24,7],[14,4],[50,8],[26,2],[7,0],[18,1],[25,0],[26,-1],[6,15],[18,47],[5,16],[8,21],[18,49],[41,113],[4,28],[2,11],[1,14],[1,4],[3,19],[5,21],[0,3],[-8,39],[-5,29],[-2,7],[-1,4],[-4,24],[-1,7],[-3,10],[-3,28],[-1,11],[-6,45],[-5,39],[-5,32],[-5,38],[-3,18],[0,11],[-6,37],[-7,51],[-2,20],[-1,9],[-1,1],[-2,15],[-3,23],[-3,27],[-3,37],[-7,81],[-15,78],[-3,16],[-8,49]],[[78460,5467],[0,-1],[6,-9],[88,-137],[3,-2],[10,-8],[30,-21],[8,-6],[4,-6],[12,-15],[0,-9],[-4,-9],[-7,-8],[-24,-19],[1,0],[115,-13],[0,-1],[-3,-46],[455,64],[0,-1],[154,-114],[106,5],[165,-42],[-11,-6],[-24,-18],[-13,-9],[-16,-12],[-15,-12],[-8,-6],[-15,-14],[-5,-4],[-38,-36],[-1,-1],[-14,-15],[-7,-8],[-24,-25],[-7,-8],[-3,-3],[-8,-9],[-3,-3],[-4,-3],[-9,-10],[-3,-4],[-18,-18],[-53,-55],[-18,-19],[-24,-24],[-6,-7],[-116,-121],[-29,-30],[-19,-18],[-9,-8],[-21,-19],[-37,-29],[-17,-12],[-16,-11],[-19,-11],[-17,-11],[-106,-61],[-103,-58],[-68,-38],[-6,-4],[-170,-97],[1,0],[32,-17],[9,-4],[75,-33],[17,-6],[23,-6],[17,-4],[6,-1],[32,-7],[20,-3],[72,-11],[173,-28],[41,-6],[72,-11],[68,-10],[39,-5],[19,-2],[128,-13],[206,-20],[51,-8],[11,-1],[29,-6],[27,-6],[26,-7],[27,-9],[44,-15],[40,-14],[68,-22],[61,-23],[26,-10],[28,-13],[56,-29],[21,-10],[24,-14],[1,0],[25,-15],[28,-8],[29,-10],[202,-45],[284,-64],[35,-7],[54,-10],[19,-3],[54,-6],[289,-34],[59,-9],[17,-3],[33,-6],[178,-36],[56,-10],[40,-7],[11,-2],[70,-9],[88,-10],[52,-7]],[[81692,3537],[0,-1],[2,-4],[3,-17],[0,-3],[12,-64],[1,-8],[1,-6],[0,-9],[-2,-9],[-1,-2],[-3,-4],[-18,-31],[-31,-53],[-1,-3],[-4,-9],[-1,-11],[0,-10],[1,-4],[0,-6],[2,-4],[26,-44],[1,-2],[6,-9],[23,-36],[6,-9],[17,-26],[6,-9]],[[74187,2003],[12,11],[2,2],[47,41],[23,20],[14,10],[22,15],[17,10],[102,54],[7,4],[56,29],[1,1]],[[74490,2200],[113,59],[119,62],[142,75],[79,41],[17,9],[95,50],[1,0],[53,28],[4,2],[21,13],[22,14],[14,9],[9,6],[21,16],[87,71],[47,37],[10,7],[42,28],[23,13],[14,8],[17,10],[33,18],[41,19],[5,2],[15,8],[121,55],[23,0],[23,-1],[16,-1],[83,-6],[67,-4],[31,-1],[11,0],[51,-1],[31,1],[27,0],[48,1],[21,1],[32,2],[21,1],[3,0],[28,2],[28,3],[6,0],[22,2],[10,1],[28,4],[10,1],[38,7],[25,4],[42,9],[31,6],[5,1],[22,4],[66,13],[6,2],[15,2],[4,1],[9,2],[3,1],[11,2],[24,4],[9,2],[12,1],[2,1],[7,1],[2,0],[48,9],[37,6],[11,2],[5,1],[32,6],[53,7],[50,8],[42,7],[23,4],[35,6],[81,21],[10,2],[32,8],[47,12],[14,4],[63,17],[41,11],[0,1],[-24,24],[-2,1],[-1,1],[93,13],[71,10],[126,17],[78,11],[92,13],[40,6],[65,6],[318,31],[12,1],[95,6],[6,0],[49,3],[10,1],[139,10],[35,2],[59,3],[258,13],[17,1],[147,7],[139,9],[23,2],[28,4],[22,4],[30,6],[25,6],[24,4],[61,13],[123,30],[95,22],[77,15],[24,4],[26,5],[38,5],[39,4],[11,0],[6,1],[14,1],[40,1],[35,1],[330,0],[38,-2],[39,-3],[26,-4],[2,-1],[22,-4],[22,-6],[189,-60],[101,-28],[177,-36],[229,-40],[51,-7],[52,-6],[272,-15],[367,-21],[26,0]],[[81738,3144],[6,-9],[1,-2],[16,-25],[1,-2],[5,-7]],[[81767,3099],[1,-1],[10,-16],[7,-11],[12,-18],[2,-4],[1,-7],[-1,-9],[-3,-8],[-6,-7],[-5,-6],[-23,-23],[-46,-45],[-8,-9],[-67,-51],[-48,-36],[-43,-28],[-179,-101],[-26,-15],[-17,-9],[-48,-27],[-56,-31],[-69,-38],[-61,-34],[-47,-26],[-11,-6],[-34,-20],[-47,-30],[-4,-3],[-6,-5],[-8,-9],[-2,-4],[-13,-34],[-1,-2],[-3,-7],[-1,-3],[0,-1],[-1,-3],[-5,-12],[-1,-4],[-6,-16],[-17,-49],[0,-3],[-1,-1],[-2,-4],[0,-1],[-2,-7],[-7,-18],[-19,-54],[-7,-17],[-7,-23],[-25,-69],[-6,-21],[-3,-3],[-3,-5],[-2,-2],[-34,-25],[-131,-96],[-43,-32],[0,-1],[-16,-41],[0,-11],[1,-2],[2,-7],[36,-74],[9,-18],[11,-11],[5,-4],[1,-1],[35,-25],[4,-4],[2,-3],[2,-1],[0,-1],[13,-8],[5,-4],[12,-8],[11,-8],[9,-14],[3,-7],[1,-4],[1,-2],[-1,-3],[0,-1],[-26,-67],[-45,-117],[-7,-10],[-11,-13],[-7,-7],[-5,-6],[-13,-9],[-37,-28],[-5,-3],[-11,-8],[-17,-10],[-16,-8],[-17,-8],[-23,-9]],[[80501,1384],[-105,-40],[-1,0],[-94,-38],[-9,-2],[-84,-27],[-26,-8],[-20,-5],[-11,-4],[-27,-8],[-25,-7],[-26,-6],[-16,-3],[-4,-1],[-22,-3],[-19,-1],[-26,-2],[-27,1],[-20,1],[-10,1],[-18,2],[-71,9],[-86,12],[-4,0],[-80,11],[-22,1],[-18,1],[-24,0],[-5,-1],[-1,4],[-6,34],[-5,20],[-1,5],[0,2],[-1,3],[-8,0],[-12,2],[-6,-1],[-17,1],[-16,1],[-22,4],[-21,4],[-14,4],[-13,5],[-8,3],[-46,20],[-13,4],[-10,3],[-5,1],[-76,13],[-116,18],[-68,11],[-86,14],[-16,2],[-11,1],[-71,9],[-6,1],[-17,1],[-88,11],[-77,10],[-65,7],[-39,5],[-9,2],[-53,5],[-59,7],[-94,11],[-5,0],[-33,4],[-18,3],[-94,13],[-37,5],[-8,2],[-6,0],[-5,1],[-27,3],[-11,3],[-5,1],[3,3],[-11,10],[-10,15],[-6,11],[-1,18],[-12,12],[-17,7],[-13,6],[-99,40],[-38,17],[-18,9],[-33,17],[-55,34],[-46,28],[-14,8],[0,1],[-16,15],[-28,30],[-24,25],[-28,17],[-3,2],[-3,1],[-20,11],[-29,16],[-5,3],[-30,16],[-12,6],[-4,3],[-1,1],[-4,5],[-4,6],[-19,59],[-4,11],[-5,16],[-1,1],[-1,-1],[-11,-1],[-37,-3],[-95,-4],[-6,0],[-41,-2],[-389,-16],[-22,-1],[-151,-6],[-16,0],[-76,-3],[-151,-6],[-27,-1],[-99,-2],[-45,-1],[-46,-1],[-1,0],[-146,1],[-60,1],[-192,1],[-156,1],[-47,-1],[-47,0],[-21,-5],[-41,-7],[-4,0],[-5,-1],[-7,0],[-93,-11],[-187,-21],[-15,-2],[-6,-1],[-20,-2],[-58,0],[-98,5],[-19,1],[-6,1],[-496,32],[-23,2],[-180,12],[-46,4],[-46,3],[-50,4],[-54,3],[-41,2],[-1,0]],[[75995,5779],[-6,41],[-7,48],[-10,74],[-5,40],[-3,20],[-1,3],[-6,51],[0,3],[-3,19],[-3,21],[-1,6],[0,3],[-5,22],[-8,35],[-4,21],[-2,8],[-13,36],[-3,4],[-11,21],[-1,0],[-1,2],[-3,4],[-10,11],[-11,11],[-13,9],[-33,20],[-49,28],[-40,20],[-30,16],[-31,14],[-33,15],[-12,6],[-53,24],[-48,19],[0,1],[-1,0]],[[75535,6455],[8,3],[23,10],[8,3],[17,9],[51,23],[18,8],[8,2],[22,8],[7,3],[46,16],[78,29],[19,6],[41,12],[53,16],[6,1],[34,10],[11,4],[15,4],[55,14],[65,17],[147,26],[4,1],[32,5],[42,5],[10,2],[12,2],[18,2],[10,2],[30,4],[88,9],[8,1],[32,3],[21,2],[92,8],[32,2],[62,5],[30,0],[167,5],[65,2],[160,3],[34,1],[70,4],[34,2],[79,6],[94,8],[14,2],[31,4],[42,6],[26,4],[36,5],[44,9],[50,9],[1,0],[20,4],[61,12],[19,4],[23,3],[32,7],[31,6],[21,4],[12,2],[51,10],[13,3],[9,2],[10,2],[2,0],[15,3],[11,2],[1,1],[317,62],[21,4],[92,16],[39,6],[40,5],[80,6],[41,2],[18,0],[57,1],[66,1],[198,2],[22,0],[44,1],[33,1],[69,1],[30,1],[33,0],[52,1],[4,1],[72,1],[13,0],[25,3],[24,4],[16,2],[8,2],[22,6],[16,5],[2,0],[3,1],[5,2],[29,13],[6,3],[21,11],[8,5],[22,11],[24,11],[8,2],[18,6]],[[79666,7066],[0,-1],[17,-80],[16,-50],[28,-93],[3,-9],[0,-15],[-3,-9],[-6,-11],[-7,-9],[-3,-3],[-10,-9],[-4,-3],[-14,-12],[-43,-37],[-25,-20],[-29,-25],[-11,-9],[-9,-8],[-28,-24],[-9,-8],[-3,-2],[-8,-7],[-3,-2],[-26,-20],[-20,-16],[-5,-3],[0,-1],[-9,-10],[-6,-9],[-13,-18],[-10,-20],[-8,-19],[-6,-19],[-2,-15],[0,-15],[1,-6],[1,-13],[2,-6],[4,-22],[3,-16],[6,-29],[9,-46],[22,-97]],[[79458,6220],[0,-2],[12,-46],[18,-44],[14,-35],[9,-22],[6,-13],[2,-7],[9,-29],[4,-33],[3,-70],[-3,-19],[-3,-11],[-7,-17],[-9,-20],[-2,-4],[-13,-31],[-5,-16],[-3,-16],[0,-1],[-1,-13],[0,-11],[-3,1],[-14,7],[-15,1],[-29,1],[-16,-4],[-17,-3],[-55,-11],[-18,-3],[-1,0],[-1,-1],[-78,-14],[-153,-30],[-13,-3],[-7,-3],[-22,-7],[-23,-9],[-12,-5],[-6,-3],[-63,-25],[21,-51],[6,-16],[2,-4],[-1,0],[-73,-18],[-255,-44],[0,3],[-1,10],[0,1],[-6,67],[-3,34],[0,3],[8,8],[-49,6],[-74,-15],[-52,3],[-27,-4],[-64,-26],[0,-1],[2,-1],[0,-3],[82,-131],[0,-3],[1,0]],[[78460,5467],[-8,-2],[-115,-16],[-122,-17],[-4,-1],[-35,0],[-17,2],[-234,46],[-193,37],[-25,5],[-3,1],[-3,0],[-10,2],[-8,2],[-2,0],[-277,56],[-58,12],[-334,66],[-420,84],[-22,5],[-159,31],[-13,2],[-20,1],[-25,2],[-68,-1],[-9,-1],[-32,0],[-50,-1],[-149,-2],[-50,-1]]]}