precinct_a,precinct_b,shared_boundary_ft
APPLING-:-1B,APPLING-:-2,5224.1869628703
APPLING-:-1B,APPLING-:-1C,66404.86590388975
APPLING-:-1B,APPLING-:-3A1,50194.56395121124
APPLING-:-1B,JEFF DAVIS-:-ALTAMAHA 2,34852.129288363256
APPLING-:-1B,TOOMBS-:-43 CEDAR CROSSING,69146.16442816467
APPLING-:-1B,TOOMBS-:-39 NEWBRANCH,11713.187955337318
APPLING-:-1C,APPLING-:-5B,28226.91343288962
APPLING-:-1C,APPLING-:-5A,29485.918722634044
APPLING-:-1C,APPLING-:-2,55110.07034018329
APPLING-:-1C,JEFF DAVIS-:-BLACKBURN 1,5545.409424161071
APPLING-:-1C,JEFF DAVIS-:-ALTAMAHA 2,38965.916272997965
APPLING-:-2,APPLING-:-3C,97399.87663068135
APPLING-:-2,APPLING-:-5A,4319.999720200961
APPLING-:-2,APPLING-:-3A1,38603.033032290004
APPLING-:-3A1,WAYNE-:-ODUM,19282.21019488768
APPLING-:-3A1,WAYNE-:-MADRAY SPRINGS,44988.35337138134
APPLING-:-3A1,APPLING-:-3C,32073.141962904192
APPLING-:-3A1,TATTNALL-:-DISTRICT V,96481.6175584301
APPLING-:-3A1,TOOMBS-:-39 NEWBRANCH,32621.894899377872
APPLING-:-3C,WAYNE-:-EMPIRE,17235.29089746759
APPLING-:-3C,APPLING-:-4B,73348.4037359935
APPLING-:-3C,WAYNE-:-ODUM,29161.36303732669
APPLING-:-3C,APPLING-:-4D,45700.69657720301
APPLING-:-3C,APPLING-:-5A,10341.611907708302
APPLING-:-4B,WAYNE-:-SCREVEN,67474.0018438143
APPLING-:-4B,PIERCE-:-PATTERSON,5834.889681003328
APPLING-:-4B,PIERCE-:-MERSHON,32891.02087471059
APPLING-:-4B,BACON-:-DOUGLAS,36667.81990711347
APPLING-:-4B,APPLING-:-4D,42025.284892709824
APPLING-:-4D,BACON-:-DOUGLAS,48361.788148574415
APPLING-:-4D,APPLING-:-5B,19575.786136000504
APPLING-:-4D,APPLING-:-5A,25974.931994261733
APPLING-:-5A,APPLING-:-5B,70041.38877717564
APPLING-:-5B,BACON-:-DOUGLAS,40780.042741166864
APPLING-:-5B,JEFF DAVIS-:-BLACKBURN 2,48166.34159013688
APPLING-:-5B,JEFF DAVIS-:-BLACKBURN 1,11926.416808435293
ATKINSON-:-AXSON,CLINCH-:-HOMERVILLE,35242.731870299016
ATKINSON-:-AXSON,WARE-:-408 - MILLWOOD BAPTIST CHURCH,71660.04649611261
ATKINSON-:-AXSON,WARE-:-404 - BICKLEY UM CHURCH,32448.456642815694
ATKINSON-:-AXSON,COFFEE-:-NICHOLLS,12125.952478568224
ATKINSON-:-AXSON,ATKINSON-:-PEARSON COUNTY,97288.47606255047
ATKINSON-:-AXSON,COFFEE-:-DOUGLAS,29317.109047374022
ATKINSON-:-PEARSON CITY,ATKINSON-:-PEARSON COUNTY,44129.26313654348
ATKINSON-:-PEARSON COUNTY,CLINCH-:-HOMERVILLE,19322.08490011208
ATKINSON-:-PEARSON COUNTY,LANIER-:-LAKELAND,14590.063766343219
ATKINSON-:-PEARSON COUNTY,CLINCH-:-ARABIA,39130.08658484764
ATKINSON-:-PEARSON COUNTY,ATKINSON-:-WILLACOOCHEE,97402.71193809141
ATKINSON-:-PEARSON COUNTY,COFFEE-:-DOUGLAS,62589.7556770626
ATKINSON-:-WILLACOOCHEE,LANIER-:-LAKELAND,9065.84087984657
ATKINSON-:-WILLACOOCHEE,BERRIEN-:-NASHVILLE,90664.54111890435
ATKINSON-:-WILLACOOCHEE,BERRIEN-:-ALAPAHA,73182.5120811295
ATKINSON-:-WILLACOOCHEE,COFFEE-:-BRIDGETOWN,59475.483382499995
ATKINSON-:-WILLACOOCHEE,COFFEE-:-DOUGLAS,12434.853173808326
BACON-:-DOUGLAS,WARE-:-405 - HAYWOOD BAPTIST CHURCH,6279.376755325056
BACON-:-DOUGLAS,PIERCE-:-SUNSET/SWEAT,23495.441119898096
BACON-:-DOUGLAS,WARE-:-404 - BICKLEY UM CHURCH,68294.41619465114
BACON-:-DOUGLAS,PIERCE-:-ALABAHA,10656.959956410803
BACON-:-DOUGLAS,PIERCE-:-MERSHON,66597.14400961057
BACON-:-DOUGLAS,COFFEE-:-NICHOLLS,44968.68742411582
BACON-:-DOUGLAS,COFFEE-:-WEST GREEN,38832.20246419087
BACON-:-DOUGLAS,JEFF DAVIS-:-BLACKBURN 2,46894.558892828456
BAKER-:-ANNA,MILLER-:-COLQUITT-MILLER,26619.239789289837
BAKER-:-ANNA,EARLY-:-ARLINGTON,25443.042273569896
BAKER-:-ANNA,BAKER-:-HOGGARDS MILL,86579.65762888329
BAKER-:-ANNA,BAKER-:-ELMODEL,75297.32774945238
BAKER-:-ANNA,BAKER-:-MILFORD,63380.13518472232
BAKER-:-ELMODEL,BAKER-:-NEWTON,49775.489473283254
BAKER-:-ELMODEL,BAKER-:-HOGGARDS MILL,7064.6783022525215
BAKER-:-ELMODEL,BAKER-:-MILFORD,123395.34068446848
BAKER-:-HOGGARDS MILL,MILLER-:-COLQUITT-MILLER,70591.6028775512
BAKER-:-HOGGARDS MILL,DECATUR-:-WEST BAINBRIDGE,10562.571465173425
BAKER-:-HOGGARDS MILL,MITCHELL-:-CAMILLA NORTH,55820.57467241899
BAKER-:-HOGGARDS MILL,BAKER-:-NEWTON,45897.682297336054
BAKER-:-HOGGARDS MILL,DECATUR-:-MT. PLEASANT,278.4758932709563
BAKER-:-HOGGARDS MILL,MITCHELL-:-HOPEFUL,77983.24171904125
BAKER-:-MILFORD,EARLY-:-ARLINGTON,46469.11882921468
BAKER-:-MILFORD,CALHOUN-:-MORGAN,14133.441353128921
BAKER-:-MILFORD,CALHOUN-:-LEARY,88146.11962515568
BAKER-:-MILFORD,MITCHELL-:-BACONTON,62329.43765929404
BAKER-:-MILFORD,DOUGHERTY-:-LAMAR REESE SCHOOL,21867.393020356118
BAKER-:-MILFORD,MITCHELL-:-CAMILLA NORTH,44859.71217844719
BAKER-:-MILFORD,BAKER-:-NEWTON,10393.211004691004
BAKER-:-MILFORD,DOUGHERTY-:-2ND MT. ZION CHURCH,69795.1570439853
BAKER-:-NEWTON,MITCHELL-:-CAMILLA NORTH,10783.124029404767
BALDWIN-:-CITY HALL ANNEX,BALDWIN-:-SCOTTSBORO,22941.894370470818
BALDWIN-:-CITY HALL ANNEX,BALDWIN-:-WEST HARDWICK,2295.139368098323
BALDWIN-:-CITY HALL ANNEX,BALDWIN-:-EAST HARDWICK,36533.11520471136
BALDWIN-:-CITY HALL ANNEX,BALDWIN-:-EAST BALDWIN,20699.15951922415
BALDWIN-:-CITY HALL ANNEX,BALDWIN-:-COURTHOUSE,10907.595989904152
BALDWIN-:-CITY HALL ANNEX,BALDWIN-:-WEST THOMAS,5991.245864922168
BALDWIN-:-CITY HALL ANNEX,BALDWIN-:-EAST MILLEDGEVILLE,9440.173030552061
BALDWIN-:-COOPERS,WILKINSON-:-RAMAH,1977.2049360282542
BALDWIN-:-COOPERS,WILKINSON-:-IVEY,45972.66369325894
BALDWIN-:-COOPERS,BALDWIN-:-SCOTTSBORO,18480.825376526835
BALDWIN-:-COOPERS,BALDWIN-:-WEST HARDWICK,23395.163763766064
BALDWIN-:-COOPERS,JONES-:-DAVIDSON,27086.265959551143
BALDWIN-:-COOPERS,BALDWIN-:-WEST BALDWIN,23704.897735970877
BALDWIN-:-COURTHOUSE,BALDWIN-:-WEST HARDWICK,7377.129333809907
BALDWIN-:-COURTHOUSE,BALDWIN-:-SOUTH MILLEDGEVILLE,13718.279253941024
BALDWIN-:-COURTHOUSE,BALDWIN-:-WEST THOMAS,1582.2114200394967
BALDWIN-:-EAST BALDWIN,WASHINGTON-:-OCONEE,17761.350595046337
BALDWIN-:-EAST BALDWIN,WILKINSON-:-BLOODWORTH,66151.18032366087
BALDWIN-:-EAST BALDWIN,BALDWIN-:-SCOTTSBORO,13162.619314915051
BALDWIN-:-EAST BALDWIN,WASHINGTON-:-DEEPSTEP,43122.73928951922
BALDWIN-:-EAST BALDWIN,BALDWIN-:-EAST HARDWICK,4512.4261036880025
BALDWIN-:-EAST BALDWIN,BALDWIN-:-EAST MILLEDGEVILLE,18617.261034788167
BALDWIN-:-EAST BALDWIN,HANCOCK-:-SECOND DARRIEN,66110.86115152825
BALDWIN-:-EAST BALDWIN,BALDWIN-:-NORTH MILLEDGEVILLE,11257.752118314103
BALDWIN-:-EAST BALDWIN,BALDWIN-:-NORTH BALDWIN,29804.641473912565
BALDWIN-:-EAST BALDWIN,HANCOCK-:-SECOND BEULAH,10266.82600665995
BALDWIN-:-EAST BALDWIN,HANCOCK-:-DEVEREUX FIRE STATION,46309.815068936594
BALDWIN-:-EAST HARDWICK,BALDWIN-:-SCOTTSBORO,1867.6134443476005
BALDWIN-:-EAST HARDWICK,BALDWIN-:-WEST HARDWICK,11770.535221019749
BALDWIN-:-EAST MILLEDGEVILLE,BALDWIN-:-WEST THOMAS,16023.223368850428
BALDWIN-:-EAST MILLEDGEVILLE,BALDWIN-:-NORTH MILLEDGEVILLE,17526.67749734076
BALDWIN-:-EAST MILLEDGEVILLE,BALDWIN-:-NORTH BALDWIN,29206.503493570985
BALDWIN-:-MERIWETHER,BALDWIN-:-SOUTH MILLEDGEVILLE,59299.551297698126
BALDWIN-:-MERIWETHER,BALDWIN-:-WEST THOMAS,16237.771437526333
BALDWIN-:-MERIWETHER,BALDWIN-:-WEST BALDWIN,50512.293779674925
BALDWIN-:-MERIWETHER,BALDWIN-:-NORTH MILLEDGEVILLE,17548.708271074473
BALDWIN-:-MERIWETHER,BALDWIN-:-NORTH BALDWIN,9841.168245738188
BALDWIN-:-MERIWETHER,PUTNAM-:-107,63435.33019231772
BALDWIN-:-NORTH BALDWIN,BALDWIN-:-NORTH MILLEDGEVILLE,122621.99563220568
BALDWIN-:-NORTH BALDWIN,HANCOCK-:-DEVEREUX FIRE STATION,4365.4811755102055
BALDWIN-:-NORTH BALDWIN,PUTNAM-:-107,6056.5853226779145
BALDWIN-:-NORTH MILLEDGEVILLE,BALDWIN-:-SOUTH MILLEDGEVILLE,7078.019879498863
BALDWIN-:-NORTH MILLEDGEVILLE,BALDWIN-:-WEST THOMAS,14475.290062910011
BALDWIN-:-SCOTTSBORO,WILKINSON-:-BLOODWORTH,42718.79183740842
BALDWIN-:-SCOTTSBORO,BALDWIN-:-WEST HARDWICK,16188.61020520202
BALDWIN-:-SOUTH MILLEDGEVILLE,BALDWIN-:-WEST HARDWICK,7220.852719413077
BALDWIN-:-SOUTH MILLEDGEVILLE,BALDWIN-:-WEST THOMAS,15597.688335654282
BALDWIN-:-SOUTH MILLEDGEVILLE,BALDWIN-:-WEST BALDWIN,80033.27025409626
BALDWIN-:-WEST BALDWIN,BALDWIN-:-WEST HARDWICK,19234.185549548183
BALDWIN-:-WEST BALDWIN,JONES-:-POPE,69839.40320987056
BALDWIN-:-WEST BALDWIN,PUTNAM-:-107,8885.214760760451
BANKS-:-ANDERSON,JACKSON-:-NORTH JACKSON,44524.88884261954
BANKS-:-ANDERSON,BANKS-:-BUSHVILLE,14474.592087375031
BANKS-:-ANDERSON,BANKS-:-GROVE RIVER,28459.61405327249
BANKS-:-ANDERSON,BANKS-:-HOMER,42735.782148011116
BANKS-:-ANDERSON,BANKS-:-POPLAR SPRINGS,2637.0233430321537
BANKS-:-BALDWIN,BANKS-:-HOLLINGSWORTH,27034.819206471406
BANKS-:-BALDWIN,BANKS-:-GOLDEN HILL,19933.09939727583
BANKS-:-BALDWIN,BANKS-:-COLUMBIA,10121.703843360727
BANKS-:-BALDWIN,HABERSHAM-:-MUD CREEK,4345.495772310853
BANKS-:-BALDWIN,HABERSHAM-:-HABERSHAM SOUTH,27175.737763475758
BANKS-:-BERLIN,BANKS-:-HOMER,21919.16265380439
BANKS-:-BERLIN,BANKS-:-WILMONTS,16202.087144407691
BANKS-:-BERLIN,BANKS-:-WASHINGTON,26361.800901069582
BANKS-:-BERLIN,BANKS-:-HOLLINGSWORTH,7635.858698293325
BANKS-:-BUSHVILLE,JACKSON-:-NORTH JACKSON,12895.085726794701
BANKS-:-BUSHVILLE,BANKS-:-DAVIDS,36100.917349878066
BANKS-:-BUSHVILLE,BANKS-:-HOMER,23097.060689693466
BANKS-:-BUSHVILLE,BANKS-:-WILMONTS,25628.77386391195
BANKS-:-BUSHVILLE,FRANKLIN-:-SOUTHWEST FRANKLIN,2381.102462577724
BANKS-:-BUSHVILLE,FRANKLIN-:-WEST FRANKLIN,6796.4635144035365
BANKS-:-COLUMBIA,BANKS-:-WASHINGTON,23552.740643006007
BANKS-:-COLUMBIA,BANKS-:-HOLLINGSWORTH,16808.34602201411
BANKS-:-COLUMBIA,FRANKLIN-:-WEST FRANKLIN,13164.655068582832
BANKS-:-COLUMBIA,STEPHENS-:-STEPHENS COUNTY 1,20319.577307262287
BANKS-:-COLUMBIA,HABERSHAM-:-HABERSHAM SOUTH,2799.6136910063406
BANKS-:-DAVIDS,JACKSON-:-NORTH JACKSON,21494.00375279082
BANKS-:-DAVIDS,MADISON-:-ILA,20381.05064525304
BANKS-:-DAVIDS,FRANKLIN-:-SOUTHWEST FRANKLIN,35919.99174402226
BANKS-:-GOLDEN HILL,BANKS-:-HOMER,9634.370745870228
BANKS-:-GOLDEN HILL,BANKS-:-POPLAR SPRINGS,26996.43494514531
BANKS-:-GOLDEN HILL,HALL-:-LULA,2077.9379191677326
BANKS-:-GOLDEN HILL,BANKS-:-HOLLINGSWORTH,17446.549765791216
BANKS-:-GOLDEN HILL,HABERSHAM-:-MUD CREEK,24452.630528031266
BANKS-:-GROVE RIVER,JACKSON-:-NORTH JACKSON,5553.997199135622
BANKS-:-GROVE RIVER,HALL-:-GILLSVILLE,22693.99776825252
BANKS-:-GROVE RIVER,BANKS-:-POPLAR SPRINGS,29568.976661043096
BANKS-:-GROVE RIVER,HALL-:-LULA,1497.973894486931
BANKS-:-HOLLINGSWORTH,BANKS-:-HOMER,8969.124346845698
BANKS-:-HOLLINGSWORTH,BANKS-:-WASHINGTON,28469.70018272181
BANKS-:-HOMER,BANKS-:-WILMONTS,13645.432392503913
BANKS-:-HOMER,BANKS-:-POPLAR SPRINGS,27446.732021217314
BANKS-:-POPLAR SPRINGS,HALL-:-LULA,39613.077023881575
BANKS-:-WASHINGTON,BANKS-:-WILMONTS,27457.867228415704
BANKS-:-WASHINGTON,FRANKLIN-:-WEST FRANKLIN,12072.0994140398
BANKS-:-WILMONTS,FRANKLIN-:-WEST FRANKLIN,25845.29229791086
BARROW-:-1,BARROW-:-16,36352.517201691655
BARROW-:-1,WALTON-:-GRATIS,2604.855120366855
BARROW-:-1,OCONEE-:-DARK CORNER,12383.157278050394
BARROW-:-1,WALTON-:-WALKER PARK,26097.886004130196
BARROW-:-1,BARROW-:-5,20493.83707417221
BARROW-:-1,BARROW-:-13,24509.727144509234
BARROW-:-13,BARROW-:-16,20374.178219444148
BARROW-:-13,BARROW-:-4,26097.701334656478
BARROW-:-13,BARROW-:-2,17452.758170189
BARROW-:-13,BARROW-:-5,3298.7523061483184
BARROW-:-13,BARROW-:-8,45519.60295505422
BARROW-:-16,GWINNETT-:-133 HARBINS B,5514.666969650452
BARROW-:-16,BARROW-:-4,21711.686284128577
BARROW-:-16,WALTON-:-WALKER PARK,17734.801913557152
BARROW-:-16,WALTON-:-BOLD SPRINGS,23267.798856086352
BARROW-:-16,GWINNETT-:-151 HARBINS C,11328.87602628197
BARROW-:-2,BARROW-:-4,8771.905918914172
BARROW-:-2,BARROW-:-3,35746.48226777051
BARROW-:-2,GWINNETT-:-129 DUNCANS B,12037.87736284204
BARROW-:-2,GWINNETT-:-039 DUNCANS D,14268.449306345972
BARROW-:-2,BARROW-:-8,6921.30687351626
BARROW-:-2,JACKSON-:-WEST JACKSON,58458.92874961211
BARROW-:-3,GWINNETT-:-133 HARBINS B,13711.552062977591
BARROW-:-3,BARROW-:-4,23470.18444740467
BARROW-:-3,GWINNETT-:-028 ROCKYCREEK A,14525.385910400848
BARROW-:-3,GWINNETT-:-129 DUNCANS B,3061.630682274724
BARROW-:-4,GWINNETT-:-133 HARBINS B,12498.858469302748
BARROW-:-5,OCONEE-:-DARK CORNER,15295.68733974721
BARROW-:-5,OCONEE-:-BOGART,12059.541396691919
BARROW-:-5,BARROW-:-8,42741.19741875697
BARROW-:-5,JACKSON-:-SOUTH JACKSON,32142.927505221523
BARROW-:-5,JACKSON-:-CENTRAL JACKSON,4831.228018681996
BARROW-:-8,JACKSON-:-WEST JACKSON,42466.26485103316
BARROW-:-8,JACKSON-:-CENTRAL JACKSON,26393.235887910727
BARTOW-:-ADAIRSVILLE,BARTOW-:-KINGSTON,38289.74239165883
BARTOW-:-ADAIRSVILLE,BARTOW-:-HAMILTON CROSSING,36453.357914096596
BARTOW-:-ADAIRSVILLE,FLOYD-:-SHANNON,32923.54903677272
BARTOW-:-ADAIRSVILLE,GORDON-:-PLAINVILLE,10106.154489392518
BARTOW-:-ADAIRSVILLE,BARTOW-:-FOLSOM,38420.36209179734
BARTOW-:-ADAIRSVILLE,GORDON-:-LILY POND,36179.17010903079
BARTOW-:-ALLATOONA,COBB-:-NORTH COBB 01,3690.4424246813787
BARTOW-:-ALLATOONA,COBB-:-ACWORTH 1B,5737.0417841113585
BARTOW-:-ALLATOONA,COBB-:-MARS HILL 01,3626.493975208107
BARTOW-:-ALLATOONA,BARTOW-:-EMERSON,46778.10091647373
BARTOW-:-ALLATOONA,CHEROKEE-:-CLARK CREEK,6437.468147535894
BARTOW-:-ALLATOONA,CHEROKEE-:-OAK GROVE,16805.655811292443
BARTOW-:-ALLATOONA,BARTOW-:-CENTER,30678.629481627726
BARTOW-:-CARTERSVILLE EAST,BARTOW-:-EMERSON,3486.5515986943647
BARTOW-:-CARTERSVILLE EAST,BARTOW-:-CENTER,46312.600920065415
BARTOW-:-CARTERSVILLE EAST,BARTOW-:-CARTERSVILLE WEST,48915.97064908419
BARTOW-:-CARTERSVILLE EAST,BARTOW-:-ZENA DRIVE,241815.11039240911
BARTOW-:-CARTERSVILLE EAST,BARTOW-:-CASSVILLE,19430.88880077128
BARTOW-:-CARTERSVILLE EAST,BARTOW-:-HAMILTON CROSSING,6253.906794511395
BARTOW-:-CARTERSVILLE EAST,BARTOW-:-WHITE,65483.55520039811
BARTOW-:-CARTERSVILLE WEST,BARTOW-:-EMERSON,33143.95451472283
BARTOW-:-CARTERSVILLE WEST,BARTOW-:-WOODLAND,151166.008354603
BARTOW-:-CARTERSVILLE WEST,BARTOW-:-MISSION ROAD,111541.8739706607
BARTOW-:-CARTERSVILLE WEST,BARTOW-:-ZENA DRIVE,29811.924361554225
BARTOW-:-CASSVILLE,BARTOW-:-ZENA DRIVE,13954.65627541881
BARTOW-:-CASSVILLE,BARTOW-:-HAMILTON CROSSING,42661.52687133823
BARTOW-:-CASSVILLE,BARTOW-:-WHITE,6823.857943175287
BARTOW-:-CENTER,BARTOW-:-EMERSON,9137.114478912494
BARTOW-:-CENTER,BARTOW-:-ZENA DRIVE,18920.392334887012
BARTOW-:-CENTER,BARTOW-:-WHITE,46638.81408070536
BARTOW-:-CENTER,CHEROKEE-:-SUTALLEE,31053.70473503722
BARTOW-:-EMERSON,PAULDING-:-RUSSOM ELEMENTARY,967.153959193248
BARTOW-:-EMERSON,COBB-:-MARS HILL 01,10768.891968875643
BARTOW-:-EMERSON,PAULDING-:-ACTIVATION CHURCH,21026.635710919803
BARTOW-:-EMERSON,BARTOW-:-WOODLAND,9268.203185050317
BARTOW-:-EMERSON,BARTOW-:-MISSION ROAD,3185.3645967701536
BARTOW-:-EMERSON,BARTOW-:-ZENA DRIVE,11375.6114854811
BARTOW-:-EUHARLEE,BARTOW-:-TAYLORSVILLE,47661.717661084396
BARTOW-:-EUHARLEE,BARTOW-:-MISSION ROAD,52245.58741590112
BARTOW-:-EUHARLEE,BARTOW-:-KINGSTON,25494.62963274757
BARTOW-:-FOLSOM,BARTOW-:-WHITE,10172.347893302373
BARTOW-:-FOLSOM,BARTOW-:-PINE LOG,41703.07535522933
BARTOW-:-FOLSOM,GORDON-:-LILY POND,6117.720979584911
BARTOW-:-FOLSOM,GORDON-:-SONORAVILLE,25720.352275192694
BARTOW-:-HAMILTON CROSSING,BARTOW-:-MISSION ROAD,22613.725851999832
BARTOW-:-HAMILTON CROSSING,BARTOW-:-ZENA DRIVE,4654.42737592589
BARTOW-:-HAMILTON CROSSING,BARTOW-:-KINGSTON,33669.945975821596
BARTOW-:-HAMILTON CROSSING,BARTOW-:-WHITE,16953.13441320561
BARTOW-:-KINGSTON,BARTOW-:-TAYLORSVILLE,31660.156799492208
BARTOW-:-KINGSTON,FLOYD-:-CHULIO,35060.10284152378
BARTOW-:-KINGSTON,BARTOW-:-MISSION ROAD,13694.231825938597
BARTOW-:-KINGSTON,FLOYD-:-ETOWAH,30840.70105237357
BARTOW-:-MISSION ROAD,BARTOW-:-TAYLORSVILLE,1249.7262828660494
BARTOW-:-MISSION ROAD,BARTOW-:-WOODLAND,13766.421779853326
BARTOW-:-MISSION ROAD,BARTOW-:-ZENA DRIVE,5458.327455019902
BARTOW-:-PINE LOG,BARTOW-:-WHITE,80461.16027570133
BARTOW-:-PINE LOG,GORDON-:-SONORAVILLE,7497.462189407268
BARTOW-:-PINE LOG,CHEROKEE-:-WALESKA,3759.71445555446
BARTOW-:-PINE LOG,CHEROKEE-:-SALACOA,27324.0472663866
BARTOW-:-PINE LOG,GORDON-:-FAIRMOUNT,36000.477166432065
BARTOW-:-TAYLORSVILLE,PAULDING-:-BURNT HICKORY PARK,23201.660866765505
BARTOW-:-TAYLORSVILLE,PAULDING-:-ACTIVATION CHURCH,1317.9774490539774
BARTOW-:-TAYLORSVILLE,POLK-:-ARAGON,45702.60851325673
BARTOW-:-TAYLORSVILLE,FLOYD-:-HOWELL,25072.61473729393
BARTOW-:-TAYLORSVILLE,FLOYD-:-CHULIO,817.4166432376798
BARTOW-:-TAYLORSVILLE,BARTOW-:-WOODLAND,25494.28534190317
BARTOW-:-WHITE,BARTOW-:-ZENA DRIVE,17492.31532965366
BARTOW-:-WHITE,CHEROKEE-:-SUTALLEE,13701.72519897387
BARTOW-:-WHITE,CHEROKEE-:-WALESKA,28406.107236868385
BARTOW-:-WOODLAND,PAULDING-:-ACTIVATION CHURCH,15811.870392065213
BEN HILL-:-EAST,IRWIN-:-OCILLA,117417.60595895723
BEN HILL-:-EAST,COFFEE-:-BROXTON,39273.508316715815
BEN HILL-:-EAST,IRWIN-:-IRWINVILLE,80492.42157424908
BEN HILL-:-EAST,TURNER-:-REBECCA,39669.22027296883
BEN HILL-:-EAST,WILCOX-:-PITTS 3,11248.687801457776
BEN HILL-:-EAST,TELFAIR-:-JACKSONVILLE,56225.362498227325
BEN HILL-:-EAST,TELFAIR-:-MILAN,42555.444016059984
BEN HILL-:-EAST,WILCOX-:-ABBEVILLE SOUTH 5,71206.24013097945
BEN HILL-:-EAST,WILCOX-:-ROCHELLE SOUTH 4,14030.811031005125
BERRIEN-:-ALAPAHA,BERRIEN-:-NASHVILLE,121530.39086965569
BERRIEN-:-ALAPAHA,BERRIEN-:-WEST BERRIEN,31645.385370807886
BERRIEN-:-ALAPAHA,BERRIEN-:-ENIGMA,61238.99021900724
BERRIEN-:-ALAPAHA,COFFEE-:-BRIDGETOWN,22819.438653521633
BERRIEN-:-ALAPAHA,IRWIN-:-OCILLA,43269.16124690537
BERRIEN-:-ENIGMA,BERRIEN-:-WEST BERRIEN,35336.621418305906
BERRIEN-:-ENIGMA,TIFT-:-BROOKFIELD,34902.06076885474
BERRIEN-:-ENIGMA,IRWIN-:-OCILLA,16993.042403079467
BERRIEN-:-NASHVILLE,LANIER-:-LAKELAND,61201.319848250685
BERRIEN-:-NASHVILLE,BERRIEN-:-RAY CITY,87161.11837345504
BERRIEN-:-NASHVILLE,COOK-:-DELLE BEAMGUARD,20696.649992890892
BERRIEN-:-NASHVILLE,COOK-:-MASSEE,16229.047583608071
BERRIEN-:-NASHVILLE,BERRIEN-:-WEST BERRIEN,61415.96128574119
BERRIEN-:-RAY CITY,COOK-:-CECIL,48394.5674149156
BERRIEN-:-RAY CITY,LOWNDES-:-PINE GROVE CHURCH,20047.77655948843
BERRIEN-:-RAY CITY,LOWNDES-:-HISTORICAL SOCIETY,10377.031738565336
BERRIEN-:-RAY CITY,LANIER-:-LAKELAND,54222.70103802431
BERRIEN-:-RAY CITY,COOK-:-DELLE BEAMGUARD,18647.01393601754
BERRIEN-:-WEST BERRIEN,COOK-:-MASSEE,19830.633429555008
BERRIEN-:-WEST BERRIEN,COOK-:-LENOX,56817.07221260045
BERRIEN-:-WEST BERRIEN,TIFT-:-ELDORADO,7399.596187288208
BERRIEN-:-WEST BERRIEN,TIFT-:-BROOKFIELD,32559.0480695073
BIBB-:-EAST MACON 1,BIBB-:-EAST MACON 5,25122.94868871527
BIBB-:-EAST MACON 1,BIBB-:-GODFREY 1,12242.267034789415
BIBB-:-EAST MACON 1,BIBB-:-VINEVILLE 1,3605.18349212913
BIBB-:-EAST MACON 1,BIBB-:-EAST MACON 2,12304.547361073519
BIBB-:-EAST MACON 1,BIBB-:-EAST MACON 3,6625.527199691945
BIBB-:-EAST MACON 2,BIBB-:-EAST MACON 5,741.8233843096998
BIBB-:-EAST MACON 2,BIBB-:-EAST MACON 4,16364.846353572564
BIBB-:-EAST MACON 2,BIBB-:-EAST MACON 3,11770.798535671147
BIBB-:-EAST MACON 2,JONES-:-HAWKINS,10909.762229597736
BIBB-:-EAST MACON 3,BIBB-:-VINEVILLE 1,12407.967350290624
BIBB-:-EAST MACON 3,BIBB-:-HOWARD 4,12243.30800277765
BIBB-:-EAST MACON 3,JONES-:-FINNEY,14226.663600097012
BIBB-:-EAST MACON 3,JONES-:-CLINTON,3969.9037030658337
BIBB-:-EAST MACON 4,BIBB-:-EAST MACON 5,20272.16191708898
BIBB-:-EAST MACON 4,JONES-:-ROBERTS,14464.17733902537
BIBB-:-EAST MACON 4,JONES-:-HAWKINS,5756.090823618495
BIBB-:-EAST MACON 5,TWIGGS-:-GOLDEN ISLES,37084.35331473156
BIBB-:-EAST MACON 5,BIBB-:-RUTLAND 2,27148.922744036146
BIBB-:-EAST MACON 5,BIBB-:-GODFREY 1,26276.905894820793
BIBB-:-EAST MACON 5,TWIGGS-:-DRY BRANCH,30081.971295385607
BIBB-:-EAST MACON 5,JONES-:-ROBERTS,8102.396718681807
BIBB-:-GODFREY 1,BIBB-:-RUTLAND 2,7704.280889133331
BIBB-:-GODFREY 1,BIBB-:-GODFREY 2,28986.557964941607
BIBB-:-GODFREY 1,BIBB-:-GODFREY 3,17496.811813964472
BIBB-:-GODFREY 1,BIBB-:-VINEVILLE 3,12651.99229796727
BIBB-:-GODFREY 1,BIBB-:-HAZZARD 3,2394.685134436387
BIBB-:-GODFREY 1,BIBB-:-VINEVILLE 4,1065.7935659866212
BIBB-:-GODFREY 1,BIBB-:-VINEVILLE 2,4707.395140668964
BIBB-:-GODFREY 1,BIBB-:-VINEVILLE 1,17065.453493342215
BIBB-:-GODFREY 1,BIBB-:-VINEVILLE 6,361.9939822580778
BIBB-:-GODFREY 2,BIBB-:-RUTLAND 2,3965.2153730301306
BIBB-:-GODFREY 2,BIBB-:-GODFREY 4,26227.732563305442
BIBB-:-GODFREY 2,BIBB-:-GODFREY 3,1495.054874620911
BIBB-:-GODFREY 3,BIBB-:-RUTLAND 1,1738.5592547482697
BIBB-:-GODFREY 3,BIBB-:-GODFREY 5,9053.104445146611
BIBB-:-GODFREY 3,BIBB-:-HAZZARD 1,4681.040337480089
BIBB-:-GODFREY 3,BIBB-:-GODFREY 4,14020.046988105398
BIBB-:-GODFREY 4,BIBB-:-RUTLAND 1,9904.665244191343
BIBB-:-GODFREY 4,BIBB-:-RUTLAND 2,16021.855696817729
BIBB-:-GODFREY 5,BIBB-:-RUTLAND 1,18468.18593388835
BIBB-:-GODFREY 5,BIBB-:-WARRIOR 2,4584.9326744433565
BIBB-:-GODFREY 5,BIBB-:-HAZZARD 1,27227.875287700954
BIBB-:-GODFREY 5,BIBB-:-HAZZARD 3,7972.397753828313
BIBB-:-HAZZARD 1,BIBB-:-HAZZARD 3,21747.791519480743
BIBB-:-HAZZARD 2,BIBB-:-HAZZARD 3,9878.577339648811
BIBB-:-HAZZARD 2,BIBB-:-HOWARD 1,10186.733900001123
BIBB-:-HAZZARD 2,BIBB-:-HAZZARD 4,29037.29756359993
BIBB-:-HAZZARD 3,BIBB-:-WARRIOR 2,31397.371120008393
BIBB-:-HAZZARD 3,BIBB-:-WARRIOR 1,13821.011567324404
BIBB-:-HAZZARD 3,BIBB-:-HOWARD 1,23215.961309211038
BIBB-:-HAZZARD 3,BIBB-:-HAZZARD 4,36728.64079669928
BIBB-:-HAZZARD 3,BIBB-:-VINEVILLE 4,7492.327614553958
BIBB-:-HAZZARD 4,BIBB-:-WARRIOR 1,39451.34439933255
BIBB-:-HAZZARD 4,BIBB-:-HOWARD 2,11892.663722810115
BIBB-:-HAZZARD 4,MONROE-:-KELSEYS,7543.766238551017
BIBB-:-HAZZARD 4,MONROE-:-BURGAYS,22808.7106906048
BIBB-:-HOWARD 1,BIBB-:-HOWARD 6,13039.667227454462
BIBB-:-HOWARD 1,BIBB-:-HOWARD 2,13603.123124251859
BIBB-:-HOWARD 1,BIBB-:-VINEVILLE 4,18708.486425152023
BIBB-:-HOWARD 1,BIBB-:-VINEVILLE 6,1749.9196089032873
BIBB-:-HOWARD 2,BIBB-:-HOWARD 6,2236.3822498921604
BIBB-:-HOWARD 2,BIBB-:-HOWARD 7,7567.438155212932
BIBB-:-HOWARD 2,BIBB-:-HOWARD 3,14836.783984460923
BIBB-:-HOWARD 2,MONROE-:-BURGAYS,5426.833194871808
BIBB-:-HOWARD 3,BIBB-:-HOWARD 7,26775.58208974422
BIBB-:-HOWARD 3,BIBB-:-HOWARD 5,20587.76235849602
BIBB-:-HOWARD 3,MONROE-:-BURGAYS,10581.628805834913
BIBB-:-HOWARD 3,MONROE-:-BENTONS,20916.403155366603
BIBB-:-HOWARD 3,BIBB-:-HOWARD 4,5303.210975396664
BIBB-:-HOWARD 3,JONES-:-FINNEY,23635.424047814402
BIBB-:-HOWARD 4,BIBB-:-HOWARD 6,4558.3642741739
BIBB-:-HOWARD 4,BIBB-:-HOWARD 5,1602.439103366284
BIBB-:-HOWARD 4,BIBB-:-VINEVILLE 1,3725.859893671355
BIBB-:-HOWARD 4,BIBB-:-VINEVILLE 5,8574.101413839882
BIBB-:-HOWARD 4,JONES-:-FINNEY,8171.875839886425
BIBB-:-HOWARD 5,BIBB-:-HOWARD 6,8455.206255675308
BIBB-:-HOWARD 5,BIBB-:-HOWARD 7,16773.051845688722
BIBB-:-HOWARD 6,BIBB-:-HOWARD 7,13098.351965764241
BIBB-:-HOWARD 6,BIBB-:-VINEVILLE 6,1465.8207709231383
BIBB-:-HOWARD 6,BIBB-:-VINEVILLE 5,6901.8158618019925
BIBB-:-RUTLAND 1,CRAWFORD-:-DISTRICT 5,18289.11251114427
BIBB-:-RUTLAND 1,BIBB-:-WARRIOR 2,23293.224821561493
BIBB-:-RUTLAND 1,BIBB-:-RUTLAND 2,31622.34069768012
BIBB-:-RUTLAND 2,HOUSTON-:-WELLSTON CENTER,10311.934703596777
BIBB-:-RUTLAND 2,TWIGGS-:-GOLDEN ISLES,56935.335585933266
BIBB-:-RUTLAND 2,HOUSTON-:-NHSC,35842.50290684665
BIBB-:-VINEVILLE 1,BIBB-:-VINEVILLE 2,12930.147461671233
BIBB-:-VINEVILLE 1,BIBB-:-VINEVILLE 6,4999.794424749829
BIBB-:-VINEVILLE 1,BIBB-:-VINEVILLE 5,3235.389115613805
BIBB-:-VINEVILLE 2,BIBB-:-VINEVILLE 6,3251.3083553908946
BIBB-:-VINEVILLE 3,BIBB-:-VINEVILLE 4,18991.494751284492
BIBB-:-VINEVILLE 3,BIBB-:-VINEVILLE 6,9940.260505916604
BIBB-:-VINEVILLE 4,BIBB-:-VINEVILLE 6,2962.9829794356287
BIBB-:-VINEVILLE 5,BIBB-:-VINEVILLE 6,12270.432051145403
BIBB-:-WARRIOR 1,BIBB-:-WARRIOR 2,45479.111211708616
BIBB-:-WARRIOR 1,CRAWFORD-:-DISTRICT 4,59791.75297092483
BIBB-:-WARRIOR 1,CRAWFORD-:-DISTRICT 2,27559.460248267696
BIBB-:-WARRIOR 1,MONROE-:-KELSEYS,7148.825373173395
BIBB-:-WARRIOR 2,CRAWFORD-:-DISTRICT 5,25334.140633988507
BLECKLEY-:-1,DODGE-:-EDDIN,43532.925207994675
BLECKLEY-:-1,PULASKI-:-COURTHOUSE ANNEX,66799.94016209716
BLECKLEY-:-1,HOUSTON-:-VHS,27288.240747041174
BLECKLEY-:-1,DODGE-:-EMPIR,27304.392657155786
BLECKLEY-:-1,DODGE-:-YONKE,6067.797900479699
BLECKLEY-:-1,DODGE-:-MULLI,37331.74412695762
BLECKLEY-:-1,LAURENS-:-HAMPTON MILL,15211.784530053745
BLECKLEY-:-1,LAURENS-:-DUDLEY,49329.624177857964
BLECKLEY-:-1,TWIGGS-:-HIGGSVILLLE,19788.67339056567
BLECKLEY-:-1,TWIGGS-:-SHADY GROVE/TARVERS,81176.63461053454
BRANTLEY-:-HOBOKEN,CHARLTON-:-WINOKUR,27204.339893695138
BRANTLEY-:-HOBOKEN,CHARLTON-:-RACEPOND,15989.232369502926
BRANTLEY-:-HOBOKEN,WARE-:-400 - SECOND BAPTIST CHURCH,89499.89292187573
BRANTLEY-:-HOBOKEN,WARE-:-200C- SECOND BAPTIST CHURCH,15879.842804935448
BRANTLEY-:-HOBOKEN,PIERCE-:-ST. JOHNS/BLACKSHEAR,95424.96527199297
BRANTLEY-:-HOBOKEN,PIERCE-:-BLACKSHEAR,7636.134964953886
BRANTLEY-:-HOBOKEN,BRANTLEY-:-NAHUNTA,73924.65170724531
BRANTLEY-:-HOBOKEN,PIERCE-:-OTTER CREEK,44643.18602776662
BRANTLEY-:-NAHUNTA,CHARLTON-:-WINOKUR,37576.51133870007
BRANTLEY-:-NAHUNTA,CAMDEN-:-TARBORO,32148.3625426691
BRANTLEY-:-NAHUNTA,BRANTLEY-:-WAYNESVILLE,183600.01805329308
BRANTLEY-:-NAHUNTA,PIERCE-:-OTTER CREEK,92188.62853078052
BRANTLEY-:-NAHUNTA,WAYNE-:-GARDI,26425.743250363714
BRANTLEY-:-NAHUNTA,WAYNE-:-SCREVEN,29550.983205299057
BRANTLEY-:-WAYNESVILLE,CAMDEN-:-TARBORO,62730.177759526094
BRANTLEY-:-WAYNESVILLE,GLYNN-:-MAR,13326.099440600907
BRANTLEY-:-WAYNESVILLE,GLYNN-:-BRK,49212.614923834095
BRANTLEY-:-WAYNESVILLE,WAYNE-:-GARDI,46519.74263515296
BRANTLEY-:-WAYNESVILLE,GLYNN-:-COG,6907.527877734476
BROOKS-:-BARWICK,BROOKS-:-QUITMAN,21264.429717268693
BROOKS-:-BARWICK,BROOKS-:-MORVEN,22133.110586107974
BROOKS-:-BARWICK,BROOKS-:-DIXIE,24460.15366442018
BROOKS-:-BARWICK,THOMAS-:-BARWICK,18670.646780240266
BROOKS-:-BARWICK,THOMAS-:-PAVO,17118.995807044797
BROOKS-:-BARWICK,BROOKS-:-PAVO,38612.484580783195
BROOKS-:-BRIGGS,BROOKS-:-QUITMAN,48283.50999496397
BROOKS-:-BRIGGS,LOWNDES-:-RAINWATER,120970.48338613425
BROOKS-:-BRIGGS,BROOKS-:-MORVEN,30112.663400214275
BROOKS-:-DIXIE,BROOKS-:-NANKIN,39159.15884795832
BROOKS-:-DIXIE,BROOKS-:-QUITMAN,54612.877499537884
BROOKS-:-DIXIE,THOMAS-:-BOSTON,70358.96148698012
BROOKS-:-MORVEN,BROOKS-:-QUITMAN,54342.218412617134
BROOKS-:-MORVEN,LOWNDES-:-RAINWATER,29604.168366879676
BROOKS-:-MORVEN,LOWNDES-:-TRAIN DEPOT,60555.67101445517
BROOKS-:-MORVEN,COOK-:-NEW LIFE BAPTIST CHURCH,53546.75562880932
BROOKS-:-MORVEN,BROOKS-:-PAVO,46654.24397969901
BROOKS-:-MORVEN,COLQUITT-:-ROBINSON,37029.54296035721
BROOKS-:-NANKIN,LOWNDES-:-CLYATTVILLE COMMUNITY CENTER,74089.11690866805
BROOKS-:-NANKIN,BROOKS-:-QUITMAN,40109.407122099845
BROOKS-:-NANKIN,LOWNDES-:-RAINWATER,19407.197953137067
BROOKS-:-PAVO,THOMAS-:-PAVO,32946.91045372764
BROOKS-:-PAVO,COLQUITT-:-AUTREYVILLE,13175.072490236882
BROOKS-:-PAVO,COLQUITT-:-ROBINSON,16804.61748228523
BROOKS-:-QUITMAN,LOWNDES-:-RAINWATER,24784.93784843927
BRYAN-:-DANIEL SIDING,LIBERTY-:-LIBERTY CO COMPLEX,68794.03825540468
BRYAN-:-DANIEL SIDING,BRYAN-:-NEW BEGINNINGS,9926.250050932338
BRYAN-:-DANIEL SIDING,BRYAN-:-SPIRIT OF PEACE LUTHERAN CHURCH,13310.112087167077
BRYAN-:-DANIEL SIDING,LIBERTY-:-FLEMING EAST,48423.981981944286
BRYAN-:-DANIEL SIDING,BRYAN-:-DEVAUL HENDERSON PARK GYM,48585.2109964331
BRYAN-:-DANIEL SIDING,BRYAN-:-FIRST BAPTIST CHURCH,14186.60793546768
BRYAN-:-DEVAUL HENDERSON PARK GYM,BRYAN-:-NEW BEGINNINGS,8568.963901723417
BRYAN-:-DEVAUL HENDERSON PARK GYM,BRYAN-:-SPIRIT OF PEACE LUTHERAN CHURCH,26732.790981950388
BRYAN-:-DEVAUL HENDERSON PARK GYM,BRYAN-:-TIMBER TRAIL,20570.334540030093
BRYAN-:-DEVAUL HENDERSON PARK GYM,BRYAN-:-WETLANDS CENTER,14305.183571160525
BRYAN-:-DEVAUL HENDERSON PARK GYM,BRYAN-:-FIRST BAPTIST CHURCH,13436.24769490613
BRYAN-:-FIRST BAPTIST CHURCH,LIBERTY-:-FLEMING EAST,17428.00447734697
BRYAN-:-FIRST BAPTIST CHURCH,BRYAN-:-TIMBER TRAIL,9140.978269382453
BRYAN-:-FIRST BAPTIST CHURCH,BRYAN-:-WETLANDS CENTER,19575.84151555863
BRYAN-:-FIRST BAPTIST CHURCH,CHATHAM-:-6-11C,15614.509781266242
BRYAN-:-FIRST BAPTIST CHURCH,BRYAN-:-FTSTEW,37162.925241877645
BRYAN-:-FTSTEW,LIBERTY-:-FLEMING EAST,232.46342664433507
BRYAN-:-FTSTEW,LIBERTY-:-PERFORMING ARTS CENTER,155903.56239535226
BRYAN-:-FTSTEW,LIBERTY-:-GUM BRANCH,32039.454367891212
BRYAN-:-FTSTEW,BRYAN-:-HARN COMMUNITY CENTER,58956.034347353634
BRYAN-:-FTSTEW,CHATHAM-:-6-11C,25235.04322508452
BRYAN-:-FTSTEW,CHATHAM-:-7-08C,46170.04975155391
BRYAN-:-FTSTEW,BRYAN-:-LANIER,11346.220093333053
BRYAN-:-FTSTEW,BRYAN-:-OLIVE BRANCH BAPTIST,52263.29862183382
BRYAN-:-FTSTEW,EVANS-:-VETERAN'S COMMUNITY CENTER,26886.134728539728
BRYAN-:-HARN COMMUNITY CENTER,BRYAN-:-OLIVE BRANCH BAPTIST,60208.52629475677
BRYAN-:-HARN COMMUNITY CENTER,EVANS-:-VETERAN'S COMMUNITY CENTER,19499.17368847216
BRYAN-:-HARN COMMUNITY CENTER,BULLOCH-:-NEVILS,16252.160635573246
BRYAN-:-HARN COMMUNITY CENTER,BULLOCH-:-BAY,39537.838740950465
BRYAN-:-LANIER,CHATHAM-:-7-08C,6793.526690158674
BRYAN-:-LANIER,EFFINGHAM-:-1C,29415.32900926009
BRYAN-:-LANIER,BRYAN-:-OLIVE BRANCH BAPTIST,100479.2049252972
BRYAN-:-NEW BEGINNINGS,LIBERTY-:-LIBERTY CO COMPLEX,55127.0108895127
BRYAN-:-NEW BEGINNINGS,CHATHAM-:-6-10C,109351.52877922909
BRYAN-:-NEW BEGINNINGS,BRYAN-:-SPIRIT OF PEACE LUTHERAN CHURCH,23614.722287991222
BRYAN-:-NEW BEGINNINGS,BRYAN-:-WETLANDS CENTER,19187.44567785628
BRYAN-:-OLIVE BRANCH BAPTIST,EFFINGHAM-:-1C,32097.85498754331
BRYAN-:-OLIVE BRANCH BAPTIST,BULLOCH-:-BAY,32693.909188294434
BRYAN-:-OLIVE BRANCH BAPTIST,EFFINGHAM-:-1B,32141.64837240491
BRYAN-:-OLIVE BRANCH BAPTIST,BULLOCH-:-STILSON,23021.83512119214
BRYAN-:-TIMBER TRAIL,BRYAN-:-WETLANDS CENTER,10985.311215973894
BRYAN-:-WETLANDS CENTER,CHATHAM-:-6-10C,82484.57548137422
BULLOCH-:-BAY,BULLOCH-:-NEVILS,73166.61573662031
BULLOCH-:-BAY,BULLOCH-:-BROOKLET,20553.186816021942
BULLOCH-:-BAY,BULLOCH-:-STILSON,66981.908931216
BULLOCH-:-BLITCH,BULLOCH-:-CHURCH,51064.72420148043
BULLOCH-:-BLITCH,BULLOCH-:-HAGIN,33737.47620244911
BULLOCH-:-BLITCH,BULLOCH-:-PORTAL,15585.62682327419
BULLOCH-:-BLITCH,BULLOCH-:-LOCKHART,43345.030634315895
BULLOCH-:-BLITCH,SCREVEN-:-JENK HILL FIRE STATION 2,28560.599828589788
BULLOCH-:-BROOKLET,BULLOCH-:-NEVILS,8361.228402452085
BULLOCH-:-BROOKLET,BULLOCH-:-EMIT,46997.58716912701
BULLOCH-:-BROOKLET,BULLOCH-:-STILSON,26021.810329984593
BULLOCH-:-BROOKLET,BULLOCH-:-FAIR,17663.768747623115
BULLOCH-:-BROOKLET,BULLOCH-:-HAGIN,20989.437761634035
BULLOCH-:-BROOKLET,BULLOCH-:-LEEFIELD,38167.63634776198
BULLOCH-:-CHURCH,BULLOCH-:-FAIR,16624.05323736867
BULLOCH-:-CHURCH,BULLOCH-:-PITTMAN PARK,11470.573302274404
BULLOCH-:-CHURCH,BULLOCH-:-STATESBORO,36462.19919548241
BULLOCH-:-CHURCH,BULLOCH-:-HAGIN,47495.33267281622
BULLOCH-:-CHURCH,BULLOCH-:-PORTAL,1174.0032992025856
BULLOCH-:-EMIT,BULLOCH-:-NEVILS,42354.91329356162
BULLOCH-:-EMIT,BULLOCH-:-SINKHOLE,29279.647197970364
BULLOCH-:-EMIT,BULLOCH-:-FAIR,66289.35307216253
BULLOCH-:-FAIR,BULLOCH-:-REGISTER,15725.087849606769
BULLOCH-:-FAIR,BULLOCH-:-PITTMAN PARK,26635.114260864095
BULLOCH-:-FAIR,BULLOCH-:-STATESBORO,38930.735032293305
BULLOCH-:-FAIR,BULLOCH-:-HAGIN,5910.0495083840415
BULLOCH-:-HAGIN,BULLOCH-:-LEEFIELD,43086.897690462734
BULLOCH-:-HAGIN,SCREVEN-:-PLANTERS ANNEX,26618.72642304212
BULLOCH-:-HAGIN,SCREVEN-:-JENK HILL FIRE STATION 2,65072.91729752165
BULLOCH-:-LEEFIELD,BULLOCH-:-STILSON,26725.110300047178
BULLOCH-:-LEEFIELD,EFFINGHAM-:-3A,74490.16315114433
BULLOCH-:-LEEFIELD,SCREVEN-:-PLANTERS ANNEX,3882.878331684078
BULLOCH-:-LOCKHART,BULLOCH-:-PORTAL,38727.46249890634
BULLOCH-:-LOCKHART,SCREVEN-:-JENK HILL FIRE STATION 2,5514.381102244995
BULLOCH-:-LOCKHART,JENKINS-:-FOUR POINTS,33120.22405459848
BULLOCH-:-LOCKHART,SCREVEN-:-BAY BRANCH FIRE STATION 9,38291.60911949753
BULLOCH-:-NEVILS,EVANS-:-VETERAN'S COMMUNITY CENTER,43685.71750648954
BULLOCH-:-NEVILS,BULLOCH-:-SINKHOLE,40440.26267218163
BULLOCH-:-PITTMAN PARK,BULLOCH-:-STATESBORO,12780.933450018754
BULLOCH-:-PORTAL,CANDLER-:-JACK STRICKLAND COMMUNITY CENTER,50559.3768971221
BULLOCH-:-PORTAL,BULLOCH-:-STATESBORO,65814.90025375607
BULLOCH-:-PORTAL,EMANUEL-:-GARFIELD,19194.32403774574
BULLOCH-:-PORTAL,EMANUEL-:-TWIN CITY,7313.850367575723
BULLOCH-:-PORTAL,JENKINS-:-FOUR POINTS,18547.953274695326
BULLOCH-:-REGISTER,BULLOCH-:-SINKHOLE,35513.344636392845
BULLOCH-:-REGISTER,CANDLER-:-JACK STRICKLAND COMMUNITY CENTER,38166.20829958818
BULLOCH-:-REGISTER,BULLOCH-:-STATESBORO,34710.4873080676
BULLOCH-:-SINKHOLE,EVANS-:-VETERAN'S COMMUNITY CENTER,66381.51109326098
BULLOCH-:-SINKHOLE,CANDLER-:-JACK STRICKLAND COMMUNITY CENTER,27499.379351114098
BULLOCH-:-STATESBORO,CANDLER-:-JACK STRICKLAND COMMUNITY CENTER,13650.872472330377
BULLOCH-:-STILSON,EFFINGHAM-:-1B,35959.62718459393
BULLOCH-:-STILSON,EFFINGHAM-:-3D,49335.18910929304
BULLOCH-:-STILSON,EFFINGHAM-:-3A,2894.794719761646
BURKE-:-ALEXANDER,JENKINS-:-PERKINS,10975.487571749614
BURKE-:-ALEXANDER,BURKE-:-SARDIS,50814.015570977026
BURKE-:-ALEXANDER,BURKE-:-MUNNERLYN,50705.72906040411
BURKE-:-ALEXANDER,BURKE-:-SOUTH WAYNESBORO,30215.539478789186
BURKE-:-ALEXANDER,BURKE-:-GIRARD,47212.608268392185
BURKE-:-BLAKENEY,BURKE-:-SCOTTS CROSSROADS,27054.327286244996
BURKE-:-BLAKENEY,BURKE-:-MUNNERLYN,4954.040332669081
BURKE-:-BLAKENEY,BURKE-:-SOUTH WAYNESBORO,62966.638725722856
BURKE-:-BLAKENEY,BURKE-:-NORTH WAYNESBORO,28436.502700852914
BURKE-:-BLAKENEY,BURKE-:-ST. CLAIR,33676.892820181536
BURKE-:-BLAKENEY,BURKE-:-VIDETTE,38830.062316351854
BURKE-:-BLAKENEY,BURKE-:-GOUGH,46595.49725736925
BURKE-:-FOUR POINTS,BURKE-:-NORTH WAYNESBORO,10945.469546901888
BURKE-:-FOUR POINTS,BURKE-:-GREENSCUT,32221.13447321464
BURKE-:-FOUR POINTS,BURKE-:-ST. CLAIR,91279.29508475747
BURKE-:-FOUR POINTS,BURKE-:-KEYSVILLE,32043.97708269024
BURKE-:-FOUR POINTS,RICHMOND-:-811,11280.425734519033
BURKE-:-FOUR POINTS,RICHMOND-:-810,13675.869677884226
BURKE-:-FOUR POINTS,RICHMOND-:-804H,32195.15324705435
BURKE-:-FOUR POINTS,RICHMOND-:-802,15974.092422648395
BURKE-:-FOUR POINTS,RICHMOND-:-804,5856.976130602931
BURKE-:-GIRARD,SCREVEN-:-HILTONIA TOWN HALL 1,48864.55788238886
BURKE-:-GIRARD,BURKE-:-SARDIS,67877.80543331981
BURKE-:-GIRARD,BURKE-:-NORTH WAYNESBORO,269.0215421412115
BURKE-:-GIRARD,BURKE-:-TELFAIR,74414.93044814115
BURKE-:-GOUGH,BURKE-:-ST. CLAIR,46500.97943190876
BURKE-:-GOUGH,JEFFERSON-:-MATTHEWS,10142.842661679304
BURKE-:-GOUGH,BURKE-:-VIDETTE,41947.811305137686
BURKE-:-GOUGH,JEFFERSON-:-LOUISVILLE,26914.256792777305
BURKE-:-GREENSCUT,BURKE-:-NORTH WAYNESBORO,51536.80144874736
BURKE-:-GREENSCUT,BURKE-:-TELFAIR,55813.67299598218
BURKE-:-GREENSCUT,RICHMOND-:-802,54076.653384160745
BURKE-:-KEYSVILLE,BURKE-:-ST. CLAIR,3598.510562786386
BURKE-:-KEYSVILLE,JEFFERSON-:-MATTHEWS,3771.257257131544
BURKE-:-KEYSVILLE,JEFFERSON-:-WRENS,17109.151799586834
BURKE-:-KEYSVILLE,RICHMOND-:-801,18631.994695201898
BURKE-:-KEYSVILLE,RICHMOND-:-801B,6650.076216835882
BURKE-:-MIDVILLE,BURKE-:-SCOTTS CROSSROADS,44593.1606168372
BURKE-:-MIDVILLE,EMANUEL-:-CANOOCHEE,19499.084765792963
BURKE-:-MIDVILLE,EMANUEL-:-SUMMERTOWN,26125.932216320438
BURKE-:-MIDVILLE,EMANUEL-:-CROSS-GREEN,30997.14977278477
BURKE-:-MIDVILLE,BURKE-:-VIDETTE,26262.178143029098
BURKE-:-MIDVILLE,JEFFERSON-:-LOUISVILLE,39548.60480490732
BURKE-:-MUNNERLYN,JENKINS-:-PERKINS,46834.1351990948
BURKE-:-MUNNERLYN,BURKE-:-SCOTTS CROSSROADS,18052.701570734287
BURKE-:-MUNNERLYN,BURKE-:-SOUTH WAYNESBORO,56937.43736587099
BURKE-:-NORTH WAYNESBORO,BURKE-:-SOUTH WAYNESBORO,73253.46677076895
BURKE-:-NORTH WAYNESBORO,BURKE-:-TELFAIR,30714.68328878347
BURKE-:-NORTH WAYNESBORO,BURKE-:-ST. CLAIR,8899.195745989673
BURKE-:-SARDIS,SCREVEN-:-HILTONIA TOWN HALL 1,36283.282364510786
BURKE-:-SARDIS,JENKINS-:-SENIOR CITIZENS CENTER,26820.09695502699
BURKE-:-SARDIS,JENKINS-:-PERKINS,19850.69409995921
BURKE-:-SCOTTS CROSSROADS,JENKINS-:-PERKINS,58490.529403799774
BURKE-:-SCOTTS CROSSROADS,EMANUEL-:-CANOOCHEE,1549.9560473262686
BURKE-:-SCOTTS CROSSROADS,BURKE-:-VIDETTE,52689.243115051846
BURKE-:-ST. CLAIR,JEFFERSON-:-MATTHEWS,36417.21193505023
BURKE-:-VIDETTE,JEFFERSON-:-LOUISVILLE,36543.408681137545
BUTTS-:-BUTTS COUNTY ADMIN BUILDING,LAMAR-:-CIVIC CENTER,25174.4471715615
BUTTS-:-BUTTS COUNTY ADMIN BUILDING,SPALDING-:-20,14534.32794796856
BUTTS-:-BUTTS COUNTY ADMIN BUILDING,SPALDING-:-9,29161.561684593496
BUTTS-:-BUTTS COUNTY ADMIN BUILDING,HENRY-:-LOCUST GROVE,9989.915513917875
BUTTS-:-BUTTS COUNTY ADMIN BUILDING,MONROE-:-PROCTORS,22009.38978413309
BUTTS-:-BUTTS COUNTY ADMIN BUILDING,MONROE-:-HIGH FALLS,14714.2449025705
BUTTS-:-BUTTS COUNTY ADMIN BUILDING,MONROE-:-CABANISS,36638.42818477231
BUTTS-:-BUTTS COUNTY ADMIN BUILDING,JASPER-:-MARTIN & BURNEY,28950.94482742666
BUTTS-:-BUTTS COUNTY ADMIN BUILDING,NEWTON-:-06-BREWERS,42998.55448154249
BUTTS-:-BUTTS COUNTY ADMIN BUILDING,HENRY-:-TUSSAHAW,25846.79488043292
BUTTS-:-BUTTS COUNTY ADMIN BUILDING,HENRY-:-SANDY RIDGE,50637.88456528351
BUTTS-:-BUTTS COUNTY ADMIN BUILDING,HENRY-:-MT BETHEL,3679.0380727803868
BUTTS-:-BUTTS COUNTY ADMIN BUILDING,HENRY-:-GROVE PARK,31417.94840023603
BUTTS-:-BUTTS COUNTY ADMIN BUILDING,JASPER-:-MONTICELLO,64325.12299296399
CALHOUN-:-ARLINGTON,EARLY-:-ARLINGTON,10593.948897649165
CALHOUN-:-ARLINGTON,CALHOUN-:-EDISON-ARLINGTON,15829.378714102539
CALHOUN-:-ARLINGTON,CALHOUN-:-MORGAN,12265.509645457487
CALHOUN-:-EDISON,CALHOUN-:-EDISON-ARLINGTON,21236.16473756593
CALHOUN-:-EDISON,CALHOUN-:-MORGAN,11297.642475310638
CALHOUN-:-EDISON-ARLINGTON,EARLY-:-ARLINGTON,14586.08768628442
CALHOUN-:-EDISON-ARLINGTON,CALHOUN-:-MORGAN,68991.84241227797
CALHOUN-:-EDISON-ARLINGTON,EARLY-:-URQUHART,45094.92794188486
CALHOUN-:-EDISON-ARLINGTON,CLAY-:-BLUFFTON,67026.19866905017
CALHOUN-:-EDISON-ARLINGTON,RANDOLPH-:-CUTHBERT-COURTHOUSE,12314.300239405984
CALHOUN-:-LEARY,CALHOUN-:-MORGAN,76114.0882378315
CALHOUN-:-LEARY,RANDOLPH-:-SHELLMAN,45328.30274751849
CALHOUN-:-LEARY,DOUGHERTY-:-CHRIST CHURCH,48807.65771827183
CALHOUN-:-LEARY,DOUGHERTY-:-2ND MT. ZION CHURCH,30925.715579735283
CALHOUN-:-LEARY,TERRELL-:-HEROD-DOVER,30276.8257203604
CALHOUN-:-MORGAN,EARLY-:-ARLINGTON,22104.710808559503
CALHOUN-:-MORGAN,RANDOLPH-:-SHELLMAN,43349.94995007577
CALHOUN-:-MORGAN,RANDOLPH-:-CUTHBERT-COURTHOUSE,23961.04171963891
CAMDEN-:-EAST KINGSLAND,CAMDEN-:-HISTORIC KINGSLAND,29531.688347101073
CAMDEN-:-EAST KINGSLAND,CAMDEN-:-WEST SAINT MARYS,16022.791712252301
CAMDEN-:-EAST KINGSLAND,CAMDEN-:-ST. MARYS,48148.47367560783
CAMDEN-:-EAST KINGSLAND,CAMDEN-:-HARRIETTS BLUFF,38685.31947191085
CAMDEN-:-HARRIETTS BLUFF,CAMDEN-:-HISTORIC KINGSLAND,7560.948177837063
CAMDEN-:-HARRIETTS BLUFF,CAMDEN-:-WOODBINE,159399.26840429322
CAMDEN-:-HARRIETTS BLUFF,CAMDEN-:-ST. MARYS,1100.6647986361254
CAMDEN-:-HARRIETTS BLUFF,CAMDEN-:-NORTH ST. MARYS,116875.5835679324
CAMDEN-:-HISTORIC KINGSLAND,CAMDEN-:-WEST KINGSLAND,43194.62253275738
CAMDEN-:-HISTORIC KINGSLAND,CAMDEN-:-WOODBINE,62846.63696872635
CAMDEN-:-HISTORIC KINGSLAND,CAMDEN-:-WEST SAINT MARYS,5620.406050346601
CAMDEN-:-NORTH ST. MARYS,CAMDEN-:-WOODBINE,31830.498439374842
CAMDEN-:-NORTH ST. MARYS,CAMDEN-:-SOUTH ST. MARYS,37320.30819516153
CAMDEN-:-NORTH ST. MARYS,CAMDEN-:-WEST SAINT MARYS,7635.624537288448
CAMDEN-:-NORTH ST. MARYS,CAMDEN-:-ST. MARYS,81438.88241274054
CAMDEN-:-NORTH ST. MARYS,CAMDEN-:-WAVERLY,2958.132729103044
CAMDEN-:-NORTH ST. MARYS,GLYNN-:-JI,38875.77682635144
CAMDEN-:-SOUTH ST. MARYS,CAMDEN-:-WEST SAINT MARYS,11496.34100986349
CAMDEN-:-ST. MARYS,CAMDEN-:-WEST SAINT MARYS,10900.340092530192
CAMDEN-:-TARBORO,CHARLTON-:-FOLKSTON,28571.870972983066
CAMDEN-:-TARBORO,CAMDEN-:-WEST KINGSLAND,51477.60928716529
CAMDEN-:-TARBORO,CAMDEN-:-WOODBINE,98106.89757674967
CAMDEN-:-TARBORO,CHARLTON-:-WINOKUR,77408.689868294
CAMDEN-:-TARBORO,CAMDEN-:-WAVERLY,113885.7552673831
CAMDEN-:-TARBORO,GLYNN-:-MAR,18764.052348695022
CAMDEN-:-WAVERLY,CAMDEN-:-WOODBINE,84848.88287039175
CAMDEN-:-WAVERLY,GLYNN-:-JI,21341.023193157183
CAMDEN-:-WAVERLY,GLYNN-:-MAR,130247.4638364093
CAMDEN-:-WEST KINGSLAND,CHARLTON-:-FOLKSTON,29928.04981369261
CAMDEN-:-WEST KINGSLAND,CAMDEN-:-WOODBINE,63702.182279185516
CANDLER-:-JACK STRICKLAND COMMUNITY CENTER,EVANS-:-VETERAN'S COMMUNITY CENTER,17883.235944462456
CANDLER-:-JACK STRICKLAND COMMUNITY CENTER,TATTNALL-:-COLLINS,1423.239944213443
CANDLER-:-JACK STRICKLAND COMMUNITY CENTER,TATTNALL-:-COBBTOWN,64327.72984223065
CANDLER-:-JACK STRICKLAND COMMUNITY CENTER,EMANUEL-:-OAK PARK,23664.549042239207
CANDLER-:-JACK STRICKLAND COMMUNITY CENTER,EMANUEL-:-STILLMORE,46035.288715151015
CANDLER-:-JACK STRICKLAND COMMUNITY CENTER,EMANUEL-:-TWIN CITY,67484.98297134039
CARROLL-:-BETHANY,CARROLL-:-CLEM COMM CTR,26020.197088076548
CARROLL-:-BETHANY,CARROLL-:-MARS HILL,26759.628239542257
CARROLL-:-BETHANY,CARROLL-:-BONNER REC CTR,45045.60832508022
CARROLL-:-BETHANY,CARROLL-:-LAKESHORE REC CTR,78133.00323193987
CARROLL-:-BETHANY,CARROLL-:-CARROLL EMC,11533.53785051617
CARROLL-:-BETHANY,CARROLL-:-MIDWAY,31016.93099553251
CARROLL-:-BONNER REC CTR,CARROLL-:-CLEM COMM CTR,45104.97060561958
CARROLL-:-BONNER REC CTR,CARROLL-:-TABERNACLE,9925.471416883149
CARROLL-:-BONNER REC CTR,CARROLL-:-NEVA LOMASON,9338.551225981726
CARROLL-:-BONNER REC CTR,CARROLL-:-LAKESHORE REC CTR,2676.403071064144
CARROLL-:-BONNER REC CTR,CARROLL-:-CATHERINE HARDY,1003.4516078753248
CARROLL-:-BOWDEN SR CTR,CARROLL-:-TYUS,45614.61959954282
CARROLL-:-BOWDEN SR CTR,CARROLL-:-SHILOH,29320.136030583668
CARROLL-:-BOWDEN SR CTR,CARROLL-:-KANSAS,36812.30351477664
CARROLL-:-CARROLL EMC,CARROLL-:-LAKESHORE REC CTR,18633.480819916444
CARROLL-:-CARROLL EMC,CARROLL-:-CATHERINE HARDY,52245.735787690544
CARROLL-:-CARROLL EMC,CARROLL-:-MIDWAY,1476.5101623586274
CARROLL-:-CARROLL EMC,CARROLL-:-MOUNT HOLLY,9299.2984743258
CARROLL-:-CARROLL EMC,CARROLL-:-CENTER POINT,18113.08278168391
CARROLL-:-CATHERINE HARDY,CARROLL-:-TABERNACLE,707.0218632954088
CARROLL-:-CATHERINE HARDY,CARROLL-:-TOWNSEND CTR UWG,31968.0299499099
CARROLL-:-CATHERINE HARDY,CARROLL-:-SHILOH,4774.525529044211
CARROLL-:-CATHERINE HARDY,CARROLL-:-NEVA LOMASON,6705.819263136704
CARROLL-:-CATHERINE HARDY,CARROLL-:-LAKESHORE REC CTR,4794.25513596716
CARROLL-:-CATHERINE HARDY,CARROLL-:-MT ZION,23403.805365586482
CARROLL-:-CATHERINE HARDY,CARROLL-:-MOUNT HOLLY,11442.469537958914
CARROLL-:-CENTER POINT,CARROLL-:-MIDWAY,22602.21174610017
CARROLL-:-CENTER POINT,CARROLL-:-MOUNT HOLLY,34525.97090779981
CARROLL-:-CENTER POINT,CARROLL-:-TEMPLE CITY,11942.610973370181
CARROLL-:-CENTER POINT,HARALSON-:-BREMEN,17091.376910026273
CARROLL-:-CENTER POINT,CARROLL-:-TEMPLE COUNTY,14574.377734779038
CARROLL-:-CLEM COMM CTR,CARROLL-:-ROOPVILLE,34567.82964004156
CARROLL-:-CLEM COMM CTR,CARROLL-:-OAK GROVE,19193.894904052926
CARROLL-:-CLEM COMM CTR,CARROLL-:-TABERNACLE,14944.745021567367
CARROLL-:-CLEM COMM CTR,CARROLL-:-WHITESBURG REC DEPT,49507.97204374346
CARROLL-:-CLEM COMM CTR,CARROLL-:-MARS HILL,8991.683972399138
CARROLL-:-FAIRFIELD REC CTR,CARROLL-:-MARS HILL,31261.387393104185
CARROLL-:-FAIRFIELD REC CTR,DOUGLAS-:-EPHESUS BAPTIST CHURCH,6356.979155284085
CARROLL-:-FAIRFIELD REC CTR,CARROLL-:-VR SPORTS COMPLEX,11692.430401565225
CARROLL-:-FAIRFIELD REC CTR,CARROLL-:-MIDWAY,12833.236926242153
CARROLL-:-KANSAS,CARROLL-:-SHILOH,9220.384199448663
CARROLL-:-KANSAS,CARROLL-:-MT ZION,25926.08239704504
CARROLL-:-KANSAS,HARALSON-:-BUNCOMBE,28382.82303771295
CARROLL-:-LAKESHORE REC CTR,CARROLL-:-NEVA LOMASON,22687.40903160104
CARROLL-:-MARS HILL,CARROLL-:-WHITESBURG REC DEPT,29763.405681250766
CARROLL-:-MARS HILL,DOUGLAS-:-DOG RIVER LIBRARY,29616.382099565602
CARROLL-:-MARS HILL,DOUGLAS-:-EPHESUS BAPTIST CHURCH,1750.3683746426955
CARROLL-:-MARS HILL,CARROLL-:-MIDWAY,18225.630032654244
CARROLL-:-MIDWAY,CARROLL-:-VR SPORTS COMPLEX,47117.70083135266
CARROLL-:-MIDWAY,CARROLL-:-TEMPLE COUNTY,2144.0739001449624
CARROLL-:-MOUNT HOLLY,CARROLL-:-MT ZION,56298.18060835605
CARROLL-:-MOUNT HOLLY,HARALSON-:-BREMEN,23963.8438210476
CARROLL-:-MT ZION,CARROLL-:-SHILOH,26570.97950770609
CARROLL-:-MT ZION,HARALSON-:-BUNCOMBE,4211.745069029483
CARROLL-:-MT ZION,HARALSON-:-WACO,20625.478222277165
CARROLL-:-OAK GROVE,CARROLL-:-ROOPVILLE,32405.541018750948
CARROLL-:-OAK GROVE,CARROLL-:-OLD CAMP CHURCH,22274.738453276943
CARROLL-:-OAK GROVE,CARROLL-:-TABERNACLE,22561.890801056354
CARROLL-:-OAK GROVE,CARROLL-:-TOWNSEND CTR UWG,10605.493672994922
CARROLL-:-OLD CAMP CHURCH,CARROLL-:-ROOPVILLE,13780.327877781247
CARROLL-:-OLD CAMP CHURCH,CARROLL-:-TYUS,17332.66267240083
CARROLL-:-OLD CAMP CHURCH,CARROLL-:-TOWNSEND CTR UWG,31908.413802795454
CARROLL-:-OLD CAMP CHURCH,CARROLL-:-SHILOH,25299.083434755805
CARROLL-:-POWELL PARK REC CTR,CARROLL-:-VR SPORTS COMPLEX,98683.94240534579
CARROLL-:-POWELL PARK REC CTR,CARROLL-:-TEMPLE COUNTY,924.5437794230115
CARROLL-:-POWELL PARK REC CTR,DOUGLAS-:-MIRROR LAKE ELEMENTARY,18289.7441002068
CARROLL-:-POWELL PARK REC CTR,CARROLL-:-VR GOLD DUST PARK,54595.68489094616
CARROLL-:-ROOPVILLE,COWETA-:-WELCOME,21671.28222128952
CARROLL-:-ROOPVILLE,HEARD-:-CENTRALHATCHEE,55638.669052275
CARROLL-:-ROOPVILLE,CARROLL-:-TYUS,38815.250089148576
CARROLL-:-ROOPVILLE,CARROLL-:-WHITESBURG REC DEPT,16957.704396313886
CARROLL-:-SHILOH,CARROLL-:-TYUS,22490.546196571788
CARROLL-:-SHILOH,CARROLL-:-TOWNSEND CTR UWG,45141.80006894293
CARROLL-:-TABERNACLE,CARROLL-:-TOWNSEND CTR UWG,9183.292611359673
CARROLL-:-TEMPLE CITY,HARALSON-:-BREMEN,6093.890619210368
CARROLL-:-TEMPLE CITY,CARROLL-:-TEMPLE COUNTY,61873.77740101429
CARROLL-:-TEMPLE CITY,HARALSON-:-SEVENTH,11636.431428936517
CARROLL-:-TEMPLE COUNTY,CARROLL-:-VR SPORTS COMPLEX,29415.582877111032
CARROLL-:-TEMPLE COUNTY,HARALSON-:-SEVENTH,11253.296533255134
CARROLL-:-TEMPLE COUNTY,CARROLL-:-VR GOLD DUST PARK,33413.52397171039
CARROLL-:-TEMPLE COUNTY,PAULDING-:-CARL SCOGGINS MIDDLE SCHOOL,20522.082218685566
CARROLL-:-TEMPLE COUNTY,HARALSON-:-CORINTH,12948.693686893455
CARROLL-:-TYUS,HEARD-:-EPHESUS,29401.152894426028
CARROLL-:-VR GOLD DUST PARK,CARROLL-:-VR SPORTS COMPLEX,3164.4404222428007
CARROLL-:-VR GOLD DUST PARK,DOUGLAS-:-MIRROR LAKE ELEMENTARY,11544.497564574935
CARROLL-:-VR GOLD DUST PARK,PAULDING-:-CARL SCOGGINS MIDDLE SCHOOL,22536.184919338757
CARROLL-:-VR SPORTS COMPLEX,DOUGLAS-:-EPHESUS BAPTIST CHURCH,19304.602352571466
CARROLL-:-WHITESBURG REC DEPT,COWETA-:-WELCOME,17176.615958428814
CARROLL-:-WHITESBURG REC DEPT,COWETA-:-PANTHER CREEK,24637.517259258417
CARROLL-:-WHITESBURG REC DEPT,COWETA-:-MADRAS,15338.29061164232
CARROLL-:-WHITESBURG REC DEPT,FULTON-:-CH05,18023.337355698623
CARROLL-:-WHITESBURG REC DEPT,FULTON-:-CH03,18676.070923816995
CARROLL-:-WHITESBURG REC DEPT,DOUGLAS-:-DOG RIVER LIBRARY,25876.04599455207
CATOOSA-:-BLACKSTOCK,WHITFIELD-:-TR,25046.762941106757
CATOOSA-:-BLACKSTOCK,CATOOSA-:-WOODSTATION,25451.387372247107
CATOOSA-:-BLACKSTOCK,WHITFIELD-:-TH,43480.342554580384
CATOOSA-:-BLACKSTOCK,CATOOSA-:-POPLAR SPRINGS,8447.017102394611
CATOOSA-:-BLACKSTOCK,CATOOSA-:-CATOOSA KEITH,23499.56198748683
CATOOSA-:-BLACKSTOCK,CATOOSA-:-RINGGOLD,20237.960043706185
CATOOSA-:-BOYNTON,CATOOSA-:-CHAMBERS,14896.813158443862
CATOOSA-:-BOYNTON,CATOOSA-:-POPLAR SPRINGS,23196.097078436276
CATOOSA-:-BOYNTON,CATOOSA-:-FT OGLETHORPE,25179.951092058596
CATOOSA-:-BOYNTON,CATOOSA-:-RINGGOLD,16783.623113563383
CATOOSA-:-BOYNTON,CATOOSA-:-GRAYSVILLE,9397.579414124322
CATOOSA-:-BOYNTON,CATOOSA-:-WESTSIDE,20049.61077291027
CATOOSA-:-CATOOSA KEITH,WHITFIELD-:-TH,2067.1312270406256
CATOOSA-:-CATOOSA KEITH,WHITFIELD-:-VA,11974.67426215437
CATOOSA-:-CATOOSA KEITH,WHITFIELD-:-CO,27604.17570339296
CATOOSA-:-CATOOSA KEITH,CATOOSA-:-RINGGOLD,28933.114515009063
CATOOSA-:-CHAMBERS,WALKER-:-ROCK SPRING,24200.28053609543
CATOOSA-:-CHAMBERS,CATOOSA-:-WOODSTATION,24481.3094033623
CATOOSA-:-CHAMBERS,WALKER-:-CHICKAMAUGA,15520.66711112526
CATOOSA-:-CHAMBERS,CATOOSA-:-POPLAR SPRINGS,22244.019259436594
CATOOSA-:-CHAMBERS,CATOOSA-:-FT OGLETHORPE,14275.677303946319
CATOOSA-:-FT OGLETHORPE,WALKER-:-CHICKAMAUGA,9623.394588252466
CATOOSA-:-FT OGLETHORPE,WALKER-:-FAIRVIEW,10711.497696268834
CATOOSA-:-FT OGLETHORPE,CATOOSA-:-WESTSIDE,29054.624708391002
CATOOSA-:-FT OGLETHORPE,CATOOSA-:-LAKEVIEW,8403.807534702188
CATOOSA-:-GRAYSVILLE,CATOOSA-:-RINGGOLD,27715.903539200328
CATOOSA-:-GRAYSVILLE,CATOOSA-:-WESTSIDE,10112.820273851416
CATOOSA-:-LAKEVIEW,WALKER-:-FAIRVIEW,3344.4352705521355
CATOOSA-:-LAKEVIEW,WALKER-:-ROSSVILLE,6996.6740607928605
CATOOSA-:-LAKEVIEW,CATOOSA-:-WESTSIDE,13118.14631145428
CATOOSA-:-POPLAR SPRINGS,CATOOSA-:-WOODSTATION,19977.403727177443
CATOOSA-:-POPLAR SPRINGS,CATOOSA-:-RINGGOLD,25192.02439989457
CATOOSA-:-WOODSTATION,WHITFIELD-:-TR,19612.94247289543
CATOOSA-:-WOODSTATION,WALKER-:-ROCK SPRING,44949.131627773735
CHARLTON-:-FOLKSTON,CHARLTON-:-ST. GEORGE,54454.73521962992
CHARLTON-:-FOLKSTON,CHARLTON-:-HOMELAND,79498.85867147736
CHARLTON-:-FOLKSTON,CHARLTON-:-WINOKUR,45953.90089959904
CHARLTON-:-FOLKSTON,WARE-:-407 - MANOR COMMMUNITY CENTER,52829.672006560046
CHARLTON-:-FOLKSTON,CHARLTON-:-RACEPOND,54056.62770830974
CHARLTON-:-GA BEND,CHARLTON-:-ST. GEORGE,112630.81041637577
CHARLTON-:-HOMELAND,CHARLTON-:-WINOKUR,20037.805673566283
CHARLTON-:-HOMELAND,CHARLTON-:-RACEPOND,22930.439776388488
CHARLTON-:-RACEPOND,CHARLTON-:-WINOKUR,48455.17393172314
CHARLTON-:-RACEPOND,WARE-:-407 - MANOR COMMMUNITY CENTER,184877.7614971027
CHARLTON-:-RACEPOND,WARE-:-400 - SECOND BAPTIST CHURCH,66037.25554729358
CHARLTON-:-ST. GEORGE,WARE-:-407 - MANOR COMMMUNITY CENTER,31027.961745566314
CHATHAM-:-1-01C,CHATHAM-:-2-11C,1505.2537365025
CHATHAM-:-1-01C,CHATHAM-:-1-05C,5326.484114031426
CHATHAM-:-1-01C,CHATHAM-:-2-09C,2331.3975887134175
CHATHAM-:-1-01C,CHATHAM-:-5-03C,3766.236980162579
CHATHAM-:-1-01C,CHATHAM-:-2-05C,3599.855523846891
CHATHAM-:-1-01C,CHATHAM-:-2-12C,1842.9872466871616
CHATHAM-:-1-05C,CHATHAM-:-1-06C,5287.428549462761
CHATHAM-:-1-05C,CHATHAM-:-2-11C,5325.785620100092
CHATHAM-:-1-05C,CHATHAM-:-5-10C,4214.308647065908
CHATHAM-:-1-05C,CHATHAM-:-5-03C,981.6651902698923
CHATHAM-:-1-06C,CHATHAM-:-1-09C,5204.0125427784815
CHATHAM-:-1-06C,CHATHAM-:-1-08C,5476.816990568374
CHATHAM-:-1-06C,CHATHAM-:-5-06C,3682.05992393321
CHATHAM-:-1-06C,CHATHAM-:-5-10C,1835.4456011692748
CHATHAM-:-1-08C,CHATHAM-:-1-14C,1344.0035993080173
CHATHAM-:-1-08C,CHATHAM-:-1-13C,4784.295945411645
CHATHAM-:-1-08C,CHATHAM-:-6-06C,4122.112305909607
CHATHAM-:-1-08C,CHATHAM-:-1-09C,4148.857408435233
CHATHAM-:-1-08C,CHATHAM-:-3-14C,9183.231520187626
CHATHAM-:-1-08C,CHATHAM-:-3-11C,5236.137825526146
CHATHAM-:-1-08C,CHATHAM-:-3-09C,5761.818446255946
CHATHAM-:-1-08C,CHATHAM-:-2-11C,1828.974299561859
CHATHAM-:-1-09C,CHATHAM-:-6-01C,5808.849448007355
CHATHAM-:-1-09C,CHATHAM-:-6-06C,10311.95958597182
CHATHAM-:-1-09C,CHATHAM-:-5-11C,3504.390765373374
CHATHAM-:-1-09C,CHATHAM-:-5-06C,7996.537234428894
CHATHAM-:-1-10C,CHATHAM-:-4-13C,8198.05247055669
CHATHAM-:-1-10C,CHATHAM-:-4-14C,13162.073892394154
CHATHAM-:-1-10C,CHATHAM-:-1-16C,566.6472763121973
CHATHAM-:-1-10C,CHATHAM-:-1-14C,27974.2339073011
CHATHAM-:-1-10C,CHATHAM-:-1-12C,7618.427963762614
CHATHAM-:-1-12C,CHATHAM-:-4-12C,10521.852791349938
CHATHAM-:-1-12C,CHATHAM-:-4-14C,12403.860408939077
CHATHAM-:-1-12C,CHATHAM-:-3-13C,2883.953712925803
CHATHAM-:-1-12C,CHATHAM-:-3-12C,13436.504026434017
CHATHAM-:-1-12C,CHATHAM-:-1-17C,6242.701718317032
CHATHAM-:-1-13C,CHATHAM-:-1-16C,2215.99606785337
CHATHAM-:-1-13C,CHATHAM-:-1-14C,8369.22074451184
CHATHAM-:-1-13C,CHATHAM-:-6-01C,8647.044315011179
CHATHAM-:-1-13C,CHATHAM-:-6-06C,7793.138379207717
CHATHAM-:-1-14C,CHATHAM-:-1-16C,10828.242261369453
CHATHAM-:-1-14C,CHATHAM-:-3-14C,4447.224872834118
CHATHAM-:-1-14C,CHATHAM-:-3-13C,9998.593252866005
CHATHAM-:-1-16C,CHATHAM-:-4-13C,29315.913907201808
CHATHAM-:-1-16C,CHATHAM-:-6-02C,28333.817147704394
CHATHAM-:-1-16C,CHATHAM-:-6-01C,1453.7856636207628
CHATHAM-:-1-17C,CHATHAM-:-4-12C,3245.864635573838
CHATHAM-:-1-17C,CHATHAM-:-4-08C,6255.972932100234
CHATHAM-:-1-17C,CHATHAM-:-4-07C,4167.2029869246535
CHATHAM-:-1-17C,CHATHAM-:-3-12C,21573.98809399369
CHATHAM-:-1-17C,CHATHAM-:-4-02C,31058.158516191987
CHATHAM-:-1-17C,CHATHAM-:-3-03C,1948.4881141193498
CHATHAM-:-1-17C,CHATHAM-:-2-06C,4140.782799286282
CHATHAM-:-2-02C,CHATHAM-:-2-07C,5880.6408481331655
CHATHAM-:-2-02C,CHATHAM-:-2-03C,4712.413441176014
CHATHAM-:-2-02C,CHATHAM-:-3-02C,1694.7158524173717
CHATHAM-:-2-02C,CHATHAM-:-2-06C,1316.9940964212008
CHATHAM-:-2-02C,CHATHAM-:-8-01C,6611.711189691855
CHATHAM-:-2-03C,CHATHAM-:-2-04C,3578.4407180028816
CHATHAM-:-2-03C,CHATHAM-:-2-07C,1272.3124447117273
CHATHAM-:-2-03C,CHATHAM-:-8-02C,3646.565782616099
CHATHAM-:-2-03C,CHATHAM-:-3-02C,2821.17553096273
CHATHAM-:-2-04C,CHATHAM-:-2-09C,1650.5311696808735
CHATHAM-:-2-04C,CHATHAM-:-2-05C,6525.529537918921
CHATHAM-:-2-04C,CHATHAM-:-2-12C,269.954200138007
CHATHAM-:-2-04C,CHATHAM-:-2-07C,3089.3999135867684
CHATHAM-:-2-04C,CHATHAM-:-8-02C,1679.030374135542
CHATHAM-:-2-05C,CHATHAM-:-2-09C,5138.555458742566
CHATHAM-:-2-05C,CHATHAM-:-2-12C,2424.7421196039622
CHATHAM-:-2-06C,CHATHAM-:-FTPUL,12779.55419304232
CHATHAM-:-2-06C,CHATHAM-:-4-02C,9582.048648842028
CHATHAM-:-2-06C,CHATHAM-:-3-03C,27759.120921483245
CHATHAM-:-2-06C,CHATHAM-:-2-07C,3790.1794730245942
CHATHAM-:-2-06C,CHATHAM-:-8-01C,14467.062268387368
CHATHAM-:-2-07C,CHATHAM-:-3-05C,1369.393968911279
CHATHAM-:-2-07C,CHATHAM-:-2-09C,4724.530085630055
CHATHAM-:-2-07C,CHATHAM-:-3-03C,5862.656756749206
CHATHAM-:-2-07C,CHATHAM-:-3-04C,2055.7090735795723
CHATHAM-:-2-09C,CHATHAM-:-3-10C,7176.52480892304
CHATHAM-:-2-09C,CHATHAM-:-2-11C,5282.5214163938235
CHATHAM-:-2-09C,CHATHAM-:-3-05C,2848.108251330626
CHATHAM-:-2-11C,CHATHAM-:-3-09C,2609.61308371276
CHATHAM-:-2-11C,CHATHAM-:-3-10C,4216.162207828
CHATHAM-:-2-12C,CHATHAM-:-5-03C,1300.1409279573375
CHATHAM-:-2-12C,CHATHAM-:-8-06C,1206.0461342519618
CHATHAM-:-2-12C,CHATHAM-:-8-02C,3118.6507513919355
CHATHAM-:-2-12C,CHATHAM-:-8-05C,1599.7039672318792
CHATHAM-:-3-02C,CHATHAM-:-8-02C,1367.5612532905982
CHATHAM-:-3-02C,CHATHAM-:-8-05C,1498.9794119652345
CHATHAM-:-3-02C,CHATHAM-:-8-01C,4317.572485259365
CHATHAM-:-3-03C,CHATHAM-:-3-12C,10058.067604205382
CHATHAM-:-3-03C,CHATHAM-:-3-05C,2291.7684842036515
CHATHAM-:-3-03C,CHATHAM-:-3-04C,8900.079010321575
CHATHAM-:-3-04C,CHATHAM-:-3-05C,3548.777212228946
CHATHAM-:-3-05C,CHATHAM-:-3-12C,5833.2398266136715
CHATHAM-:-3-05C,CHATHAM-:-3-10C,1324.2150224811999
CHATHAM-:-3-09C,CHATHAM-:-3-11C,2082.312586534609
CHATHAM-:-3-09C,CHATHAM-:-3-10C,8805.29767773073
CHATHAM-:-3-10C,CHATHAM-:-3-14C,899.4023232224151
CHATHAM-:-3-10C,CHATHAM-:-3-13C,4085.882814986706
CHATHAM-:-3-10C,CHATHAM-:-3-11C,1817.1791346488399
CHATHAM-:-3-10C,CHATHAM-:-3-12C,5877.865333939117
CHATHAM-:-3-11C,CHATHAM-:-3-14C,9699.114510355266
CHATHAM-:-3-12C,CHATHAM-:-3-13C,18437.02212058722
CHATHAM-:-3-13C,CHATHAM-:-3-14C,16845.59461077487
CHATHAM-:-4-02C,CHATHAM-:-4-04C,16011.344666510242
CHATHAM-:-4-02C,CHATHAM-:-FTPUL,18307.21742772266
CHATHAM-:-4-04C,CHATHAM-:-4-06C,3936.963904076401
CHATHAM-:-4-04C,CHATHAM-:-4-07C,6106.305734847656
CHATHAM-:-4-04C,CHATHAM-:-4-05C,5060.823569488272
CHATHAM-:-4-04C,CHATHAM-:-FTPUL,4465.283135679885
CHATHAM-:-4-05C,CHATHAM-:-4-06C,15920.008461660873
CHATHAM-:-4-05C,CHATHAM-:-FTPUL,8883.346324928549
CHATHAM-:-4-06C,CHATHAM-:-4-10C,26012.122375886043
CHATHAM-:-4-06C,CHATHAM-:-4-07C,23624.68345308931
CHATHAM-:-4-06C,CHATHAM-:-FTPUL,13177.180571343326
CHATHAM-:-4-07C,CHATHAM-:-4-10C,3330.988310492653
CHATHAM-:-4-07C,CHATHAM-:-4-08C,24233.563267447713
CHATHAM-:-4-08C,CHATHAM-:-4-12C,13089.458683806164
CHATHAM-:-4-08C,CHATHAM-:-4-10C,12235.547458944264
CHATHAM-:-4-10C,CHATHAM-:-4-12C,56836.240006443055
CHATHAM-:-4-10C,CHATHAM-:-4-11C,36389.19270504856
CHATHAM-:-4-10C,CHATHAM-:-FTPUL,54876.275974498916
CHATHAM-:-4-12C,CHATHAM-:-6-10C,41853.9682252196
CHATHAM-:-4-12C,CHATHAM-:-4-13C,3978.6707524588373
CHATHAM-:-4-12C,CHATHAM-:-4-14C,98575.74809812913
CHATHAM-:-4-13C,CHATHAM-:-6-10C,17393.2579599343
CHATHAM-:-4-13C,CHATHAM-:-4-14C,42666.77835872651
CHATHAM-:-4-13C,CHATHAM-:-6-02C,12525.563267293743
CHATHAM-:-5-03C,CHATHAM-:-5-10C,4331.267676279687
CHATHAM-:-5-03C,CHATHAM-:-5-05C,1921.9075419742185
CHATHAM-:-5-03C,CHATHAM-:-8-12C,2578.7259364501556
CHATHAM-:-5-03C,CHATHAM-:-8-06C,2804.1980368404447
CHATHAM-:-5-05C,CHATHAM-:-5-06C,9205.081009941072
CHATHAM-:-5-05C,CHATHAM-:-5-10C,8413.063778556781
CHATHAM-:-5-05C,CHATHAM-:-8-12C,8015.110178150602
CHATHAM-:-5-06C,CHATHAM-:-6-09C,1564.4417847814748
CHATHAM-:-5-06C,CHATHAM-:-6-08C,12317.014139725663
CHATHAM-:-5-06C,CHATHAM-:-5-11C,8351.118432417987
CHATHAM-:-5-06C,CHATHAM-:-7-10C,9053.629307643916
CHATHAM-:-5-06C,CHATHAM-:-5-10C,10123.53633780366
CHATHAM-:-5-06C,CHATHAM-:-8-03C,28904.767531173762
CHATHAM-:-5-06C,CHATHAM-:-8-12C,4530.4619006245875
CHATHAM-:-5-07C,CHATHAM-:-6-09C,5231.95270691163
CHATHAM-:-5-07C,CHATHAM-:-6-05C,5621.811413139904
CHATHAM-:-5-07C,CHATHAM-:-6-01C,2516.1751077415774
CHATHAM-:-5-07C,CHATHAM-:-6-08C,3809.0080897925104
CHATHAM-:-5-07C,CHATHAM-:-5-08C,9232.788171805752
CHATHAM-:-5-08C,CHATHAM-:-6-01C,2042.337891790335
CHATHAM-:-5-08C,CHATHAM-:-6-08C,3207.879707171591
CHATHAM-:-5-08C,CHATHAM-:-5-11C,7201.390679966427
CHATHAM-:-5-11C,CHATHAM-:-6-01C,2438.5445650337533
CHATHAM-:-5-11C,CHATHAM-:-6-08C,633.6599717366377
CHATHAM-:-6-01C,CHATHAM-:-6-02C,9589.92323466036
CHATHAM-:-6-01C,CHATHAM-:-6-05C,1192.9633802704425
CHATHAM-:-6-01C,CHATHAM-:-6-06C,2488.9599411662293
CHATHAM-:-6-02C,CHATHAM-:-6-10C,35837.396693221766
CHATHAM-:-6-02C,CHATHAM-:-6-03C,17862.049555912497
CHATHAM-:-6-02C,CHATHAM-:-6-05C,801.9505854725552
CHATHAM-:-6-03C,CHATHAM-:-6-10C,830.8805021542984
CHATHAM-:-6-03C,CHATHAM-:-6-09C,14683.081150173795
CHATHAM-:-6-03C,CHATHAM-:-6-05C,13051.281378272086
CHATHAM-:-6-05C,CHATHAM-:-6-09C,6638.726382488886
CHATHAM-:-6-08C,CHATHAM-:-6-09C,4086.294615365546
CHATHAM-:-6-09C,CHATHAM-:-6-10C,20717.119672265268
CHATHAM-:-6-10C,LIBERTY-:-LIBERTY CO COMPLEX,4195.998559497045
CHATHAM-:-6-10C,CHATHAM-:-6-11C,25491.29071061077
CHATHAM-:-6-10C,CHATHAM-:-7-10C,10801.334205600713
CHATHAM-:-6-11C,CHATHAM-:-7-10C,10973.047505721752
CHATHAM-:-6-11C,CHATHAM-:-7-09C,23912.997083122085
CHATHAM-:-6-11C,CHATHAM-:-7-08C,2744.349421908796
CHATHAM-:-7-01C,CHATHAM-:-7-05C,5878.011833193032
CHATHAM-:-7-01C,CHATHAM-:-8-15C,11747.38222873114
CHATHAM-:-7-01C,CHATHAM-:-8-18C,4576.117091194823
CHATHAM-:-7-01C,CHATHAM-:-7-03C,17200.518146556715
CHATHAM-:-7-03C,CHATHAM-:-8-15C,3185.294844497344
CHATHAM-:-7-03C,CHATHAM-:-8-08C,8784.408677310208
CHATHAM-:-7-03C,CHATHAM-:-8-18C,31349.599403677166
CHATHAM-:-7-03C,CHATHAM-:-7-04C,29606.938861153794
CHATHAM-:-7-04C,CHATHAM-:-8-08C,7828.833691953067
CHATHAM-:-7-04C,CHATHAM-:-7-11C,35192.81133142149
CHATHAM-:-7-04C,EFFINGHAM-:-2A,9648.738488592553
CHATHAM-:-7-04C,CHATHAM-:-7-15C,37209.783723267916
CHATHAM-:-7-04C,EFFINGHAM-:-5D,2214.963449451229
CHATHAM-:-7-05C,CHATHAM-:-8-03C,16213.828596968833
CHATHAM-:-7-05C,CHATHAM-:-7-06C,6742.256286248454
CHATHAM-:-7-05C,CHATHAM-:-8-15C,6671.516093410772
CHATHAM-:-7-05C,CHATHAM-:-8-08C,2091.543349524439
CHATHAM-:-7-05C,CHATHAM-:-7-07C,2145.9826111015727
CHATHAM-:-7-05C,CHATHAM-:-8-18C,9371.137075307766
CHATHAM-:-7-06C,CHATHAM-:-8-03C,4979.535437580011
CHATHAM-:-7-06C,CHATHAM-:-7-13C,11341.28623906733
CHATHAM-:-7-06C,CHATHAM-:-7-12C,22567.307711660524
CHATHAM-:-7-06C,CHATHAM-:-7-08C,21248.929594597394
CHATHAM-:-7-06C,CHATHAM-:-7-07C,30594.510917563843
CHATHAM-:-7-07C,CHATHAM-:-7-08C,23351.877550940815
CHATHAM-:-7-07C,CHATHAM-:-8-18C,29241.310867421336
CHATHAM-:-7-07C,CHATHAM-:-7-11C,918.0843474868204
CHATHAM-:-7-07C,CHATHAM-:-8-16C,20597.994621479367
CHATHAM-:-7-08C,CHATHAM-:-7-09C,13354.11759320706
CHATHAM-:-7-08C,CHATHAM-:-7-17C,26507.098308405057
CHATHAM-:-7-08C,CHATHAM-:-7-16C,269.19363307541613
CHATHAM-:-7-08C,CHATHAM-:-7-12C,5078.035800158656
CHATHAM-:-7-08C,EFFINGHAM-:-1C,25830.529631060577
CHATHAM-:-7-08C,CHATHAM-:-7-11C,4077.038141066134
CHATHAM-:-7-08C,CHATHAM-:-8-16C,1273.1195546467684
CHATHAM-:-7-08C,EFFINGHAM-:-1D,13193.692016656309
CHATHAM-:-7-09C,CHATHAM-:-7-10C,7093.559798851191
CHATHAM-:-7-09C,CHATHAM-:-7-14C,13667.22869483653
CHATHAM-:-7-09C,CHATHAM-:-7-17C,15426.736164632654
CHATHAM-:-7-10C,CHATHAM-:-7-14C,12567.096970961526
CHATHAM-:-7-10C,CHATHAM-:-8-03C,21353.756309948138
CHATHAM-:-7-11C,CHATHAM-:-8-18C,13954.202218569802
CHATHAM-:-7-11C,CHATHAM-:-8-16C,8729.38764218974
CHATHAM-:-7-11C,EFFINGHAM-:-1D,4394.425600726365
CHATHAM-:-7-11C,CHATHAM-:-8-17C,27986.68680648919
CHATHAM-:-7-11C,EFFINGHAM-:-2A,2984.2379240952146
CHATHAM-:-7-12C,CHATHAM-:-7-13C,2115.1471583649195
CHATHAM-:-7-12C,CHATHAM-:-7-17C,8363.79317055301
CHATHAM-:-7-12C,CHATHAM-:-7-16C,11226.547154199925
CHATHAM-:-7-13C,CHATHAM-:-7-14C,31092.40760319487
CHATHAM-:-7-13C,CHATHAM-:-8-03C,9071.33726920043
CHATHAM-:-7-13C,CHATHAM-:-7-16C,5116.919786718927
CHATHAM-:-7-14C,CHATHAM-:-8-03C,3801.784349505998
CHATHAM-:-7-14C,CHATHAM-:-7-16C,7757.35317868502
CHATHAM-:-7-15C,EFFINGHAM-:-2D,1756.0505161354772
CHATHAM-:-7-15C,EFFINGHAM-:-2B,21774.02839551758
CHATHAM-:-7-15C,EFFINGHAM-:-5D,14207.545075760452
CHATHAM-:-7-16C,CHATHAM-:-7-17C,17123.48096341463
CHATHAM-:-8-01C,CHATHAM-:-8-05C,2648.8755437132318
CHATHAM-:-8-01C,CHATHAM-:-8-10C,5709.644563923749
CHATHAM-:-8-01C,CHATHAM-:-8-09C,2555.8281846245845
CHATHAM-:-8-01C,CHATHAM-:-8-08C,17023.755780665302
CHATHAM-:-8-02C,CHATHAM-:-8-05C,3594.108621724465
CHATHAM-:-8-03C,CHATHAM-:-8-12C,31078.557926896883
CHATHAM-:-8-03C,CHATHAM-:-8-10C,3605.9883452309573
CHATHAM-:-8-03C,CHATHAM-:-8-08C,6690.739523806863
CHATHAM-:-8-05C,CHATHAM-:-8-06C,8908.589636261697
CHATHAM-:-8-06C,CHATHAM-:-8-12C,7456.047211048964
CHATHAM-:-8-06C,CHATHAM-:-8-10C,3277.359478073477
CHATHAM-:-8-08C,CHATHAM-:-8-10C,3367.054003443811
CHATHAM-:-8-08C,CHATHAM-:-8-09C,8024.101891748912
CHATHAM-:-8-08C,CHATHAM-:-8-15C,19037.75109007965
CHATHAM-:-8-09C,CHATHAM-:-8-10C,3298.312104907946
CHATHAM-:-8-10C,CHATHAM-:-8-11C,5680.641096016034
CHATHAM-:-8-11C,CHATHAM-:-8-12C,11091.768713020254
CHATHAM-:-8-16C,CHATHAM-:-8-18C,18549.2456799232
CHATHAM-:-8-16C,CHATHAM-:-8-17C,9546.059592717475
CHATHAM-:-8-17C,CHATHAM-:-8-18C,5728.59933878699
CHATTAHOOCHEE-:-FTBEN1,CHATTAHOOCHEE-:-ROBINSON RECREATION CENTER,62314.65960942306
CHATTAHOOCHEE-:-FTBEN1,CHATTAHOOCHEE-:-FTBEN2,45394.47372380546
CHATTAHOOCHEE-:-FTBEN1,MUSCOGEE-:-OUR LADY OF LOURDES,115904.46695251667
CHATTAHOOCHEE-:-FTBEN1,MARION-:-BUENA VISTA,10085.480252587846
CHATTAHOOCHEE-:-FTBEN1,MARION-:-BRANTLEY,36329.824344317414
CHATTAHOOCHEE-:-FTBEN1,MARION-:-PINEKNOT,41761.89545031826
CHATTAHOOCHEE-:-FTBEN1,TALBOT-:-BOX SPRINGS,24130.125060055565
CHATTAHOOCHEE-:-FTBEN2,CHATTAHOOCHEE-:-ROBINSON RECREATION CENTER,59502.67611295686
CHATTAHOOCHEE-:-FTBEN2,CHATTAHOOCHEE-:-FTBEN3,29805.410268823616
CHATTAHOOCHEE-:-FTBEN2,MUSCOGEE-:-OUR LADY OF LOURDES,28052.16538622371
CHATTAHOOCHEE-:-FTBEN3,MUSCOGEE-:-OUR LADY OF LOURDES,8318.391646546195
CHATTAHOOCHEE-:-ROBINSON RECREATION CENTER,STEWART-:-RICHLAND,27553.341226666438
CHATTAHOOCHEE-:-ROBINSON RECREATION CENTER,STEWART-:-LOUVALE,61394.961017355825
CHATTAHOOCHEE-:-ROBINSON RECREATION CENTER,MARION-:-BUENA VISTA,28011.863507980746
CHATTOOGA-:-DIRTTOWN,CHATTOOGA-:-LYERLY,39421.04803932698
CHATTOOGA-:-DIRTTOWN,FLOYD-:-NEW ARMUCHEE,19774.922060510336
CHATTOOGA-:-DIRTTOWN,CHATTOOGA-:-SUMMERVILLE,33360.799279605235
CHATTOOGA-:-DIRTTOWN,CHATTOOGA-:-HAYWOOD,23513.169941149812
CHATTOOGA-:-DIRTTOWN,CHATTOOGA-:-SUBLIGNA,39988.8646518666
CHATTOOGA-:-DIRTTOWN,CHATTOOGA-:-TRION,10800.892253139198
CHATTOOGA-:-HAYWOOD,FLOYD-:-FLOYD SPRINGS,23231.436125144577
CHATTOOGA-:-HAYWOOD,FLOYD-:-EVERETT SPRINGS,18086.17087449651
CHATTOOGA-:-HAYWOOD,CHATTOOGA-:-SUBLIGNA,25047.858337837486
CHATTOOGA-:-LYERLY,FLOYD-:-COOSA (N. CAROLINA),53303.68577322566
CHATTOOGA-:-LYERLY,FLOYD-:-NEW ARMUCHEE,41372.22230935622
CHATTOOGA-:-LYERLY,CHATTOOGA-:-SUMMERVILLE,81864.88251363821
CHATTOOGA-:-LYERLY,CHATTOOGA-:-MENLO,29364.3664037734
CHATTOOGA-:-MENLO,CHATTOOGA-:-SUMMERVILLE,50502.67518538346
CHATTOOGA-:-MENLO,CHATTOOGA-:-TRION,83005.00378216269
CHATTOOGA-:-MENLO,WALKER-:-KENSINGTON,8615.248972959304
CHATTOOGA-:-MENLO,WALKER-:-MOUNTAIN,26694.648832463892
CHATTOOGA-:-SUBLIGNA,FLOYD-:-EVERETT SPRINGS,25435.297267254413
CHATTOOGA-:-SUBLIGNA,CHATTOOGA-:-TRION,23529.75050528032
CHATTOOGA-:-SUBLIGNA,WALKER-:-ARMUCHEE VALLEY,40491.88773556106
CHATTOOGA-:-SUMMERVILLE,CHATTOOGA-:-TRION,72014.2396585528
CHATTOOGA-:-TRION,WALKER-:-WALNUT GROVE,55584.29587088578
CHATTOOGA-:-TRION,WALKER-:-ARMUCHEE VALLEY,428.98983026262533
CHEROKEE-:-AIR ACRES,CHEROKEE-:-LITTLE RIVER,8825.782825900182
CHEROKEE-:-AIR ACRES,CHEROKEE-:-WOODLANDS,12535.195153401673
CHEROKEE-:-AIR ACRES,CHEROKEE-:-LICKSKILLET,8615.421701258105
CHEROKEE-:-AIR ACRES,CHEROKEE-:-ARNOLD MILL,23358.832027965043
CHEROKEE-:-AIRPORT,CHEROKEE-:-HICKORY LOG,37156.38600372354
CHEROKEE-:-AIRPORT,CHEROKEE-:-CANTON,3797.2207516498324
CHEROKEE-:-AIRPORT,CHEROKEE-:-R M MOORE,51205.85810481277
CHEROKEE-:-AIRPORT,PICKENS-:-TATE,12240.222507617562
CHEROKEE-:-AIRPORT,CHEROKEE-:-HIGHTOWER,36537.00055312571
CHEROKEE-:-AIRPORT,CHEROKEE-:-BALL GROUND,65666.04148886581
CHEROKEE-:-AIRPORT,PICKENS-:-NELSON,6122.523407032604
CHEROKEE-:-AIRPORT,CHEROKEE-:-UNIVETER,24926.7276916409
CHEROKEE-:-ARNOLD MILL,CHEROKEE-:-LITTLE RIVER,4494.689930675997
CHEROKEE-:-ARNOLD MILL,CHEROKEE-:-LICKSKILLET,6866.8883798270845
CHEROKEE-:-ARNOLD MILL,FULTON-:-RW09A,12394.630360008421
CHEROKEE-:-ARNOLD MILL,CHEROKEE-:-MOUNTAIN ROAD,19227.768262037436
CHEROKEE-:-ARNOLD MILL,CHEROKEE-:-BRADSHAW,6274.9125407990805
CHEROKEE-:-ARNOLD MILL,CHEROKEE-:-TOONIGH,24050.877697242082
CHEROKEE-:-AVERY,CHEROKEE-:-MOUNTAIN ROAD,9418.693669089369
CHEROKEE-:-AVERY,CHEROKEE-:-HICKORY FLAT,24792.493107594317
CHEROKEE-:-AVERY,CHEROKEE-:-UNION HILL,21811.447381789327
CHEROKEE-:-AVERY,CHEROKEE-:-MACEDONIA,4948.890559399726
CHEROKEE-:-AVERY,FULTON-:-ML02A,14735.26550213226
CHEROKEE-:-AVERY,CHEROKEE-:-UNIVETER,18275.749899289614
CHEROKEE-:-BALL GROUND,CHEROKEE-:-HIGHTOWER,28889.166364010805
CHEROKEE-:-BALL GROUND,PICKENS-:-NELSON,24819.221277780838
CHEROKEE-:-BALL GROUND,CHEROKEE-:-CONNS CREEK,34061.09607603824
CHEROKEE-:-BALL GROUND,PICKENS-:-YELLOW CREEK,2905.39088514385
CHEROKEE-:-BASCOMB,CHEROKEE-:-VICTORIA,21528.634651613393
CHEROKEE-:-BASCOMB,CHEROKEE-:-SUTALLEE,22369.102359738048
CHEROKEE-:-BASCOMB,CHEROKEE-:-ROSECREEK,3015.7919157602223
CHEROKEE-:-BASCOMB,CHEROKEE-:-HILLSIDE,10214.838935664373
CHEROKEE-:-BASCOMB,CHEROKEE-:-SIXES,4156.134560369491
CHEROKEE-:-BASCOMB,CHEROKEE-:-BRIDGEMILL,8009.159658958202
CHEROKEE-:-BELLS,CHEROKEE-:-CLARK CREEK,11959.28069266761
CHEROKEE-:-BELLS,CHEROKEE-:-OAK GROVE,21636.667728255572
CHEROKEE-:-BELLS,CHEROKEE-:-VICTORIA,6759.568123746776
CHEROKEE-:-BELLS,CHEROKEE-:-CARMEL,9763.057382631749
CHEROKEE-:-BELLS,CHEROKEE-:-ROSECREEK,3212.403699292107
CHEROKEE-:-BOOTH,CHEROKEE-:-CARMEL,1777.2840367083995
CHEROKEE-:-BOOTH,CHEROKEE-:-DIXIE,4733.233073344652
CHEROKEE-:-BOOTH,CHEROKEE-:-WOODSTOCK,3745.7447618947435
CHEROKEE-:-BOOTH,CHEROKEE-:-DEER RUN,16128.81255059982
CHEROKEE-:-BOOTH,CHEROKEE-:-ROSECREEK,12368.07952403623
CHEROKEE-:-BOOTH,CHEROKEE-:-HILLSIDE,11197.898610744678
CHEROKEE-:-BOOTH,CHEROKEE-:-SIXES,7636.828728016936
CHEROKEE-:-BRADSHAW,CHEROKEE-:-MOUNTAIN ROAD,2502.357303107558
CHEROKEE-:-BRADSHAW,CHEROKEE-:-HICKORY FLAT,27546.306916702033
CHEROKEE-:-BRADSHAW,CHEROKEE-:-TOONIGH,5830.3490584993315
CHEROKEE-:-BRADSHAW,CHEROKEE-:-WILDCAT,15677.098244860481
CHEROKEE-:-BRIDGEMILL,CHEROKEE-:-SUTALLEE,12055.376510994975
CHEROKEE-:-BRIDGEMILL,CHEROKEE-:-SIXES,18941.57846842935
CHEROKEE-:-BRIDGEMILL,CHEROKEE-:-LIBERTY,9499.530545139358
CHEROKEE-:-BRIDGEMILL,CHEROKEE-:-RIVER GREEN,13503.1842611649
CHEROKEE-:-CANTON,CHEROKEE-:-RIVER GREEN,17705.587950806716
CHEROKEE-:-CANTON,CHEROKEE-:-HICKORY LOG,14945.445423612575
CHEROKEE-:-CANTON,CHEROKEE-:-UNIVETER,43997.417054733334
CHEROKEE-:-CARMEL,CHEROKEE-:-CLARK CREEK,4590.688039042115
CHEROKEE-:-CARMEL,COBB-:-BELLS FERRY 04,9932.155321525051
CHEROKEE-:-CARMEL,CHEROKEE-:-DIXIE,34501.687492746125
CHEROKEE-:-CARMEL,CHEROKEE-:-WOODSTOCK,3778.9546075538265
CHEROKEE-:-CARMEL,CHEROKEE-:-ROSECREEK,4480.86637499189
CHEROKEE-:-CLARK CREEK,COBB-:-ACWORTH 1C,1670.1638582977093
CHEROKEE-:-CLARK CREEK,COBB-:-NORTH COBB 01,768.082139549148
CHEROKEE-:-CLARK CREEK,COBB-:-BAKER 01,4064.59083760648
CHEROKEE-:-CLARK CREEK,COBB-:-ACWORTH 1B,4135.01213786562
CHEROKEE-:-CLARK CREEK,COBB-:-PITNER 01,5050.430319200263
CHEROKEE-:-CLARK CREEK,COBB-:-WADE GREEN 02,10650.083794737646
CHEROKEE-:-CLARK CREEK,COBB-:-WADE GREEN 01,3403.4091843750693
CHEROKEE-:-CLARK CREEK,CHEROKEE-:-OAK GROVE,15277.394005657783
CHEROKEE-:-CONNS CREEK,DAWSON-:-WEST,16748.96696692997
CHEROKEE-:-CONNS CREEK,FORSYTH-:-51 MATT,13042.531679263488
CHEROKEE-:-CONNS CREEK,CHEROKEE-:-HIGHTOWER,34830.937398904236
CHEROKEE-:-CONNS CREEK,PICKENS-:-YELLOW CREEK,24223.09748451012
CHEROKEE-:-DEER RUN,CHEROKEE-:-DIXIE,5768.150865092816
CHEROKEE-:-DEER RUN,CHEROKEE-:-WOODSTOCK,8677.307832093888
CHEROKEE-:-DIXIE,CHEROKEE-:-WOODSTOCK,6397.09388765463
CHEROKEE-:-FREE HOME,FORSYTH-:-41 GRASSLAND,5635.690421033646
CHEROKEE-:-FREE HOME,FULTON-:-ML07B,7023.295206755727
CHEROKEE-:-FREE HOME,FORSYTH-:-10 MIDWAY,6900.444994368133
CHEROKEE-:-FREE HOME,FORSYTH-:-40 WEST FORSYTH,17616.07629641317
CHEROKEE-:-FREE HOME,FORSYTH-:-15 HEARDSVILLE,9586.609538949513
CHEROKEE-:-FREE HOME,CHEROKEE-:-UNION HILL,23434.71568109292
CHEROKEE-:-FREE HOME,CHEROKEE-:-MACEDONIA,13576.099374494868
CHEROKEE-:-FREE HOME,CHEROKEE-:-HIGHTOWER,26619.51012457193
CHEROKEE-:-FREE HOME,FULTON-:-ML02A,5406.106604498526
CHEROKEE-:-FREE HOME,FULTON-:-ML07A,5276.199642695127
CHEROKEE-:-HICKORY FLAT,CHEROKEE-:-MOUNTAIN ROAD,21305.4148649696
CHEROKEE-:-HICKORY FLAT,CHEROKEE-:-WILDCAT,5432.444031341677
CHEROKEE-:-HICKORY FLAT,CHEROKEE-:-HOLLY SPRINGS,4116.461418967333
CHEROKEE-:-HICKORY FLAT,CHEROKEE-:-UNIVETER,15957.762342097378
CHEROKEE-:-HICKORY LOG,CHEROKEE-:-SUTALLEE,42279.702530941955
CHEROKEE-:-HICKORY LOG,CHEROKEE-:-WALESKA,15583.257401584726
CHEROKEE-:-HICKORY LOG,CHEROKEE-:-RIVER GREEN,33330.654080772474
CHEROKEE-:-HICKORY LOG,CHEROKEE-:-R M MOORE,23722.634647064897
CHEROKEE-:-HIGHTOWER,FORSYTH-:-51 MATT,1548.5659616916346
CHEROKEE-:-HIGHTOWER,CHEROKEE-:-MACEDONIA,26563.947093558636
CHEROKEE-:-HIGHTOWER,CHEROKEE-:-UNIVETER,12142.34308667057
CHEROKEE-:-HILLSIDE,CHEROKEE-:-ROSECREEK,5536.9160403234055
CHEROKEE-:-HILLSIDE,CHEROKEE-:-SIXES,15151.613561132808
CHEROKEE-:-HOLLY SPRINGS,CHEROKEE-:-LIBERTY,18678.008446961478
CHEROKEE-:-HOLLY SPRINGS,CHEROKEE-:-RIVER GREEN,2696.958471163805
CHEROKEE-:-HOLLY SPRINGS,CHEROKEE-:-TOONIGH,10396.976608106283
CHEROKEE-:-HOLLY SPRINGS,CHEROKEE-:-WILDCAT,14292.611479133417
CHEROKEE-:-HOLLY SPRINGS,CHEROKEE-:-UNIVETER,4320.158230233951
CHEROKEE-:-LIBERTY,CHEROKEE-:-SIXES,20525.54102731536
CHEROKEE-:-LIBERTY,CHEROKEE-:-RIVER GREEN,11922.411684909035
CHEROKEE-:-LIBERTY,CHEROKEE-:-TOONIGH,1256.019315299724
CHEROKEE-:-LICKSKILLET,COBB-:-NICHOLSON 01,7669.203736185863
CHEROKEE-:-LICKSKILLET,COBB-:-KELL 01,6053.500419347562
CHEROKEE-:-LICKSKILLET,CHEROKEE-:-LITTLE RIVER,11292.548784204731
CHEROKEE-:-LICKSKILLET,CHEROKEE-:-WOODLANDS,1748.4560181981212
CHEROKEE-:-LICKSKILLET,CHEROKEE-:-WOODSTOCK,20562.288797026256
CHEROKEE-:-LITTLE RIVER,COBB-:-POST OAK 01,12613.906799701686
CHEROKEE-:-LITTLE RIVER,COBB-:-DAVIS 01,7355.3556852790625
CHEROKEE-:-LITTLE RIVER,CHEROKEE-:-WOODLANDS,16481.436741960744
CHEROKEE-:-LITTLE RIVER,FULTON-:-RW09,1872.0928897247863
CHEROKEE-:-LITTLE RIVER,FULTON-:-MP01,4031.646414478198
CHEROKEE-:-LITTLE RIVER,FULTON-:-RW09A,7102.038254064171
CHEROKEE-:-MACEDONIA,CHEROKEE-:-UNION HILL,27794.787289871514
CHEROKEE-:-MACEDONIA,CHEROKEE-:-UNIVETER,11690.538861689198
CHEROKEE-:-MOUNTAIN ROAD,FULTON-:-ML01B,3211.075064740451
CHEROKEE-:-MOUNTAIN ROAD,FULTON-:-ML02A,10986.638761055354
CHEROKEE-:-OAK GROVE,CHEROKEE-:-VICTORIA,10471.238718499724
CHEROKEE-:-OAK GROVE,CHEROKEE-:-SUTALLEE,10032.453812670821
CHEROKEE-:-R M MOORE,CHEROKEE-:-WALESKA,30631.510674940633
CHEROKEE-:-R M MOORE,CHEROKEE-:-SALACOA,46391.28287870825
CHEROKEE-:-R M MOORE,PICKENS-:-TATE,22828.457274447705
CHEROKEE-:-RIVER GREEN,CHEROKEE-:-SUTALLEE,26640.48279111515
CHEROKEE-:-RIVER GREEN,CHEROKEE-:-UNIVETER,19439.111609309977
CHEROKEE-:-ROSECREEK,CHEROKEE-:-VICTORIA,3270.1093412095174
CHEROKEE-:-SALACOA,CHEROKEE-:-WALESKA,21789.811108316517
CHEROKEE-:-SALACOA,PICKENS-:-JERUSALEM,30870.00622560757
CHEROKEE-:-SALACOA,PICKENS-:-TATE,17336.72446673623
CHEROKEE-:-SIXES,CHEROKEE-:-TOONIGH,4953.823265685551
CHEROKEE-:-SUTALLEE,CHEROKEE-:-VICTORIA,9227.054412590514
CHEROKEE-:-SUTALLEE,CHEROKEE-:-WALESKA,23572.292614410817
CHEROKEE-:-TOONIGH,CHEROKEE-:-WOODSTOCK,10084.037445409554
CHEROKEE-:-TOONIGH,CHEROKEE-:-WILDCAT,18629.9394176163
CHEROKEE-:-UNION HILL,FULTON-:-ML02A,14259.351743007132
CHEROKEE-:-WOODSTOCK,COBB-:-BELLS FERRY 03,5035.3392264978675
CLARKE-:-1A,CLARKE-:-2B,12272.396861172652
CLARKE-:-1A,CLARKE-:-2A,13205.237322801859
CLARKE-:-1A,CLARKE-:-4A,29260.970905788632
CLARKE-:-1A,CLARKE-:-2C,5857.5408611865205
CLARKE-:-1A,OGLETHORPE-:-BEAVERDAM,25921.042374287485
CLARKE-:-1A,MADISON-:-HULL,24418.528456093994
CLARKE-:-1B,OGLETHORPE-:-CRAWFORD,18767.417855398086
CLARKE-:-1B,CLARKE-:-1D,39788.34400131082
CLARKE-:-1B,CLARKE-:-8B,8599.24565205312
CLARKE-:-1B,CLARKE-:-4A,19386.932263414732
CLARKE-:-1B,OGLETHORPE-:-BEAVERDAM,8501.703633672176
CLARKE-:-1C,OCONEE-:-COLHAM FERRY,17147.026247095768
CLARKE-:-1C,CLARKE-:-1D,33942.40267013536
CLARKE-:-1C,OCONEE-:-CITY HALL,11551.50911092446
CLARKE-:-1C,CLARKE-:-4B,20411.515795927946
CLARKE-:-1C,CLARKE-:-8C,15786.605673321079
CLARKE-:-1D,OCONEE-:-COLHAM FERRY,16407.26183335538
CLARKE-:-1D,OGLETHORPE-:-CRAWFORD,13404.845986784578
CLARKE-:-1D,CLARKE-:-8C,2381.651428844743
CLARKE-:-1D,CLARKE-:-8B,1361.7623067698617
CLARKE-:-2A,CLARKE-:-3B,1135.6512588363275
CLARKE-:-2A,CLARKE-:-2B,22273.79009757636
CLARKE-:-2A,CLARKE-:-5D,27540.14792486638
CLARKE-:-2A,MADISON-:-HULL,13256.53008058518
CLARKE-:-2A,MADISON-:-PITTMAN,414.17546647889293
CLARKE-:-2A,JACKSON-:-SOUTH JACKSON,28089.73665035972
CLARKE-:-2B,CLARKE-:-7C,1269.504641204044
CLARKE-:-2B,CLARKE-:-3B,15582.15515281691
CLARKE-:-2B,CLARKE-:-2C,5530.934173186563
CLARKE-:-2C,CLARKE-:-7C,4123.487039342173
CLARKE-:-2C,CLARKE-:-8A,1002.6815794712563
CLARKE-:-2C,CLARKE-:-4A,5881.106610797881
CLARKE-:-3A,CLARKE-:-7C,4952.9272163858495
CLARKE-:-3A,CLARKE-:-7B,10285.312508730334
CLARKE-:-3A,CLARKE-:-3B,5566.0553090334815
CLARKE-:-3A,CLARKE-:-5C,6955.469736536983
CLARKE-:-3B,CLARKE-:-7C,12614.040210672327
CLARKE-:-3B,CLARKE-:-5C,6241.959244518514
CLARKE-:-3B,CLARKE-:-5D,2302.1547062651102
CLARKE-:-4A,CLARKE-:-8B,1932.305876345147
CLARKE-:-4A,CLARKE-:-8A,9211.86010620421
CLARKE-:-4A,OGLETHORPE-:-BEAVERDAM,3424.3887451435335
CLARKE-:-4B,OCONEE-:-CITY HALL,322.02697388152603
CLARKE-:-4B,OCONEE-:-CIVIC CENTER,12783.097143837524
CLARKE-:-4B,CLARKE-:-7A,14987.472313798024
CLARKE-:-4B,CLARKE-:-7C,18075.636300392653
CLARKE-:-4B,CLARKE-:-7B,2835.4144794132035
CLARKE-:-4B,CLARKE-:-8C,8429.80500340209
CLARKE-:-5A,CLARKE-:-6C,6420.145315233851
CLARKE-:-5A,CLARKE-:-6B,9962.72997438375
CLARKE-:-5A,CLARKE-:-7B,8664.082301600765
CLARKE-:-5A,CLARKE-:-5C,5164.261056894542
CLARKE-:-5A,CLARKE-:-6A,9730.37899267323
CLARKE-:-5A,CLARKE-:-5B,8029.192721091381
CLARKE-:-5A,CLARKE-:-5D,2017.6900507994872
CLARKE-:-5B,CLARKE-:-6A,13745.021236002985
CLARKE-:-5B,CLARKE-:-5D,14960.40471256705
CLARKE-:-5C,CLARKE-:-7B,3518.9811285896167
CLARKE-:-5C,CLARKE-:-5D,6755.275981348488
CLARKE-:-5D,CLARKE-:-6A,9254.320609148583
CLARKE-:-5D,JACKSON-:-SOUTH JACKSON,15184.60485513334
CLARKE-:-6A,OCONEE-:-MARSWOOD HALL,6837.193256811935
CLARKE-:-6A,OCONEE-:-BOGART,15413.896907701179
CLARKE-:-6A,CLARKE-:-6B,17916.703035950646
CLARKE-:-6A,JACKSON-:-SOUTH JACKSON,32721.540426833104
CLARKE-:-6B,OCONEE-:-MARSWOOD HALL,8416.376326313613
CLARKE-:-6B,CLARKE-:-6C,15426.957626015188
CLARKE-:-6C,OCONEE-:-MARSWOOD HALL,8652.813727981293
CLARKE-:-6C,CLARKE-:-7A,10998.484661875555
CLARKE-:-6C,CLARKE-:-7B,794.4606049214611
CLARKE-:-7A,OCONEE-:-CIVIC CENTER,18723.629630516763
CLARKE-:-7A,CLARKE-:-7B,14170.179187818792
CLARKE-:-7B,CLARKE-:-7C,2285.013218957829
CLARKE-:-7C,CLARKE-:-8C,9358.547453187402
CLARKE-:-7C,CLARKE-:-8A,7569.168538326957
CLARKE-:-8A,CLARKE-:-8C,7653.618047756816
CLARKE-:-8A,CLARKE-:-8B,7123.675926903292
CLARKE-:-8B,CLARKE-:-8C,5811.045847178023
CLAY-:-BLUFFTON,EARLY-:-URQUHART,29841.937284455267
CLAY-:-BLUFFTON,CLAY-:-ZETTO,57614.42545548975
CLAY-:-BLUFFTON,RANDOLPH-:-COLEMAN,47016.70359524037
CLAY-:-BLUFFTON,RANDOLPH-:-CUTHBERT-COURTHOUSE,4114.99700749506
CLAY-:-BLUFFTON,CLAY-:-OLD HEAD START,39224.521814563894
CLAY-:-COURT HOUSE,CLAY-:-ZETTO,9034.954510120917
CLAY-:-COURT HOUSE,CLAY-:-OLD HEAD START,31486.907262937984
CLAY-:-COURT HOUSE,CLAY-:-DAYS CROSS ROAD,25888.947597626346
CLAY-:-DAYS CROSS ROAD,CLAY-:-OLD HEAD START,78891.40299213637
CLAY-:-DAYS CROSS ROAD,QUITMAN-:-GEORGETOWN,15394.378568461683
CLAY-:-OLD HEAD START,CLAY-:-ZETTO,2212.59284918941
CLAY-:-OLD HEAD START,RANDOLPH-:-COLEMAN,42369.829028857566
CLAY-:-OLD HEAD START,RANDOLPH-:-SPRINGVALE,15746.128246837357
CLAY-:-OLD HEAD START,QUITMAN-:-MORRIS,18429.92449225743
CLAY-:-OLD HEAD START,QUITMAN-:-GEORGETOWN,28642.45587216221
CLAY-:-ZETTO,EARLY-:-URQUHART,58779.90838872991
CLAYTON-:-ELLENWOOD 1,CLAYTON-:-MORROW 5,15344.719000497247
CLAYTON-:-ELLENWOOD 1,HENRY-:-SHAKERAG,2253.2198708354267
CLAYTON-:-ELLENWOOD 1,CLAYTON-:-MORROW 11,5034.981042281773
CLAYTON-:-ELLENWOOD 1,CLAYTON-:-LAKE CITY,4141.887394221286
CLAYTON-:-ELLENWOOD 1,CLAYTON-:-ELLENWOOD 2,22418.98581222067
CLAYTON-:-ELLENWOOD 1,CLAYTON-:-MORROW 1,12100.98034098532
CLAYTON-:-ELLENWOOD 2,HENRY-:-SHAKERAG,18744.041188021223
CLAYTON-:-ELLENWOOD 2,CLAYTON-:-MORROW 1,6176.773028534605
CLAYTON-:-ELLENWOOD 2,DEKALB-:-CEDAR GROVE SOUTH,4711.038914663207
CLAYTON-:-FOREST PARK 1,CLAYTON-:-FOREST PARK 3,25386.280737000736
CLAYTON-:-FOREST PARK 1,CLAYTON-:-OAK 1,5728.066554075531
CLAYTON-:-FOREST PARK 1,CLAYTON-:-MORROW 1,1158.8310618570501
CLAYTON-:-FOREST PARK 1,CLAYTON-:-FOREST PARK 4,1169.222591771054
CLAYTON-:-FOREST PARK 1,CLAYTON-:-FOREST PARK 2,11492.465762733595
CLAYTON-:-FOREST PARK 1,FULTON-:-12M,9840.041163224458
CLAYTON-:-FOREST PARK 2,CLAYTON-:-MORROW 1,15190.850980166886
CLAYTON-:-FOREST PARK 2,DEKALB-:-BOULDERCREST ROAD,4230.36652046969
CLAYTON-:-FOREST PARK 2,FULTON-:-12M,4539.416420816234
CLAYTON-:-FOREST PARK 3,CLAYTON-:-FOREST PARK 5,15682.526688963297
CLAYTON-:-FOREST PARK 3,CLAYTON-:-RIVERDALE 7,2704.3750053976996
CLAYTON-:-FOREST PARK 3,CLAYTON-:-OAK 5,9004.158622604124
CLAYTON-:-FOREST PARK 3,CLAYTON-:-OAK 3,5732.8459962432225
CLAYTON-:-FOREST PARK 3,CLAYTON-:-OAK 1,9152.638031820357
CLAYTON-:-FOREST PARK 3,CLAYTON-:-FOREST PARK 4,8716.955522450286
CLAYTON-:-FOREST PARK 3,CLAYTON-:-OAK 2,1096.4214438049598
CLAYTON-:-FOREST PARK 4,CLAYTON-:-MORROW 2,1965.6236144544916
CLAYTON-:-FOREST PARK 4,CLAYTON-:-FOREST PARK 6,15120.023893851254
CLAYTON-:-FOREST PARK 4,CLAYTON-:-FOREST PARK 5,3453.9328687464936
CLAYTON-:-FOREST PARK 4,CLAYTON-:-LAKE CITY,7398.174863484098
CLAYTON-:-FOREST PARK 5,CLAYTON-:-RIVERDALE 6,8090.66749227285
CLAYTON-:-FOREST PARK 5,CLAYTON-:-FOREST PARK 6,7958.127357599578
CLAYTON-:-FOREST PARK 5,CLAYTON-:-RIVERDALE 7,4013.9991693967163
CLAYTON-:-FOREST PARK 6,CLAYTON-:-JONESBORO 15,1090.7143065745006
CLAYTON-:-FOREST PARK 6,CLAYTON-:-MORROW 2,8456.706950147636
CLAYTON-:-JONESBORO 1,FAYETTE-:-BANKS,12360.801870855666
CLAYTON-:-JONESBORO 1,CLAYTON-:-JONESBORO 19,11747.575965861992
CLAYTON-:-JONESBORO 1,CLAYTON-:-JONESBORO 17,2307.7046647193556
CLAYTON-:-JONESBORO 1,CLAYTON-:-JONESBORO 12,5808.964949904854
CLAYTON-:-JONESBORO 1,CLAYTON-:-RIVERDALE 2,3410.181736836849
CLAYTON-:-JONESBORO 10,CLAYTON-:-JONESBORO 21,8667.98005564055
CLAYTON-:-JONESBORO 10,CLAYTON-:-JONESBORO 3,5315.896474306223
CLAYTON-:-JONESBORO 10,CLAYTON-:-JONESBORO 9,4398.231132067647
CLAYTON-:-JONESBORO 10,CLAYTON-:-JONESBORO 17,7247.542970705187
CLAYTON-:-JONESBORO 10,CLAYTON-:-JONESBORO 16,10866.286172672277
CLAYTON-:-JONESBORO 11,CLAYTON-:-JONESBORO 5,3233.179815736755
CLAYTON-:-JONESBORO 11,CLAYTON-:-JONESBORO 14,8205.462912298823
CLAYTON-:-JONESBORO 11,CLAYTON-:-JONESBORO 6,8794.331100723239
CLAYTON-:-JONESBORO 11,CLAYTON-:-JONESBORO 22,2952.7058356508887
CLAYTON-:-JONESBORO 11,CLAYTON-:-JONESBORO 3,4510.847124835449
CLAYTON-:-JONESBORO 11,CLAYTON-:-JONESBORO 18,4784.925034097298
CLAYTON-:-JONESBORO 11,CLAYTON-:-JONESBORO 7,1692.7334116744717
CLAYTON-:-JONESBORO 12,CLAYTON-:-JONESBORO 17,2260.5908333847956
CLAYTON-:-JONESBORO 12,CLAYTON-:-JONESBORO 20,12033.707505322323
CLAYTON-:-JONESBORO 12,CLAYTON-:-RIVERDALE 2,6401.268351643573
CLAYTON-:-JONESBORO 12,CLAYTON-:-RIVERDALE 12,1636.4000577486381
CLAYTON-:-JONESBORO 13,FAYETTE-:-FLINT,12883.787550835668
CLAYTON-:-JONESBORO 13,CLAYTON-:-LOVEJOY 3,1209.2712500868506
CLAYTON-:-JONESBORO 13,CLAYTON-:-LOVEJOY 4,3006.4839734800166
CLAYTON-:-JONESBORO 13,CLAYTON-:-LOVEJOY 5,2113.7928689700207
CLAYTON-:-JONESBORO 13,CLAYTON-:-LOVEJOY 1,20917.049627024026
CLAYTON-:-JONESBORO 13,CLAYTON-:-JONESBORO 21,15500.920938217147
CLAYTON-:-JONESBORO 13,CLAYTON-:-JONESBORO 19,801.285047969786
CLAYTON-:-JONESBORO 14,HENRY-:-PATES CREEK,4912.952379267376
CLAYTON-:-JONESBORO 14,CLAYTON-:-LOVEJOY 1,15370.98141833965
CLAYTON-:-JONESBORO 14,CLAYTON-:-JONESBORO 5,16451.16523078502
CLAYTON-:-JONESBORO 14,CLAYTON-:-JONESBORO 6,15151.170959481457
CLAYTON-:-JONESBORO 15,CLAYTON-:-JONESBORO 4,4748.619240042387
CLAYTON-:-JONESBORO 15,CLAYTON-:-JONESBORO 9,3037.243290363613
CLAYTON-:-JONESBORO 15,CLAYTON-:-JONESBORO 18,8710.892177993584
CLAYTON-:-JONESBORO 15,CLAYTON-:-RIVERDALE 6,17916.00740427354
CLAYTON-:-JONESBORO 15,CLAYTON-:-MORROW 2,2692.9848672092694
CLAYTON-:-JONESBORO 16,CLAYTON-:-JONESBORO 17,1075.010716944389
CLAYTON-:-JONESBORO 16,CLAYTON-:-JONESBORO 20,2711.8543344629225
CLAYTON-:-JONESBORO 16,CLAYTON-:-JONESBORO 2,11908.78714291678
CLAYTON-:-JONESBORO 16,CLAYTON-:-RIVERDALE 5,4636.358895428953
CLAYTON-:-JONESBORO 16,CLAYTON-:-RIVERDALE 9,1859.8405829225164
CLAYTON-:-JONESBORO 17,CLAYTON-:-JONESBORO 21,8830.692859489705
CLAYTON-:-JONESBORO 17,CLAYTON-:-JONESBORO 19,9721.185418700608
CLAYTON-:-JONESBORO 17,CLAYTON-:-JONESBORO 20,3189.3239384113785
CLAYTON-:-JONESBORO 18,CLAYTON-:-JONESBORO 3,7238.7523149721665
CLAYTON-:-JONESBORO 18,CLAYTON-:-JONESBORO 4,5435.9518685292915
CLAYTON-:-JONESBORO 18,CLAYTON-:-MORROW 2,4992.016694944912
CLAYTON-:-JONESBORO 18,CLAYTON-:-JONESBORO 7,16805.46561625206
CLAYTON-:-JONESBORO 18,CLAYTON-:-MORROW 4,2722.115812719241
CLAYTON-:-JONESBORO 19,FAYETTE-:-BANKS,4711.547000907419
CLAYTON-:-JONESBORO 19,CLAYTON-:-JONESBORO 21,2064.1875886072353
CLAYTON-:-JONESBORO 2,CLAYTON-:-JONESBORO 20,8722.39042683461
CLAYTON-:-JONESBORO 2,CLAYTON-:-RIVERDALE 9,2190.8590141148843
CLAYTON-:-JONESBORO 20,CLAYTON-:-RIVERDALE 12,1163.5627977426655
CLAYTON-:-JONESBORO 20,CLAYTON-:-RIVERDALE 9,3801.3440650917796
CLAYTON-:-JONESBORO 21,CLAYTON-:-LOVEJOY 1,2146.2394262315656
CLAYTON-:-JONESBORO 21,CLAYTON-:-JONESBORO 3,7249.850135391417
CLAYTON-:-JONESBORO 22,CLAYTON-:-JONESBORO 6,8330.677902587491
CLAYTON-:-JONESBORO 22,HENRY-:-RED OAK,5624.5956413128015
CLAYTON-:-JONESBORO 22,CLAYTON-:-JONESBORO 7,11973.702325337892
CLAYTON-:-JONESBORO 22,CLAYTON-:-JONESBORO 8,5136.861992052807
CLAYTON-:-JONESBORO 3,CLAYTON-:-LOVEJOY 1,5717.331228506502
CLAYTON-:-JONESBORO 3,CLAYTON-:-JONESBORO 5,11620.285497358116
CLAYTON-:-JONESBORO 3,CLAYTON-:-JONESBORO 4,7200.1782425044275
CLAYTON-:-JONESBORO 4,CLAYTON-:-JONESBORO 9,9407.494271253598
CLAYTON-:-JONESBORO 5,CLAYTON-:-LOVEJOY 1,2256.2147719782884
CLAYTON-:-JONESBORO 6,HENRY-:-PATES CREEK,873.2561740147542
CLAYTON-:-JONESBORO 6,HENRY-:-RED OAK,13919.35471953634
CLAYTON-:-JONESBORO 7,CLAYTON-:-MORROW 4,7404.482665311653
CLAYTON-:-JONESBORO 8,HENRY-:-STOCKBRIDGE CENTRAL,8940.940599413472
CLAYTON-:-JONESBORO 8,HENRY-:-RED OAK,4645.139183339383
CLAYTON-:-JONESBORO 8,CLAYTON-:-MORROW 9,10040.041137628372
CLAYTON-:-JONESBORO 8,CLAYTON-:-MORROW 8,12178.397250511276
CLAYTON-:-JONESBORO 8,CLAYTON-:-MORROW 4,1358.1512660541848
CLAYTON-:-JONESBORO 9,CLAYTON-:-RIVERDALE 6,4853.1504980822765
CLAYTON-:-JONESBORO 9,CLAYTON-:-RIVERDALE 5,8256.251560043034
CLAYTON-:-JONESBORO 9,CLAYTON-:-RIVERDALE 4,1572.3647339084782
CLAYTON-:-LAKE CITY,CLAYTON-:-MORROW 2,5941.39040949129
CLAYTON-:-LAKE CITY,CLAYTON-:-MORROW 3,7933.0102527929685
CLAYTON-:-LAKE CITY,CLAYTON-:-MORROW 11,12268.561720204525
CLAYTON-:-LAKE CITY,CLAYTON-:-MORROW 1,18717.46914874265
CLAYTON-:-LOVEJOY 1,HENRY-:-PATES CREEK,9988.605643106275
CLAYTON-:-LOVEJOY 1,CLAYTON-:-LOVEJOY 5,15899.25542369075
CLAYTON-:-LOVEJOY 1,CLAYTON-:-LOVEJOY 2,14802.95055332998
CLAYTON-:-LOVEJOY 2,HENRY-:-PATES CREEK,6772.770572496311
CLAYTON-:-LOVEJOY 2,CLAYTON-:-LOVEJOY 6,3702.74989269088
CLAYTON-:-LOVEJOY 2,CLAYTON-:-LOVEJOY 3,1786.3119867338416
CLAYTON-:-LOVEJOY 2,CLAYTON-:-LOVEJOY 8,9183.279870158243
CLAYTON-:-LOVEJOY 2,CLAYTON-:-LOVEJOY 5,2769.414075495869
CLAYTON-:-LOVEJOY 2,CLAYTON-:-LOVEJOY 7,10340.44008530114
CLAYTON-:-LOVEJOY 3,CLAYTON-:-PANHANDLE 2,9217.991832859101
CLAYTON-:-LOVEJOY 3,CLAYTON-:-PANHANDLE 1,6167.669546194545
CLAYTON-:-LOVEJOY 3,FAYETTE-:-FLINT,8246.90508657189
CLAYTON-:-LOVEJOY 3,CLAYTON-:-LOVEJOY 6,14640.16222775683
CLAYTON-:-LOVEJOY 3,CLAYTON-:-LOVEJOY 8,4227.753288116602
CLAYTON-:-LOVEJOY 3,CLAYTON-:-LOVEJOY 4,8361.448143800118
CLAYTON-:-LOVEJOY 4,CLAYTON-:-LOVEJOY 8,8083.069562537364
CLAYTON-:-LOVEJOY 4,CLAYTON-:-LOVEJOY 5,9247.207328223669
CLAYTON-:-LOVEJOY 5,CLAYTON-:-LOVEJOY 8,1301.1341038145747
CLAYTON-:-LOVEJOY 6,CLAYTON-:-PANHANDLE 2,14324.182111706354
CLAYTON-:-LOVEJOY 6,HENRY-:-NORTH HAMPTON,14983.596094497836
CLAYTON-:-LOVEJOY 6,CLAYTON-:-LOVEJOY 7,5580.65177402132
CLAYTON-:-LOVEJOY 7,HENRY-:-MOUNT CARMEL,8163.309173177162
CLAYTON-:-LOVEJOY 7,HENRY-:-NORTH HAMPTON,14766.512646970432
CLAYTON-:-MORROW 1,DEKALB-:-CEDAR GROVE SOUTH,8215.563403222444
CLAYTON-:-MORROW 1,DEKALB-:-BOULDERCREST ROAD,3878.5755544839576
CLAYTON-:-MORROW 10,CLAYTON-:-MORROW 6,9225.631566338343
CLAYTON-:-MORROW 10,CLAYTON-:-MORROW 5,11578.17093831677
CLAYTON-:-MORROW 10,HENRY-:-LIGHTHOUSE,13147.278721131916
CLAYTON-:-MORROW 11,CLAYTON-:-MORROW 3,4893.278949857935
CLAYTON-:-MORROW 11,CLAYTON-:-MORROW 5,3701.574819471195
CLAYTON-:-MORROW 2,CLAYTON-:-MORROW 4,4132.147030502472
CLAYTON-:-MORROW 2,CLAYTON-:-MORROW 7,3454.328464699766
CLAYTON-:-MORROW 2,CLAYTON-:-MORROW 3,5772.195598719392
CLAYTON-:-MORROW 3,CLAYTON-:-MORROW 7,5770.3992199893555
CLAYTON-:-MORROW 3,CLAYTON-:-MORROW 6,1715.718850933241
CLAYTON-:-MORROW 3,CLAYTON-:-MORROW 5,2444.12837127383
CLAYTON-:-MORROW 4,CLAYTON-:-MORROW 9,13229.501554406363
CLAYTON-:-MORROW 4,CLAYTON-:-MORROW 8,658.6521569803963
CLAYTON-:-MORROW 4,CLAYTON-:-MORROW 7,8296.265003500868
CLAYTON-:-MORROW 4,CLAYTON-:-MORROW 6,9079.132309655994
CLAYTON-:-MORROW 5,CLAYTON-:-MORROW 6,7134.893138821715
CLAYTON-:-MORROW 5,HENRY-:-SHAKERAG,4718.75125502935
CLAYTON-:-MORROW 6,HENRY-:-STOCKBRIDGE CENTRAL,958.6949549557754
CLAYTON-:-MORROW 6,CLAYTON-:-MORROW 8,15768.73129222614
CLAYTON-:-MORROW 6,HENRY-:-LIGHTHOUSE,5060.254039595414
CLAYTON-:-MORROW 8,HENRY-:-STOCKBRIDGE CENTRAL,1062.7121443455121
CLAYTON-:-OAK 1,CLAYTON-:-RIVERDALE 11,4131.238480815565
CLAYTON-:-OAK 1,CLAYTON-:-RIVERDALE 1,768.6918105443792
CLAYTON-:-OAK 1,FULTON-:-12M,575.1529634021259
CLAYTON-:-OAK 1,CLAYTON-:-OAK 4,6230.702244373666
CLAYTON-:-OAK 1,FULTON-:-SC27,7057.383307924484
CLAYTON-:-OAK 1,FULTON-:-CP083,871.1881914812269
CLAYTON-:-OAK 1,CLAYTON-:-OAK 2,10997.31857667753
CLAYTON-:-OAK 1,FULTON-:-CP08A,932.3253856720871
CLAYTON-:-OAK 1,FULTON-:-CP06A,3842.202353668542
CLAYTON-:-OAK 1,FULTON-:-CP07B,7015.517622839257
CLAYTON-:-OAK 1,FULTON-:-CP04B,3281.981705993069
CLAYTON-:-OAK 1,FULTON-:-CP02,11328.22148748578
CLAYTON-:-OAK 1,FULTON-:-12E2,2831.8448086136486
CLAYTON-:-OAK 1,FULTON-:-HP01,6074.9092765776995
CLAYTON-:-OAK 2,CLAYTON-:-OAK 3,9744.080345371309
CLAYTON-:-OAK 2,CLAYTON-:-OAK 4,4950.954052533275
CLAYTON-:-OAK 3,CLAYTON-:-OAK 6,1689.2118154241216
CLAYTON-:-OAK 3,CLAYTON-:-RIVERDALE 10,5168.015415732763
CLAYTON-:-OAK 3,CLAYTON-:-OAK 5,7111.047231667551
CLAYTON-:-OAK 3,CLAYTON-:-OAK 4,1745.9078204437183
CLAYTON-:-OAK 4,CLAYTON-:-OAK 6,6766.286523309776
CLAYTON-:-OAK 5,CLAYTON-:-RIVERDALE 7,4522.302741033786
CLAYTON-:-OAK 5,CLAYTON-:-RIVERDALE 10,3416.7805009930607
CLAYTON-:-OAK 6,CLAYTON-:-RIVERDALE 1,5713.318481560195
CLAYTON-:-OAK 6,CLAYTON-:-RIVERDALE 3,1790.826346318312
CLAYTON-:-OAK 6,CLAYTON-:-RIVERDALE 10,4058.4939163749254
CLAYTON-:-PANHANDLE 1,CLAYTON-:-PANHANDLE 2,10798.030656670267
CLAYTON-:-PANHANDLE 1,FAYETTE-:-ANTIOCH,1360.0856777258655
CLAYTON-:-PANHANDLE 1,FAYETTE-:-MURPHY,7631.289985596022
CLAYTON-:-PANHANDLE 1,FAYETTE-:-FLINT,12698.461728756873
CLAYTON-:-PANHANDLE 2,FAYETTE-:-WOOLSEY,18650.27169340018
CLAYTON-:-PANHANDLE 2,FAYETTE-:-ANTIOCH,14818.188157621533
CLAYTON-:-PANHANDLE 2,SPALDING-:-13,10302.2100436723
CLAYTON-:-PANHANDLE 2,HENRY-:-SOUTH HAMPTON,16310.276753436654
CLAYTON-:-PANHANDLE 2,HENRY-:-NORTH HAMPTON,8466.454651857546
CLAYTON-:-RIVERDALE 1,CLAYTON-:-RIVERDALE 8,10792.747486761216
CLAYTON-:-RIVERDALE 1,CLAYTON-:-RIVERDALE 11,8137.2407598367345
CLAYTON-:-RIVERDALE 1,CLAYTON-:-RIVERDALE 3,7607.0250627056375
CLAYTON-:-RIVERDALE 10,CLAYTON-:-RIVERDALE 4,964.4626760002162
CLAYTON-:-RIVERDALE 10,CLAYTON-:-RIVERDALE 3,5297.779429533755
CLAYTON-:-RIVERDALE 10,CLAYTON-:-RIVERDALE 7,2712.0640713264143
CLAYTON-:-RIVERDALE 11,CLAYTON-:-RIVERDALE 8,5103.627014600971
CLAYTON-:-RIVERDALE 11,FULTON-:-SC23D,4737.750287178202
CLAYTON-:-RIVERDALE 11,FULTON-:-SC23A,4958.500479720137
CLAYTON-:-RIVERDALE 11,FULTON-:-SC27,2941.7281448147573
CLAYTON-:-RIVERDALE 12,CLAYTON-:-RIVERDALE 2,15001.318745695213
CLAYTON-:-RIVERDALE 12,CLAYTON-:-RIVERDALE 8,8280.022028819092
CLAYTON-:-RIVERDALE 12,CLAYTON-:-RIVERDALE 9,6152.265290299521
CLAYTON-:-RIVERDALE 12,CLAYTON-:-RIVERDALE 3,3943.7195245944986
CLAYTON-:-RIVERDALE 2,FAYETTE-:-EUROPE,13171.579693522204
CLAYTON-:-RIVERDALE 3,CLAYTON-:-RIVERDALE 8,16333.190833786819
CLAYTON-:-RIVERDALE 3,CLAYTON-:-RIVERDALE 4,4471.5250641176635
CLAYTON-:-RIVERDALE 4,CLAYTON-:-RIVERDALE 6,3514.9336959166726
CLAYTON-:-RIVERDALE 4,CLAYTON-:-RIVERDALE 5,8496.998627213292
CLAYTON-:-RIVERDALE 4,CLAYTON-:-RIVERDALE 9,2348.527245826545
CLAYTON-:-RIVERDALE 4,CLAYTON-:-RIVERDALE 7,13916.03474483968
CLAYTON-:-RIVERDALE 5,CLAYTON-:-RIVERDALE 9,11578.5786595438
CLAYTON-:-RIVERDALE 6,CLAYTON-:-RIVERDALE 7,14571.0845735237
CLAYTON-:-RIVERDALE 8,FAYETTE-:-EUROPE,5858.350251582876
CLAYTON-:-RIVERDALE 8,FULTON-:-SC23C,3220.1526894802378
CLINCH-:-ARABIA,CLINCH-:-HOMERVILLE,94046.80165560552
CLINCH-:-ARABIA,CLINCH-:-DUPONT,60944.13920284561
CLINCH-:-ARABIA,LANIER-:-LAKELAND,37220.20381772877
CLINCH-:-ARGYLE,WARE-:-407 - MANOR COMMMUNITY CENTER,35119.87196043862
CLINCH-:-ARGYLE,CLINCH-:-HOMERVILLE,162550.90673778215
CLINCH-:-DUPONT,CLINCH-:-FARGO,41875.46318905679
CLINCH-:-DUPONT,CLINCH-:-HOMERVILLE,116513.38629117388
CLINCH-:-DUPONT,ECHOLS-:-STATENVILLE,46177.29567850552
CLINCH-:-DUPONT,LANIER-:-LAKELAND,77230.26451549743
CLINCH-:-FARGO,WARE-:-407 - MANOR COMMMUNITY CENTER,189175.16866552772
CLINCH-:-FARGO,CLINCH-:-HOMERVILLE,119943.41858522165
CLINCH-:-FARGO,ECHOLS-:-STATENVILLE,161769.3819650561
CLINCH-:-HOMERVILLE,WARE-:-407 - MANOR COMMMUNITY CENTER,51396.171055039435
CLINCH-:-HOMERVILLE,WARE-:-408 - MILLWOOD BAPTIST CHURCH,4257.053350631473
COBB-:-ACWORTH 1A,COBB-:-FREY 01,940.2925585039698
COBB-:-ACWORTH 1A,COBB-:-MCCLURE 01,7371.975688461259
COBB-:-ACWORTH 1A,COBB-:-MARS HILL 02,9104.75481609381
COBB-:-ACWORTH 1A,COBB-:-KENNESAW 4A,1696.4748931221181
COBB-:-ACWORTH 1A,COBB-:-ACWORTH 1C,7105.67935985729
COBB-:-ACWORTH 1A,COBB-:-NORTH COBB 01,86275.95673085362
COBB-:-ACWORTH 1A,COBB-:-ACWORTH 1B,17875.478939041113
COBB-:-ACWORTH 1A,COBB-:-MARS HILL 01,48182.16593425158
COBB-:-ACWORTH 1B,COBB-:-ACWORTH 1C,11455.046588445792
COBB-:-ACWORTH 1B,COBB-:-NORTH COBB 01,25471.041612787718
COBB-:-ACWORTH 1B,COBB-:-BAKER 01,1075.025274470004
COBB-:-ACWORTH 1B,COBB-:-MARS HILL 01,22987.02624615952
COBB-:-ACWORTH 1C,COBB-:-KENNESAW 2A,2887.9528376627404
COBB-:-ACWORTH 1C,COBB-:-KENNESAW 4A,458.1505217690924
COBB-:-ACWORTH 1C,COBB-:-KENNESAW 5A,3120.736359926402
COBB-:-ACWORTH 1C,COBB-:-NORTH COBB 01,41889.48724311726
COBB-:-ACWORTH 1C,COBB-:-BAKER 01,27513.97441270262
COBB-:-ADDISON 01,COBB-:-ELIZABETH 05,2136.266983481154
COBB-:-ADDISON 01,COBB-:-SANDY PLAINS 01,1522.0981171007197
COBB-:-ADDISON 01,COBB-:-LASSITER 01,8432.902133433448
COBB-:-ADDISON 01,COBB-:-GRITTERS 01,12063.579943971821
COBB-:-AUSTELL 1A,DOUGLAS-:-ATLANTA WEST,6026.031358219128
COBB-:-AUSTELL 1A,COBB-:-MABLETON 5B,55676.05555083402
COBB-:-AUSTELL 1A,COBB-:-AUSTELL 1B,10114.846130632734
COBB-:-AUSTELL 1A,COBB-:-MABLETON 5A,812.6747526216014
COBB-:-AUSTELL 1A,COBB-:-CLARKDALE 01,15699.711049564807
COBB-:-AUSTELL 1B,DOUGLAS-:-FIRST BAPTIST LITHIA SPRINGS,4599.887892607044
COBB-:-AUSTELL 1B,DOUGLAS-:-ATLANTA WEST,4824.704894176372
COBB-:-AUSTELL 1B,COBB-:-CLARKDALE 02,38626.04639386317
COBB-:-AUSTELL 1B,COBB-:-CLARKDALE 01,25889.207932787365
COBB-:-AUSTELL 1B,COBB-:-POWDER SPRINGS 3A,7548.6624921872835
COBB-:-BAKER 01,COBB-:-KENNESAW 3A,19720.03168426217
COBB-:-BAKER 01,COBB-:-KENNESAW 5A,24103.906838122464
COBB-:-BAKER 01,COBB-:-NORTH COBB 01,2656.786465677733
COBB-:-BAKER 01,COBB-:-WADE GREEN 02,12766.070343859576
COBB-:-BELLS FERRY 02,COBB-:-ELIZABETH 02,3421.3871482569025
COBB-:-BELLS FERRY 02,COBB-:-EAST PIEDMONT 01,3571.0095733040453
COBB-:-BELLS FERRY 02,COBB-:-GRITTERS 01,4476.416182783569
COBB-:-BELLS FERRY 02,COBB-:-CHALKER 01,9555.18231864229
COBB-:-BELLS FERRY 02,COBB-:-BLACKWELL 01,7788.135395648609
COBB-:-BELLS FERRY 02,COBB-:-PALMER 01,3563.326950673482
COBB-:-BELLS FERRY 03,COBB-:-BLACKWELL 01,4453.507729905197
COBB-:-BELLS FERRY 03,COBB-:-MCCLESKEY 01,3011.781607525846
COBB-:-BELLS FERRY 03,COBB-:-PALMER 01,2107.4604232072084
COBB-:-BELLS FERRY 03,COBB-:-NICHOLSON 01,6379.52894433575
COBB-:-BELLS FERRY 03,COBB-:-BELLS FERRY 04,6782.229905120043
COBB-:-BELLS FERRY 04,COBB-:-PITNER 01,652.228653019398
COBB-:-BELLS FERRY 04,COBB-:-PALMER 01,8404.16295781981
COBB-:-BELLS FERRY 04,COBB-:-BIG SHANTY 02,5893.091093306007
COBB-:-BIG SHANTY 01,COBB-:-ELIZABETH 01,11940.079571070246
COBB-:-BIG SHANTY 01,COBB-:-PINE MOUNTAIN 02,3076.837038508826
COBB-:-BIG SHANTY 01,COBB-:-KENNESAW 3A,27687.40704080594
COBB-:-BIG SHANTY 01,COBB-:-KENNESAW 1A,50842.0227625401
COBB-:-BIG SHANTY 01,COBB-:-CHALKER 01,17368.359859056018
COBB-:-BIG SHANTY 01,COBB-:-BIG SHANTY 02,2861.8998799858928
COBB-:-BIG SHANTY 02,COBB-:-KENNESAW 3A,1287.338036404463
COBB-:-BIG SHANTY 02,COBB-:-KENNESAW 1A,9009.466373060872
COBB-:-BIG SHANTY 02,COBB-:-PITNER 01,12870.152131186082
COBB-:-BIG SHANTY 02,COBB-:-CHALKER 01,2647.3619364087053
COBB-:-BIG SHANTY 02,COBB-:-PALMER 01,5800.809184618719
COBB-:-BIRNEY 01,COBB-:-MABLETON 6B,15181.309526762516
COBB-:-BIRNEY 01,COBB-:-OREGON 02,6518.524394392687
COBB-:-BIRNEY 01,COBB-:-FAIR OAKS 02,5450.254407032537
COBB-:-BIRNEY 01,COBB-:-SMYRNA 3B,1145.0976533184844
COBB-:-BIRNEY 01,COBB-:-NORTON PARK 01,14673.480941769101
COBB-:-BIRNEY 01,COBB-:-FAIR OAKS 04,260.5641773984211
COBB-:-BLACKWELL 01,COBB-:-GRITTERS 01,6529.553022519276
COBB-:-BLACKWELL 01,COBB-:-MCCLESKEY 01,7458.017161559112
COBB-:-BLACKWELL 01,COBB-:-PALMER 01,7077.063870067022
COBB-:-CHALKER 01,COBB-:-EAST PIEDMONT 01,7549.696673793553
COBB-:-CHALKER 01,COBB-:-KENNESAW 1A,2400.088588198033
COBB-:-CHALKER 01,COBB-:-PALMER 01,9493.101153085132
COBB-:-CHATTAHOOCHEE 01,FULTON-:-08A,1806.815803086337
COBB-:-CHATTAHOOCHEE 01,COBB-:-VININGS 01,7107.117614807535
COBB-:-CHATTAHOOCHEE 01,COBB-:-DOBBINS 02,10218.968838593255
COBB-:-CHATTAHOOCHEE 01,FULTON-:-SS09A,9375.279166011485
COBB-:-CHATTAHOOCHEE 01,COBB-:-SOPE CREEK 02,11930.810562109655
COBB-:-CHATTAHOOCHEE 01,COBB-:-TERRELL MILL 01,4336.037057065231
COBB-:-CHEATHAM HILL 02,COBB-:-CHEATHAM HILL 03,8362.34579418582
COBB-:-CHEATHAM HILL 02,COBB-:-KEMP 02,8070.717489728863
COBB-:-CHEATHAM HILL 02,COBB-:-MARIETTA 2A,8896.758147343999
COBB-:-CHEATHAM HILL 02,COBB-:-KEMP 01,8415.540079047245
COBB-:-CHEATHAM HILL 02,COBB-:-MARIETTA 4A,10224.029484955809
COBB-:-CHEATHAM HILL 02,COBB-:-ELIZABETH 01,5607.112474098352
COBB-:-CHEATHAM HILL 02,COBB-:-MARIETTA 4C,23326.454779794807
COBB-:-CHEATHAM HILL 02,COBB-:-PINE MOUNTAIN 02,10676.886826292746
COBB-:-CHEATHAM HILL 03,COBB-:-OREGON 04,700.5558474055672
COBB-:-CHEATHAM HILL 03,COBB-:-FAIR OAKS 02,3056.197583747862
COBB-:-CHEATHAM HILL 03,COBB-:-DOWELL 01,10831.234573441488
COBB-:-CHEATHAM HILL 03,COBB-:-MARIETTA 2B,669.687612798126
COBB-:-CHEATHAM HILL 03,COBB-:-KEMP 02,8980.034352381788
COBB-:-CHEATHAM HILL 03,COBB-:-MARIETTA 2A,6988.888458480724
COBB-:-CHEATHAM HILL 03,COBB-:-OREGON 03,10065.415310122771
COBB-:-CHESTNUT RIDGE 01,COBB-:-ROSWELL 02,8694.60482246018
COBB-:-CHESTNUT RIDGE 01,COBB-:-ROSWELL 01,5452.754565604529
COBB-:-CHESTNUT RIDGE 01,COBB-:-MURDOCK 01,7192.337553774521
COBB-:-CHESTNUT RIDGE 01,COBB-:-SANDY PLAINS 01,1113.5714675195056
COBB-:-CHESTNUT RIDGE 01,COBB-:-HIGHTOWER 01,12593.330853089383
COBB-:-CLARKDALE 01,COBB-:-MABLETON 5A,5292.559093195393
COBB-:-CLARKDALE 01,COBB-:-POWDER SPRINGS 3A,9766.191498310862
COBB-:-CLARKDALE 01,COBB-:-MABLETON 6A,10474.020921811914
COBB-:-CLARKDALE 01,COBB-:-POWDER SPRINGS 2A,44557.03597470003
COBB-:-CLARKDALE 01,COBB-:-OREGON 04,4851.287255359879
COBB-:-CLARKDALE 01,COBB-:-MACLAND 01,1689.7823556620044
COBB-:-CLARKDALE 02,DOUGLAS-:-BEULAH BAPTIST CHURCH,9176.736458987441
COBB-:-CLARKDALE 02,DOUGLAS-:-TURNER MIDDLE SCHOOL,6963.9018827344535
COBB-:-CLARKDALE 02,DOUGLAS-:-FIRST BAPTIST LITHIA SPRINGS,1015.5759369619616
COBB-:-CLARKDALE 02,PAULDING-:-DOBBINS MIDDLE SCHOOL,5424.383991826698
COBB-:-CLARKDALE 02,COBB-:-SWEETWATER 01,12398.308656770694
COBB-:-CLARKDALE 02,COBB-:-POWDER SPRINGS 1A,6454.199251054001
COBB-:-DAVIS 01,COBB-:-ROCKY MOUNT 01,3360.2618392192626
COBB-:-DAVIS 01,COBB-:-MABRY 01,3570.705603631417
COBB-:-DAVIS 01,COBB-:-POST OAK 01,4962.707517470376
COBB-:-DAVIS 01,COBB-:-KELL 01,3909.9747612463652
COBB-:-DICKERSON 01,COBB-:-EASTSIDE 01,7976.475556012968
COBB-:-DICKERSON 01,COBB-:-FULLERS PARK 01,2941.7335624838793
COBB-:-DICKERSON 01,COBB-:-DODGEN 01,730.1177526060799
COBB-:-DICKERSON 01,COBB-:-MT. BETHEL 04,2861.3761394366957
COBB-:-DICKERSON 01,COBB-:-MT. BETHEL 03,1453.386427462377
COBB-:-DICKERSON 01,COBB-:-MT. BETHEL 01,15287.731596336069
COBB-:-DICKERSON 01,COBB-:-TIMBER RIDGE 01,5411.698857739566
COBB-:-DICKERSON 01,COBB-:-ROSWELL 02,7184.589616342766
COBB-:-DOBBINS 01,COBB-:-SMYRNA 5A,11491.272525327115
COBB-:-DOBBINS 01,COBB-:-SMYRNA 3A,12146.542586154925
COBB-:-DOBBINS 01,COBB-:-FAIR OAKS 04,6573.425584879683
COBB-:-DOBBINS 01,COBB-:-OREGON 03,8526.043287206618
COBB-:-DOBBINS 01,COBB-:-MARIETTA 1A,46669.80338159859
COBB-:-DOBBINS 01,COBB-:-MARIETTA 7A,8274.32472626275
COBB-:-DOBBINS 02,COBB-:-VININGS 01,5616.053669999415
COBB-:-DOBBINS 02,COBB-:-SMYRNA 1A,13842.463964833694
COBB-:-DOBBINS 02,COBB-:-SMYRNA 2A,8988.611119670917
COBB-:-DOBBINS 02,COBB-:-SMYRNA 3A,5233.826366236753
COBB-:-DOBBINS 02,COBB-:-MARIETTA 7A,25148.380510802024
COBB-:-DODGEN 01,COBB-:-FULLERS PARK 01,8720.339352577466
COBB-:-DODGEN 01,COBB-:-ROSWELL 02,8326.226158564557
COBB-:-DODGEN 01,COBB-:-SEWELL MILL 01,3107.110611884944
COBB-:-DODGEN 01,COBB-:-MURDOCK 01,6033.317011588544
COBB-:-DOWELL 01,COBB-:-OREGON 04,9015.191169137059
COBB-:-DOWELL 01,COBB-:-OREGON 05,10751.407618900954
COBB-:-DOWELL 01,COBB-:-KEMP 02,3029.7789483525166
COBB-:-DURHAM 01,COBB-:-LOST MOUNTAIN 04,2635.744472301776
COBB-:-DURHAM 01,COBB-:-FREY 01,9033.701861777305
COBB-:-DURHAM 01,COBB-:-FORD 01,19215.353256313807
COBB-:-DURHAM 01,PAULDING-:-RUSSOM ELEMENTARY,5011.355938365519
COBB-:-DURHAM 01,COBB-:-MARS HILL 01,13689.765731766167
COBB-:-EAST PIEDMONT 01,COBB-:-MARIETTA 5B,19506.40296059429
COBB-:-EAST PIEDMONT 01,COBB-:-ELIZABETH 01,6446.0477575065715
COBB-:-EAST PIEDMONT 01,COBB-:-ELIZABETH 02,10550.788203131977
COBB-:-EASTSIDE 01,COBB-:-SOPE CREEK 01,11886.538530737573
COBB-:-EASTSIDE 01,COBB-:-FULLERS PARK 01,11402.286378411285
COBB-:-EASTSIDE 01,COBB-:-MT. BETHEL 04,1856.4269150193647
COBB-:-EASTSIDE 02,COBB-:-SOPE CREEK 02,2839.715346135736
COBB-:-EASTSIDE 02,COBB-:-TERRELL MILL 01,3434.472729626095
COBB-:-EASTSIDE 02,COBB-:-POWERS FERRY 01,8009.055660835779
COBB-:-EASTSIDE 02,COBB-:-SOPE CREEK 01,7569.151926159294
COBB-:-EASTSIDE 02,COBB-:-SEWELL MILL 03,11974.848260877823
COBB-:-EASTSIDE 02,COBB-:-MARIETTA 6A,5337.82439369815
COBB-:-EASTSIDE 02,COBB-:-MT. BETHEL 04,6889.598921825195
COBB-:-ELIZABETH 01,COBB-:-MARIETTA 4A,3775.424756737736
COBB-:-ELIZABETH 01,COBB-:-MARIETTA 4B,31794.325179328924
COBB-:-ELIZABETH 01,COBB-:-MARIETTA 5B,29972.581261752657
COBB-:-ELIZABETH 01,COBB-:-MARIETTA 4C,1798.5403835369164
COBB-:-ELIZABETH 01,COBB-:-PINE MOUNTAIN 02,7009.266853511438
COBB-:-ELIZABETH 02,COBB-:-MARIETTA 6B,18322.49254182723
COBB-:-ELIZABETH 02,COBB-:-ELIZABETH 03,2401.0000969947987
COBB-:-ELIZABETH 02,COBB-:-GRITTERS 01,13041.724701015926
COBB-:-ELIZABETH 03,COBB-:-ELIZABETH 04,3585.027712775127
COBB-:-ELIZABETH 03,COBB-:-MARIETTA 6B,8602.662975805151
COBB-:-ELIZABETH 03,COBB-:-SEWELL MILL 01,2087.6698425587138
COBB-:-ELIZABETH 03,COBB-:-ELIZABETH 05,8939.273342071003
COBB-:-ELIZABETH 03,COBB-:-GRITTERS 01,4648.447646595668
COBB-:-ELIZABETH 04,COBB-:-SEWELL MILL 03,9683.678662361874
COBB-:-ELIZABETH 04,COBB-:-MARIETTA 6A,6966.830284035077
COBB-:-ELIZABETH 04,COBB-:-MARIETTA 5B,5665.942081561311
COBB-:-ELIZABETH 04,COBB-:-MARIETTA 6B,48722.96118528433
COBB-:-ELIZABETH 04,COBB-:-SEWELL MILL 01,5876.309580124856
COBB-:-ELIZABETH 05,COBB-:-SEWELL MILL 01,11491.017676062316
COBB-:-ELIZABETH 05,COBB-:-MURDOCK 01,3098.045841045234
COBB-:-ELIZABETH 05,COBB-:-SANDY PLAINS 01,6554.928266124234
COBB-:-FAIR OAKS 02,COBB-:-OREGON 02,8659.521668636038
COBB-:-FAIR OAKS 02,COBB-:-OREGON 04,4692.366313370932
COBB-:-FAIR OAKS 02,COBB-:-FAIR OAKS 04,8348.187649916308
COBB-:-FAIR OAKS 02,COBB-:-OREGON 03,14065.366916231269
COBB-:-FAIR OAKS 04,COBB-:-NORTON PARK 01,9390.808282076532
COBB-:-FAIR OAKS 04,COBB-:-SMYRNA 5A,9649.895867869738
COBB-:-FAIR OAKS 04,COBB-:-OREGON 03,9065.411235936339
COBB-:-FAIR OAKS 04,COBB-:-MARIETTA 3B,316.23964067802683
COBB-:-FORD 01,COBB-:-VAUGHAN 01,1505.9486134099561
COBB-:-FORD 01,COBB-:-LOST MOUNTAIN 02,10715.296616487412
COBB-:-FORD 01,PAULDING-:-RUSSOM ELEMENTARY,13859.422035084572
COBB-:-FREY 01,COBB-:-LOST MOUNTAIN 04,9583.488592280148
COBB-:-FREY 01,COBB-:-MCCLURE 01,14749.373850246442
COBB-:-FREY 01,COBB-:-NORTH COBB 01,806.741375149682
COBB-:-FREY 01,COBB-:-MARS HILL 01,6229.143699705055
COBB-:-FULLERS PARK 01,COBB-:-SOPE CREEK 01,1826.044439899093
COBB-:-FULLERS PARK 01,COBB-:-SEWELL MILL 03,9161.552169229886
COBB-:-FULLERS PARK 01,COBB-:-SEWELL MILL 01,7315.957431951462
COBB-:-GARRISON MILL 01,COBB-:-POPE 01,5302.289495367127
COBB-:-GARRISON MILL 01,COBB-:-LASSITER 01,4442.2949119194445
COBB-:-GARRISON MILL 01,COBB-:-MABRY 01,1098.1924235683457
COBB-:-GARRISON MILL 01,COBB-:-POST OAK 01,6861.114712204194
COBB-:-GARRISON MILL 01,COBB-:-SHALLOWFORD FALLS 01,7092.501275350654
COBB-:-GARRISON MILL 01,COBB-:-WILLEO 01,3878.6530992118796
COBB-:-GRITTERS 01,COBB-:-LASSITER 01,1233.574143627538
COBB-:-HARRISON 01,COBB-:-KEMP 03,9809.12157281205
COBB-:-HARRISON 01,COBB-:-KEMP 01,7824.803409475661
COBB-:-HARRISON 01,COBB-:-LOST MOUNTAIN 02,3517.6390041068844
COBB-:-HARRISON 01,COBB-:-PINE MOUNTAIN 01,10640.361109243348
COBB-:-HARRISON 01,COBB-:-PINE MOUNTAIN 02,4425.909545401236
COBB-:-HARRISON 01,COBB-:-LOST MOUNTAIN 04,10993.101802137957
COBB-:-HAYES 01,COBB-:-PINE MOUNTAIN 01,11219.549120901122
COBB-:-HAYES 01,COBB-:-PINE MOUNTAIN 02,1997.054715227951
COBB-:-HAYES 01,COBB-:-LOST MOUNTAIN 04,306.5901423130585
COBB-:-HAYES 01,COBB-:-KENNESAW 2A,57393.62743656521
COBB-:-HAYES 01,COBB-:-MCCLURE 01,6599.090588106609
COBB-:-HAYES 01,COBB-:-MARS HILL 02,6128.773562645828
COBB-:-HIGHTOWER 01,COBB-:-ROSWELL 01,9301.466235187141
COBB-:-HIGHTOWER 01,COBB-:-SANDY PLAINS 01,3350.8538564227715
COBB-:-HIGHTOWER 01,COBB-:-POPE 01,9442.419012962933
COBB-:-HIGHTOWER 01,COBB-:-SHALLOWFORD FALLS 01,7240.4347493210225
COBB-:-KELL 01,COBB-:-NICHOLSON 01,6935.04504697515
COBB-:-KELL 01,COBB-:-ROCKY MOUNT 01,3979.406695534652
COBB-:-KEMP 01,COBB-:-KEMP 02,3877.8085222174122
COBB-:-KEMP 01,COBB-:-KEMP 03,5284.413223111212
COBB-:-KEMP 01,COBB-:-PINE MOUNTAIN 02,2169.0773182903263
COBB-:-KEMP 02,COBB-:-OREGON 05,7712.643414834677
COBB-:-KEMP 02,COBB-:-OREGON 01,10685.488527288167
COBB-:-KEMP 03,COBB-:-LOST MOUNTAIN 01,5248.359175322617
COBB-:-KEMP 03,COBB-:-LOST MOUNTAIN 03,13575.228707647098
COBB-:-KEMP 03,COBB-:-OREGON 01,8213.374990372176
COBB-:-KEMP 03,COBB-:-VAUGHAN 01,5255.348892760373
COBB-:-KEMP 03,COBB-:-LOST MOUNTAIN 02,14249.478377485988
COBB-:-KENNESAW 1A,COBB-:-KENNESAW 3A,18310.962252567817
COBB-:-KENNESAW 2A,COBB-:-PINE MOUNTAIN 01,6356.619113633545
COBB-:-KENNESAW 2A,COBB-:-MARS HILL 02,9727.591765953883
COBB-:-KENNESAW 2A,COBB-:-KENNESAW 3A,9709.171116080079
COBB-:-KENNESAW 2A,COBB-:-KENNESAW 4A,7065.826727573554
COBB-:-KENNESAW 3A,COBB-:-MARIETTA 4C,680.5458311863366
COBB-:-KENNESAW 3A,COBB-:-PINE MOUNTAIN 01,3752.739567110054
COBB-:-KENNESAW 3A,COBB-:-PINE MOUNTAIN 02,34420.99152975965
COBB-:-KENNESAW 3A,COBB-:-KENNESAW 4A,12778.31692623081
COBB-:-KENNESAW 3A,COBB-:-KENNESAW 5A,623.9102776816914
COBB-:-KENNESAW 3A,COBB-:-WADE GREEN 02,2552.687399300072
COBB-:-KENNESAW 4A,COBB-:-KENNESAW 5A,8585.396205646199
COBB-:-KENNESAW 4A,COBB-:-NORTH COBB 01,13547.619915365154
COBB-:-KENNESAW 5A,COBB-:-NORTH COBB 01,16105.276207774536
COBB-:-LASSITER 01,COBB-:-SANDY PLAINS 01,1154.3481059344542
COBB-:-LASSITER 01,COBB-:-SIMPSON 01,15588.530100887303
COBB-:-LASSITER 01,COBB-:-MCCLESKEY 01,3881.89773849954
COBB-:-LASSITER 01,COBB-:-ROCKY MOUNT 01,13302.460651315378
COBB-:-LASSITER 01,COBB-:-MABRY 01,9155.532308415739
COBB-:-LOST MOUNTAIN 01,COBB-:-MCEACHERN 01,8550.57036619652
COBB-:-LOST MOUNTAIN 01,COBB-:-MACLAND 01,1710.5345555887309
COBB-:-LOST MOUNTAIN 01,COBB-:-OREGON 05,8541.167944926188
COBB-:-LOST MOUNTAIN 01,COBB-:-LOST MOUNTAIN 03,16291.883502795668
COBB-:-LOST MOUNTAIN 01,COBB-:-OREGON 01,16069.512051138863
COBB-:-LOST MOUNTAIN 02,COBB-:-VAUGHAN 01,4207.440619792127
COBB-:-LOST MOUNTAIN 02,COBB-:-LOST MOUNTAIN 04,5489.983794410578
COBB-:-LOST MOUNTAIN 03,COBB-:-MCEACHERN 01,7184.709087887135
COBB-:-LOST MOUNTAIN 03,PAULDING-:-TABERNACLE BAPTIST CHURCH,11426.92375262
COBB-:-LOST MOUNTAIN 03,COBB-:-VAUGHAN 01,4424.260045500124
COBB-:-LOST MOUNTAIN 03,PAULDING-:-E PAULDING MIDDLE SCHOOL,6361.830121110286
COBB-:-LOST MOUNTAIN 04,COBB-:-PINE MOUNTAIN 01,4292.928374884211
COBB-:-LOST MOUNTAIN 04,COBB-:-MCCLURE 01,6506.546244001501
COBB-:-MABLETON 1A,COBB-:-MABLETON 1B,9587.599956057176
COBB-:-MABLETON 1A,DOUGLAS-:-ATLANTA WEST,8024.2316970862485
COBB-:-MABLETON 1A,COBB-:-MABLETON 3A,12217.84910749293
COBB-:-MABLETON 1A,COBB-:-MABLETON 5B,7176.201750169466
COBB-:-MABLETON 1B,FULTON-:-SC32,13632.263835405796
COBB-:-MABLETON 1B,COBB-:-MABLETON 2B,13930.946093378643
COBB-:-MABLETON 1B,COBB-:-MABLETON 2A,3985.858296124743
COBB-:-MABLETON 1B,FULTON-:-SC33,1625.9750049379547
COBB-:-MABLETON 1B,DOUGLAS-:-LITHIA SPRINGS HIGH SCHOOL,14115.120880783597
COBB-:-MABLETON 1B,DOUGLAS-:-ATLANTA WEST,2735.360624832351
COBB-:-MABLETON 1B,COBB-:-MABLETON 3A,651.8480113423907
COBB-:-MABLETON 2A,FULTON-:-FC02,8553.7365484182
COBB-:-MABLETON 2A,COBB-:-MABLETON 2B,13366.900856353703
COBB-:-MABLETON 2A,FULTON-:-09B,2905.2252722010144
COBB-:-MABLETON 2A,COBB-:-MABLETON 3A,5316.511451127729
COBB-:-MABLETON 2A,FULTON-:-SC14B,2334.9909004427363
COBB-:-MABLETON 2A,COBB-:-MABLETON 3B,13749.253309588796
COBB-:-MABLETON 2A,COBB-:-MABLETON 3C,6770.843128288891
COBB-:-MABLETON 2A,COBB-:-MABLETON 4C,3391.420621715401
COBB-:-MABLETON 3A,COBB-:-MABLETON 5B,9416.553656112364
COBB-:-MABLETON 3A,COBB-:-MABLETON 3B,6080.619383269576
COBB-:-MABLETON 3A,COBB-:-MABLETON 4B,3977.084514217356
COBB-:-MABLETON 3B,COBB-:-MABLETON 3C,12296.796102147917
COBB-:-MABLETON 3B,COBB-:-MABLETON 4C,5181.607111880225
COBB-:-MABLETON 3B,COBB-:-MABLETON 4B,796.7969593928804
COBB-:-MABLETON 3C,COBB-:-MABLETON 4C,10244.79450938849
COBB-:-MABLETON 4A,COBB-:-MABLETON 5B,3191.250362441383
COBB-:-MABLETON 4A,COBB-:-MABLETON 5A,5508.456951797472
COBB-:-MABLETON 4A,COBB-:-MABLETON 6B,12407.934843848596
COBB-:-MABLETON 4A,COBB-:-SMYRNA 7A,7477.984504933226
COBB-:-MABLETON 4A,COBB-:-MABLETON 4B,12305.133086453037
COBB-:-MABLETON 4A,COBB-:-SMYRNA 4A,10628.375560033675
COBB-:-MABLETON 4B,COBB-:-MABLETON 5B,5716.040643550267
COBB-:-MABLETON 4B,COBB-:-MABLETON 4C,9601.20190750652
COBB-:-MABLETON 4B,COBB-:-SMYRNA 7A,5934.962670068477
COBB-:-MABLETON 4C,COBB-:-SMYRNA 7A,61442.8855235828
COBB-:-MABLETON 5A,COBB-:-MABLETON 5B,16240.828070958796
COBB-:-MABLETON 5A,COBB-:-MABLETON 6B,4541.813177199174
COBB-:-MABLETON 5A,COBB-:-MABLETON 6A,8078.7325830127675
COBB-:-MABLETON 6A,COBB-:-MABLETON 6B,6187.304842253099
COBB-:-MABLETON 6A,COBB-:-POWDER SPRINGS 2A,423.8264542003612
COBB-:-MABLETON 6A,COBB-:-OREGON 02,10297.120337705606
COBB-:-MABLETON 6A,COBB-:-OREGON 04,1147.5299489447098
COBB-:-MABLETON 6B,COBB-:-OREGON 02,1038.8725645816578
COBB-:-MABLETON 6B,COBB-:-SMYRNA 4A,1738.231149537194
COBB-:-MABLETON 6B,COBB-:-SMYRNA 3B,1023.962791374066
COBB-:-MABRY 01,COBB-:-ROCKY MOUNT 01,1342.7488914645776
COBB-:-MABRY 01,COBB-:-POST OAK 01,5627.99412224157
COBB-:-MACLAND 01,COBB-:-POWDER SPRINGS 3A,4867.436036044245
COBB-:-MACLAND 01,COBB-:-POWDER SPRINGS 2A,10108.754585514995
COBB-:-MACLAND 01,COBB-:-MCEACHERN 01,7523.018156921984
COBB-:-MACLAND 01,COBB-:-OREGON 04,8614.397382227951
COBB-:-MACLAND 01,COBB-:-OREGON 05,8775.320818676624
COBB-:-MARIETTA 1A,COBB-:-OREGON 03,10288.816513415562
COBB-:-MARIETTA 1A,COBB-:-MARIETTA 3B,4731.236649707726
COBB-:-MARIETTA 1A,COBB-:-MARIETTA 3A,3132.847094381438
COBB-:-MARIETTA 1A,COBB-:-MARIETTA 7A,24295.457328588367
COBB-:-MARIETTA 1A,COBB-:-MARIETTA 5A,20820.123625599026
COBB-:-MARIETTA 1A,COBB-:-MARIETTA 5B,2379.569462160852
COBB-:-MARIETTA 2A,COBB-:-MARIETTA 2B,2394.4708873186064
COBB-:-MARIETTA 2A,COBB-:-OREGON 03,7922.211756313509
COBB-:-MARIETTA 2A,COBB-:-MARIETTA 3A,10488.96949886584
COBB-:-MARIETTA 2A,COBB-:-MARIETTA 4C,5327.015012644244
COBB-:-MARIETTA 2B,COBB-:-OREGON 03,49237.43746136994
COBB-:-MARIETTA 2B,COBB-:-MARIETTA 3B,13790.926947831931
COBB-:-MARIETTA 2B,COBB-:-MARIETTA 3A,9813.213835024413
COBB-:-MARIETTA 3A,COBB-:-MARIETTA 3B,1012.7199786046349
COBB-:-MARIETTA 3A,COBB-:-MARIETTA 5A,13324.188376264414
COBB-:-MARIETTA 3A,COBB-:-MARIETTA 4A,10701.602518307678
COBB-:-MARIETTA 3A,COBB-:-MARIETTA 4B,868.1052909613837
COBB-:-MARIETTA 3A,COBB-:-MARIETTA 4C,2625.9031249391805
COBB-:-MARIETTA 3B,COBB-:-OREGON 03,20281.365970846335
COBB-:-MARIETTA 4A,COBB-:-MARIETTA 4B,5533.3373228150285
COBB-:-MARIETTA 4A,COBB-:-MARIETTA 5B,4182.500662714237
COBB-:-MARIETTA 4A,COBB-:-MARIETTA 4C,1086.0169182629613
COBB-:-MARIETTA 4B,COBB-:-MARIETTA 5A,6062.898255020669
COBB-:-MARIETTA 4B,COBB-:-MARIETTA 5B,14318.70745912023
COBB-:-MARIETTA 4C,COBB-:-PINE MOUNTAIN 01,4771.085282737836
COBB-:-MARIETTA 4C,COBB-:-PINE MOUNTAIN 02,45274.70811454407
COBB-:-MARIETTA 5A,COBB-:-MARIETTA 7A,11509.099177490676
COBB-:-MARIETTA 5A,COBB-:-SEWELL MILL 03,17320.898312470013
COBB-:-MARIETTA 5A,COBB-:-MARIETTA 6A,3243.6096294780928
COBB-:-MARIETTA 5A,COBB-:-MARIETTA 5B,7351.209527419766
COBB-:-MARIETTA 5B,COBB-:-MARIETTA 7A,1798.799770600561
COBB-:-MARIETTA 5B,COBB-:-MARIETTA 6A,11962.290998314667
COBB-:-MARIETTA 5B,COBB-:-MARIETTA 6B,12810.543020511055
COBB-:-MARIETTA 6A,COBB-:-TERRELL MILL 01,13840.08701350617
COBB-:-MARIETTA 6A,COBB-:-MARIETTA 7A,21061.414685043503
COBB-:-MARIETTA 6A,COBB-:-POWERS FERRY 01,19416.18335804911
COBB-:-MARIETTA 6A,COBB-:-SEWELL MILL 03,20205.909161828517
COBB-:-MARIETTA 6A,COBB-:-MARIETTA 6B,5599.832357067442
COBB-:-MARIETTA 6B,COBB-:-SEWELL MILL 03,466.33788714696533
COBB-:-MARIETTA 7A,COBB-:-SMYRNA 1A,8019.014367011913
COBB-:-MARIETTA 7A,COBB-:-TERRELL MILL 01,14803.149497497796
COBB-:-MARIETTA 7A,COBB-:-POWERS FERRY 01,15017.12887052658
COBB-:-MARIETTA 7A,COBB-:-SEWELL MILL 03,4801.261762888408
COBB-:-MARS HILL 01,COBB-:-NORTH COBB 01,218.2551234247245
COBB-:-MARS HILL 01,PAULDING-:-RUSSOM ELEMENTARY,18005.92702374223
COBB-:-MARS HILL 02,COBB-:-MCCLURE 01,9124.971559820116
COBB-:-MCCLESKEY 01,COBB-:-NICHOLSON 01,8336.64227626173
COBB-:-MCCLESKEY 01,COBB-:-ROCKY MOUNT 01,5586.593780998511
COBB-:-MCEACHERN 01,COBB-:-POWDER SPRINGS 3A,16825.36868051858
COBB-:-MCEACHERN 01,COBB-:-POWDER SPRINGS 2A,18577.546465152336
COBB-:-MCEACHERN 01,COBB-:-POWDER SPRINGS 1A,63718.35687541145
COBB-:-MCEACHERN 01,PAULDING-:-THE EVENTS PLACE,858.9255390293051
COBB-:-MCEACHERN 01,PAULDING-:-TABERNACLE BAPTIST CHURCH,8031.770262180247
COBB-:-MT. BETHEL 01,FULTON-:-SS18B,3305.0561898548413
COBB-:-MT. BETHEL 01,COBB-:-MT. BETHEL 03,14536.877039195639
COBB-:-MT. BETHEL 01,COBB-:-TIMBER RIDGE 01,9930.744924564948
COBB-:-MT. BETHEL 01,FULTON-:-SS19B,3366.734948987043
COBB-:-MT. BETHEL 01,FULTON-:-SS19A,4054.7440377870657
COBB-:-MT. BETHEL 01,FULTON-:-SS22,8394.481330845925
COBB-:-MT. BETHEL 01,FULTON-:-RW11B,974.1387648875502
COBB-:-MT. BETHEL 03,COBB-:-SOPE CREEK 03,3026.4742023579406
COBB-:-MT. BETHEL 03,FULTON-:-SS18A,1932.3892356486474
COBB-:-MT. BETHEL 03,COBB-:-MT. BETHEL 04,8327.585681114764
COBB-:-MT. BETHEL 03,FULTON-:-SS18B,2541.7648561300534
COBB-:-MT. BETHEL 04,COBB-:-SOPE CREEK 03,9531.996984409992
COBB-:-MT. BETHEL 04,COBB-:-SOPE CREEK 02,5154.24737636633
COBB-:-MT. BETHEL 04,COBB-:-SOPE CREEK 01,5867.456847354888
COBB-:-MURDOCK 01,COBB-:-ROSWELL 02,3546.1179960817835
COBB-:-MURDOCK 01,COBB-:-SEWELL MILL 01,9915.401551951587
COBB-:-MURDOCK 01,COBB-:-SANDY PLAINS 01,2827.5581121036143
COBB-:-NICHOLSON 01,COBB-:-ROCKY MOUNT 01,5332.593667532479
COBB-:-NICKAJACK 01,FULTON-:-09K1,2446.0813096708252
COBB-:-NICKAJACK 01,FULTON-:-09A,1901.287104256418
COBB-:-NICKAJACK 01,FULTON-:-09M,9936.903502803407
COBB-:-NICKAJACK 01,COBB-:-SMYRNA 7A,18918.013900227503
COBB-:-NICKAJACK 01,COBB-:-OAKDALE 01,3089.978514097373
COBB-:-NICKAJACK 01,COBB-:-SMYRNA 4A,4208.816850650116
COBB-:-NICKAJACK 01,COBB-:-SMYRNA 6A,4210.7432963151105
COBB-:-NICKAJACK 01,COBB-:-VININGS 04,5826.512188631022
COBB-:-NICKAJACK 01,COBB-:-VININGS 03,10319.662198778326
COBB-:-NORTON PARK 01,COBB-:-SMYRNA 4A,2355.4934345312104
COBB-:-NORTON PARK 01,COBB-:-SMYRNA 3B,23643.792221247775
COBB-:-NORTON PARK 01,COBB-:-SMYRNA 5A,37808.91354689405
COBB-:-OAKDALE 01,COBB-:-SMYRNA 7A,20043.34349163098
COBB-:-OAKDALE 01,COBB-:-SMYRNA 4A,30598.093740683395
COBB-:-OAKDALE 01,COBB-:-SMYRNA 6A,46061.87792629827
COBB-:-OAKDALE 01,COBB-:-VININGS 03,4932.78415699182
COBB-:-OAKDALE 01,COBB-:-VININGS 02,2207.2820428301384
COBB-:-OREGON 02,COBB-:-OREGON 04,10323.084024834625
COBB-:-OREGON 04,COBB-:-OREGON 05,1538.3718210758916
COBB-:-PINE MOUNTAIN 01,COBB-:-PINE MOUNTAIN 02,13063.275047738989
COBB-:-PITNER 01,COBB-:-WADE GREEN 01,6401.939005913529
COBB-:-POPE 01,COBB-:-SANDY PLAINS 01,8486.64455562003
COBB-:-POPE 01,COBB-:-SIMPSON 01,2277.3451071169957
COBB-:-POPE 01,COBB-:-SHALLOWFORD FALLS 01,1738.238283293331
COBB-:-POST OAK 01,COBB-:-WILLEO 01,5837.923869478063
COBB-:-POST OAK 01,FULTON-:-RW09,4350.385989035046
COBB-:-POWDER SPRINGS 1A,COBB-:-SWEETWATER 01,48023.20498987364
COBB-:-POWDER SPRINGS 1A,COBB-:-POWDER SPRINGS 3A,10121.144245955624
COBB-:-POWDER SPRINGS 1A,PAULDING-:-THE EVENTS PLACE,2977.1922196587175
COBB-:-POWDER SPRINGS 2A,COBB-:-POWDER SPRINGS 3A,13601.81239817807
COBB-:-POWDER SPRINGS 3A,COBB-:-SWEETWATER 01,1940.791101861333
COBB-:-POWERS FERRY 01,COBB-:-TERRELL MILL 01,4474.8011951908065
COBB-:-ROSWELL 01,COBB-:-TIMBER RIDGE 01,4429.9226877985175
COBB-:-ROSWELL 01,COBB-:-ROSWELL 02,4440.351881245795
COBB-:-ROSWELL 01,FULTON-:-RW02,12264.907930708436
COBB-:-ROSWELL 01,COBB-:-SHALLOWFORD FALLS 01,5533.654551172854
COBB-:-ROSWELL 01,FULTON-:-RW01,6826.3783961550835
COBB-:-ROSWELL 02,COBB-:-TIMBER RIDGE 01,1127.2540788518138
COBB-:-SANDY PLAINS 01,COBB-:-SIMPSON 01,6420.524376473863
COBB-:-SEWELL MILL 01,COBB-:-SEWELL MILL 03,2547.6335951716633
COBB-:-SEWELL MILL 03,COBB-:-SOPE CREEK 01,1880.6287509590852
COBB-:-SHALLOWFORD FALLS 01,FULTON-:-RW01,1867.627884523483
COBB-:-SHALLOWFORD FALLS 01,COBB-:-WILLEO 01,12508.929098081364
COBB-:-SMYRNA 1A,COBB-:-SMYRNA 6A,7410.09635725577
COBB-:-SMYRNA 1A,COBB-:-VININGS 02,12191.390156692325
COBB-:-SMYRNA 1A,COBB-:-SMYRNA 2A,17039.70551469652
COBB-:-SMYRNA 1A,COBB-:-SMYRNA 3A,1259.6656756017521
COBB-:-SMYRNA 2A,COBB-:-VININGS 02,938.4933939215568
COBB-:-SMYRNA 2A,COBB-:-SMYRNA 3A,8426.747466636461
COBB-:-SMYRNA 3A,COBB-:-SMYRNA 3B,4639.583561635842
COBB-:-SMYRNA 3A,COBB-:-SMYRNA 5A,10379.096085739746
COBB-:-SMYRNA 3B,COBB-:-SMYRNA 4A,17601.72515851716
COBB-:-SMYRNA 3B,COBB-:-SMYRNA 6A,10749.512214138864
COBB-:-SMYRNA 3B,COBB-:-SMYRNA 5A,5983.88334745119
COBB-:-SMYRNA 4A,COBB-:-SMYRNA 7A,7465.276376535433
COBB-:-SMYRNA 4A,COBB-:-SMYRNA 6A,6854.788052115017
COBB-:-SMYRNA 6A,COBB-:-SMYRNA 7A,559.7267195291149
COBB-:-SMYRNA 7A,FULTON-:-09B,5728.720552540637
COBB-:-SMYRNA 7A,FULTON-:-09K1,422.6178786172101
COBB-:-SOPE CREEK 02,FULTON-:-SS16,4176.240813063743
COBB-:-SOPE CREEK 02,COBB-:-SOPE CREEK 03,15682.154383364998
COBB-:-SOPE CREEK 02,COBB-:-TERRELL MILL 01,9263.377212204452
COBB-:-SOPE CREEK 03,FULTON-:-SS16,17560.69332550348
COBB-:-SWEETWATER 01,PAULDING-:-DOBBINS MIDDLE SCHOOL,2729.5470479077985
COBB-:-SWEETWATER 01,PAULDING-:-TAYLOR FARM PARK,11726.818261496133
COBB-:-SWEETWATER 01,PAULDING-:-POPLAR SPRINGS BAPTIST,3826.3803828975074
COBB-:-SWEETWATER 01,PAULDING-:-THE EVENTS PLACE,281.22325233116203
COBB-:-TIMBER RIDGE 01,FULTON-:-RW11A,5651.332386299132
COBB-:-VAUGHAN 01,PAULDING-:-E PAULDING MIDDLE SCHOOL,14440.563500484426
COBB-:-VININGS 01,FULTON-:-08A,3424.8990596166336
COBB-:-VININGS 01,COBB-:-VININGS 04,11066.162054838307
COBB-:-VININGS 01,COBB-:-VININGS 02,10166.528877862784
COBB-:-VININGS 02,COBB-:-VININGS 04,2706.200909992832
COBB-:-VININGS 02,COBB-:-VININGS 03,7131.05418415431
COBB-:-VININGS 03,COBB-:-VININGS 04,13217.187481461673
COBB-:-VININGS 04,FULTON-:-09A,787.0433042291164
COBB-:-VININGS 04,FULTON-:-08F2,468.28407034045995
COBB-:-VININGS 04,FULTON-:-08A,3562.6714004722107
COBB-:-VININGS 04,FULTON-:-08E,12667.000938085197
COBB-:-WADE GREEN 01,COBB-:-WADE GREEN 02,12764.68600421607
COBB-:-WILLEO 01,FULTON-:-RW01,8445.593624072219
COFFEE-:-AMBROSE,COFFEE-:-BRIDGETOWN,42882.781739241764
COFFEE-:-AMBROSE,COFFEE-:-DOUGLAS,70462.57756931754
COFFEE-:-AMBROSE,IRWIN-:-OCILLA,90743.09838093557
COFFEE-:-AMBROSE,COFFEE-:-BROXTON,46662.163131227746
COFFEE-:-BRIDGETOWN,COFFEE-:-DOUGLAS,30683.048064307164
COFFEE-:-BRIDGETOWN,IRWIN-:-OCILLA,11477.90424200056
COFFEE-:-BROXTON,COFFEE-:-WEST GREEN,47629.82689360097
COFFEE-:-BROXTON,COFFEE-:-DOUGLAS,57648.38365627968
COFFEE-:-BROXTON,IRWIN-:-OCILLA,4127.399771999374
COFFEE-:-BROXTON,JEFF DAVIS-:-OCMULGEE 2,59733.64426656159
COFFEE-:-BROXTON,TELFAIR-:-JACKSONVILLE,103577.24637851254
COFFEE-:-DOUGLAS,COFFEE-:-NICHOLLS,100994.1410426942
COFFEE-:-DOUGLAS,COFFEE-:-WEST GREEN,23848.69456894478
COFFEE-:-NICHOLLS,WARE-:-404 - BICKLEY UM CHURCH,47922.58095578427
COFFEE-:-NICHOLLS,COFFEE-:-WEST GREEN,50301.18996176432
COFFEE-:-WEST GREEN,JEFF DAVIS-:-BLACKBURN 2,1402.7001948259262
COFFEE-:-WEST GREEN,JEFF DAVIS-:-WHITEHEAD 2,54523.264871676554
COFFEE-:-WEST GREEN,JEFF DAVIS-:-OCMULGEE 2,2180.817007075417
COLQUITT-:-AUTREYVILLE,THOMAS-:-PAVO,23024.87375593063
COLQUITT-:-AUTREYVILLE,COLQUITT-:-MURPHY,28792.75665724252
COLQUITT-:-AUTREYVILLE,COLQUITT-:-ROBINSON,6351.30825141299
COLQUITT-:-AUTREYVILLE,COLQUITT-:-HOPEWELL,47927.81839486729
COLQUITT-:-AUTREYVILLE,COLQUITT-:-MOULTRIE,59256.773954817276
COLQUITT-:-BRIDGECREEK,COLQUITT-:-MURPHY,57720.49538984599
COLQUITT-:-BRIDGECREEK,COLQUITT-:-MOULTRIE,38903.439277454556
COLQUITT-:-BRIDGECREEK,COLQUITT-:-FUNSTON,38769.1848892811
COLQUITT-:-BRIDGECREEK,THOMAS-:-LITTLE OCHLOCKNEE BAPTIST,3888.999250254796
COLQUITT-:-BRIDGECREEK,COLQUITT-:-HAMILTON,56967.094384908974
COLQUITT-:-CROSLAND,COLQUITT-:-WARRIOR,2786.2384053872825
COLQUITT-:-CROSLAND,COLQUITT-:-TYTY,35865.026945895974
COLQUITT-:-CROSLAND,COLQUITT-:-NORMAN PARK,60172.577827881214
COLQUITT-:-CROSLAND,WORTH-:-SCOOTERVILLE,20719.34916554304
COLQUITT-:-CROSLAND,TIFT-:-OMEGA,9136.340654691761
COLQUITT-:-DOERUN,COLQUITT-:-MONK,13969.87877581445
COLQUITT-:-DOERUN,COLQUITT-:-MILLCREEK,31651.864179067077
COLQUITT-:-DOERUN,WORTH-:-MINTON,10054.339808753633
COLQUITT-:-DOERUN,COLQUITT-:-THIGPEN,34153.16123171917
COLQUITT-:-DOERUN,WORTH-:-BRIDGEBORO,13297.40782170632
COLQUITT-:-FUNSTON,COLQUITT-:-MOULTRIE,395.44040830254346
COLQUITT-:-FUNSTON,COLQUITT-:-SHAW,34853.02807838643
COLQUITT-:-FUNSTON,COLQUITT-:-MILLCREEK,31959.226765526382
COLQUITT-:-FUNSTON,COLQUITT-:-HARTSFIELD,27644.57591040562
COLQUITT-:-HAMILTON,THOMAS-:-LITTLE OCHLOCKNEE BAPTIST,16343.30622106833
COLQUITT-:-HAMILTON,MITCHELL-:-HINSONTON,16957.884481504563
COLQUITT-:-HAMILTON,COLQUITT-:-HARTSFIELD,24317.135509671476
COLQUITT-:-HAMILTON,THOMAS-:-MEIGS,19564.157751191764
COLQUITT-:-HAMILTON,MITCHELL-:-COTTON,16380.648306336207
COLQUITT-:-HARTSFIELD,MITCHELL-:-HINSONTON,26109.70434773802
COLQUITT-:-HARTSFIELD,MITCHELL-:-SALE CITY,13853.20592535815
COLQUITT-:-HARTSFIELD,COLQUITT-:-THIGPEN,26260.65374314066
COLQUITT-:-HOPEWELL,COLQUITT-:-ROBINSON,34424.53133385578
COLQUITT-:-HOPEWELL,COLQUITT-:-LEE,2474.1102033788734
COLQUITT-:-HOPEWELL,COLQUITT-:-MOULTRIE,36477.04610993843
COLQUITT-:-LEE,COOK-:-NEW LIFE BAPTIST CHURCH,26863.67147898944
COLQUITT-:-LEE,COLQUITT-:-ROBINSON,52211.00585496732
COLQUITT-:-LEE,COOK-:-RIVERBEND,19643.582452916016
COLQUITT-:-LEE,COLQUITT-:-WARRIOR,47411.90717214999
COLQUITT-:-LEE,COLQUITT-:-MOULTRIE,35006.0893435483
COLQUITT-:-LEE,COLQUITT-:-NORMAN PARK,20848.53553547033
COLQUITT-:-LEE,COLQUITT-:-MONK,4272.517875938914
COLQUITT-:-MILLCREEK,COLQUITT-:-MONK,34634.94965879786
COLQUITT-:-MILLCREEK,COLQUITT-:-THIGPEN,10063.725265698671
COLQUITT-:-MONK,COLQUITT-:-MOULTRIE,5703.25391014172
COLQUITT-:-MONK,COLQUITT-:-SHAW,53575.12657616229
COLQUITT-:-MONK,COLQUITT-:-NORMAN PARK,56792.41554938493
COLQUITT-:-MONK,WORTH-:-MINTON,33011.41451782238
COLQUITT-:-MOULTRIE,COLQUITT-:-MURPHY,31389.978464304433
COLQUITT-:-MOULTRIE,COLQUITT-:-SHAW,33437.0766805084
COLQUITT-:-MURPHY,THOMAS-:-COOLIDGE,43329.98663575473
COLQUITT-:-NORMAN PARK,COLQUITT-:-WARRIOR,63733.894611567855
COLQUITT-:-NORMAN PARK,WORTH-:-SCOOTERVILLE,26821.495807485586
COLQUITT-:-ROBINSON,COOK-:-NEW LIFE BAPTIST CHURCH,5252.242144602808
COLQUITT-:-THIGPEN,MITCHELL-:-SALE CITY,12668.804517353474
COLQUITT-:-THIGPEN,WORTH-:-BRIDGEBORO,13503.987537817715
COLQUITT-:-THIGPEN,MITCHELL-:-LESTER,14566.977633722201
COLQUITT-:-TYTY,COLQUITT-:-WARRIOR,29883.878941089293
COLQUITT-:-TYTY,COOK-:-LENOX,42057.49644728743
COLQUITT-:-TYTY,TIFT-:-OMEGA,35081.944965004855
COLQUITT-:-WARRIOR,COOK-:-RIVERBEND,42292.02026202083
COLQUITT-:-WARRIOR,COOK-:-LENOX,1368.6245327616577
COLUMBIA-:-ABILENE BAPTIST,COLUMBIA-:-TRINITY BAPT CHURCH,4114.216365598291
COLUMBIA-:-ABILENE BAPTIST,COLUMBIA-:-WESTMINSTER PRESB CHURCH,8168.998569853793
COLUMBIA-:-ABILENE BAPTIST,RICHMOND-:-308,8067.200018804312
COLUMBIA-:-ABILENE BAPTIST,COLUMBIA-:-MARTINEZ BAPTIST,3462.3116524644042
COLUMBIA-:-ABILENE BAPTIST,COLUMBIA-:-CHURCH OF OUR SAVIOR,6107.003733311408
COLUMBIA-:-ABILENE BAPTIST,COLUMBIA-:-COLUMBIA CO. FIRE HDQTR,3178.4262048522373
COLUMBIA-:-ACS-FURYS FERRY RD CAMPUS,COLUMBIA-:-AUGUSTA CHRISTIAN,8546.804993406959
COLUMBIA-:-ACS-FURYS FERRY RD CAMPUS,RICHMOND-:-707,3810.1965127346452
COLUMBIA-:-ACS-FURYS FERRY RD CAMPUS,COLUMBIA-:-SAVANNAH RAPIDS PAVILION,3690.4282592491504
COLUMBIA-:-ACS-FURYS FERRY RD CAMPUS,COLUMBIA-:-STEVENS CREEK CHURCH,8323.42141389928
COLUMBIA-:-AUGUSTA CHRISTIAN,COLUMBIA-:-MARTINEZ BAPTIST,8189.488079873023
COLUMBIA-:-AUGUSTA CHRISTIAN,RICHMOND-:-707,2883.2069346211874
COLUMBIA-:-AUGUSTA CHRISTIAN,COLUMBIA-:-CCBOE-SUPPORT COMPLEX,8863.580008897106
COLUMBIA-:-BELAIR BAPTIST CHURCH,COLUMBIA-:-G A APOSTOLIC CHURCH,6429.236885802644
COLUMBIA-:-BELAIR BAPTIST CHURCH,COLUMBIA-:-BLANCHARD PARK,7428.898926597923
COLUMBIA-:-BELAIR BAPTIST CHURCH,COLUMBIA-:-WOODLAWN BAPT CHURCH,6709.53286434876
COLUMBIA-:-BELAIR BAPTIST CHURCH,COLUMBIA-:-TRINITY BAPT CHURCH,3163.4796643443265
COLUMBIA-:-BLANCHARD PARK,COLUMBIA-:-G A APOSTOLIC CHURCH,4139.829358400491
COLUMBIA-:-BLANCHARD PARK,COLUMBIA-:-TRINITY BAPT CHURCH,4732.818841389818
COLUMBIA-:-BLANCHARD PARK,COLUMBIA-:-WESTMINSTER PRESB CHURCH,5935.172828048726
COLUMBIA-:-CCBOE-SUPPORT COMPLEX,COLUMBIA-:-MARTINEZ BAPTIST,2695.0162863881965
COLUMBIA-:-CCBOE-SUPPORT COMPLEX,COLUMBIA-:-COLUMBIA CO. FIRE HDQTR,6104.208868748529
COLUMBIA-:-CCBOE-SUPPORT COMPLEX,COLUMBIA-:-COL CTY MAIN LIBRARY,2613.2214886831425
COLUMBIA-:-CCBOE-SUPPORT COMPLEX,COLUMBIA-:-SAVANNAH RAPIDS PAVILION,5133.74103323757
COLUMBIA-:-CCBOE-SUPPORT COMPLEX,COLUMBIA-:-CHRIST THE KING CHURCH,10288.181857870024
COLUMBIA-:-CHRIST CHURCH PRESBYTERIAN,COLUMBIA-:-WESLEY METHODIST,6852.949542923905
COLUMBIA-:-CHRIST CHURCH PRESBYTERIAN,COLUMBIA-:-GOSPEL WATER BRANCH,7707.559652046435
COLUMBIA-:-CHRIST CHURCH PRESBYTERIAN,COLUMBIA-:-JOURNEY COMM CHURCH,9575.90083322333
COLUMBIA-:-CHRIST SANCTIFIED,COLUMBIA-:-TRINITY BAPT CHURCH,5145.122478869547
COLUMBIA-:-CHRIST SANCTIFIED,COLUMBIA-:-HARVEST POINTE FELLOWSHIP,5459.67882897625
COLUMBIA-:-CHRIST SANCTIFIED,COLUMBIA-:-WEST ACRES BAPTIST,4338.072536153583
COLUMBIA-:-CHRIST SANCTIFIED,COLUMBIA-:-LEWIS METHODIST,14357.945128637093
COLUMBIA-:-CHRIST SANCTIFIED,COLUMBIA-:-COL CTY BOARD OF EDU,10586.864225442072
COLUMBIA-:-CHRIST THE KING CHURCH,COLUMBIA-:-COL CTY MAIN LIBRARY,6813.629083362177
COLUMBIA-:-CHRIST THE KING CHURCH,COLUMBIA-:-WESLEY METHODIST,4798.62808113694
COLUMBIA-:-CHRIST THE KING CHURCH,COLUMBIA-:-GOSPEL WATER BRANCH,6661.617180133158
COLUMBIA-:-CHURCH OF OUR SAVIOR,COLUMBIA-:-TRINITY BAPT CHURCH,3091.6719179145352
COLUMBIA-:-CHURCH OF OUR SAVIOR,COLUMBIA-:-COLUMBIA CO. FIRE HDQTR,5355.484012855604
COLUMBIA-:-CHURCH OF OUR SAVIOR,COLUMBIA-:-HARVEST POINTE FELLOWSHIP,10490.095769831742
COLUMBIA-:-COL CTY BOARD OF EDU,COLUMBIA-:-WEST ACRES BAPTIST,7517.018283246877
COLUMBIA-:-COL CTY BOARD OF EDU,COLUMBIA-:-PATRIOTS PARK,8591.61381790588
COLUMBIA-:-COL CTY BOARD OF EDU,COLUMBIA-:-PARKWAY BAPTIST CHURCH,8813.418811508402
COLUMBIA-:-COL CTY BOARD OF EDU,COLUMBIA-:-JOURNEY COMM CHURCH,5663.154361133911
COLUMBIA-:-COL CTY BOARD OF EDU,COLUMBIA-:-GRACE BAPTIST CHURCH,6189.119436051611
COLUMBIA-:-COL CTY MAIN LIBRARY,COLUMBIA-:-HARVEST POINTE FELLOWSHIP,3263.658110288461
COLUMBIA-:-COL CTY MAIN LIBRARY,COLUMBIA-:-WEST ACRES BAPTIST,6716.147950849217
COLUMBIA-:-COL CTY MAIN LIBRARY,COLUMBIA-:-WESLEY METHODIST,10283.530873149646
COLUMBIA-:-COL CTY MAIN LIBRARY,COLUMBIA-:-JOURNEY COMM CHURCH,4323.895610795223
COLUMBIA-:-COLUMBIA CO. FIRE HDQTR,COLUMBIA-:-MARTINEZ BAPTIST,7760.107073645061
COLUMBIA-:-COLUMBIA CO. FIRE HDQTR,COLUMBIA-:-HARVEST POINTE FELLOWSHIP,4294.204386383699
COLUMBIA-:-COLUMBIA CO. HEALTH DEPT.,COLUMBIA-:-FORMER EUCHEE CREEK LIBRARY,16398.261356377065
COLUMBIA-:-COLUMBIA CO. HEALTH DEPT.,COLUMBIA-:-NEW LIFE CHURCH,2019.6759063710529
COLUMBIA-:-COLUMBIA CO. HEALTH DEPT.,COLUMBIA-:-MACEDONIA CHURCH OF GROVETOWN,6539.327466143765
COLUMBIA-:-COLUMBIA CO. HEALTH DEPT.,COLUMBIA-:-STEVENS CREEK CHURCH-GROVETOWN,6380.746453433102
COLUMBIA-:-COLUMBIA CO. HEALTH DEPT.,COLUMBIA-:-KIOKEE BAPT CHURCH,19404.91971837665
COLUMBIA-:-COLUMBIA CO. HEALTH DEPT.,COLUMBIA-:-PARKWAY ELEMENTARY,3575.2037990011104
COLUMBIA-:-DAMASCUS BAPT CHURCH,COLUMBIA-:-SECOND MT. CARMEL BAPTIST CHURCH,136424.8079095569
COLUMBIA-:-DAMASCUS BAPT CHURCH,COLUMBIA-:-EUBANK/BLANCHARD CTR,99801.15455774704
COLUMBIA-:-DAMASCUS BAPT CHURCH,LINCOLN-:-MARTINS CROSSROAD,44149.029234734066
COLUMBIA-:-EUBANK/BLANCHARD CTR,COLUMBIA-:-KIOKEE BAPT CHURCH,47697.367641534736
COLUMBIA-:-EUBANK/BLANCHARD CTR,MCDUFFIE-:-NMCDUFFIE,32362.454663961835
COLUMBIA-:-EUBANK/BLANCHARD CTR,COLUMBIA-:-SECOND MT. CARMEL BAPTIST CHURCH,15794.178794985442
COLUMBIA-:-EUBANK/BLANCHARD CTR,LINCOLN-:-TABERNACLE,58114.973855971955
COLUMBIA-:-FORMER EUCHEE CREEK LIBRARY,COLUMBIA-:-LIBERTY PARK-GROVETOWN,2153.06018406082
COLUMBIA-:-FORMER EUCHEE CREEK LIBRARY,COLUMBIA-:-HARLEM BRANCH LIBRARY,28817.41040777656
COLUMBIA-:-FORMER EUCHEE CREEK LIBRARY,COLUMBIA-:-GROVETOWN DEPT OF PUBLIC SAFETY STATION #2,23475.112562254984
COLUMBIA-:-FORMER EUCHEE CREEK LIBRARY,COLUMBIA-:-SECOND MOUNT MORIAH BAPTIST CHURCH,12384.5557295869
COLUMBIA-:-FORMER EUCHEE CREEK LIBRARY,COLUMBIA-:-GROVETOWN BRANCH LIBRARY,9560.484921915433
COLUMBIA-:-FORMER EUCHEE CREEK LIBRARY,COLUMBIA-:-NEW LIFE CHURCH,2480.4051816527044
COLUMBIA-:-FORMER EUCHEE CREEK LIBRARY,COLUMBIA-:-KIOKEE BAPT CHURCH,12277.20049179
COLUMBIA-:-G A APOSTOLIC CHURCH,COLUMBIA-:-GROVETOWN METHODIST,15232.388853851171
COLUMBIA-:-G A APOSTOLIC CHURCH,RICHMOND-:-310,17695.0552139448
COLUMBIA-:-G A APOSTOLIC CHURCH,COLUMBIA-:-GROVETOWN BRANCH LIBRARY,11073.074471361842
COLUMBIA-:-G A APOSTOLIC CHURCH,COLUMBIA-:-WOODLAWN BAPT CHURCH,10650.751963446144
COLUMBIA-:-G A APOSTOLIC CHURCH,COLUMBIA-:-WESTMINSTER PRESB CHURCH,3279.7586591982977
COLUMBIA-:-GOSPEL WATER BRANCH,COLUMBIA-:-SAVANNAH RAPIDS PAVILION,8052.994919465234
COLUMBIA-:-GOSPEL WATER BRANCH,COLUMBIA-:-STEVENS CREEK CHURCH,8151.382783253608
COLUMBIA-:-GOSPEL WATER BRANCH,COLUMBIA-:-WESLEY METHODIST,4416.203436053558
COLUMBIA-:-GRACE BAPTIST CHURCH,COLUMBIA-:-PARKWAY BAPTIST CHURCH,2929.8277344111807
COLUMBIA-:-GRACE BAPTIST CHURCH,COLUMBIA-:-PARKWAY ELEMENTARY,8600.756970578843
COLUMBIA-:-GRACE BAPTIST CHURCH,COLUMBIA-:-JOURNEY COMM CHURCH,19019.890806152467
COLUMBIA-:-GRACE BAPTIST CHURCH,COLUMBIA-:-SECOND MT. CARMEL BAPTIST CHURCH,22537.99106475004
COLUMBIA-:-GROVETOWN BRANCH LIBRARY,COLUMBIA-:-LIBERTY PARK-GROVETOWN,2986.835607362744
COLUMBIA-:-GROVETOWN BRANCH LIBRARY,COLUMBIA-:-GROVETOWN METHODIST,4843.523526031856
COLUMBIA-:-GROVETOWN BRANCH LIBRARY,COLUMBIA-:-GROVETOWN DEPT OF PUBLIC SAFETY STATION #2,2798.520575185393
COLUMBIA-:-GROVETOWN BRANCH LIBRARY,COLUMBIA-:-NEW LIFE CHURCH,4581.907200923766
COLUMBIA-:-GROVETOWN DEPT OF PUBLIC SAFETY STATION #2,COLUMBIA-:-LIBERTY PARK-GROVETOWN,15682.71606903367
COLUMBIA-:-GROVETOWN METHODIST,COLUMBIA-:-LIBERTY PARK-GROVETOWN,7967.151338281925
COLUMBIA-:-GROVETOWN METHODIST,RICHMOND-:-310,6791.609484965042
COLUMBIA-:-HARLEM BRANCH LIBRARY,COLUMBIA-:-HARLEM SENIOR CENTER,27039.288063934542
COLUMBIA-:-HARLEM BRANCH LIBRARY,COLUMBIA-:-LIBERTY PARK-GROVETOWN,14987.769088111521
COLUMBIA-:-HARLEM BRANCH LIBRARY,MCDUFFIE-:-DEARING,7226.711612358709
COLUMBIA-:-HARLEM BRANCH LIBRARY,COLUMBIA-:-SECOND MOUNT MORIAH BAPTIST CHURCH,31784.778421360646
COLUMBIA-:-HARLEM SENIOR CENTER,RICHMOND-:-803,20525.534901794763
COLUMBIA-:-HARLEM SENIOR CENTER,MCDUFFIE-:-FORT CREEK,12974.317361355594
COLUMBIA-:-HARLEM SENIOR CENTER,COLUMBIA-:-LIBERTY PARK-GROVETOWN,6143.7220038595615
COLUMBIA-:-HARLEM SENIOR CENTER,MCDUFFIE-:-DEARING,18423.23137466492
COLUMBIA-:-HARVEST POINTE FELLOWSHIP,COLUMBIA-:-TRINITY BAPT CHURCH,2894.6679065688627
COLUMBIA-:-HARVEST POINTE FELLOWSHIP,COLUMBIA-:-WEST ACRES BAPTIST,7244.241319516793
COLUMBIA-:-JOURNEY COMM CHURCH,COLUMBIA-:-WEST ACRES BAPTIST,1789.0627121979649
COLUMBIA-:-JOURNEY COMM CHURCH,COLUMBIA-:-WESLEY METHODIST,17994.750912383854
COLUMBIA-:-KIOKEE BAPT CHURCH,COLUMBIA-:-SECOND MOUNT MORIAH BAPTIST CHURCH,26191.208740736387
COLUMBIA-:-KIOKEE BAPT CHURCH,MCDUFFIE-:-WHITE OAK,3842.628435214953
COLUMBIA-:-KIOKEE BAPT CHURCH,COLUMBIA-:-PARKWAY ELEMENTARY,29355.421144416832
COLUMBIA-:-KIOKEE BAPT CHURCH,MCDUFFIE-:-NMCDUFFIE,43103.88044199055
COLUMBIA-:-KIOKEE BAPT CHURCH,COLUMBIA-:-SECOND MT. CARMEL BAPTIST CHURCH,48647.206373557434
COLUMBIA-:-LEWIS METHODIST,COLUMBIA-:-NEW LIFE CHURCH,5088.324993509994
COLUMBIA-:-LEWIS METHODIST,COLUMBIA-:-WOODLAWN BAPT CHURCH,12942.576169264883
COLUMBIA-:-LEWIS METHODIST,COLUMBIA-:-MACEDONIA CHURCH OF GROVETOWN,1045.800165031756
COLUMBIA-:-LEWIS METHODIST,COLUMBIA-:-TRINITY BAPT CHURCH,2884.568136572168
COLUMBIA-:-LEWIS METHODIST,COLUMBIA-:-STEVENS CREEK CHURCH-GROVETOWN,2822.8745549709265
COLUMBIA-:-LEWIS METHODIST,COLUMBIA-:-PATRIOTS PARK,17297.319109200023
COLUMBIA-:-LIBERTY PARK-GROVETOWN,RICHMOND-:-803,8985.856310484412
COLUMBIA-:-LIBERTY PARK-GROVETOWN,RICHMOND-:-310,13017.216067846135
COLUMBIA-:-MACEDONIA CHURCH OF GROVETOWN,COLUMBIA-:-NEW LIFE CHURCH,6408.158976372988
COLUMBIA-:-MACEDONIA CHURCH OF GROVETOWN,COLUMBIA-:-STEVENS CREEK CHURCH-GROVETOWN,7558.5952841042745
COLUMBIA-:-MARTINEZ BAPTIST,RICHMOND-:-706,7216.067598329674
COLUMBIA-:-NEW LIFE CHURCH,COLUMBIA-:-WOODLAWN BAPT CHURCH,6812.7184080613815
COLUMBIA-:-PARKWAY BAPTIST CHURCH,COLUMBIA-:-PATRIOTS PARK,18330.712647632274
COLUMBIA-:-PARKWAY BAPTIST CHURCH,COLUMBIA-:-PARKWAY ELEMENTARY,23941.01143913457
COLUMBIA-:-PARKWAY ELEMENTARY,COLUMBIA-:-STEVENS CREEK CHURCH-GROVETOWN,2411.06391030211
COLUMBIA-:-PARKWAY ELEMENTARY,COLUMBIA-:-PATRIOTS PARK,4521.651574189525
COLUMBIA-:-PARKWAY ELEMENTARY,COLUMBIA-:-SECOND MT. CARMEL BAPTIST CHURCH,1395.186060914169
COLUMBIA-:-PATRIOTS PARK,COLUMBIA-:-STEVENS CREEK CHURCH-GROVETOWN,6716.6006795409785
COLUMBIA-:-SAVANNAH RAPIDS PAVILION,COLUMBIA-:-STEVENS CREEK CHURCH,18133.800498071843
COLUMBIA-:-SECOND MOUNT MORIAH BAPTIST CHURCH,MCDUFFIE-:-DEARING,26639.659460270123
COLUMBIA-:-SECOND MOUNT MORIAH BAPTIST CHURCH,MCDUFFIE-:-WHITE OAK,6381.875384139941
COLUMBIA-:-STEVENS CREEK CHURCH,RICHMOND-:-707,9989.717788953234
COLUMBIA-:-TRINITY BAPT CHURCH,COLUMBIA-:-WOODLAWN BAPT CHURCH,2408.1094358756623
COLUMBIA-:-TRINITY BAPT CHURCH,COLUMBIA-:-WESTMINSTER PRESB CHURCH,4330.863508892766
COLUMBIA-:-WESTMINSTER PRESB CHURCH,RICHMOND-:-310,6621.453559715259
COLUMBIA-:-WESTMINSTER PRESB CHURCH,RICHMOND-:-306,659.6335095691666
COLUMBIA-:-WESTMINSTER PRESB CHURCH,RICHMOND-:-308,788.9235997633907
COOK-:-CECIL,LOWNDES-:-TRAIN DEPOT,476.3999065955237
COOK-:-CECIL,COOK-:-NEW LIFE BAPTIST CHURCH,58444.968411836366
COOK-:-CECIL,LOWNDES-:-HISTORICAL SOCIETY,28413.621376724983
COOK-:-CECIL,COOK-:-DELLE BEAMGUARD,53146.92592760058
COOK-:-CECIL,COOK-:-ELM PINE,12777.676962285448
COOK-:-CECIL,COOK-:-RIVERBEND,3253.9005605041316
COOK-:-DELLE BEAMGUARD,COOK-:-ELM PINE,3228.076595873731
COOK-:-DELLE BEAMGUARD,COOK-:-RIVERBEND,6825.499051297223
COOK-:-DELLE BEAMGUARD,COOK-:-MASSEE,30763.419058969477
COOK-:-ELM PINE,COOK-:-SPARKS,8098.854766873257
COOK-:-ELM PINE,COOK-:-RIVERBEND,9909.349287195408
COOK-:-LENOX,COOK-:-RIVERBEND,31619.906898427544
COOK-:-LENOX,COOK-:-MASSEE,32794.84363336286
COOK-:-LENOX,TIFT-:-ELDORADO,31719.57868395902
COOK-:-MASSEE,COOK-:-RIVERBEND,32577.35179718663
COOK-:-NEW LIFE BAPTIST CHURCH,LOWNDES-:-TRAIN DEPOT,27743.99904784161
COOK-:-NEW LIFE BAPTIST CHURCH,COOK-:-RIVERBEND,36455.361299899625
COOK-:-RIVERBEND,COOK-:-SPARKS,44494.580445912274
COWETA-:-CANONGATE,FAYETTE-:-KEDRON,9481.077204793939
COWETA-:-CANONGATE,COWETA-:-THOMAS CROSSROADS,30654.444715857488
COWETA-:-CANONGATE,FAYETTE-:-RAREOVER,22845.670770704754
COWETA-:-CANONGATE,FAYETTE-:-SANDY CREEK,4256.245571468748
COWETA-:-CANONGATE,COWETA-:-MADRAS,37942.01629389273
COWETA-:-CANONGATE,FULTON-:-FA01D,9720.225275120929
COWETA-:-CANONGATE,FULTON-:-PA01,7023.6685350463285
COWETA-:-CENTRAL,COWETA-:-MORELAND,2928.776270960936
COWETA-:-CENTRAL,COWETA-:-PINE ROAD,2993.632734725693
COWETA-:-CENTRAL,COWETA-:-RAYMOND,11527.071883451066
COWETA-:-CENTRAL,COWETA-:-SMOKEY ROAD,9369.451874486516
COWETA-:-CENTRAL,COWETA-:-NEWNAN,7396.482906275945
COWETA-:-CENTRAL,COWETA-:-NEWNAN CENTRE,16623.875544759296
COWETA-:-CENTRAL,COWETA-:-GREENTOP,8677.119245018363
COWETA-:-COWETA CENTRAL LIBRARY,COWETA-:-SHARPSBURG,35237.402030709505
COWETA-:-COWETA CENTRAL LIBRARY,COWETA-:-WHITE OAK,10374.775672439842
COWETA-:-COWETA CENTRAL LIBRARY,COWETA-:-THOMAS CROSSROADS,19918.890890335104
COWETA-:-DRESDEN,HEARD-:-COOKSVILLE-CORINTH,12050.304803360239
COWETA-:-DRESDEN,COWETA-:-PINE ROAD,47162.96989939735
COWETA-:-DRESDEN,COWETA-:-WELCOME,46601.91585899448
COWETA-:-DRESDEN,HEARD-:-ENON GROVE,34941.37312842017
COWETA-:-EXPO CENTER,COWETA-:-NEWNAN,5877.0304707712685
COWETA-:-EXPO CENTER,COWETA-:-WESTSIDE,5090.358128761923
COWETA-:-EXPO CENTER,COWETA-:-WELCOME,1494.8663073446235
COWETA-:-EXPO CENTER,COWETA-:-GREENTOP,10680.274057759547
COWETA-:-EXPO CENTER,COWETA-:-NORTHSIDE,12707.543418024965
COWETA-:-EXPO CENTER,COWETA-:-PANTHER CREEK,13021.902812570168
COWETA-:-GRANTVILLE,MERIWETHER-:-LONE OAK,23384.48564512307
COWETA-:-GRANTVILLE,MERIWETHER-:-LUTHERSVILLE,9014.309109318177
COWETA-:-GRANTVILLE,TROUP-:-HOGANSVILLE,40665.72276938637
COWETA-:-GRANTVILLE,COWETA-:-MORELAND,42524.851513422414
COWETA-:-GRANTVILLE,TROUP-:-HILLCREST,2067.50304750472
COWETA-:-GRANTVILLE,HEARD-:-COOKSVILLE-CORINTH,9791.073242190158
COWETA-:-GRANTVILLE,COWETA-:-PINE ROAD,57560.31570864392
COWETA-:-GREENTOP,COWETA-:-NEWNAN,1081.285566178749
COWETA-:-GREENTOP,COWETA-:-NEWNAN CENTRE,19560.42726409029
COWETA-:-GREENTOP,COWETA-:-NORTHSIDE,17130.616553849297
COWETA-:-GREENTOP,COWETA-:-MADRAS,18791.337724607474
COWETA-:-HARALSON,COWETA-:-SENOIA,34444.98021780384
COWETA-:-HARALSON,SPALDING-:-12,6529.490812778359
COWETA-:-HARALSON,MERIWETHER-:-UPPER 9TH-ALVATON,36550.393971483645
COWETA-:-HARALSON,COWETA-:-TURIN,23842.22973877533
COWETA-:-MADRAS,COWETA-:-NEWNAN CENTRE,11181.936561295615
COWETA-:-MADRAS,COWETA-:-WHITE OAK,9236.486108980956
COWETA-:-MADRAS,COWETA-:-NORTHSIDE,14880.785878596165
COWETA-:-MADRAS,COWETA-:-PANTHER CREEK,26084.046427910558
COWETA-:-MADRAS,FULTON-:-CH04A,8316.008775395634
COWETA-:-MADRAS,FULTON-:-CH05,31250.510910758272
COWETA-:-MADRAS,FULTON-:-CH05A,6040.939748488604
COWETA-:-MADRAS,FULTON-:-PA01,15491.103499511215
COWETA-:-MORELAND,MERIWETHER-:-LUTHERSVILLE,60441.96468882691
COWETA-:-MORELAND,COWETA-:-TURIN,37781.762080578505
COWETA-:-MORELAND,COWETA-:-PINE ROAD,23685.49312625618
COWETA-:-MORELAND,COWETA-:-RAYMOND,29444.77096383464
COWETA-:-NEWNAN,COWETA-:-SMOKEY ROAD,15964.860476520875
COWETA-:-NEWNAN,COWETA-:-WESTSIDE,12444.027373561321
COWETA-:-NEWNAN CENTRE,COWETA-:-SHARPSBURG,11694.857983425602
COWETA-:-NEWNAN CENTRE,COWETA-:-RAYMOND,17462.51814461164
COWETA-:-NEWNAN CENTRE,COWETA-:-WHITE OAK,31414.711856516227
COWETA-:-NORTHSIDE,COWETA-:-PANTHER CREEK,10016.383391521793
COWETA-:-PANTHER CREEK,COWETA-:-WELCOME,56046.20397319248
COWETA-:-PINE ROAD,HEARD-:-COOKSVILLE-CORINTH,16139.456321168804
COWETA-:-PINE ROAD,COWETA-:-SMOKEY ROAD,47177.625269986085
COWETA-:-PINE ROAD,COWETA-:-WELCOME,685.0820723811686
COWETA-:-RAYMOND,COWETA-:-TURIN,25331.451686982276
COWETA-:-RAYMOND,COWETA-:-SHARPSBURG,12836.903652847273
COWETA-:-SENOIA,FAYETTE-:-RISING STAR,33302.40745733171
COWETA-:-SENOIA,SPALDING-:-12,16802.815782953792
COWETA-:-SENOIA,FAYETTE-:-BROOKS,13039.327334338863
COWETA-:-SENOIA,COWETA-:-TURIN,38569.78804429117
COWETA-:-SENOIA,COWETA-:-SHARPSBURG,6192.505741231439
COWETA-:-SENOIA,FAYETTE-:-WILLOWBEND,14565.28818072412
COWETA-:-SHARPSBURG,COWETA-:-TURIN,52821.21506685669
COWETA-:-SHARPSBURG,FAYETTE-:-WILLOWBEND,35117.67007105021
COWETA-:-SHARPSBURG,COWETA-:-WHITE OAK,3956.102576075918
COWETA-:-SHARPSBURG,COWETA-:-THOMAS CROSSROADS,4074.633559281357
COWETA-:-SMOKEY ROAD,COWETA-:-WESTSIDE,9379.0386249623
COWETA-:-SMOKEY ROAD,COWETA-:-WELCOME,22477.25695966534
COWETA-:-THOMAS CROSSROADS,COWETA-:-WHITE OAK,11638.577991363132
COWETA-:-THOMAS CROSSROADS,FAYETTE-:-KEDRON,10604.505323322443
COWETA-:-TURIN,MERIWETHER-:-LUTHERSVILLE,4269.956846578117
COWETA-:-WELCOME,COWETA-:-WESTSIDE,13153.22764238682
COWETA-:-WELCOME,HEARD-:-ENON GROVE,12231.619715406207
CRAWFORD-:-DISTRICT 1,TAYLOR-:-PRECINCT 6,153372.29487702687
CRAWFORD-:-DISTRICT 1,UPSON-:-SALEM,58251.69843544898
CRAWFORD-:-DISTRICT 1,UPSON-:-YATESVILLE,2698.7885966302274
CRAWFORD-:-DISTRICT 1,CRAWFORD-:-DISTRICT 5,7288.50493081072
CRAWFORD-:-DISTRICT 1,PEACH-:-FORT VALLEY 1,39792.56180868996
CRAWFORD-:-DISTRICT 1,CRAWFORD-:-DISTRICT 3,39331.25326924861
CRAWFORD-:-DISTRICT 1,CRAWFORD-:-DISTRICT 2,93518.51198422087
CRAWFORD-:-DISTRICT 2,UPSON-:-YATESVILLE,8112.857377178972
CRAWFORD-:-DISTRICT 2,CRAWFORD-:-DISTRICT 4,31932.845463479487
CRAWFORD-:-DISTRICT 2,CRAWFORD-:-DISTRICT 3,58248.67839819195
CRAWFORD-:-DISTRICT 2,MONROE-:-CULLODEN,47216.06669426157
CRAWFORD-:-DISTRICT 2,MONROE-:-RUSSELLVILLE,16897.9911458979
CRAWFORD-:-DISTRICT 2,MONROE-:-KELSEYS,13220.680045156763
CRAWFORD-:-DISTRICT 3,CRAWFORD-:-DISTRICT 5,71726.27418984733
CRAWFORD-:-DISTRICT 3,CRAWFORD-:-DISTRICT 4,48521.528026175016
CRAWFORD-:-DISTRICT 4,CRAWFORD-:-DISTRICT 5,29950.933359726645
CRAWFORD-:-DISTRICT 5,PEACH-:-BYRON 1,57856.75979039692
CRAWFORD-:-DISTRICT 5,PEACH-:-FORT VALLEY 1,1090.1722531099992
CRAWFORD-:-DISTRICT 5,PEACH-:-FORT VALLEY 2,17853.528380939435
CRAWFORD-:-DISTRICT 5,PEACH-:-POWERSVILLE,8304.454884566001
CRAWFORD-:-DISTRICT 5,HOUSTON-:-NHSC,208.68648584073145
CRISP-:-ARABI,TURNER-:-REBECCA,77334.14813793957
CRISP-:-ARABI,WILCOX-:-PITTS 3,16476.478121272896
CRISP-:-ARABI,CRISP-:-LISTONIA,25833.831541099862
CRISP-:-ARABI,CRISP-:-JAMESTOWN,37853.08685728452
CRISP-:-ARABI,CRISP-:-CORDELE,26922.719845262258
CRISP-:-CONEY,CRISP-:-JAMESTOWN,28762.942734618355
CRISP-:-CONEY,CRISP-:-CORDELE,82384.21150862717
CRISP-:-CONEY,SUMTER-:-LESLIE,53053.621227736214
CRISP-:-CONEY,LEE-:-CHOKEE,305.31557137047037
CRISP-:-CONEY,DOOLY-:-VIENNA,37522.71384477564
CRISP-:-CORDELE,CRISP-:-LISTONIA,58986.62177205427
CRISP-:-CORDELE,CRISP-:-JAMESTOWN,32423.366780543107
CRISP-:-CORDELE,DOOLY-:-VIENNA,44586.71962061962
CRISP-:-JAMESTOWN,WORTH-:-WARWICK,64572.09315892019
CRISP-:-JAMESTOWN,LEE-:-CHOKEE,27162.72399608799
CRISP-:-LISTONIA,WILCOX-:-PITTS 3,46831.907381153076
CRISP-:-LISTONIA,DOOLY-:-VIENNA,27000.268144615566
DADE-:-DAVIS,DADE-:-SOUTH DADE,2175.9076990961357
DADE-:-DAVIS,DADE-:-TRENTON,40129.71007990394
DADE-:-DAVIS,DADE-:-NORTH DADE,22197.167494574696
DADE-:-DAVIS,DADE-:-NEW HOME,94672.0983125484
DADE-:-NEW HOME,DADE-:-NORTH DADE,77734.67527150904
DADE-:-NEW SALEM,DADE-:-SOUTH DADE,106292.35934665748
DADE-:-NEW SALEM,WALKER-:-MOUNTAIN,86646.87646313243
DADE-:-NEW SALEM,DADE-:-TRENTON,75495.06252985589
DADE-:-NEW SALEM,DADE-:-WEST BROW,13966.5558417365
DADE-:-NORTH DADE,DADE-:-TRENTON,38230.31448915806
DADE-:-NORTH DADE,DADE-:-WEST BROW,38974.53993601572
DADE-:-SOUTH DADE,DADE-:-TRENTON,19447.63193712407
DADE-:-TRENTON,DADE-:-WEST BROW,14858.978467905858
DADE-:-WEST BROW,WALKER-:-MOUNTAIN,48166.2650508846
DADE-:-WEST BROW,WALKER-:-FAIRYLAND,10902.08165896582
DAWSON-:-CENTRAL,DAWSON-:-WEST,84164.98520235415
DAWSON-:-CENTRAL,DAWSON-:-SOUTH,9611.66393877517
DAWSON-:-CENTRAL,DAWSON-:-EAST,37739.30013795593
DAWSON-:-CENTRAL,LUMPKIN-:-DAHLONEGA,13206.187740136795
DAWSON-:-EAST,FORSYTH-:-06 CROSSROADS,26293.43100883942
DAWSON-:-EAST,DAWSON-:-SOUTH,32000.386589622438
DAWSON-:-EAST,LUMPKIN-:-DAHLONEGA,23262.388198628214
DAWSON-:-EAST,HALL-:-CHESTATEE,17866.09786135927
DAWSON-:-EAST,HALL-:-BARK CAMP,27381.024715387397
DAWSON-:-SOUTH,DAWSON-:-WEST,31408.36761803022
DAWSON-:-SOUTH,FORSYTH-:-05 COAL MOUNTAIN,14585.34901195693
DAWSON-:-SOUTH,FORSYTH-:-51 MATT,15378.491426919492
DAWSON-:-SOUTH,FORSYTH-:-06 CROSSROADS,6767.341520329082
DAWSON-:-WEST,FORSYTH-:-51 MATT,27877.274894651986
DAWSON-:-WEST,FANNIN-:-SKENIAH,6514.6688937364925
DAWSON-:-WEST,LUMPKIN-:-DAHLONEGA,70952.17943236587
DAWSON-:-WEST,PICKENS-:-SHARPTOP,27762.08445902955
DAWSON-:-WEST,PICKENS-:-YELLOW CREEK,58185.8907825816
DAWSON-:-WEST,GILMER-:-CARTECAY,49999.32004244797
DAWSON-:-WEST,GILMER-:-ROY ROAD,26043.39262285098
DECATUR-:-ATTAPULGUS,DECATUR-:-RECOVERY,33388.79439878049
DECATUR-:-ATTAPULGUS,DECATUR-:-KIRBO CENTER,54380.2931732294
DECATUR-:-ATTAPULGUS,GRADY-:-HIGDON,36385.29053541395
DECATUR-:-ATTAPULGUS,DECATUR-:-CLIMAX,43689.98232534432
DECATUR-:-BAINBRIDGE-FAIRGROUNDS,DECATUR-:-KIRBO CENTER,13442.584156700219
DECATUR-:-BAINBRIDGE-FAIRGROUNDS,DECATUR-:-JOE L. SWEET JR. COMMUNITY CENTER,13726.639752338606
DECATUR-:-BAINBRIDGE-FAIRGROUNDS,DECATUR-:-WEST BAINBRIDGE,25499.547545664995
DECATUR-:-BAINBRIDGE-FAIRGROUNDS,DECATUR-:-CLIMAX,46139.89303149394
DECATUR-:-BAINBRIDGE-FAIRGROUNDS,DECATUR-:-MT. PLEASANT,55796.79912208511
DECATUR-:-BRINSON,DECATUR-:-KENDRICK,33353.23525326297
DECATUR-:-BRINSON,SEMINOLE-:-PRECINCT 4,70272.63161041566
DECATUR-:-BRINSON,MILLER-:-COLQUITT-MILLER,35978.88684183803
DECATUR-:-BRINSON,DECATUR-:-WEST BAINBRIDGE,82929.40068336393
DECATUR-:-CLIMAX,DECATUR-:-KIRBO CENTER,20717.33874788037
DECATUR-:-CLIMAX,GRADY-:-HIGDON,15840.625804254676
DECATUR-:-CLIMAX,GRADY-:-LIMESINK,6106.298103216595
DECATUR-:-CLIMAX,GRADY-:-WHIGHAM,29901.95733033869
DECATUR-:-CLIMAX,GRADY-:-SPRING HILL,26199.528576686025
DECATUR-:-CLIMAX,DECATUR-:-MT. PLEASANT,22014.949854188137
DECATUR-:-JOE L. SWEET JR. COMMUNITY CENTER,DECATUR-:-KIRBO CENTER,18673.810962210813
DECATUR-:-KENDRICK,DECATUR-:-RECOVERY,64351.61295210771
DECATUR-:-KENDRICK,SEMINOLE-:-PRECINCT 5,70030.07174451483
DECATUR-:-KENDRICK,SEMINOLE-:-PRECINCT 4,15554.223734621753
DECATUR-:-KENDRICK,SEMINOLE-:-PRECINCT 1,4445.794444644953
DECATUR-:-KENDRICK,DECATUR-:-KIRBO CENTER,20235.61812993168
DECATUR-:-KENDRICK,DECATUR-:-WEST BAINBRIDGE,22284.197805767908
DECATUR-:-KIRBO CENTER,DECATUR-:-RECOVERY,28645.168801081407
DECATUR-:-KIRBO CENTER,DECATUR-:-WEST BAINBRIDGE,40136.561179034325
DECATUR-:-MT. PLEASANT,DECATUR-:-WEST BAINBRIDGE,58715.27505248037
DECATUR-:-MT. PLEASANT,GRADY-:-LIMESINK,27119.692411015167
DECATUR-:-MT. PLEASANT,MITCHELL-:-BRANCHVILLE,1747.4403132293655
DECATUR-:-MT. PLEASANT,MITCHELL-:-HOPEFUL,39433.287356112494
DECATUR-:-RECOVERY,SEMINOLE-:-PRECINCT 1,17652.163438991556
DECATUR-:-WEST BAINBRIDGE,MILLER-:-COLQUITT-MILLER,27000.82798311197
DEKALB-:-ALLGOOD ELEM,DEKALB-:-ROWLAND ELEM,1827.8473838555096
DEKALB-:-ALLGOOD ELEM,DEKALB-:-ROWLAND ROAD,8243.586074956416
DEKALB-:-ALLGOOD ELEM,DEKALB-:-DUNAIRE ELEM,7729.373501200383
DEKALB-:-ALLGOOD ELEM,DEKALB-:-PINE LAKE,5272.910366386843
DEKALB-:-ALLGOOD ELEM,DEKALB-:-MEMORIAL SOUTH,3788.998847480137
DEKALB-:-ALLGOOD ELEM,DEKALB-:-ROCKBRIDGE ELEM,1286.8512550178866
DEKALB-:-ALLGOOD ELEM,DEKALB-:-FREEDOM MIDDLE,2157.894887549742
DEKALB-:-ASHFORD DUNWOODY RD,DEKALB-:-ASHFORD PARK ELEM,1233.5705379413162
DEKALB-:-ASHFORD DUNWOODY RD,DEKALB-:-CHAMBLEE,1620.9364503211204
DEKALB-:-ASHFORD DUNWOODY RD,DEKALB-:-CHAMBLEE 2,2736.443823817973
DEKALB-:-ASHFORD DUNWOODY RD,DEKALB-:-SILVER LAKE,9876.888589893888
DEKALB-:-ASHFORD DUNWOODY RD,FULTON-:-SS14,3207.3665806222502
DEKALB-:-ASHFORD DUNWOODY RD,DEKALB-:-ASHFORD PARKSIDE,15428.976777636277
DEKALB-:-ASHFORD DUNWOODY RD,FULTON-:-SS12,685.7697696209766
DEKALB-:-ASHFORD PARK ELEM,DEKALB-:-SKYLAND,5510.732048528864
DEKALB-:-ASHFORD PARK ELEM,DEKALB-:-DRESDEN ELEM,4114.300477668074
DEKALB-:-ASHFORD PARK ELEM,DEKALB-:-CHAMBLEE,6533.314332511126
DEKALB-:-ASHFORD PARK ELEM,DEKALB-:-BROOKHAVEN,6359.807199380734
DEKALB-:-ASHFORD PARKSIDE,DEKALB-:-CHAMBLEE 2,3745.8509332055037
DEKALB-:-ASHFORD PARKSIDE,FULTON-:-SS12,4409.354186335331
DEKALB-:-ASHFORD PARKSIDE,DEKALB-:-KITTREDGE ELEM,5925.277429296795
DEKALB-:-ASHFORD PARKSIDE,DEKALB-:-MONTGOMERY ELEM,5556.788197645253
DEKALB-:-AUSTIN,DEKALB-:-DUNWOODY LIBRARY,9065.25282601008
DEKALB-:-AUSTIN,FULTON-:-SS29B,285.8730210588301
DEKALB-:-AUSTIN,FULTON-:-SS20,6725.939973802891
DEKALB-:-AUSTIN,DEKALB-:-MOUNT VERNON EAST,6038.6914838418525
DEKALB-:-AUSTIN,FULTON-:-SS17,5044.2185174458755
DEKALB-:-AUSTIN DRIVE,DEKALB-:-COLUMBIA DRIVE,3390.95908456343
DEKALB-:-AUSTIN DRIVE,DEKALB-:-GLENWOOD ROAD,5652.563118830432
DEKALB-:-AUSTIN DRIVE,DEKALB-:-PEACHCREST,9389.396903266756
DEKALB-:-AUSTIN DRIVE,DEKALB-:-ROWLAND ELEM,7568.720283936612
DEKALB-:-AVONDALE,DEKALB-:-MIDWAY,10346.693005677838
DEKALB-:-AVONDALE,DEKALB-:-AVONDALE HIGH,10074.111200926327
DEKALB-:-AVONDALE,DEKALB-:-COVINGTON,10882.03453544614
DEKALB-:-AVONDALE,DEKALB-:-SHAW-ROBERT SHAW ELEM,1461.685013293656
DEKALB-:-AVONDALE,DEKALB-:-GLENNWOOD,639.0594258486447
DEKALB-:-AVONDALE,DEKALB-:-NORTH DECATUR,5259.997701647002
DEKALB-:-AVONDALE HIGH,DEKALB-:-MIDWAY,4149.494657678106
DEKALB-:-AVONDALE HIGH,DEKALB-:-CANDLER,1863.682773132912
DEKALB-:-AVONDALE HIGH,DEKALB-:-KNOLLWOOD,4820.07216841368
DEKALB-:-AVONDALE HIGH,DEKALB-:-WINNONA PARK,18147.781595817705
DEKALB-:-AVONDALE HIGH,DEKALB-:-GLENNWOOD,3156.22296758486
DEKALB-:-BETHUNE MIDDLE,DEKALB-:-MILLER GROVE,15396.848668112907
DEKALB-:-BETHUNE MIDDLE,DEKALB-:-SNAPFINGER ROAD S,3138.880764602619
DEKALB-:-BETHUNE MIDDLE,DEKALB-:-WESLEY CHAPEL LIBRARY,3609.9778763193713
DEKALB-:-BETHUNE MIDDLE,DEKALB-:-CANBY LANE ELEM,4862.084662283013
DEKALB-:-BETHUNE MIDDLE,DEKALB-:-SNAPFINGER ROAD N,3650.8790764250507
DEKALB-:-BETHUNE MIDDLE,DEKALB-:-GLENWOOD ROAD,6129.636034079752
DEKALB-:-BETHUNE MIDDLE,DEKALB-:-PANOLA WAY ELEM,1654.323288673111
DEKALB-:-BOULDERCREST ROAD,DEKALB-:-CEDAR GROVE SOUTH,8890.039213925947
DEKALB-:-BOULDERCREST ROAD,DEKALB-:-CEDAR GROVE ELEM,7790.720618444946
DEKALB-:-BOULDERCREST ROAD,DEKALB-:-MEADOWVIEW,14336.584621221939
DEKALB-:-BOULDERCREST ROAD,FULTON-:-12M,5870.823987211291
DEKALB-:-BOULDERCREST ROAD,DEKALB-:-CEDAR GROVE MIDDLE,4227.102221275061
DEKALB-:-BOULEVARD,DEKALB-:-METROPOLITAN,2763.846043750811
DEKALB-:-BOULEVARD,DEKALB-:-COAN RECREATION CENTER,3999.8374156048585
DEKALB-:-BOULEVARD,DEKALB-:-PINEY GROVE,4213.047073359795
DEKALB-:-BOULEVARD,DEKALB-:-EAST LAKE,4296.599726111904
DEKALB-:-BOULEVARD,DEKALB-:-DECATUR,594.4784974086667
DEKALB-:-BOULEVARD,DEKALB-:-OAKHURST,5936.413624173663
DEKALB-:-BOULEVARD,DEKALB-:-CANDLER PARK,5168.682442362392
DEKALB-:-BRIAR VISTA ELEM,DEKALB-:-JOHNSON ESTATES,3440.888949692385
DEKALB-:-BRIAR VISTA ELEM,FULTON-:-06D2,4665.093702238085
DEKALB-:-BRIAR VISTA ELEM,DEKALB-:-LAVISTA,9932.453122560595
DEKALB-:-BRIAR VISTA ELEM,DEKALB-:-LAVISTA ROAD,6888.988008919934
DEKALB-:-BRIARCLIFF,DEKALB-:-LAVISTA,4112.620162441897
DEKALB-:-BRIARCLIFF,DEKALB-:-LAVISTA ROAD,8308.552034586008
DEKALB-:-BRIARCLIFF,DEKALB-:-HARRIS-MARGARET HARRIS ED,11551.182393218403
DEKALB-:-BRIARCLIFF,DEKALB-:-SAGAMORE HILLS ELEM,4923.298077570419
DEKALB-:-BRIARCLIFF,DEKALB-:-OAK GROVE ELEM,1404.6277874065333
DEKALB-:-BRIARCLIFF,DEKALB-:-WOODWARD,2162.9318466696272
DEKALB-:-BRIARCLIFF,DEKALB-:-MONTCLAIR ELEM,4161.188969440745
DEKALB-:-BRIARLAKE ELEM,DEKALB-:-SAGAMORE HILLS ELEM,676.9540437562806
DEKALB-:-BRIARLAKE ELEM,DEKALB-:-NORTHLAKE,4012.785207954358
DEKALB-:-BRIARLAKE ELEM,DEKALB-:-MONTREAL,5652.691245604534
DEKALB-:-BRIARLAKE ELEM,DEKALB-:-HENDERSON MILL,3772.5371343007478
DEKALB-:-BRIARLAKE ELEM,DEKALB-:-LAKESIDE HIGH,13777.217057777958
DEKALB-:-BRIARLAKE ELEM,DEKALB-:-HAWTHORNE ELEM,1619.6940929245643
DEKALB-:-BRIARWOOD,DEKALB-:-CROSS KEYS HIGH,6284.087312237088
DEKALB-:-BRIARWOOD,DEKALB-:-MONTCLAIR ELEM,3798.4973952864166
DEKALB-:-BRIARWOOD,DEKALB-:-SKYLAND,4397.081339272827
DEKALB-:-BRIARWOOD,DEKALB-:-BROOKHAVEN,5033.3768824717245
DEKALB-:-BROCKETT,DEKALB-:-CLARKSTON,2744.0396306009657
DEKALB-:-BROCKETT,DEKALB-:-MONTREAL,6694.519779458449
DEKALB-:-BROCKETT,DEKALB-:-BROCKETT ELEM,18408.854525670053
DEKALB-:-BROCKETT,DEKALB-:-TUCKER,10896.318221184614
DEKALB-:-BROCKETT ELEM,DEKALB-:-IDLEWOOD ELEM,4477.438819216686
DEKALB-:-BROCKETT ELEM,DEKALB-:-TUCKER,3119.108219152989
DEKALB-:-BROCKETT ELEM,DEKALB-:-STONE MTN MIDDLE,11328.866158133633
DEKALB-:-BROCKETT ELEM,DEKALB-:-HUGH HOWELL,16842.40698194314
DEKALB-:-BROOKHAVEN,FULTON-:-07M,446.6516930764441
DEKALB-:-BROOKHAVEN,DEKALB-:-CROSS KEYS HIGH,3015.1648811300265
DEKALB-:-BROOKHAVEN,DEKALB-:-SKYLAND,2756.152873365182
DEKALB-:-BROOKHAVEN,DEKALB-:-SILVER LAKE,11137.887426547297
DEKALB-:-BROWNS MILL ELEM,DEKALB-:-SALEM MIDDLE,10300.395012587152
DEKALB-:-BROWNS MILL ELEM,DEKALB-:-SNAPFINGER ROAD,9887.295967304595
DEKALB-:-BROWNS MILL ELEM,DEKALB-:-CHAPEL HILL ELEM,13281.257534767907
DEKALB-:-BROWNS MILL ELEM,DEKALB-:-SNAPFINGER ROAD S,10631.582016903549
DEKALB-:-BURGESS ELEM,DEKALB-:-MCNAIR HIGH,20498.22864181716
DEKALB-:-BURGESS ELEM,DEKALB-:-GRESHAM ROAD,3236.575560156839
DEKALB-:-BURGESS ELEM,FULTON-:-01B,6136.109160173645
DEKALB-:-BURGESS ELEM,DEKALB-:-METROPOLITAN,9110.68899148439
DEKALB-:-BURGESS ELEM,DEKALB-:-PINEY GROVE,13501.219757760387
DEKALB-:-CANBY LANE ELEM,DEKALB-:-RAINBOW ELEM,7920.627472985445
DEKALB-:-CANBY LANE ELEM,DEKALB-:-SNAPFINGER ELEM,1426.6915670227465
DEKALB-:-CANBY LANE ELEM,DEKALB-:-COLUMBIA DRIVE,3070.717622008132
DEKALB-:-CANBY LANE ELEM,DEKALB-:-SNAPFINGER ROAD N,6748.466065843928
DEKALB-:-CANDLER,DEKALB-:-TONEY ELEM,4972.486804161386
DEKALB-:-CANDLER,DEKALB-:-MCNAIR,3596.6715931015115
DEKALB-:-CANDLER,DEKALB-:-WADSWORTH,2695.074577457306
DEKALB-:-CANDLER,DEKALB-:-KNOLLWOOD,6404.230928202067
DEKALB-:-CANDLER,DEKALB-:-EAST LAKE,5656.318456121637
DEKALB-:-CANDLER,DEKALB-:-WINNONA PARK,2404.1468932738244
DEKALB-:-CANDLER PARK,DEKALB-:-COAN RECREATION CENTER,5713.819098474265
DEKALB-:-CANDLER PARK,FULTON-:-02E,1834.6366368061952
DEKALB-:-CANDLER PARK,DEKALB-:-LIN-MARY LIN ELEM,10644.60997657431
DEKALB-:-CANDLER PARK,DEKALB-:-FERNBANK ELEM,10010.35863440441
DEKALB-:-CANDLER-MURPHEY CANDLER ELEM,ROCKDALE-:-LO,16994.861381843028
DEKALB-:-CANDLER-MURPHEY CANDLER ELEM,DEKALB-:-FLAT ROCK ELEM,20474.440264930105
DEKALB-:-CANDLER-MURPHEY CANDLER ELEM,DEKALB-:-SALEM MIDDLE,7431.0683226004185
DEKALB-:-CANDLER-MURPHEY CANDLER ELEM,DEKALB-:-STONECREST LIBRARY,10674.826288178683
DEKALB-:-CANDLER-MURPHEY CANDLER ELEM,ROCKDALE-:-SM,6531.537764213587
DEKALB-:-CANDLER-MURPHEY CANDLER ELEM,ROCKDALE-:-RO,8763.491336996865
DEKALB-:-CANDLER-MURPHEY CANDLER ELEM,DEKALB-:-WOODROW ROAD,9029.320893931259
DEKALB-:-CEDAR GROVE ELEM,DEKALB-:-CEDAR GROVE SOUTH,8598.471060477696
DEKALB-:-CEDAR GROVE ELEM,DEKALB-:-OAK VIEW ELEM,11662.371052931087
DEKALB-:-CEDAR GROVE ELEM,DEKALB-:-CEDAR GROVE MIDDLE,11953.932964376258
DEKALB-:-CEDAR GROVE MIDDLE,DEKALB-:-OAK VIEW ELEM,6200.850315115865
DEKALB-:-CEDAR GROVE MIDDLE,DEKALB-:-MEADOWVIEW,6126.209183358968
DEKALB-:-CEDAR GROVE MIDDLE,DEKALB-:-FLAT SHOALS LIBRARY,2790.692095229901
DEKALB-:-CEDAR GROVE MIDDLE,DEKALB-:-CLIFTON,10245.9496200058
DEKALB-:-CEDAR GROVE MIDDLE,DEKALB-:-FLAT SHOALS,6168.837520336794
DEKALB-:-CEDAR GROVE SOUTH,HENRY-:-SHAKERAG,4377.603587427699
DEKALB-:-CEDAR GROVE SOUTH,DEKALB-:-HARRIS-NARVIE J HARRIS ELEM,7345.681426049953
DEKALB-:-CEDAR GROVE SOUTH,DEKALB-:-OAK VIEW ELEM,1873.7818744630497
DEKALB-:-CHAMBLEE,DEKALB-:-DRESDEN ELEM,10299.209242729263
DEKALB-:-CHAMBLEE,DEKALB-:-CHAMBLEE 2,13749.532075909528
DEKALB-:-CHAMBLEE,DEKALB-:-DORAVILLE NORTH,8254.679873220915
DEKALB-:-CHAMBLEE 2,DEKALB-:-KITTREDGE ELEM,8455.607616677074
DEKALB-:-CHAMBLEE 2,DEKALB-:-HUNTLEY HILLS ELEM,8376.991312768838
DEKALB-:-CHAPEL HILL ELEM,DEKALB-:-FLAT SHOALS PARKWAY,10715.687398342636
DEKALB-:-CHAPEL HILL ELEM,DEKALB-:-KELLEY CHAPEL ROAD,5107.664727056357
DEKALB-:-CHAPEL HILL ELEM,DEKALB-:-WESLEY CHAPEL LIBRARY,4209.599350447101
DEKALB-:-CHESNUT ELEM,DEKALB-:-DORAVILLE NORTH,6967.602570219962
DEKALB-:-CHESNUT ELEM,DEKALB-:-HUNTLEY HILLS ELEM,5122.622025098497
DEKALB-:-CHESNUT ELEM,DEKALB-:-PEACHTREE MIDDLE,5631.4862222887805
DEKALB-:-CHESNUT ELEM,DEKALB-:-NORTH PEACHTREE,2387.4224757483366
DEKALB-:-CHESNUT ELEM,DEKALB-:-TILLY MILL ROAD,6242.346829040278
DEKALB-:-CLAIREMONT EAST,DEKALB-:-PONCE DE LEON,5105.0044611352005
DEKALB-:-CLAIREMONT EAST,DEKALB-:-GLENNWOOD,843.6757907528131
DEKALB-:-CLAIREMONT EAST,DEKALB-:-FERNBANK ELEM,2772.35410919549
DEKALB-:-CLAIREMONT EAST,DEKALB-:-CLAIREMONT WEST,5344.852017913218
DEKALB-:-CLAIREMONT EAST,DEKALB-:-SCOTT,7911.147865634435
DEKALB-:-CLAIREMONT WEST,DEKALB-:-GLENNWOOD,10579.26423520403
DEKALB-:-CLAIREMONT WEST,DEKALB-:-NORTH DECATUR,8710.739500281177
DEKALB-:-CLAIREMONT WEST,DEKALB-:-SCOTT,7401.698646689707
DEKALB-:-CLAIRMONT ROAD,DEKALB-:-MEDLOCK,13472.985828369596
DEKALB-:-CLAIRMONT ROAD,DEKALB-:-EMORY ROAD,3528.5904245749753
DEKALB-:-CLAIRMONT ROAD,DEKALB-:-MCLENDON,1491.2509189257041
DEKALB-:-CLAIRMONT ROAD,DEKALB-:-LAVISTA ROAD,4355.3605326080215
DEKALB-:-CLAIRMONT ROAD,DEKALB-:-VALLEY BROOK,902.3080829290552
DEKALB-:-CLAIRMONT ROAD,DEKALB-:-SHAMROCK,2828.1807633938615
DEKALB-:-CLAIRMONT ROAD,DEKALB-:-CORALWOOD,8794.290858087099
DEKALB-:-CLARKSTON,DEKALB-:-CLARKSTON COMMUNITY CENTER,6270.270107805261
DEKALB-:-CLARKSTON,DEKALB-:-MCLENDON,234.60485210469648
DEKALB-:-CLARKSTON,DEKALB-:-JOLLY ELEM,8251.196929175912
DEKALB-:-CLARKSTON,DEKALB-:-IDLEWOOD ELEM,3766.124553200821
DEKALB-:-CLARKSTON,DEKALB-:-MONTREAL,5011.589821642717
DEKALB-:-CLARKSTON COMMUNITY CENTER,DEKALB-:-SHAW-ROBERT SHAW ELEM,10007.14109910023
DEKALB-:-CLARKSTON COMMUNITY CENTER,DEKALB-:-INDIAN CREEK,3164.606131532214
DEKALB-:-CLARKSTON COMMUNITY CENTER,DEKALB-:-NORTH DECATUR,3115.112197277597
DEKALB-:-CLARKSTON COMMUNITY CENTER,DEKALB-:-MCLENDON,8553.084527209654
DEKALB-:-CLARKSTON COMMUNITY CENTER,DEKALB-:-JOLLY ELEM,6988.694738714995
DEKALB-:-CLIFTON,DEKALB-:-MEADOWVIEW,8106.242240464818
DEKALB-:-CLIFTON,DEKALB-:-FLAT SHOALS,5459.896049520469
DEKALB-:-CLIFTON,DEKALB-:-FLAT SHOALS ELEM,2173.760386865507
DEKALB-:-COAN RECREATION CENTER,DEKALB-:-METROPOLITAN,6438.345473241392
DEKALB-:-COAN RECREATION CENTER,FULTON-:-05A2,4249.140516707179
DEKALB-:-COLUMBIA DRIVE,DEKALB-:-SNAPFINGER ELEM,9038.068742124859
DEKALB-:-COLUMBIA DRIVE,DEKALB-:-WADSWORTH,2617.182048061226
DEKALB-:-COLUMBIA DRIVE,DEKALB-:-SNAPFINGER ROAD N,4671.49727701604
DEKALB-:-COLUMBIA DRIVE,DEKALB-:-PEACHCREST,3042.445062128323
DEKALB-:-COLUMBIA ELEM,DEKALB-:-COLUMBIA MIDDLE,6184.306516812562
DEKALB-:-COLUMBIA ELEM,DEKALB-:-KELLEY LAKE ELEM,2689.9848050018763
DEKALB-:-COLUMBIA ELEM,DEKALB-:-TONEY ELEM,3552.222857303705
DEKALB-:-COLUMBIA ELEM,DEKALB-:-SNAPFINGER ELEM,747.5129291778056
DEKALB-:-COLUMBIA ELEM,DEKALB-:-WADSWORTH,4763.097260350717
DEKALB-:-COLUMBIA MIDDLE,DEKALB-:-FLAT SHOALS LIBRARY,7877.333087961287
DEKALB-:-COLUMBIA MIDDLE,DEKALB-:-RAINBOW ELEM,3605.784155238493
DEKALB-:-COLUMBIA MIDDLE,DEKALB-:-FLAT SHOALS,5421.6212646669865
DEKALB-:-COLUMBIA MIDDLE,DEKALB-:-FLAT SHOALS ELEM,3227.015887980945
DEKALB-:-CORALWOOD,DEKALB-:-LAVISTA ROAD,3096.379804979587
DEKALB-:-CORALWOOD,DEKALB-:-SHAMROCK,8690.491276477765
DEKALB-:-CORALWOOD,DEKALB-:-SAGAMORE HILLS ELEM,7016.356732173016
DEKALB-:-CORALWOOD,DEKALB-:-NORTHLAKE,3152.614367464362
DEKALB-:-COVINGTON,DEKALB-:-ROWLAND ELEM,3383.211783526716
DEKALB-:-COVINGTON,DEKALB-:-COVINGTON HWY,1423.9415173251011
DEKALB-:-COVINGTON,DEKALB-:-DUNAIRE ELEM,2296.7455422765124
DEKALB-:-COVINGTON,DEKALB-:-SHAW-ROBERT SHAW ELEM,4451.664388078041
DEKALB-:-COVINGTON,DEKALB-:-INDIAN CREEK,920.5998162525758
DEKALB-:-COVINGTON HWY,DEKALB-:-PEACHCREST,2898.105326463257
DEKALB-:-COVINGTON HWY,DEKALB-:-MIDWAY,1205.2366290676937
DEKALB-:-COVINGTON HWY,DEKALB-:-ROWLAND ELEM,7061.869868232617
DEKALB-:-CROSS KEYS HIGH,DEKALB-:-WOODWARD,9680.708854460507
DEKALB-:-CROSS KEYS HIGH,FULTON-:-07E,4410.164978359162
DEKALB-:-CROSS KEYS HIGH,FULTON-:-07M,3380.612500260705
DEKALB-:-CROSS KEYS HIGH,DEKALB-:-MONTCLAIR ELEM,1084.082294824123
DEKALB-:-CROSSROADS,DEKALB-:-WOODRIDGE ELEM,4442.613801613815
DEKALB-:-CROSSROADS,DEKALB-:-YOUNG ROAD,6021.27458854829
DEKALB-:-CROSSROADS,DEKALB-:-REDAN MIDDLE,8591.655574605114
DEKALB-:-CROSSROADS,DEKALB-:-PANOLA,2739.527775858606
DEKALB-:-CROSSROADS,DEKALB-:-WHITE OAK,9277.092211529349
DEKALB-:-CROSSROADS,DEKALB-:-MILLER-ELDRIDGE L MILLER ELEM,1793.6525028830208
DEKALB-:-DECATUR,DEKALB-:-EAST LAKE,7885.760854078271
DEKALB-:-DECATUR,DEKALB-:-WINNONA PARK,5025.953450425917
DEKALB-:-DECATUR,DEKALB-:-OAKHURST,7404.44823182257
DEKALB-:-DECATUR,DEKALB-:-GLENNWOOD,1116.985525509892
DEKALB-:-DORAVILLE NORTH,DEKALB-:-DORAVILLE SOUTH,7478.777387321717
DEKALB-:-DORAVILLE NORTH,GWINNETT-:-059 PINCKNEYVILLE N,4938.403170915558
DEKALB-:-DORAVILLE NORTH,DEKALB-:-OAKCLIFF ELEM,17066.031337909575
DEKALB-:-DORAVILLE NORTH,GWINNETT-:-038 PINCKNEYVILLE F,4128.754333640358
DEKALB-:-DORAVILLE NORTH,DEKALB-:-HUNTLEY HILLS ELEM,2382.8711368636937
DEKALB-:-DORAVILLE NORTH,DEKALB-:-NORTH PEACHTREE,5932.00387065198
DEKALB-:-DORAVILLE SOUTH,DEKALB-:-DRESDEN ELEM,2830.1403993402864
DEKALB-:-DORAVILLE SOUTH,DEKALB-:-OAKCLIFF ELEM,12978.417324838534
DEKALB-:-DRESDEN ELEM,DEKALB-:-OAK GROVE ELEM,4623.810961831966
DEKALB-:-DRESDEN ELEM,DEKALB-:-LAKESIDE HIGH,3064.8203796095922
DEKALB-:-DRESDEN ELEM,DEKALB-:-MONTCLAIR ELEM,6792.7088042292435
DEKALB-:-DRESDEN ELEM,DEKALB-:-SKYLAND,2954.78472218081
DEKALB-:-DRESDEN ELEM,DEKALB-:-HAWTHORNE ELEM,11674.545279290292
DEKALB-:-DRESDEN ELEM,DEKALB-:-WARREN TECH,503.25542810173937
DEKALB-:-DRESDEN ELEM,DEKALB-:-OAKCLIFF ELEM,2576.5720130973746
DEKALB-:-DRUID HILLS HIGH,DEKALB-:-FERNBANK ELEM,8674.200882437968
DEKALB-:-DRUID HILLS HIGH,DEKALB-:-SCOTT,5850.07026966771
DEKALB-:-DRUID HILLS HIGH,DEKALB-:-EMORY ROAD,10431.85935518557
DEKALB-:-DRUID HILLS HIGH,DEKALB-:-EMORY SOUTH,8369.332719106565
DEKALB-:-DRUID HILLS HIGH,DEKALB-:-JOHNSON ESTATES,581.7035965425317
DEKALB-:-DRUID HILLS HIGH,DEKALB-:-LAVISTA ROAD,1057.9991686559224
DEKALB-:-DUNAIRE ELEM,DEKALB-:-ROWLAND ELEM,6763.571722550135
DEKALB-:-DUNAIRE ELEM,DEKALB-:-INDIAN CREEK,4278.200088877985
DEKALB-:-DUNAIRE ELEM,DEKALB-:-MEMORIAL SOUTH,2857.2652705220585
DEKALB-:-DUNWOODY,DEKALB-:-GEORGETOWN SQ,13156.196661408294
DEKALB-:-DUNWOODY,FULTON-:-SS08F,3035.53102085412
DEKALB-:-DUNWOODY,FULTON-:-SS29A,525.649576421436
DEKALB-:-DUNWOODY,FULTON-:-SS29C,1585.75479182534
DEKALB-:-DUNWOODY,DEKALB-:-DUNWOODY LIBRARY,6501.238910297092
DEKALB-:-DUNWOODY,DEKALB-:-MOUNT VERNON WEST,5911.454340661612
DEKALB-:-DUNWOODY 2,DEKALB-:-GEORGETOWN SQ,1300.0856512116407
DEKALB-:-DUNWOODY 2,DEKALB-:-PEACHTREE MIDDLE,5534.834150581786
DEKALB-:-DUNWOODY 2,DEKALB-:-TILLY MILL ROAD,3799.621205123345
DEKALB-:-DUNWOODY 2,DEKALB-:-MOUNT VERNON WEST,7143.350982860429
DEKALB-:-DUNWOODY 2,DEKALB-:-KINGSLEY ELEM,2785.52163222848
DEKALB-:-DUNWOODY 2,DEKALB-:-MOUNT VERNON EAST,4586.239221240033
DEKALB-:-DUNWOODY LIBRARY,FULTON-:-SS29C,5938.980922262656
DEKALB-:-DUNWOODY LIBRARY,DEKALB-:-MOUNT VERNON WEST,9765.968740317541
DEKALB-:-DUNWOODY LIBRARY,DEKALB-:-MOUNT VERNON EAST,665.669522101789
DEKALB-:-EAST LAKE,DEKALB-:-MCNAIR,5308.563008221512
DEKALB-:-EAST LAKE,DEKALB-:-MCNAIR ACADEMY,6269.672563405134
DEKALB-:-EAST LAKE,DEKALB-:-TERRY MILL,7041.173101170634
DEKALB-:-EAST LAKE,DEKALB-:-PINEY GROVE,5931.58845221493
DEKALB-:-EAST LAKE,DEKALB-:-WINNONA PARK,1203.7630517770576
DEKALB-:-EMBRY HILLS,DEKALB-:-TUCKER LIBRARY,3251.401834329277
DEKALB-:-EMBRY HILLS,DEKALB-:-LIVSEY ELEM,4361.300012428708
DEKALB-:-EMBRY HILLS,DEKALB-:-EVANSDALE ELEM,9439.308611720753
DEKALB-:-EMBRY HILLS,DEKALB-:-PLEASANTDALE ROAD,10550.497694360543
DEKALB-:-EMORY ROAD,DEKALB-:-MEDLOCK,1428.1986189115134
DEKALB-:-EMORY ROAD,DEKALB-:-LAVISTA ROAD,13498.072840629113
DEKALB-:-EMORY SOUTH,DEKALB-:-LIN-MARY LIN ELEM,3543.4994629554935
DEKALB-:-EMORY SOUTH,DEKALB-:-FERNBANK ELEM,4952.974055550518
DEKALB-:-EMORY SOUTH,FULTON-:-06D1,2501.767855899856
DEKALB-:-EMORY SOUTH,DEKALB-:-JOHNSON ESTATES,14411.715750032403
DEKALB-:-EVANSDALE ELEM,DEKALB-:-MIDVALE ROAD,1656.2306393577715
DEKALB-:-EVANSDALE ELEM,DEKALB-:-MIDVALE ELEM,8235.40407531873
DEKALB-:-EVANSDALE ELEM,DEKALB-:-HENDERSON MILL,249.16545270909046
DEKALB-:-EVANSDALE ELEM,DEKALB-:-LIVSEY ELEM,5440.678675880313
DEKALB-:-EVANSDALE ELEM,DEKALB-:-WARREN TECH,8729.480772299887
DEKALB-:-EVANSDALE ELEM,DEKALB-:-PLEASANTDALE ROAD,905.5596454646284
DEKALB-:-EVANSDALE ELEM,DEKALB-:-OAKCLIFF ELEM,3046.9790216864735
DEKALB-:-FAIRINGTON ELEM,DEKALB-:-MILLER GROVE ROAD,7803.105775610734
DEKALB-:-FAIRINGTON ELEM,DEKALB-:-WOODROW ROAD,8481.45380767585
DEKALB-:-FAIRINGTON ELEM,DEKALB-:-MCWILLIAMS,6259.793009187449
DEKALB-:-FAIRINGTON ELEM,DEKALB-:-PANOLA ROAD,5491.119129549358
DEKALB-:-FERNBANK ELEM,DEKALB-:-OAKHURST,1419.0350201667732
DEKALB-:-FERNBANK ELEM,DEKALB-:-LIN-MARY LIN ELEM,7330.597117709329
DEKALB-:-FERNBANK ELEM,DEKALB-:-PONCE DE LEON,5736.550015423651
DEKALB-:-FERNBANK ELEM,DEKALB-:-SCOTT,1083.6094651666983
DEKALB-:-FLAKES MILL,HENRY-:-SHAKERAG,10851.341485338507
DEKALB-:-FLAKES MILL,DEKALB-:-SNAPFINGER ROAD,11654.606874093253
DEKALB-:-FLAKES MILL,DEKALB-:-HARRIS-NARVIE J HARRIS ELEM,11093.447683675535
DEKALB-:-FLAT ROCK ELEM,ROCKDALE-:-LO,11005.691984869383
DEKALB-:-FLAT ROCK ELEM,DEKALB-:-SALEM MIDDLE,16394.796850441686
DEKALB-:-FLAT SHOALS,DEKALB-:-FLAT SHOALS ELEM,6429.721994500979
DEKALB-:-FLAT SHOALS ELEM,DEKALB-:-MEADOWVIEW,1400.5347946296245
DEKALB-:-FLAT SHOALS ELEM,DEKALB-:-GRESHAM ROAD,2464.432544376858
DEKALB-:-FLAT SHOALS ELEM,DEKALB-:-KELLEY LAKE ELEM,7927.347213554343
DEKALB-:-FLAT SHOALS ELEM,DEKALB-:-MCNAIR,2474.3804687686525
DEKALB-:-FLAT SHOALS LIBRARY,DEKALB-:-OAK VIEW ELEM,4925.306825496757
DEKALB-:-FLAT SHOALS LIBRARY,DEKALB-:-MATHIS-BOB MATHIS ELEM,7691.437716402995
DEKALB-:-FLAT SHOALS LIBRARY,DEKALB-:-RAINBOW ELEM,8412.182659048744
DEKALB-:-FLAT SHOALS PARKWAY,DEKALB-:-SNAPFINGER ROAD,11019.154374533899
DEKALB-:-FLAT SHOALS PARKWAY,DEKALB-:-HARRIS-NARVIE J HARRIS ELEM,17958.62791819129
DEKALB-:-FLAT SHOALS PARKWAY,DEKALB-:-OAK VIEW ELEM,1160.0596750313769
DEKALB-:-FLAT SHOALS PARKWAY,DEKALB-:-MATHIS-BOB MATHIS ELEM,6142.721662869183
DEKALB-:-FREEDOM MIDDLE,DEKALB-:-ROWLAND ROAD,4612.637107905706
DEKALB-:-FREEDOM MIDDLE,DEKALB-:-ROCKBRIDGE ELEM,7588.860490754241
DEKALB-:-FREEDOM MIDDLE,DEKALB-:-SOUTH HAIRSTON,14469.011584259097
DEKALB-:-FREEDOM MIDDLE,DEKALB-:-STONE MTN CHAMPION,2427.703578239596
DEKALB-:-FREEDOM MIDDLE,DEKALB-:-STONE MOUNTAIN ELEM,944.6059054217977
DEKALB-:-GEORGETOWN SQ,FULTON-:-SS08A,1520.7753790028933
DEKALB-:-GEORGETOWN SQ,FULTON-:-SS08D,3806.5272523545395
DEKALB-:-GEORGETOWN SQ,DEKALB-:-MONTGOMERY ELEM,10338.293363282693
DEKALB-:-GEORGETOWN SQ,DEKALB-:-PEACHTREE MIDDLE,3902.3358895813317
DEKALB-:-GEORGETOWN SQ,DEKALB-:-MOUNT VERNON WEST,3757.9523859141855
DEKALB-:-GLENHAVEN,DEKALB-:-GLENWOOD ROAD,6581.005783357886
DEKALB-:-GLENHAVEN,DEKALB-:-WOODRIDGE ELEM,12791.563248664701
DEKALB-:-GLENHAVEN,DEKALB-:-ROWLAND ELEM,6689.043994335479
DEKALB-:-GLENHAVEN,DEKALB-:-ROWLAND ROAD,902.6780110158701
DEKALB-:-GLENNWOOD,DEKALB-:-WINNONA PARK,7523.133169414899
DEKALB-:-GLENNWOOD,DEKALB-:-OAKHURST,1057.8913447235893
DEKALB-:-GLENNWOOD,DEKALB-:-PONCE DE LEON,2409.4386727364977
DEKALB-:-GLENNWOOD,DEKALB-:-NORTH DECATUR,2600.900273275139
DEKALB-:-GLENWOOD ROAD,DEKALB-:-SNAPFINGER ROAD N,6853.72662999696
DEKALB-:-GLENWOOD ROAD,DEKALB-:-WOODRIDGE ELEM,5655.194489996674
DEKALB-:-GLENWOOD ROAD,DEKALB-:-ROWLAND ELEM,3534.6385688655137
DEKALB-:-GLENWOOD ROAD,DEKALB-:-PANOLA WAY ELEM,1207.6333410765974
DEKALB-:-GRESHAM ROAD,DEKALB-:-MEADOWVIEW,10391.672910238254
DEKALB-:-GRESHAM ROAD,DEKALB-:-MCNAIR HIGH,5048.043201285255
DEKALB-:-GRESHAM ROAD,DEKALB-:-PINEY GROVE,6888.4291597771935
DEKALB-:-HAMBRICK ELEM,DEKALB-:-MEMORIAL SOUTH,4574.017383117911
DEKALB-:-HAMBRICK ELEM,DEKALB-:-ROCKBRIDGE ELEM,4042.3596186363675
DEKALB-:-HAMBRICK ELEM,DEKALB-:-JOLLY ELEM,7103.0080349981135
DEKALB-:-HAMBRICK ELEM,DEKALB-:-NORTH HAIRSTON,6946.674410406396
DEKALB-:-HAMBRICK ELEM,DEKALB-:-IDLEWOOD ELEM,1940.0145088050797
DEKALB-:-HAMBRICK ELEM,DEKALB-:-STONE MILL ELEM,3391.1411733619925
DEKALB-:-HARRIS-MARGARET HARRIS ED,DEKALB-:-LAVISTA,367.05307799203604
DEKALB-:-HARRIS-MARGARET HARRIS ED,DEKALB-:-WOODWARD,5661.704204585285
DEKALB-:-HARRIS-NARVIE J HARRIS ELEM,HENRY-:-SHAKERAG,3877.33489174968
DEKALB-:-HARRIS-NARVIE J HARRIS ELEM,DEKALB-:-SNAPFINGER ROAD,4426.251795942961
DEKALB-:-HARRIS-NARVIE J HARRIS ELEM,DEKALB-:-OAK VIEW ELEM,21525.879024923317
DEKALB-:-HAWTHORNE ELEM,DEKALB-:-HENDERSON MILL,11525.441321375563
DEKALB-:-HAWTHORNE ELEM,DEKALB-:-LAKESIDE HIGH,9508.103745653018
DEKALB-:-HAWTHORNE ELEM,DEKALB-:-WARREN TECH,1998.405071633395
DEKALB-:-HENDERSON MILL,DEKALB-:-MONTREAL,1330.6796475515405
DEKALB-:-HENDERSON MILL,DEKALB-:-MIDVALE ROAD,8275.28475729413
DEKALB-:-HENDERSON MILL,DEKALB-:-WARREN TECH,5954.15824727796
DEKALB-:-HUGH HOWELL,DEKALB-:-TUCKER,8922.880479323894
DEKALB-:-HUGH HOWELL,DEKALB-:-STONE MOUNTAIN ELEM,3762.881818574138
DEKALB-:-HUGH HOWELL,DEKALB-:-STONE MTN MIDDLE,5602.414756784411
DEKALB-:-HUGH HOWELL,DEKALB-:-SMOKE RISE,16572.73935524599
DEKALB-:-HUGH HOWELL,GWINNETT-:-112 BERKSHIRE N,2599.5258474172765
DEKALB-:-HUGH HOWELL,GWINNETT-:-012 BERKSHIRE B,522.0281824735257
DEKALB-:-HUNTLEY HILLS ELEM,DEKALB-:-KITTREDGE ELEM,2729.3087871156463
DEKALB-:-HUNTLEY HILLS ELEM,DEKALB-:-MONTGOMERY ELEM,1139.3902514769077
DEKALB-:-HUNTLEY HILLS ELEM,DEKALB-:-PEACHTREE MIDDLE,3104.035364968321
DEKALB-:-IDLEWOOD ELEM,DEKALB-:-JOLLY ELEM,3283.18148204401
DEKALB-:-IDLEWOOD ELEM,DEKALB-:-NORTH HAIRSTON,3187.4589701389323
DEKALB-:-IDLEWOOD ELEM,DEKALB-:-STONE MTN MIDDLE,8232.883227845849
DEKALB-:-INDIAN CREEK,DEKALB-:-SHAW-ROBERT SHAW ELEM,7793.224485997034
DEKALB-:-INDIAN CREEK,DEKALB-:-MEMORIAL SOUTH,3511.980973387641
DEKALB-:-INDIAN CREEK,DEKALB-:-JOLLY ELEM,2497.1037532714754
DEKALB-:-JOHNSON ESTATES,FULTON-:-06D1,1766.6984781892893
DEKALB-:-JOHNSON ESTATES,FULTON-:-06D2,3623.718785453264
DEKALB-:-JOLLY ELEM,DEKALB-:-MEMORIAL SOUTH,5383.245728910427
DEKALB-:-KELLEY CHAPEL ROAD,DEKALB-:-MATHIS-BOB MATHIS ELEM,6448.205485587993
DEKALB-:-KELLEY CHAPEL ROAD,DEKALB-:-WESLEY CHAPEL LIBRARY,6128.0707603570945
DEKALB-:-KELLEY LAKE ELEM,DEKALB-:-TONEY ELEM,3716.10861552666
DEKALB-:-KELLEY LAKE ELEM,DEKALB-:-MCNAIR,10651.042995175256
DEKALB-:-KINGSLEY ELEM,DEKALB-:-TILLY MILL ROAD,7012.052405108649
DEKALB-:-KINGSLEY ELEM,DEKALB-:-WINTERS CHAPEL,5505.3406245881015
DEKALB-:-KINGSLEY ELEM,DEKALB-:-MOUNT VERNON EAST,4836.245312423879
DEKALB-:-KINGSLEY ELEM,FULTON-:-SS01,6252.3774547650855
DEKALB-:-KITTREDGE ELEM,DEKALB-:-MONTGOMERY ELEM,7957.025446474928
DEKALB-:-KNOLLWOOD,DEKALB-:-WADSWORTH,5354.891778257404
DEKALB-:-KNOLLWOOD,DEKALB-:-PEACHCREST,1186.9022481037218
DEKALB-:-KNOLLWOOD,DEKALB-:-MIDWAY,6894.119353947599
DEKALB-:-LAKESIDE HIGH,DEKALB-:-SAGAMORE HILLS ELEM,3614.0200267697874
DEKALB-:-LAKESIDE HIGH,DEKALB-:-OAK GROVE ELEM,12811.922335919227
DEKALB-:-LAVISTA,FULTON-:-06D2,2820.3274396648176
DEKALB-:-LAVISTA,DEKALB-:-LAVISTA ROAD,427.24504061337495
DEKALB-:-LAVISTA,DEKALB-:-WOODWARD,11027.044052802066
DEKALB-:-LAVISTA ROAD,DEKALB-:-SAGAMORE HILLS ELEM,2796.128993674073
DEKALB-:-LIN-MARY LIN ELEM,FULTON-:-02F1,3236.285248702516
DEKALB-:-LIN-MARY LIN ELEM,FULTON-:-06F,2921.098528494635
DEKALB-:-LIN-MARY LIN ELEM,FULTON-:-06D1,406.3599991943332
DEKALB-:-LITHONIA,DEKALB-:-ROCK CHAPEL ROAD,10993.747945826057
DEKALB-:-LITHONIA,DEKALB-:-STONEVIEW ELEM,20208.23076947552
DEKALB-:-LITHONIA,DEKALB-:-PRINCETON ELEM,2171.9486505149766
DEKALB-:-LITHONIA HIGH,DEKALB-:-STONEVIEW ELEM,5183.581568770064
DEKALB-:-LITHONIA HIGH,DEKALB-:-MILLER GROVE HIGH,3994.448133433398
DEKALB-:-LITHONIA HIGH,DEKALB-:-MARBUT ELEM,6072.342161850973
DEKALB-:-LITHONIA HIGH,DEKALB-:-REDAN-TROTTI LIBRARY,9006.616114609746
DEKALB-:-LIVSEY ELEM,DEKALB-:-MIDVALE ELEM,5859.906207478316
DEKALB-:-LIVSEY ELEM,DEKALB-:-TUCKER LIBRARY,11846.235575663211
DEKALB-:-MARBUT ELEM,DEKALB-:-MILLER GROVE HIGH,2796.4478006003856
DEKALB-:-MARBUT ELEM,DEKALB-:-PANOLA ROAD,10330.302842227647
DEKALB-:-MARBUT ELEM,DEKALB-:-MILLER GROVE,1659.2076953839244
DEKALB-:-MARBUT ELEM,DEKALB-:-PANOLA WAY ELEM,1394.860557750807
DEKALB-:-MARBUT ELEM,DEKALB-:-REDAN ROAD,9979.100188557368
DEKALB-:-MATHIS-BOB MATHIS ELEM,DEKALB-:-RAINBOW ELEM,7806.550471718271
DEKALB-:-MCLENDON,DEKALB-:-NORTH DECATUR,11029.81844795881
DEKALB-:-MCLENDON,DEKALB-:-MEDLOCK,2055.242145950724
DEKALB-:-MCLENDON,DEKALB-:-REHOBOTH,3504.882675894978
DEKALB-:-MCLENDON,DEKALB-:-VALLEY BROOK,4223.675068413387
DEKALB-:-MCLENDON,DEKALB-:-MONTREAL,1428.4945999346808
DEKALB-:-MCNAIR,DEKALB-:-TONEY ELEM,1021.8562651781785
DEKALB-:-MCNAIR,DEKALB-:-MCNAIR ACADEMY,12633.096021299505
DEKALB-:-MCNAIR,DEKALB-:-TERRY MILL,863.66297064776
DEKALB-:-MCNAIR,DEKALB-:-PINEY GROVE,1689.765832881181
DEKALB-:-MCNAIR ACADEMY,DEKALB-:-TERRY MILL,6822.3455819083065
DEKALB-:-MCNAIR HIGH,DEKALB-:-MEADOWVIEW,9977.544460281139
DEKALB-:-MCNAIR HIGH,FULTON-:-01P,2941.8477149313335
DEKALB-:-MCNAIR HIGH,FULTON-:-01R,3147.99950270707
DEKALB-:-MCNAIR HIGH,FULTON-:-01T,2281.498291977353
DEKALB-:-MCNAIR HIGH,FULTON-:-01B,2442.168333870329
DEKALB-:-MCWILLIAMS,DEKALB-:-MILLER GROVE,8310.567906520262
DEKALB-:-MCWILLIAMS,DEKALB-:-SNAPFINGER ROAD S,15527.78102573456
DEKALB-:-MEADOWVIEW,FULTON-:-12M,5942.84035247693
DEKALB-:-MEADOWVIEW,FULTON-:-01P,4444.251106606831
DEKALB-:-MEDLOCK,DEKALB-:-NORTH DECATUR,3339.0036953268295
DEKALB-:-MEDLOCK,DEKALB-:-SCOTT,11053.513129065474
DEKALB-:-MEMORIAL SOUTH,DEKALB-:-ROCKBRIDGE ELEM,6471.255502562869
DEKALB-:-METROPOLITAN,FULTON-:-01B,459.42176568650206
DEKALB-:-METROPOLITAN,FULTON-:-05A2,2838.147495059061
DEKALB-:-METROPOLITAN,DEKALB-:-PINEY GROVE,3482.031311397619
DEKALB-:-MIDVALE ELEM,DEKALB-:-TUCKER,11798.103418622602
DEKALB-:-MIDVALE ELEM,DEKALB-:-MIDVALE ROAD,2757.718109971242
DEKALB-:-MIDVALE ELEM,DEKALB-:-TUCKER LIBRARY,4674.372859717313
DEKALB-:-MIDVALE ROAD,DEKALB-:-MONTREAL,7828.969579155436
DEKALB-:-MIDVALE ROAD,DEKALB-:-TUCKER,9057.661080641414
DEKALB-:-MIDWAY,DEKALB-:-PEACHCREST,9222.200614499345
DEKALB-:-MILLER GROVE,DEKALB-:-PANOLA ROAD,8609.19325219425
DEKALB-:-MILLER GROVE,DEKALB-:-PANOLA WAY ELEM,9365.347657590442
DEKALB-:-MILLER GROVE HIGH,DEKALB-:-WOODROW ROAD,4299.952169430482
DEKALB-:-MILLER GROVE HIGH,DEKALB-:-STONEVIEW ELEM,4973.62062685531
DEKALB-:-MILLER GROVE HIGH,DEKALB-:-PANOLA ROAD,5682.943477994728
DEKALB-:-MILLER GROVE ROAD,DEKALB-:-SALEM MIDDLE,14508.331049315731
DEKALB-:-MILLER GROVE ROAD,DEKALB-:-SNAPFINGER ROAD S,3160.2405359392624
DEKALB-:-MILLER-ELDRIDGE L MILLER ELEM,DEKALB-:-PANOLA,2145.831341383144
DEKALB-:-MILLER-ELDRIDGE L MILLER ELEM,DEKALB-:-WHITE OAK,4170.322258101261
DEKALB-:-MILLER-ELDRIDGE L MILLER ELEM,DEKALB-:-SHADOW ROCK ELEM,5892.682650194449
DEKALB-:-MILLER-ELDRIDGE L MILLER ELEM,DEKALB-:-SOUTH HAIRSTON,13408.907210340012
DEKALB-:-MONTCLAIR ELEM,DEKALB-:-WOODWARD,4829.180387830237
DEKALB-:-MONTCLAIR ELEM,DEKALB-:-SKYLAND,4215.5006649940315
DEKALB-:-MONTGOMERY ELEM,FULTON-:-SS12,3568.182817550447
DEKALB-:-MONTREAL,DEKALB-:-REHOBOTH,10243.784219062689
DEKALB-:-MONTREAL,DEKALB-:-NORTHLAKE,2019.10227050978
DEKALB-:-MONTREAL,DEKALB-:-TUCKER,2905.769536201381
DEKALB-:-MOUNT VERNON EAST,DEKALB-:-MOUNT VERNON WEST,3487.897939516282
DEKALB-:-MOUNT VERNON EAST,FULTON-:-SS01,789.9377069927858
DEKALB-:-MOUNT VERNON EAST,FULTON-:-SS17,7174.987833771163
DEKALB-:-NORTH DECATUR,DEKALB-:-SHAW-ROBERT SHAW ELEM,4756.885073420753
DEKALB-:-NORTH DECATUR,DEKALB-:-SCOTT,2161.2474821412643
DEKALB-:-NORTH HAIRSTON,DEKALB-:-STONE MILL ELEM,5157.475906694681
DEKALB-:-NORTH HAIRSTON,DEKALB-:-STONE MTN MIDDLE,2510.7698605523215
DEKALB-:-NORTH PEACHTREE,GWINNETT-:-037 PINCKNEYVILLE E,5563.037588798658
DEKALB-:-NORTH PEACHTREE,DEKALB-:-TILLY MILL ROAD,3465.4082778685884
DEKALB-:-NORTH PEACHTREE,DEKALB-:-WINTERS CHAPEL,4562.122133970973
DEKALB-:-NORTHLAKE,DEKALB-:-REHOBOTH,5375.39689454766
DEKALB-:-NORTHLAKE,DEKALB-:-SHAMROCK,2585.8737685199676
DEKALB-:-NORTHLAKE,DEKALB-:-SAGAMORE HILLS ELEM,2963.8104228660154
DEKALB-:-OAK GROVE ELEM,DEKALB-:-SAGAMORE HILLS ELEM,9486.186630849808
DEKALB-:-OAKCLIFF ELEM,DEKALB-:-WARREN TECH,7093.506152770574
DEKALB-:-OAKCLIFF ELEM,DEKALB-:-PLEASANTDALE ROAD,5091.84233802068
DEKALB-:-OAKCLIFF ELEM,GWINNETT-:-038 PINCKNEYVILLE F,4327.649675833851
DEKALB-:-OAKHURST,DEKALB-:-PONCE DE LEON,5594.256983785688
DEKALB-:-PANOLA,DEKALB-:-REDAN-TROTTI LIBRARY,437.88418402186335
DEKALB-:-PANOLA,DEKALB-:-REDAN ROAD,4896.032004564094
DEKALB-:-PANOLA,DEKALB-:-REDAN MIDDLE,8262.05430805185
DEKALB-:-PANOLA,DEKALB-:-REDAN ELEM,5042.353677599846
DEKALB-:-PANOLA,DEKALB-:-SHADOW ROCK ELEM,9078.88021044951
DEKALB-:-PANOLA ROAD,DEKALB-:-WOODROW ROAD,1803.098202031445
DEKALB-:-PANOLA WAY ELEM,DEKALB-:-REDAN ROAD,1695.4475922113193
DEKALB-:-PANOLA WAY ELEM,DEKALB-:-YOUNG ROAD,9635.232735505557
DEKALB-:-PEACHCREST,DEKALB-:-ROWLAND ELEM,266.8406134478006
DEKALB-:-PEACHTREE MIDDLE,DEKALB-:-TILLY MILL ROAD,3998.2912840314334
DEKALB-:-PINE LAKE,DEKALB-:-ROCKBRIDGE ELEM,13015.766974928023
DEKALB-:-PINEY GROVE,DEKALB-:-TERRY MILL,11727.720409999692
DEKALB-:-PLEASANTDALE ROAD,DEKALB-:-TUCKER LIBRARY,2291.1962905617142
DEKALB-:-PLEASANTDALE ROAD,GWINNETT-:-066 PINCKNEYVILLE O,9055.360340212179
DEKALB-:-PLEASANTDALE ROAD,GWINNETT-:-038 PINCKNEYVILLE F,258.88539337469723
DEKALB-:-PRINCETON ELEM,DEKALB-:-ROCK CHAPEL ROAD,13084.537071965366
DEKALB-:-PRINCETON ELEM,DEKALB-:-ROCK CHAPEL ELEM,16778.332749823723
DEKALB-:-PRINCETON ELEM,DEKALB-:-STONEVIEW ELEM,2723.886755237242
DEKALB-:-PRINCETON ELEM,DEKALB-:-REDAN-TROTTI LIBRARY,10008.355174448638
DEKALB-:-PRINCETON ELEM,DEKALB-:-REDAN ELEM,6674.582744855378
DEKALB-:-PRINCETON ELEM,DEKALB-:-STEPHENSON MIDDLE,3232.8626776525366
DEKALB-:-RAINBOW ELEM,DEKALB-:-WESLEY CHAPEL LIBRARY,5430.067771095589
DEKALB-:-RAINBOW ELEM,DEKALB-:-SNAPFINGER ELEM,2861.460943127349
DEKALB-:-REDAN ELEM,DEKALB-:-REDAN-TROTTI LIBRARY,2996.2343043246356
DEKALB-:-REDAN ELEM,DEKALB-:-STEPHENSON MIDDLE,2805.4264803657866
DEKALB-:-REDAN ELEM,DEKALB-:-SHADOW ROCK ELEM,7448.778341431922
DEKALB-:-REDAN ELEM,DEKALB-:-STEPHENSON HIGH,3733.0480509923445
DEKALB-:-REDAN MIDDLE,DEKALB-:-REDAN ROAD,5955.71840331229
DEKALB-:-REDAN MIDDLE,DEKALB-:-YOUNG ROAD,8657.13226860426
DEKALB-:-REDAN ROAD,DEKALB-:-REDAN-TROTTI LIBRARY,7465.64303768519
DEKALB-:-REDAN-TROTTI LIBRARY,DEKALB-:-STONEVIEW ELEM,2106.963483327651
DEKALB-:-REHOBOTH,DEKALB-:-VALLEY BROOK,4497.587904864988
DEKALB-:-REHOBOTH,DEKALB-:-SHAMROCK,876.404249320194
DEKALB-:-ROCK CHAPEL ELEM,DEKALB-:-ROCK CHAPEL ROAD,23197.545757683143
DEKALB-:-ROCK CHAPEL ELEM,DEKALB-:-SOUTH DESHON,11548.918309920009
DEKALB-:-ROCK CHAPEL ELEM,DEKALB-:-STEPHENSON MIDDLE,3501.2000112640735
DEKALB-:-ROCK CHAPEL ELEM,DEKALB-:-ROCKBRIDGE ROAD,9246.012801017163
DEKALB-:-ROCK CHAPEL ROAD,ROCKDALE-:-LA,5900.063715796414
DEKALB-:-ROCK CHAPEL ROAD,ROCKDALE-:-BT,12894.00773036689
DEKALB-:-ROCK CHAPEL ROAD,DEKALB-:-STONEVIEW ELEM,13632.378675429829
DEKALB-:-ROCK CHAPEL ROAD,DEKALB-:-ROCKBRIDGE ROAD,2935.250778468464
DEKALB-:-ROCK CHAPEL ROAD,GWINNETT-:-122 ROCKBRIDGE G,8735.912593424255
DEKALB-:-ROCKBRIDGE ELEM,DEKALB-:-STONE MTN CHAMPION,14182.93693339409
DEKALB-:-ROCKBRIDGE ELEM,DEKALB-:-STONE MILL ELEM,3457.11104998018
DEKALB-:-ROCKBRIDGE ROAD,DEKALB-:-SOUTH DESHON,16026.3615833955
DEKALB-:-ROCKBRIDGE ROAD,DEKALB-:-WYNBROOKE ELEM,5256.151794423336
DEKALB-:-ROCKBRIDGE ROAD,GWINNETT-:-064 GARNERS D,15790.861367281457
DEKALB-:-ROCKBRIDGE ROAD,GWINNETT-:-122 ROCKBRIDGE G,4969.766760770302
DEKALB-:-ROWLAND ELEM,DEKALB-:-ROWLAND ROAD,1538.411383695901
DEKALB-:-ROWLAND ROAD,DEKALB-:-WOODRIDGE ELEM,7478.924502525748
DEKALB-:-ROWLAND ROAD,DEKALB-:-SOUTH HAIRSTON,4082.617347491715
DEKALB-:-SALEM MIDDLE,ROCKDALE-:-LO,17852.852230034565
DEKALB-:-SALEM MIDDLE,DEKALB-:-WOODROW ROAD,8862.220115316826
DEKALB-:-SALEM MIDDLE,HENRY-:-ELLENWOOD,1004.398616428193
DEKALB-:-SALEM MIDDLE,DEKALB-:-SNAPFINGER ROAD,2951.0620088494843
DEKALB-:-SALEM MIDDLE,DEKALB-:-SNAPFINGER ROAD S,829.3792435017936
DEKALB-:-SHADOW ROCK ELEM,DEKALB-:-SOUTH HAIRSTON,3370.728946487411
DEKALB-:-SHADOW ROCK ELEM,DEKALB-:-STEPHENSON HIGH,16265.468127250788
DEKALB-:-SHADOW ROCK ELEM,DEKALB-:-STONE MOUNTAIN ELEM,1557.1018740777515
DEKALB-:-SHAMROCK,DEKALB-:-VALLEY BROOK,5476.830032358094
DEKALB-:-SILVER LAKE,FULTON-:-07C,1285.7878000986386
DEKALB-:-SILVER LAKE,FULTON-:-07B,8951.768658176066
DEKALB-:-SMOKE RISE,DEKALB-:-STONE MOUNTAIN ELEM,8111.957954470555
DEKALB-:-SMOKE RISE,GWINNETT-:-118 GARNERS F,4925.124832329785
DEKALB-:-SMOKE RISE,GWINNETT-:-052 BERKSHIRE G,5523.231664938261
DEKALB-:-SMOKE RISE,GWINNETT-:-112 BERKSHIRE N,6961.646155097489
DEKALB-:-SNAPFINGER ELEM,DEKALB-:-WADSWORTH,5492.658075352088
DEKALB-:-SNAPFINGER ROAD,HENRY-:-ELLENWOOD,20988.02187366582
DEKALB-:-SNAPFINGER ROAD S,DEKALB-:-WESLEY CHAPEL LIBRARY,10519.069303171273
DEKALB-:-SOUTH DESHON,DEKALB-:-STEPHENSON MIDDLE,6543.607318329094
DEKALB-:-SOUTH HAIRSTON,DEKALB-:-WHITE OAK,2344.2519232628756
DEKALB-:-SOUTH HAIRSTON,DEKALB-:-STONE MOUNTAIN ELEM,2180.60331588832
DEKALB-:-STEPHENSON HIGH,DEKALB-:-STEPHENSON MIDDLE,8737.805072124786
DEKALB-:-STEPHENSON HIGH,DEKALB-:-WYNBROOKE ELEM,5555.108851826681
DEKALB-:-STEPHENSON HIGH,DEKALB-:-STONE MOUNTAIN ELEM,3912.610726109943
DEKALB-:-STEPHENSON MIDDLE,DEKALB-:-WYNBROOKE ELEM,8172.101348931054
DEKALB-:-STONE MILL ELEM,DEKALB-:-STONE MTN CHAMPION,6794.027711935233
DEKALB-:-STONE MILL ELEM,DEKALB-:-STONE MOUNTAIN ELEM,546.36989149185
DEKALB-:-STONE MILL ELEM,DEKALB-:-STONE MTN,5197.1781009653
DEKALB-:-STONE MILL ELEM,DEKALB-:-STONE MTN MIDDLE,8725.406235834802
DEKALB-:-STONE MOUNTAIN ELEM,DEKALB-:-WYNBROOKE ELEM,15999.232724607782
DEKALB-:-STONE MOUNTAIN ELEM,GWINNETT-:-064 GARNERS D,7240.629594653403
DEKALB-:-STONE MOUNTAIN ELEM,DEKALB-:-STONE MTN CHAMPION,10678.863527723954
DEKALB-:-STONE MOUNTAIN ELEM,DEKALB-:-STONE MTN,23963.38771067944
DEKALB-:-STONE MOUNTAIN ELEM,DEKALB-:-STONE MTN MIDDLE,4916.531827564293
DEKALB-:-STONE MTN,DEKALB-:-STONE MTN CHAMPION,6176.375036260236
DEKALB-:-STONECREST LIBRARY,ROCKDALE-:-RO,7223.488025306651
DEKALB-:-STONECREST LIBRARY,DEKALB-:-WOODROW ROAD,9866.944700714643
DEKALB-:-STONECREST LIBRARY,DEKALB-:-STONEVIEW ELEM,13828.938973436188
DEKALB-:-STONEVIEW ELEM,ROCKDALE-:-LA,8450.71060216793
DEKALB-:-STONEVIEW ELEM,DEKALB-:-WOODROW ROAD,4858.499628847838
DEKALB-:-TILLY MILL ROAD,DEKALB-:-WINTERS CHAPEL,1373.6240045069255
DEKALB-:-TONEY ELEM,DEKALB-:-WADSWORTH,4390.402030786784
DEKALB-:-TUCKER,DEKALB-:-TUCKER LIBRARY,13309.379257043018
DEKALB-:-TUCKER,GWINNETT-:-012 BERKSHIRE B,5750.774433103903
DEKALB-:-TUCKER LIBRARY,GWINNETT-:-012 BERKSHIRE B,8164.957659223505
DEKALB-:-TUCKER LIBRARY,GWINNETT-:-066 PINCKNEYVILLE O,4397.977668316661
DEKALB-:-WHITE OAK,DEKALB-:-WOODRIDGE ELEM,4492.9954327761325
DEKALB-:-WINTERS CHAPEL,GWINNETT-:-037 PINCKNEYVILLE E,1636.1955506033535
DEKALB-:-WINTERS CHAPEL,GWINNETT-:-101 PINCKNEYVILLE U,6603.881066807484
DEKALB-:-WINTERS CHAPEL,FULTON-:-SS01,1287.5660506184395
DEKALB-:-WOODRIDGE ELEM,DEKALB-:-YOUNG ROAD,1251.9671679534658
DEKALB-:-WOODWARD,FULTON-:-06I,449.16940296577576
DEKALB-:-WOODWARD,FULTON-:-07E,1837.620749524051
DEKALB-:-WYNBROOKE ELEM,GWINNETT-:-064 GARNERS D,6149.384137600641
DODGE-:-CHAUN,DODGE-:-MILAN,23847.148869429573
DODGE-:-CHAUN,DODGE-:-MCCRA,62712.44020151047
DODGE-:-CHAUN,DODGE-:-VILUL,4362.295537400712
DODGE-:-CHAUN,TELFAIR-:-HELENA,7667.225005127338
DODGE-:-CHAUN,DODGE-:-JAYBI,56094.47601603998
DODGE-:-CHAUN,DODGE-:-LEE,25313.968958227673
DODGE-:-CHAUN,DODGE-:-JONES,13157.937839052187
DODGE-:-CLARK,TELFAIR-:-HELENA,24039.7394810048
DODGE-:-CLARK,WHEELER-:-ALAMO,30795.43156688459
DODGE-:-CLARK,DODGE-:-JAYBI,37512.67602659551
DODGE-:-CLARK,LAURENS-:-BURCH,40269.295847822716
DODGE-:-EDDIN,DODGE-:-LEE,27278.700876060757
DODGE-:-EDDIN,DODGE-:-RAWLI,21690.659452569493
DODGE-:-EDDIN,PULASKI-:-COURTHOUSE ANNEX,48268.3284935706
DODGE-:-EDDIN,DODGE-:-EMPIR,28363.741813043835
DODGE-:-EMPIR,DODGE-:-RAWLI,20331.75436788564
DODGE-:-EMPIR,DODGE-:-YONKE,39611.16744484236
DODGE-:-JAYBI,TELFAIR-:-HELENA,25533.604088414773
DODGE-:-JAYBI,DODGE-:-JONES,12986.673705372588
DODGE-:-JAYBI,LAURENS-:-BURCH,13608.416651143545
DODGE-:-JONES,DODGE-:-LEE,45816.62810172925
DODGE-:-JONES,LAURENS-:-BURCH,17629.221175888382
DODGE-:-JONES,DODGE-:-PLAIN,22188.96352006661
DODGE-:-JONES,LAURENS-:-CADWELL,15532.215930941264
DODGE-:-LEE,DODGE-:-VILUL,26611.149245864948
DODGE-:-LEE,DODGE-:-MITCH,50462.83095513862
DODGE-:-LEE,DODGE-:-RAWLI,44503.79137431882
DODGE-:-LEE,DODGE-:-PLAIN,14111.977322140106
DODGE-:-LEE,PULASKI-:-COURTHOUSE ANNEX,1376.1242040599664
DODGE-:-MCCRA,DODGE-:-PONDT,25182.575356890873
DODGE-:-MCCRA,DODGE-:-MILAN,22950.106312109176
DODGE-:-MCCRA,DODGE-:-VILUL,49123.58386749317
DODGE-:-MILAN,TELFAIR-:-MILAN,40106.799761574664
DODGE-:-MILAN,DODGE-:-PONDT,18503.21211936625
DODGE-:-MITCH,DODGE-:-PONDT,39290.93525206537
DODGE-:-MITCH,DODGE-:-VILUL,9867.937726450557
DODGE-:-MITCH,WILCOX-:-ABBEVILLE NORTH 2,52970.24192566114
DODGE-:-MITCH,PULASKI-:-COURTHOUSE ANNEX,37297.62228370301
DODGE-:-MULLI,DODGE-:-PLAIN,32741.519208664882
DODGE-:-MULLI,DODGE-:-YONKE,67760.1907556173
DODGE-:-MULLI,LAURENS-:-HAMPTON MILL,20422.753672769526
DODGE-:-PLAIN,DODGE-:-RAWLI,23436.33335712251
DODGE-:-PLAIN,LAURENS-:-CADWELL,40901.439052386784
DODGE-:-PLAIN,DODGE-:-YONKE,5027.117422722328
DODGE-:-PONDT,TELFAIR-:-MILAN,42395.02830288125
DODGE-:-PONDT,WILCOX-:-ABBEVILLE SOUTH 5,74293.53053409973
DODGE-:-PONDT,DODGE-:-VILUL,43772.43062729199
DODGE-:-PONDT,WILCOX-:-ABBEVILLE NORTH 2,33844.78380692768
DODGE-:-RAWLI,DODGE-:-YONKE,11323.055575380153
DOOLY-:-BYROMVILLE,DOOLY-:-LILLY,108188.95374647745
DOOLY-:-BYROMVILLE,MACON-:-MONTEZUMA #4,49928.616345931914
DOOLY-:-BYROMVILLE,MACON-:-MONTEZUMA #5,46271.77623443289
DOOLY-:-BYROMVILLE,SUMTER-:-ANDERSONVILLE,14188.698914860628
DOOLY-:-BYROMVILLE,DOOLY-:-PINEHURST,14678.491349833965
DOOLY-:-BYROMVILLE,DOOLY-:-UNADILLA,35597.208644270046
DOOLY-:-BYROMVILLE,HOUSTON-:-HEFS,5573.70095703017
DOOLY-:-LILLY,SUMTER-:-BROWNS MILL,53544.262258537856
DOOLY-:-LILLY,SUMTER-:-ANDERSONVILLE,613.7768193669657
DOOLY-:-LILLY,DOOLY-:-VIENNA,109659.25147097852
DOOLY-:-LILLY,DOOLY-:-PINEHURST,30652.540152728838
DOOLY-:-PINEHURST,DOOLY-:-VIENNA,77949.87671759907
DOOLY-:-PINEHURST,DOOLY-:-UNADILLA,80269.08273332544
DOOLY-:-UNADILLA,PULASKI-:-COURTHOUSE ANNEX,51820.648799342154
DOOLY-:-UNADILLA,HOUSTON-:-HAFS,42993.81672529351
DOOLY-:-UNADILLA,DOOLY-:-VIENNA,35959.154329900855
DOOLY-:-UNADILLA,HOUSTON-:-HEFS,28823.376367916757
DOOLY-:-VIENNA,WILCOX-:-PITTS 3,2981.2372318014927
DOOLY-:-VIENNA,SUMTER-:-LESLIE,4660.699323831773
DOOLY-:-VIENNA,SUMTER-:-BROWNS MILL,12859.155748019357
DOOLY-:-VIENNA,WILCOX-:-PINEVIEW 2,29951.092901262597
DOOLY-:-VIENNA,PULASKI-:-COURTHOUSE ANNEX,18849.735679065398
DOUGHERTY-:-2ND MT. ZION CHURCH,DOUGHERTY-:-LAMAR REESE SCHOOL,31598.564253397304
DOUGHERTY-:-2ND MT. ZION CHURCH,DOUGHERTY-:-ALICE COACHMAN ELEMENTARY,18459.18807698257
DOUGHERTY-:-2ND MT. ZION CHURCH,DOUGHERTY-:-WESTTOWN SCHOOL,29516.046469329543
DOUGHERTY-:-2ND MT. ZION CHURCH,DOUGHERTY-:-CHRIST CHURCH,52421.24855289234
DOUGHERTY-:-ALBANY HIGH SCHOOL,DOUGHERTY-:-TURNER ELEMENTARY SCHOOL,22455.010947403152
DOUGHERTY-:-ALBANY HIGH SCHOOL,DOUGHERTY-:-ROBERT H. HARVEY ELEMENTARY,7308.794067558061
DOUGHERTY-:-ALBANY HIGH SCHOOL,DOUGHERTY-:-ALBANY MIDDLE SCHOOL,16777.836054281768
DOUGHERTY-:-ALBANY HIGH SCHOOL,LEE-:-CENTURY FIRE STATION,9344.399417556224
DOUGHERTY-:-ALBANY HIGH SCHOOL,LEE-:-REDBONE,31259.29136542872
DOUGHERTY-:-ALBANY HIGH SCHOOL,DOUGHERTY-:-PINE BLUFF BAPTIST CHURCH,9142.941338526663
DOUGHERTY-:-ALBANY HIGH SCHOOL,LEE-:-SDA CHURCH,1033.5688540703904
DOUGHERTY-:-ALBANY HIGH SCHOOL,DOUGHERTY-:-SHILOH BAPTIST CHURCH,16463.575414837127
DOUGHERTY-:-ALBANY HIGH SCHOOL,DOUGHERTY-:-LITMAN CATHEDRAL,1473.327238452237
DOUGHERTY-:-ALBANY HIGH SCHOOL,DOUGHERTY-:-MERRY ACRES MIDDLE,7138.119590243357
DOUGHERTY-:-ALBANY HIGH SCHOOL,DOUGHERTY-:-COVENANT CHURCH,4511.028424122297
DOUGHERTY-:-ALBANY HIGH SCHOOL,DOUGHERTY-:-SHERWOOD ELEMENTARY SCHOOL,4054.3786462243056
DOUGHERTY-:-ALBANY MIDDLE SCHOOL,DOUGHERTY-:-TURNER ELEMENTARY SCHOOL,10842.966725168546
DOUGHERTY-:-ALBANY MIDDLE SCHOOL,DOUGHERTY-:-ROBERT H. HARVEY ELEMENTARY,9634.154607992874
DOUGHERTY-:-ALICE COACHMAN ELEMENTARY,DOUGHERTY-:-WESTTOWN SCHOOL,11380.881079909926
DOUGHERTY-:-ALICE COACHMAN ELEMENTARY,DOUGHERTY-:-MT. ZION CENTER,16096.976486158223
DOUGHERTY-:-ALICE COACHMAN ELEMENTARY,DOUGHERTY-:-FIRST MOUNT OLIVE,3362.2549343230266
DOUGHERTY-:-ASU EAST CAMPUS,DOUGHERTY-:-BILL MILLER COMMUNITY CENTER,19409.863870863308
DOUGHERTY-:-ASU EAST CAMPUS,DOUGHERTY-:-TURNER ELEMENTARY SCHOOL,2481.9138697534613
DOUGHERTY-:-ASU EAST CAMPUS,DOUGHERTY-:-ROBERT H. HARVEY ELEMENTARY,8026.098703633301
DOUGHERTY-:-ASU EAST CAMPUS,DOUGHERTY-:-MT. ZION CENTER,9869.806241356118
DOUGHERTY-:-ASU WEST CAMPUS,DOUGHERTY-:-WESTTOWN SCHOOL,25202.780956779196
DOUGHERTY-:-ASU WEST CAMPUS,DOUGHERTY-:-WESTOVER HIGH SCHOOL,9190.32012154331
DOUGHERTY-:-ASU WEST CAMPUS,DOUGHERTY-:-GREENBRIAR CHURCH,16464.110309066433
DOUGHERTY-:-ASU WEST CAMPUS,DOUGHERTY-:-LITMAN CATHEDRAL,6483.941413314281
DOUGHERTY-:-ASU WEST CAMPUS,DOUGHERTY-:-MERRY ACRES MIDDLE,17593.500565086873
DOUGHERTY-:-ASU WEST CAMPUS,DOUGHERTY-:-CHRIST CHURCH,31274.039687793604
DOUGHERTY-:-BILL MILLER COMMUNITY CENTER,DOUGHERTY-:-RADIUM MIDDLE SCHOOL,12964.924758200243
DOUGHERTY-:-BILL MILLER COMMUNITY CENTER,DOUGHERTY-:-TURNER ELEMENTARY SCHOOL,5544.210086999113
DOUGHERTY-:-BILL MILLER COMMUNITY CENTER,DOUGHERTY-:-MT. ZION CENTER,5747.641887755414
DOUGHERTY-:-CHRIST CHURCH,DOUGHERTY-:-GREENBRIAR CHURCH,6130.5487555091
DOUGHERTY-:-CHRIST CHURCH,LEE-:-THE BINDERY AT OAKLAND,11508.908996634735
DOUGHERTY-:-CHRIST CHURCH,TERRELL-:-SASSER,47529.10241117818
DOUGHERTY-:-COVENANT CHURCH,DOUGHERTY-:-WESTOVER HIGH SCHOOL,1914.2165960871455
DOUGHERTY-:-COVENANT CHURCH,DOUGHERTY-:-MERRY ACRES MIDDLE,15989.346361501417
DOUGHERTY-:-COVENANT CHURCH,DOUGHERTY-:-SHERWOOD ELEMENTARY SCHOOL,12202.423332593115
DOUGHERTY-:-FIRST MOUNT OLIVE,DOUGHERTY-:-WESTTOWN SCHOOL,3000.3719116785305
DOUGHERTY-:-FIRST MOUNT OLIVE,DOUGHERTY-:-MT. ZION CENTER,5860.253164302232
DOUGHERTY-:-FIRST MOUNT OLIVE,DOUGHERTY-:-SHILOH BAPTIST CHURCH,11190.547769421335
DOUGHERTY-:-FIRST MOUNT OLIVE,DOUGHERTY-:-LITMAN CATHEDRAL,564.379482010515
DOUGHERTY-:-GREENBRIAR CHURCH,DOUGHERTY-:-WESTOVER HIGH SCHOOL,23947.284579613606
DOUGHERTY-:-GREENBRIAR CHURCH,LEE-:-THE BINDERY AT OAKLAND,9436.715092936052
DOUGHERTY-:-GREENBRIAR CHURCH,DOUGHERTY-:-SHERWOOD ELEMENTARY SCHOOL,5652.071580380815
DOUGHERTY-:-INTERNATIONAL STUDIES,DOUGHERTY-:-PUTNEY 1ST BAPTIST CHURCH,72727.10148740152
DOUGHERTY-:-INTERNATIONAL STUDIES,DOUGHERTY-:-RADIUM MIDDLE SCHOOL,10636.795090497106
DOUGHERTY-:-INTERNATIONAL STUDIES,WORTH-:-SYLVESTER,9425.385952840556
DOUGHERTY-:-INTERNATIONAL STUDIES,DOUGHERTY-:-TURNER ELEMENTARY SCHOOL,18995.8687183789
DOUGHERTY-:-INTERNATIONAL STUDIES,WORTH-:-COUNTY LINE,13320.750989453396
DOUGHERTY-:-INTERNATIONAL STUDIES,DOUGHERTY-:-PINE BLUFF BAPTIST CHURCH,28658.497164343324
DOUGHERTY-:-INTERNATIONAL STUDIES,DOUGHERTY-:-LAMAR REESE SCHOOL,1819.9880751017354
DOUGHERTY-:-LAMAR REESE SCHOOL,DOUGHERTY-:-PUTNEY 1ST BAPTIST CHURCH,25166.24526340157
DOUGHERTY-:-LAMAR REESE SCHOOL,DOUGHERTY-:-RADIUM MIDDLE SCHOOL,16281.650340904658
DOUGHERTY-:-LAMAR REESE SCHOOL,MITCHELL-:-BACONTON,1220.54720864099
DOUGHERTY-:-LAMAR REESE SCHOOL,DOUGHERTY-:-MT. ZION CENTER,30415.997778926037
DOUGHERTY-:-LITMAN CATHEDRAL,DOUGHERTY-:-WESTTOWN SCHOOL,10170.634234342426
DOUGHERTY-:-LITMAN CATHEDRAL,DOUGHERTY-:-SHILOH BAPTIST CHURCH,2375.150285113312
DOUGHERTY-:-MERRY ACRES MIDDLE,DOUGHERTY-:-WESTOVER HIGH SCHOOL,6840.558916442409
DOUGHERTY-:-MT. ZION CENTER,DOUGHERTY-:-RADIUM MIDDLE SCHOOL,432.2154907977695
DOUGHERTY-:-MT. ZION CENTER,DOUGHERTY-:-ROBERT H. HARVEY ELEMENTARY,549.6093465792022
DOUGHERTY-:-MT. ZION CENTER,DOUGHERTY-:-SHILOH BAPTIST CHURCH,9374.31486067721
DOUGHERTY-:-PINE BLUFF BAPTIST CHURCH,WORTH-:-SYLVESTER,10018.130000896716
DOUGHERTY-:-PINE BLUFF BAPTIST CHURCH,DOUGHERTY-:-TURNER ELEMENTARY SCHOOL,28612.775542778323
DOUGHERTY-:-PINE BLUFF BAPTIST CHURCH,LEE-:-REDBONE,14903.26729638162
DOUGHERTY-:-PINE BLUFF BAPTIST CHURCH,WORTH-:-RED ROCK,44365.69552920495
DOUGHERTY-:-PINE BLUFF BAPTIST CHURCH,WORTH-:-WARWICK,4695.202452893957
DOUGHERTY-:-PUTNEY 1ST BAPTIST CHURCH,WORTH-:-BRIDGEBORO,2219.0992144210054
DOUGHERTY-:-PUTNEY 1ST BAPTIST CHURCH,MITCHELL-:-LESTER,36852.3760988837
DOUGHERTY-:-PUTNEY 1ST BAPTIST CHURCH,DOUGHERTY-:-RADIUM MIDDLE SCHOOL,22849.06675460962
DOUGHERTY-:-PUTNEY 1ST BAPTIST CHURCH,WORTH-:-COUNTY LINE,28780.407845428683
DOUGHERTY-:-PUTNEY 1ST BAPTIST CHURCH,MITCHELL-:-BACONTON,7000.746692999083
DOUGHERTY-:-RADIUM MIDDLE SCHOOL,DOUGHERTY-:-TURNER ELEMENTARY SCHOOL,2831.9465735276
DOUGHERTY-:-ROBERT H. HARVEY ELEMENTARY,DOUGHERTY-:-TURNER ELEMENTARY SCHOOL,9990.98572306651
DOUGHERTY-:-ROBERT H. HARVEY ELEMENTARY,DOUGHERTY-:-SHILOH BAPTIST CHURCH,682.4033408064213
DOUGHERTY-:-SHERWOOD ELEMENTARY SCHOOL,DOUGHERTY-:-WESTOVER HIGH SCHOOL,3922.810453750502
DOUGHERTY-:-SHERWOOD ELEMENTARY SCHOOL,LEE-:-SDA CHURCH,16631.209686431535
DOUGLAS-:-ARBOR STATION,DOUGLAS-:-ST JULIANS EPISCOPAL,6813.696410369626
DOUGLAS-:-ARBOR STATION,DOUGLAS-:-LUTHERAN CHURCH,7418.353853838546
DOUGLAS-:-ARBOR STATION,DOUGLAS-:-ELIZABETH BAPTIST CHURCH,3635.399638857114
DOUGLAS-:-ARBOR STATION,DOUGLAS-:-ST. THERESA'S,3020.2082375328782
DOUGLAS-:-ARBOR STATION,DOUGLAS-:-OLD COURTHOUSE,7742.2661221650815
DOUGLAS-:-ATLANTA WEST,DOUGLAS-:-LITHIA SPRINGS HIGH SCHOOL,10985.42758471289
DOUGLAS-:-ATLANTA WEST,DOUGLAS-:-FIRST BAPTIST LITHIA SPRINGS,15051.587806541562
DOUGLAS-:-BEULAH BAPTIST CHURCH,DOUGLAS-:-OLD COURTHOUSE,14500.34212011981
DOUGLAS-:-BEULAH BAPTIST CHURCH,DOUGLAS-:-CHESTNUT LOG,4831.790234544284
DOUGLAS-:-BEULAH BAPTIST CHURCH,DOUGLAS-:-DEER LICK PARK,4787.994313364717
DOUGLAS-:-BEULAH BAPTIST CHURCH,DOUGLAS-:-TURNER MIDDLE SCHOOL,29237.799774508974
DOUGLAS-:-BEULAH BAPTIST CHURCH,DOUGLAS-:-STEWART,16044.919568919657
DOUGLAS-:-BEULAH BAPTIST CHURCH,PAULDING-:-DOBBINS MIDDLE SCHOOL,8480.448211259729
DOUGLAS-:-BOUNDARY WATERS,FULTON-:-CH02,4287.37280463914
DOUGLAS-:-BOUNDARY WATERS,DOUGLAS-:-CHAPEL HILL HIGH SCHOOL,23475.9323481051
DOUGLAS-:-BOUNDARY WATERS,FULTON-:-SC13,3708.514396122145
DOUGLAS-:-BOUNDARY WATERS,FULTON-:-SC15A,15555.926871538308
DOUGLAS-:-BOUNDARY WATERS,FULTON-:-SC15B,1254.5775996693778
DOUGLAS-:-BOUNDARY WATERS,DOUGLAS-:-FACTORY SHOALS MIDDLE SCHOOL,21694.95194385907
DOUGLAS-:-CHAPEL HILL HIGH SCHOOL,FULTON-:-CH02,29555.93472341125
DOUGLAS-:-CHAPEL HILL HIGH SCHOOL,DOUGLAS-:-PRAYS MILL,25237.67355081875
DOUGLAS-:-CHAPEL HILL HIGH SCHOOL,DOUGLAS-:-CHAPEL HILL MIDDLE SCHOOL,23178.2826752627
DOUGLAS-:-CHAPEL HILL MIDDLE SCHOOL,DOUGLAS-:-DORSETT SHOALS,10953.891214033833
DOUGLAS-:-CHAPEL HILL MIDDLE SCHOOL,DOUGLAS-:-FACTORY SHOALS MIDDLE SCHOOL,7526.404049739639
DOUGLAS-:-CHAPEL HILL MIDDLE SCHOOL,DOUGLAS-:-ST JULIANS EPISCOPAL,6115.800369374604
DOUGLAS-:-CHAPEL HILL MIDDLE SCHOOL,DOUGLAS-:-LUTHERAN CHURCH,16261.533206550885
DOUGLAS-:-CHESTNUT LOG,DOUGLAS-:-FACTORY SHOALS MIDDLE SCHOOL,5790.9629631650805
DOUGLAS-:-CHESTNUT LOG,DOUGLAS-:-LUTHERAN CHURCH,4460.962085170586
DOUGLAS-:-CHESTNUT LOG,DOUGLAS-:-ST. THERESA'S,16304.752050672229
DOUGLAS-:-CHESTNUT LOG,DOUGLAS-:-OLD COURTHOUSE,1960.2447567600225
DOUGLAS-:-CHESTNUT LOG,DOUGLAS-:-DEER LICK PARK,13936.428598881319
DOUGLAS-:-DEER LICK PARK,DOUGLAS-:-FACTORY SHOALS MIDDLE SCHOOL,20587.130139832265
DOUGLAS-:-DEER LICK PARK,DOUGLAS-:-LITHIA SPRINGS HIGH SCHOOL,16526.280599317928
DOUGLAS-:-DOG RIVER LIBRARY,FULTON-:-CH03,14047.433068994958
DOUGLAS-:-DOG RIVER LIBRARY,DOUGLAS-:-PRAYS MILL,32262.399540010756
DOUGLAS-:-DOG RIVER LIBRARY,DOUGLAS-:-EPHESUS BAPTIST CHURCH,34878.62857352863
DOUGLAS-:-DORSETT SHOALS,DOUGLAS-:-PRAYS MILL,26935.900465381448
DOUGLAS-:-DORSETT SHOALS,DOUGLAS-:-ST JULIANS EPISCOPAL,7464.87106353454
DOUGLAS-:-DORSETT SHOALS,DOUGLAS-:-ELIZABETH BAPTIST CHURCH,10013.91897554266
DOUGLAS-:-ELIZABETH BAPTIST CHURCH,DOUGLAS-:-PRAYS MILL,8986.064011567198
DOUGLAS-:-ELIZABETH BAPTIST CHURCH,DOUGLAS-:-ST JULIANS EPISCOPAL,5092.712198064775
DOUGLAS-:-ELIZABETH BAPTIST CHURCH,DOUGLAS-:-OLD COURTHOUSE,4798.678785127651
DOUGLAS-:-ELIZABETH BAPTIST CHURCH,DOUGLAS-:-WINSTON ELEMENTARY SCHOOL,14372.149311234212
DOUGLAS-:-EPHESUS BAPTIST CHURCH,DOUGLAS-:-PRAYS MILL,25246.20327347957
DOUGLAS-:-EPHESUS BAPTIST CHURCH,DOUGLAS-:-MIRROR LAKE ELEMENTARY,46415.189462582566
DOUGLAS-:-EPHESUS BAPTIST CHURCH,DOUGLAS-:-WINSTON ELEMENTARY SCHOOL,10367.640493357698
DOUGLAS-:-FACTORY SHOALS MIDDLE SCHOOL,FULTON-:-SC31,13298.780982592929
DOUGLAS-:-FACTORY SHOALS MIDDLE SCHOOL,DOUGLAS-:-LITHIA SPRINGS HIGH SCHOOL,20294.169808560644
DOUGLAS-:-FIRST BAPTIST LITHIA SPRINGS,DOUGLAS-:-LITHIA SPRINGS HIGH SCHOOL,4710.465382778635
DOUGLAS-:-FIRST BAPTIST LITHIA SPRINGS,DOUGLAS-:-TURNER MIDDLE SCHOOL,15403.677626977338
DOUGLAS-:-GOLDEN METHODIST CHURCH,DOUGLAS-:-OLD COURTHOUSE,9877.018595108084
DOUGLAS-:-GOLDEN METHODIST CHURCH,DOUGLAS-:-WINSTON ELEMENTARY SCHOOL,18480.395200221577
DOUGLAS-:-GOLDEN METHODIST CHURCH,DOUGLAS-:-STEWART,13401.718160040054
DOUGLAS-:-GOLDEN METHODIST CHURCH,PAULDING-:-DOBBINS MIDDLE SCHOOL,5234.834156070629
DOUGLAS-:-LITHIA SPRINGS HIGH SCHOOL,FULTON-:-SC31,3374.7293940549216
DOUGLAS-:-LITHIA SPRINGS HIGH SCHOOL,FULTON-:-SC33,10716.513927766144
DOUGLAS-:-LITHIA SPRINGS HIGH SCHOOL,DOUGLAS-:-TURNER MIDDLE SCHOOL,7531.5307978473775
DOUGLAS-:-LUTHERAN CHURCH,DOUGLAS-:-ST JULIANS EPISCOPAL,3858.422933501567
DOUGLAS-:-LUTHERAN CHURCH,DOUGLAS-:-ST. THERESA'S,9167.560237553316
DOUGLAS-:-MIRROR LAKE ELEMENTARY,DOUGLAS-:-WINSTON ELEMENTARY SCHOOL,38351.03212096787
DOUGLAS-:-MIRROR LAKE ELEMENTARY,PAULDING-:-S PAULDING MIDDLE SCHOOL,22975.35244776695
DOUGLAS-:-MIRROR LAKE ELEMENTARY,PAULDING-:-CARL SCOGGINS MIDDLE SCHOOL,1416.5085753282947
DOUGLAS-:-OLD COURTHOUSE,DOUGLAS-:-ST. THERESA'S,10742.031196931393
DOUGLAS-:-OLD COURTHOUSE,DOUGLAS-:-WINSTON ELEMENTARY SCHOOL,7109.683618508761
DOUGLAS-:-OLD COURTHOUSE,DOUGLAS-:-STEWART,2814.2457599115323
DOUGLAS-:-PRAYS MILL,FULTON-:-CH03,6246.687882732825
DOUGLAS-:-PRAYS MILL,FULTON-:-CH02A,1685.3877056345582
DOUGLAS-:-PRAYS MILL,FULTON-:-CH02,6224.95149940181
DOUGLAS-:-STEWART,PAULDING-:-DOBBINS MIDDLE SCHOOL,6185.665734958367
DOUGLAS-:-WINSTON ELEMENTARY SCHOOL,PAULDING-:-DOBBINS MIDDLE SCHOOL,8048.364449457345
DOUGLAS-:-WINSTON ELEMENTARY SCHOOL,PAULDING-:-S PAULDING MIDDLE SCHOOL,10761.424827766908
EARLY-:-ARLINGTON,MILLER-:-COLQUITT-MILLER,58229.38268572432
EARLY-:-ARLINGTON,EARLY-:-CUBA,55918.81455937308
EARLY-:-ARLINGTON,EARLY-:-BLAKELY,47100.39332058208
EARLY-:-ARLINGTON,EARLY-:-URQUHART,5262.797322363255
EARLY-:-BLAKELY,EARLY-:-CEDAR SPRINGS,30607.682431375448
EARLY-:-BLAKELY,EARLY-:-CUBA,77998.74337276495
EARLY-:-BLAKELY,EARLY-:-URQUHART,109546.63102390118
EARLY-:-CEDAR SPRINGS,MILLER-:-COLQUITT-MILLER,36309.24260059451
EARLY-:-CEDAR SPRINGS,SEMINOLE-:-PRECINCT 2,33282.33393478483
EARLY-:-CEDAR SPRINGS,EARLY-:-CUBA,69520.11691222063
EARLY-:-CEDAR SPRINGS,EARLY-:-URQUHART,35683.50719399775
EARLY-:-CUBA,MILLER-:-COLQUITT-MILLER,72090.80389444683
ECHOLS-:-STATENVILLE,LOWNDES-:-SOUTH LOWNDES RECREATION CENTER,28784.27738916214
ECHOLS-:-STATENVILLE,LOWNDES-:-LAKE PARK,16762.517555900093
ECHOLS-:-STATENVILLE,LOWNDES-:-LOWNDES CIVIC,41445.18542498991
ECHOLS-:-STATENVILLE,LOWNDES-:-NAYLOR COMMUNITY CENTER,33325.19316691278
ECHOLS-:-STATENVILLE,LANIER-:-LAKELAND,22790.661175300036
EFFINGHAM-:-1A,EFFINGHAM-:-1C,6374.147434836896
EFFINGHAM-:-1A,EFFINGHAM-:-1D,19398.804312801694
EFFINGHAM-:-1A,EFFINGHAM-:-2A,13066.040569281577
EFFINGHAM-:-1A,EFFINGHAM-:-2D,7161.745046306967
EFFINGHAM-:-1A,EFFINGHAM-:-1B,41082.80388476824
EFFINGHAM-:-1A,EFFINGHAM-:-4B,14304.810288815605
EFFINGHAM-:-1A,EFFINGHAM-:-3E,6754.409564439291
EFFINGHAM-:-1A,EFFINGHAM-:-4C,10928.513985853186
EFFINGHAM-:-1B,EFFINGHAM-:-1C,14316.282407802239
EFFINGHAM-:-1B,EFFINGHAM-:-3E,16775.27959780285
EFFINGHAM-:-1B,EFFINGHAM-:-3D,23028.563010025966
EFFINGHAM-:-1C,EFFINGHAM-:-1D,12985.714376860638
EFFINGHAM-:-1D,EFFINGHAM-:-2A,20078.620121814085
EFFINGHAM-:-2A,EFFINGHAM-:-2D,21404.859294290927
EFFINGHAM-:-2B,EFFINGHAM-:-2D,10377.063264361008
EFFINGHAM-:-2B,EFFINGHAM-:-2C,18947.79209134065
EFFINGHAM-:-2B,EFFINGHAM-:-5D,7086.615112888951
EFFINGHAM-:-2C,EFFINGHAM-:-2D,15116.098307156008
EFFINGHAM-:-2C,EFFINGHAM-:-4B,31254.395816153712
EFFINGHAM-:-2C,EFFINGHAM-:-5D,8384.787565324668
EFFINGHAM-:-2D,EFFINGHAM-:-4B,13144.08422909508
EFFINGHAM-:-3A,EFFINGHAM-:-3D,33506.82400449058
EFFINGHAM-:-3A,EFFINGHAM-:-3C,50108.52767914674
EFFINGHAM-:-3A,EFFINGHAM-:-3B,50121.8939128693
EFFINGHAM-:-3A,SCREVEN-:-PLANTERS ANNEX,52157.88061108548
EFFINGHAM-:-3B,EFFINGHAM-:-4A,38218.140883001084
EFFINGHAM-:-3B,EFFINGHAM-:-3C,32411.871040942817
EFFINGHAM-:-3B,SCREVEN-:-PLANTERS ANNEX,11332.547332043547
EFFINGHAM-:-3C,EFFINGHAM-:-4C,9736.206332493404
EFFINGHAM-:-3C,EFFINGHAM-:-3D,40415.019627244204
EFFINGHAM-:-3C,EFFINGHAM-:-4A,13295.638479153016
EFFINGHAM-:-3D,EFFINGHAM-:-3E,27482.239686080637
EFFINGHAM-:-3D,EFFINGHAM-:-4C,16423.724580160684
EFFINGHAM-:-3E,EFFINGHAM-:-4C,28436.41135172077
EFFINGHAM-:-4A,EFFINGHAM-:-4C,16336.271676171978
EFFINGHAM-:-4A,EFFINGHAM-:-5A,31847.58289322285
EFFINGHAM-:-4A,EFFINGHAM-:-5B,12000.447750016747
EFFINGHAM-:-4B,EFFINGHAM-:-5C,5179.988948080613
EFFINGHAM-:-4B,EFFINGHAM-:-4C,39560.22430539389
EFFINGHAM-:-4B,EFFINGHAM-:-5A,16359.180219228094
EFFINGHAM-:-4B,EFFINGHAM-:-5B,4766.142271287709
EFFINGHAM-:-4C,EFFINGHAM-:-5A,4944.047911308953
EFFINGHAM-:-5A,EFFINGHAM-:-5B,30963.002601976707
EFFINGHAM-:-5B,EFFINGHAM-:-5C,14697.889700688482
EFFINGHAM-:-5B,EFFINGHAM-:-5D,30828.368491889574
EFFINGHAM-:-5C,EFFINGHAM-:-5D,20882.301469391838
ELBERT-:-CENTERVILLE,ELBERT-:-MOSS-RUCKERSVILLE,40753.35464353033
ELBERT-:-CENTERVILLE,ELBERT-:-GAINES,20485.019229758338
ELBERT-:-CENTERVILLE,ELBERT-:-ELBERTON,18959.99771444727
ELBERT-:-CENTERVILLE,ELBERT-:-PIKE,53989.80102431912
ELBERT-:-CENTERVILLE,HART-:-BIO,26426.318038459354
ELBERT-:-CENTERVILLE,HART-:-COKESBURY,11326.55965613114
ELBERT-:-ELBERTON,ELBERT-:-LONGSTREET,16353.332337039988
ELBERT-:-ELBERTON,ELBERT-:-MOSS-RUCKERSVILLE,17511.327552033592
ELBERT-:-ELBERTON,ELBERT-:-WYCHE,29943.622205693013
ELBERT-:-ELBERTON,ELBERT-:-WEBBSBORO,9827.56593778637
ELBERT-:-ELBERTON,ELBERT-:-PIKE,25324.626449802465
ELBERT-:-ELIAM,OGLETHORPE-:-LEXINGTON,14779.24987479314
ELBERT-:-ELIAM,WILKES-:-TIGNALL SCH LUNCH RM,31364.55920773452
ELBERT-:-ELIAM,ELBERT-:-PETERSBURG,13041.922728123418
ELBERT-:-ELIAM,ELBERT-:-LONGSTREET,75285.33406143806
ELBERT-:-ELIAM,ELBERT-:-WYCHE,49554.351600255526
ELBERT-:-GAINES,ELBERT-:-MOSS-RUCKERSVILLE,39709.22563408546
ELBERT-:-GAINES,HART-:-COKESBURY,30537.27205295522
ELBERT-:-GOSHEN,ELBERT-:-WEBBSBORO,16554.34630376804
ELBERT-:-GOSHEN,MADISON-:-COLLINS,32631.387418977603
ELBERT-:-GOSHEN,ELBERT-:-PIKE,38185.081601405
ELBERT-:-GOSHEN,MADISON-:-MILL,4107.6435323652095
ELBERT-:-GOSHEN,MADISON-:-HARRISON,21463.61830708471
ELBERT-:-GOSHEN,HART-:-BIO,3104.4512660191917
ELBERT-:-GOSHEN,HART-:-GOLDMINE,28720.179881564436
ELBERT-:-LONGSTREET,ELBERT-:-PETERSBURG,40749.27093800756
ELBERT-:-LONGSTREET,ELBERT-:-MOSS-RUCKERSVILLE,62353.39173584125
ELBERT-:-LONGSTREET,ELBERT-:-WYCHE,2123.0448818886903
ELBERT-:-MOSS-RUCKERSVILLE,ELBERT-:-PETERSBURG,4137.962811250109
ELBERT-:-PETERSBURG,LINCOLN-:-MIDWAY,34261.60125084551
ELBERT-:-PETERSBURG,WILKES-:-TIGNALL SCH LUNCH RM,13062.890178403577
ELBERT-:-PIKE,ELBERT-:-WEBBSBORO,39663.79154020838
ELBERT-:-PIKE,HART-:-BIO,9455.999714085729
ELBERT-:-WEBBSBORO,OGLETHORPE-:-LEXINGTON,40258.30590719202
ELBERT-:-WEBBSBORO,ELBERT-:-WYCHE,36064.75351461957
ELBERT-:-WEBBSBORO,MADISON-:-FORK,32039.649697907284
ELBERT-:-WEBBSBORO,MADISON-:-COLLINS,6523.428874789938
ELBERT-:-WYCHE,OGLETHORPE-:-LEXINGTON,36801.06329587922
EMANUEL-:-ADRIAN,TREUTLEN-:-ANNEX,87592.64709861846
EMANUEL-:-ADRIAN,EMANUEL-:-NUNEZ,26168.879363747837
EMANUEL-:-ADRIAN,JOHNSON-:-SMITH,65166.63474933166
EMANUEL-:-ADRIAN,EMANUEL-:-SWAINSBORO,32078.9240805511
EMANUEL-:-ADRIAN,EMANUEL-:-BLUNDALE,39649.485687168
EMANUEL-:-ADRIAN,JOHNSON-:-KITE,22377.511126231802
EMANUEL-:-BLUNDALE,EMANUEL-:-SWAINSBORO,79044.443748053
EMANUEL-:-BLUNDALE,JOHNSON-:-KITE,89435.87499870715
EMANUEL-:-BLUNDALE,EMANUEL-:-SUMMERTOWN,32941.21018223797
EMANUEL-:-BLUNDALE,EMANUEL-:-CROSS-GREEN,41508.45675152414
EMANUEL-:-BLUNDALE,JEFFERSON-:-WADLEY,38248.432353544384
EMANUEL-:-CANOOCHEE,EMANUEL-:-GARFIELD,34105.822255137755
EMANUEL-:-CANOOCHEE,EMANUEL-:-TWIN CITY,55452.95905769409
EMANUEL-:-CANOOCHEE,EMANUEL-:-SWAINSBORO,50231.03113791865
EMANUEL-:-CANOOCHEE,JENKINS-:-FOUR POINTS,16363.994521011333
EMANUEL-:-CANOOCHEE,JENKINS-:-PERKINS,31507.431083464944
EMANUEL-:-CANOOCHEE,EMANUEL-:-SUMMERTOWN,66634.04080552008
EMANUEL-:-CROSS-GREEN,EMANUEL-:-SUMMERTOWN,46979.11576373917
EMANUEL-:-CROSS-GREEN,JEFFERSON-:-WADLEY,35087.931851666704
EMANUEL-:-CROSS-GREEN,JEFFERSON-:-LOUISVILLE,2588.165270274846
EMANUEL-:-GARFIELD,EMANUEL-:-TWIN CITY,55717.25825157393
EMANUEL-:-GARFIELD,JENKINS-:-FOUR POINTS,42198.05903693728
EMANUEL-:-NUNEZ,EMANUEL-:-OAK PARK,44346.623219626155
EMANUEL-:-NUNEZ,TREUTLEN-:-ANNEX,11158.778608128772
EMANUEL-:-NUNEZ,EMANUEL-:-STILLMORE,29539.80893220505
EMANUEL-:-NUNEZ,EMANUEL-:-SWAINSBORO,82824.95925311255
EMANUEL-:-OAK PARK,TOOMBS-:-15361 LYONS,24296.164902418775
EMANUEL-:-OAK PARK,TOOMBS-:-514 S.T.I.A.L.C.,51459.82886836375
EMANUEL-:-OAK PARK,TREUTLEN-:-ANNEX,33872.2464816691
EMANUEL-:-OAK PARK,EMANUEL-:-STILLMORE,49113.64289109937
EMANUEL-:-STILLMORE,EMANUEL-:-TWIN CITY,24027.994241858774
EMANUEL-:-STILLMORE,EMANUEL-:-SWAINSBORO,41415.07782169854
EMANUEL-:-SUMMERTOWN,EMANUEL-:-SWAINSBORO,42173.137694140794
EMANUEL-:-SWAINSBORO,EMANUEL-:-TWIN CITY,60336.35454088602
EVANS-:-VETERAN'S COMMUNITY CENTER,LIBERTY-:-GUM BRANCH,20207.23727663195
EVANS-:-VETERAN'S COMMUNITY CENTER,TATTNALL-:-EAST GLENNVILLE,50248.87977076128
EVANS-:-VETERAN'S COMMUNITY CENTER,TATTNALL-:-DISTRICT IV,19498.53081675203
EVANS-:-VETERAN'S COMMUNITY CENTER,TATTNALL-:-DISTRICT II,25519.26547208044
EVANS-:-VETERAN'S COMMUNITY CENTER,TATTNALL-:-MANASSAS,29159.254310135773
EVANS-:-VETERAN'S COMMUNITY CENTER,TATTNALL-:-COLLINS,18687.57096297147
FANNIN-:-COLWELL,MURRAY-:-MCDONALD,1487.2871067852986
FANNIN-:-COLWELL,MURRAY-:-NORTH,47779.6817499837
FANNIN-:-COLWELL,GILMER-:-MOUNTAINTOWN,36153.54743668559
FANNIN-:-COLWELL,FANNIN-:-SUGAR CREEK,67691.12324817543
FANNIN-:-COLWELL,FANNIN-:-FLINTHILL,27432.822802726587
FANNIN-:-COLWELL,GILMER-:-BOARDTOWN,25777.334115231704
FANNIN-:-COLWELL,FANNIN-:-MOBILE,64293.728094859995
FANNIN-:-FAIRPLAY,FANNIN-:-MINERAL BLUFF,40328.74907394862
FANNIN-:-FAIRPLAY,FANNIN-:-HEMPTOWN,19392.88098111227
FANNIN-:-FAIRPLAY,UNION-:-DOOLEY,26687.040716814252
FANNIN-:-FAIRPLAY,FANNIN-:-HOTHOUSE,6189.734710394249
FANNIN-:-FLINTHILL,FANNIN-:-MINERAL BLUFF,17126.320574590194
FANNIN-:-FLINTHILL,FANNIN-:-SUGAR CREEK,24774.629574003433
FANNIN-:-FLINTHILL,FANNIN-:-HOTHOUSE,21748.359240474114
FANNIN-:-FLINTHILL,FANNIN-:-MOBILE,42298.31717978638
FANNIN-:-HEMPTOWN,FANNIN-:-MINERAL BLUFF,15705.610877234512
FANNIN-:-HEMPTOWN,FANNIN-:-MORGANTON,62541.72345477673
FANNIN-:-HEMPTOWN,UNION-:-DOOLEY,33123.497629724225
FANNIN-:-HEMPTOWN,UNION-:-JONES CREEK,914.862482389325
FANNIN-:-HEMPTOWN,UNION-:-PAT COLWELL,3663.2402928666993
FANNIN-:-HOTHOUSE,FANNIN-:-MINERAL BLUFF,39425.04933809599
FANNIN-:-MINERAL BLUFF,FANNIN-:-MORGANTON,12082.344721905458
FANNIN-:-MINERAL BLUFF,FANNIN-:-SUGAR CREEK,11640.036853398378
FANNIN-:-MINERAL BLUFF,FANNIN-:-TOCCOA,22201.58679347639
FANNIN-:-MORGANTON,FANNIN-:-NOONTOOTLA,57275.98081347054
FANNIN-:-MORGANTON,FANNIN-:-SKENIAH,19535.906970272892
FANNIN-:-MORGANTON,UNION-:-JONES CREEK,33404.53270665445
FANNIN-:-MORGANTON,FANNIN-:-TOCCOA,55087.48958333615
FANNIN-:-NOONTOOTLA,FANNIN-:-SKENIAH,42754.87086882935
FANNIN-:-NOONTOOTLA,GILMER-:-CHERRY LOG,6988.3804895603935
FANNIN-:-NOONTOOTLA,GILMER-:-ROY ROAD,40257.102926424384
FANNIN-:-NOONTOOTLA,FANNIN-:-TOCCOA,25271.71281661844
FANNIN-:-SKENIAH,LUMPKIN-:-DAHLONEGA,18959.515791959566
FANNIN-:-SKENIAH,UNION-:-SUCHES,63235.33576825708
FANNIN-:-SKENIAH,UNION-:-JONES CREEK,16448.32153765849
FANNIN-:-SKENIAH,GILMER-:-ROY ROAD,44748.141684625676
FANNIN-:-SUGAR CREEK,GILMER-:-CHERRY LOG,17364.671879966852
FANNIN-:-SUGAR CREEK,FANNIN-:-TOCCOA,53142.35143659342
FANNIN-:-SUGAR CREEK,GILMER-:-BOARDTOWN,12620.678132295723
FANNIN-:-TOCCOA,GILMER-:-CHERRY LOG,23868.93907654657
FAYETTE-:-ABERDEEN,FAYETTE-:-SHAKERAG EAST,2410.290173980441
FAYETTE-:-ABERDEEN,FAYETTE-:-WILLOWBEND,3209.026503493958
FAYETTE-:-ABERDEEN,FAYETTE-:-SHAKERAG WEST,4616.333047352617
FAYETTE-:-ABERDEEN,FAYETTE-:-KEDRON,9612.257734254415
FAYETTE-:-ABERDEEN,FAYETTE-:-MCINTOSH,9764.37232475332
FAYETTE-:-ABERDEEN,FAYETTE-:-FIELDING RIDGE,5366.281659141663
FAYETTE-:-ANTIOCH,FAYETTE-:-WOOLSEY,17625.206927521198
FAYETTE-:-ANTIOCH,FAYETTE-:-MURPHY,20215.924940079927
FAYETTE-:-ANTIOCH,FAYETTE-:-HARPS CROSSING,10074.622606927702
FAYETTE-:-BANKS,FAYETTE-:-FLINT,13851.37272537633
FAYETTE-:-BANKS,FAYETTE-:-FAYETTEVILLE EAST,9663.617773194099
FAYETTE-:-BANKS,FAYETTE-:-BLACKROCK,2783.86685958387
FAYETTE-:-BANKS,FAYETTE-:-MORNING CREEK,5476.241059527929
FAYETTE-:-BANKS,FAYETTE-:-OAK RIDGE,9215.525331850387
FAYETTE-:-BANKS,FAYETTE-:-EUROPE,2102.358306875643
FAYETTE-:-BLACKROCK,FAYETTE-:-FAYETTEVILLE EAST,4751.047199484016
FAYETTE-:-BLACKROCK,FAYETTE-:-FAYETTEVILLE WEST,8706.873780933745
FAYETTE-:-BLACKROCK,FAYETTE-:-MORNING CREEK,15588.319086943457
FAYETTE-:-BRAELINN,FAYETTE-:-RISING STAR,9469.997559640695
FAYETTE-:-BRAELINN,FAYETTE-:-FLAT CREEK,5135.51787984838
FAYETTE-:-BRAELINN,FAYETTE-:-OAK GROVE,10151.423081427209
FAYETTE-:-BRAELINN,FAYETTE-:-WHITEWATER,10980.701681614026
FAYETTE-:-BRAELINN,FAYETTE-:-CAMP CREEK,2009.6342613171353
FAYETTE-:-BROOKS,FAYETTE-:-WOOLSEY,24648.71490961766
FAYETTE-:-BROOKS,SPALDING-:-19,35042.69347569051
FAYETTE-:-BROOKS,FAYETTE-:-RISING STAR,24819.709300661685
FAYETTE-:-BROOKS,SPALDING-:-12,20506.34679620311
FAYETTE-:-BROOKS,FAYETTE-:-STARRSMILL,18170.27193529875
FAYETTE-:-CAMP CREEK,FAYETTE-:-FLAT CREEK,4317.097290128942
FAYETTE-:-CAMP CREEK,FAYETTE-:-OAK GROVE,6103.154545383374
FAYETTE-:-CAMP CREEK,FAYETTE-:-WHITEWATER,11612.341638641063
FAYETTE-:-CAMP CREEK,FAYETTE-:-SHAKERAG EAST,6060.543908083385
FAYETTE-:-CAMP CREEK,FAYETTE-:-WINDGATE,7257.714246121093
FAYETTE-:-DOGWOOD,FAYETTE-:-SHAKERAG EAST,6369.282114827852
FAYETTE-:-DOGWOOD,FAYETTE-:-WILLOW POND,16567.940036466713
FAYETTE-:-DOGWOOD,FAYETTE-:-MORNING CREEK,17464.19981184513
FAYETTE-:-DOGWOOD,FAYETTE-:-MCINTOSH,17642.128666481138
FAYETTE-:-DOGWOOD,FAYETTE-:-RAREOVER,11901.595725179033
FAYETTE-:-DOGWOOD,FAYETTE-:-SANDY CREEK,33222.6820347035
FAYETTE-:-EUROPE,FAYETTE-:-HOPEFUL,1810.9803552520825
FAYETTE-:-EUROPE,FAYETTE-:-OAK RIDGE,7379.3322256025
FAYETTE-:-EUROPE,FAYETTE-:-KENWOOD,17699.94065267616
FAYETTE-:-EUROPE,FULTON-:-SC211,2933.781945071928
FAYETTE-:-EUROPE,FULTON-:-SC23C,4921.4768133325915
FAYETTE-:-FAYETTEVILLE EAST,FAYETTE-:-FLINT,1153.932799987808
FAYETTE-:-FAYETTEVILLE EAST,FAYETTE-:-JEFF DAVIS,9389.014115993921
FAYETTE-:-FAYETTEVILLE EAST,FAYETTE-:-FAYETTEVILLE WEST,3023.6440819499326
FAYETTE-:-FAYETTEVILLE WEST,FAYETTE-:-SPRING HILL,9156.858217579827
FAYETTE-:-FAYETTEVILLE WEST,FAYETTE-:-MORNING CREEK,13275.47852660152
FAYETTE-:-FIELDING RIDGE,FAYETTE-:-KEDRON,12712.47767582466
FAYETTE-:-FIELDING RIDGE,FAYETTE-:-MCINTOSH,12224.204837136587
FAYETTE-:-FIELDING RIDGE,FAYETTE-:-RAREOVER,8602.116812242151
FAYETTE-:-FLAT CREEK,FAYETTE-:-RISING STAR,5219.201465843248
FAYETTE-:-FLAT CREEK,FAYETTE-:-OAK GROVE,3801.3042462554718
FAYETTE-:-FLAT CREEK,FAYETTE-:-WILLOWBEND,17922.75274507221
FAYETTE-:-FLAT CREEK,FAYETTE-:-SHAKERAG WEST,3562.7734683311096
FAYETTE-:-FLINT,FAYETTE-:-MURPHY,6695.715960856539
FAYETTE-:-FLINT,FAYETTE-:-JEFF DAVIS,8496.06452462963
FAYETTE-:-HARPS CROSSING,FAYETTE-:-WOOLSEY,2750.429844703801
FAYETTE-:-HARPS CROSSING,FAYETTE-:-MURPHY,4411.560323226247
FAYETTE-:-HARPS CROSSING,FAYETTE-:-STARRSMILL,7456.894942396279
FAYETTE-:-HARPS CROSSING,FAYETTE-:-WHITEWATER,13947.376552301455
FAYETTE-:-HARPS CROSSING,FAYETTE-:-JEFF DAVIS,4011.2678611556785
FAYETTE-:-HOPEFUL,FAYETTE-:-OAK RIDGE,15709.603734286595
FAYETTE-:-HOPEFUL,FAYETTE-:-KENWOOD,13763.446896459542
FAYETTE-:-HOPEFUL,FULTON-:-SC212,10522.427506535249
FAYETTE-:-HOPEFUL,FULTON-:-SC211,12689.770848585846
FAYETTE-:-HOPEFUL,FAYETTE-:-SANDY CREEK,17852.76478934022
FAYETTE-:-JEFF DAVIS,FAYETTE-:-MURPHY,16799.246559030278
FAYETTE-:-JEFF DAVIS,FAYETTE-:-SPRING HILL,7161.88588966969
FAYETTE-:-KEDRON,FAYETTE-:-WILLOWBEND,5750.765019356263
FAYETTE-:-KEDRON,FAYETTE-:-RAREOVER,16119.526400944716
FAYETTE-:-KENWOOD,FAYETTE-:-OAK RIDGE,8683.023135574898
FAYETTE-:-MCINTOSH,FAYETTE-:-SHAKERAG EAST,5012.281632465755
FAYETTE-:-MORNING CREEK,FAYETTE-:-SPRING HILL,3458.7910529105643
FAYETTE-:-MORNING CREEK,FAYETTE-:-OAK RIDGE,32470.459718259466
FAYETTE-:-OAK RIDGE,FAYETTE-:-SANDY CREEK,11089.72620284587
FAYETTE-:-RAREOVER,FAYETTE-:-SANDY CREEK,10123.938013791443
FAYETTE-:-RISING STAR,FAYETTE-:-STARRSMILL,15409.124444435905
FAYETTE-:-RISING STAR,FAYETTE-:-WILLOWBEND,5159.629726757619
FAYETTE-:-SANDY CREEK,FULTON-:-FA01C,1280.6469860336038
FAYETTE-:-SANDY CREEK,FULTON-:-SC212,3007.7427704189367
FAYETTE-:-SANDY CREEK,FULTON-:-FA01D,8172.27048448442
FAYETTE-:-SANDY CREEK,FULTON-:-FA01B,8198.225482342168
FAYETTE-:-SHAKERAG EAST,FAYETTE-:-WHITEWATER,3994.883376324534
FAYETTE-:-SHAKERAG EAST,FAYETTE-:-WILLOW POND,10270.533325059394
FAYETTE-:-SHAKERAG EAST,FAYETTE-:-WINDGATE,4760.377043036651
FAYETTE-:-SHAKERAG EAST,FAYETTE-:-SHAKERAG WEST,3927.730400115655
FAYETTE-:-SHAKERAG WEST,FAYETTE-:-WILLOWBEND,8787.27965326517
FAYETTE-:-SHAKERAG WEST,FAYETTE-:-WINDGATE,4295.260382219602
FAYETTE-:-SPRING HILL,FAYETTE-:-WHITEWATER,15482.148985823973
FAYETTE-:-SPRING HILL,FAYETTE-:-WILLOW POND,15493.858835440451
FAYETTE-:-STARRSMILL,FAYETTE-:-WOOLSEY,21534.88187758715
FAYETTE-:-STARRSMILL,FAYETTE-:-WHITEWATER,29791.363270462076
FAYETTE-:-WHITEWATER,FAYETTE-:-WILLOW POND,13314.661474788174
FAYETTE-:-WOOLSEY,SPALDING-:-13,25882.995831271077
FLOYD-:-ALTO PARK,FLOYD-:-SOUTH FLOYD,22725.867373149482
FLOYD-:-ALTO PARK,FLOYD-:-FOSTER'S MILL,24837.929109090714
FLOYD-:-ALTO PARK,FLOYD-:-SOUTH ROME,53576.78870233939
FLOYD-:-ALTO PARK,FLOYD-:-TOWN ROME,15199.920053381566
FLOYD-:-ALTO PARK,FLOYD-:-COOSA (N. CAROLINA),48592.18940120635
FLOYD-:-ALTO PARK,FLOYD-:-GARDEN LAKES,10566.323968473189
FLOYD-:-CAVE SPRING,POLK-:-LAKE CREEK,42005.605183777254
FLOYD-:-CAVE SPRING,FLOYD-:-SOUTH FLOYD,41903.18362616635
FLOYD-:-CAVE SPRING,FLOYD-:-LINDALE,20835.842936836932
FLOYD-:-CAVE SPRING,FLOYD-:-FOSTER'S MILL,67932.39235098015
FLOYD-:-CHULIO,FLOYD-:-HOWELL,50101.15065338461
FLOYD-:-CHULIO,FLOYD-:-EAST ROME,31966.91278892893
FLOYD-:-CHULIO,FLOYD-:-ETOWAH,45909.2953791175
FLOYD-:-COOSA (N. CAROLINA),FLOYD-:-FOSTER'S MILL,91142.31863105252
FLOYD-:-COOSA (N. CAROLINA),FLOYD-:-GARDEN LAKES,57351.00250003939
FLOYD-:-COOSA (N. CAROLINA),FLOYD-:-NEW ARMUCHEE,4456.51771514734
FLOYD-:-EAST ROME,FLOYD-:-HOWELL,3827.6802812473547
FLOYD-:-EAST ROME,FLOYD-:-LINDALE,71722.65174437707
FLOYD-:-EAST ROME,FLOYD-:-SOUTH ROME,14297.072512640592
FLOYD-:-EAST ROME,FLOYD-:-TOWN ROME,5927.954979803128
FLOYD-:-EAST ROME,FLOYD-:-NORTH ROME,21230.61370286816
FLOYD-:-ETOWAH,FLOYD-:-NORTH ROME,91537.36768912377
FLOYD-:-ETOWAH,FLOYD-:-SHANNON,55973.29046914175
FLOYD-:-EVERETT SPRINGS,FLOYD-:-FLOYD SPRINGS,41250.43058521891
FLOYD-:-EVERETT SPRINGS,GORDON-:-OOSTANAULA,44881.8636367585
FLOYD-:-EVERETT SPRINGS,GORDON-:-SUGAR VALLEY,21871.9865761837
FLOYD-:-EVERETT SPRINGS,WALKER-:-ARMUCHEE VALLEY,11624.864907730378
FLOYD-:-FLOYD SPRINGS,FLOYD-:-GLENWOOD,9599.789150533757
FLOYD-:-FLOYD SPRINGS,FLOYD-:-SHANNON,35778.00138245551
FLOYD-:-FLOYD SPRINGS,FLOYD-:-NEW ARMUCHEE,46993.65310202868
FLOYD-:-FLOYD SPRINGS,GORDON-:-PLAINVILLE,16486.851755939544
FLOYD-:-FLOYD SPRINGS,GORDON-:-OOSTANAULA,14708.45123756026
FLOYD-:-FOSTER'S MILL,FLOYD-:-SOUTH FLOYD,34982.59200999876
FLOYD-:-FOSTER'S MILL,FLOYD-:-LINDALE,14660.994568158776
FLOYD-:-GARDEN LAKES,FLOYD-:-TOWN ROME,19752.902857825124
FLOYD-:-GARDEN LAKES,FLOYD-:-GLENWOOD,29667.07249978031
FLOYD-:-GARDEN LAKES,FLOYD-:-NEW ARMUCHEE,53744.602774282524
FLOYD-:-GLENWOOD,FLOYD-:-TOWN ROME,2897.635663329973
FLOYD-:-GLENWOOD,FLOYD-:-NORTH ROME,24283.177359500405
FLOYD-:-GLENWOOD,FLOYD-:-SHANNON,24997.761603442992
FLOYD-:-GLENWOOD,FLOYD-:-NEW ARMUCHEE,45156.30415432816
FLOYD-:-HOWELL,POLK-:-ARAGON,24027.122742362146
FLOYD-:-HOWELL,FLOYD-:-SOUTH FLOYD,25188.37736728683
FLOYD-:-LINDALE,POLK-:-LAKE CREEK,2171.6192016320365
FLOYD-:-LINDALE,FLOYD-:-SOUTH FLOYD,106284.20869231259
FLOYD-:-LINDALE,FLOYD-:-SOUTH ROME,8585.234972150054
FLOYD-:-NORTH ROME,FLOYD-:-TOWN ROME,11627.80196648163
FLOYD-:-NORTH ROME,FLOYD-:-SHANNON,20494.075075850393
FLOYD-:-SHANNON,GORDON-:-PLAINVILLE,28156.77545294015
FLOYD-:-SOUTH FLOYD,POLK-:-ARAGON,12131.919098110762
FLOYD-:-SOUTH FLOYD,POLK-:-LAKE CREEK,51896.7144615527
FLOYD-:-SOUTH FLOYD,FLOYD-:-SOUTH ROME,32431.099941386943
FLOYD-:-SOUTH ROME,FLOYD-:-TOWN ROME,8377.60197693331
FORSYTH-:-01 BIG CREEK,FORSYTH-:-35 JOHNS CREEK,5633.421627842203
FORSYTH-:-01 BIG CREEK,FULTON-:-JC04C,5242.475141533213
FORSYTH-:-01 BIG CREEK,FULTON-:-AP05,8765.244827853612
FORSYTH-:-01 BIG CREEK,FULTON-:-AP12B,5977.386035003781
FORSYTH-:-01 BIG CREEK,FORSYTH-:-02 BRANDYWINE,7864.102369424351
FORSYTH-:-01 BIG CREEK,FORSYTH-:-21 SOUTH FORSYTH,12856.584216169933
FORSYTH-:-01 BIG CREEK,FORSYTH-:-38 DAVES CREEK,18683.35889374038
FORSYTH-:-01 BIG CREEK,FORSYTH-:-41 GRASSLAND,6597.5273922368415
FORSYTH-:-02 BRANDYWINE,FULTON-:-ML06A,3100.795113932765
FORSYTH-:-02 BRANDYWINE,FULTON-:-ML06B,9101.204053160243
FORSYTH-:-02 BRANDYWINE,FULTON-:-ML05,5801.740417666452
FORSYTH-:-02 BRANDYWINE,FORSYTH-:-41 GRASSLAND,18379.0907935991
FORSYTH-:-04 CHESTATEE,FORSYTH-:-50 BROWNS BRIDGE,29434.141527378073
FORSYTH-:-04 CHESTATEE,FORSYTH-:-42 KEITH BRIDGE,19474.486074687615
FORSYTH-:-04 CHESTATEE,FORSYTH-:-06 CROSSROADS,29879.793608336684
FORSYTH-:-05 COAL MOUNTAIN,FORSYTH-:-50 BROWNS BRIDGE,13227.186391852672
FORSYTH-:-05 COAL MOUNTAIN,FORSYTH-:-16 OTWELL,21511.688673545057
FORSYTH-:-05 COAL MOUNTAIN,FORSYTH-:-51 MATT,30476.971395447912
FORSYTH-:-05 COAL MOUNTAIN,FORSYTH-:-06 CROSSROADS,27934.948118919012
FORSYTH-:-06 CROSSROADS,FORSYTH-:-50 BROWNS BRIDGE,7755.718908528435
FORSYTH-:-06 CROSSROADS,FORSYTH-:-42 KEITH BRIDGE,22039.796188226625
FORSYTH-:-06 CROSSROADS,HALL-:-FORK,4283.25337970895
FORSYTH-:-06 CROSSROADS,HALL-:-CHESTATEE,3807.0662005645386
FORSYTH-:-07 CUMMING,FORSYTH-:-38 DAVES CREEK,15546.844076096631
FORSYTH-:-07 CUMMING,FORSYTH-:-08 MASHBURN,46993.04379193241
FORSYTH-:-07 CUMMING,FORSYTH-:-43 LAKELAND,32159.691714124754
FORSYTH-:-07 CUMMING,HALL-:-ROBERTS,5769.132229306432
FORSYTH-:-07 CUMMING,FORSYTH-:-44 LANIER,23074.63900038886
FORSYTH-:-07 CUMMING,FORSYTH-:-50 BROWNS BRIDGE,8939.150899218987
FORSYTH-:-07 CUMMING,FORSYTH-:-16 OTWELL,41538.32854557187
FORSYTH-:-08 MASHBURN,FORSYTH-:-25 WINDERMERE,6632.417920516743
FORSYTH-:-08 MASHBURN,FORSYTH-:-38 DAVES CREEK,5558.0311818710725
FORSYTH-:-08 MASHBURN,GWINNETT-:-054 SUGAR HILL C,6247.3141431941685
FORSYTH-:-08 MASHBURN,FORSYTH-:-47 RIVERCLUB,20660.13139752991
FORSYTH-:-08 MASHBURN,HALL-:-ROBERTS,277.6516005160173
FORSYTH-:-10 MIDWAY,FORSYTH-:-46 SAWMILL BRANCH,5037.689453703683
FORSYTH-:-10 MIDWAY,FORSYTH-:-49 CHEATAM CREEK,3774.1769396372224
FORSYTH-:-10 MIDWAY,FORSYTH-:-41 GRASSLAND,20991.343800472052
FORSYTH-:-10 MIDWAY,FORSYTH-:-34 FOWLER,28164.158749576458
FORSYTH-:-10 MIDWAY,FORSYTH-:-40 WEST FORSYTH,19187.972976027424
FORSYTH-:-15 HEARDSVILLE,FORSYTH-:-40 WEST FORSYTH,13739.624430496151
FORSYTH-:-15 HEARDSVILLE,FORSYTH-:-45 MOUNTAINSIDE,29985.490782055782
FORSYTH-:-15 HEARDSVILLE,FORSYTH-:-51 MATT,35800.12984433553
FORSYTH-:-16 OTWELL,FORSYTH-:-43 LAKELAND,2143.1198123793174
FORSYTH-:-16 OTWELL,FORSYTH-:-46 SAWMILL BRANCH,4676.5207120699115
FORSYTH-:-16 OTWELL,FORSYTH-:-50 BROWNS BRIDGE,21812.48794625704
FORSYTH-:-16 OTWELL,FORSYTH-:-45 MOUNTAINSIDE,46294.28414577726
FORSYTH-:-16 OTWELL,FORSYTH-:-51 MATT,13445.649725535033
FORSYTH-:-19 OLD ATLANTA,FULTON-:-JC01A,10772.83323334977
FORSYTH-:-19 OLD ATLANTA,FORSYTH-:-35 JOHNS CREEK,6221.8656330658405
FORSYTH-:-19 OLD ATLANTA,FORSYTH-:-39 MATHIS,11615.671301208773
FORSYTH-:-19 OLD ATLANTA,GWINNETT-:-140 SUWANEE H,13881.957677490025
FORSYTH-:-19 OLD ATLANTA,GWINNETT-:-130 SUWANEE D,7670.142279716946
FORSYTH-:-19 OLD ATLANTA,FORSYTH-:-36 NICHOLS,9716.955329451535
FORSYTH-:-21 SOUTH FORSYTH,FORSYTH-:-39 MATHIS,12030.487018890344
FORSYTH-:-21 SOUTH FORSYTH,FORSYTH-:-36 NICHOLS,6321.53914033758
FORSYTH-:-21 SOUTH FORSYTH,FORSYTH-:-38 DAVES CREEK,7308.574739285143
FORSYTH-:-25 WINDERMERE,GWINNETT-:-130 SUWANEE D,1837.57940798108
FORSYTH-:-25 WINDERMERE,FORSYTH-:-36 NICHOLS,23784.157420083575
FORSYTH-:-25 WINDERMERE,FORSYTH-:-38 DAVES CREEK,22802.881809427425
FORSYTH-:-25 WINDERMERE,FORSYTH-:-47 RIVERCLUB,9286.058381166593
FORSYTH-:-34 FOWLER,FORSYTH-:-38 DAVES CREEK,15773.12820495487
FORSYTH-:-34 FOWLER,FORSYTH-:-43 LAKELAND,10701.101221205834
FORSYTH-:-34 FOWLER,FORSYTH-:-46 SAWMILL BRANCH,6659.549355853735
FORSYTH-:-34 FOWLER,FORSYTH-:-41 GRASSLAND,19224.854757215708
FORSYTH-:-35 JOHNS CREEK,FULTON-:-JC01,5217.895444752725
FORSYTH-:-35 JOHNS CREEK,FULTON-:-JC02,10485.8115991613
FORSYTH-:-35 JOHNS CREEK,FULTON-:-JC03B,270.500736465899
FORSYTH-:-35 JOHNS CREEK,FULTON-:-JC04A,6581.159131782118
FORSYTH-:-35 JOHNS CREEK,FORSYTH-:-39 MATHIS,25007.048212300546
FORSYTH-:-36 NICHOLS,FORSYTH-:-39 MATHIS,6030.146141131802
FORSYTH-:-36 NICHOLS,GWINNETT-:-130 SUWANEE D,10710.582211483788
FORSYTH-:-38 DAVES CREEK,FORSYTH-:-43 LAKELAND,6842.99965091379
FORSYTH-:-40 WEST FORSYTH,FORSYTH-:-49 CHEATAM CREEK,13660.270258460203
FORSYTH-:-40 WEST FORSYTH,FORSYTH-:-45 MOUNTAINSIDE,9428.959662765159
FORSYTH-:-41 GRASSLAND,FULTON-:-ML07B,15566.656012934927
FORSYTH-:-42 KEITH BRIDGE,FORSYTH-:-50 BROWNS BRIDGE,22565.01315768463
FORSYTH-:-42 KEITH BRIDGE,HALL-:-WILSON,14643.871207225575
FORSYTH-:-42 KEITH BRIDGE,HALL-:-FORK,30225.976264964844
FORSYTH-:-43 LAKELAND,FORSYTH-:-46 SAWMILL BRANCH,21331.870764362826
FORSYTH-:-44 LANIER,HALL-:-ROBERTS,12659.695113409287
FORSYTH-:-44 LANIER,FORSYTH-:-50 BROWNS BRIDGE,39169.16425367241
FORSYTH-:-45 MOUNTAINSIDE,FORSYTH-:-46 SAWMILL BRANCH,6261.21430464927
FORSYTH-:-45 MOUNTAINSIDE,FORSYTH-:-49 CHEATAM CREEK,15939.81904865579
FORSYTH-:-46 SAWMILL BRANCH,FORSYTH-:-49 CHEATAM CREEK,4905.536608696622
FORSYTH-:-47 RIVERCLUB,GWINNETT-:-054 SUGAR HILL C,13825.548457763261
FORSYTH-:-50 BROWNS BRIDGE,HALL-:-FLOWERY BRANCH I,20195.763549384163
FORSYTH-:-50 BROWNS BRIDGE,HALL-:-ROBERTS,5071.587183216209
FORSYTH-:-50 BROWNS BRIDGE,HALL-:-FLOWERY BRANCH II,8901.433871248255
FORSYTH-:-50 BROWNS BRIDGE,HALL-:-OAKWOOD II,2227.60852892672
FORSYTH-:-50 BROWNS BRIDGE,HALL-:-WILSON,8519.458847237833
FRANKLIN-:-CANON,HART-:-GOLDMINE,4740.368819050451
FRANKLIN-:-CANON,FRANKLIN-:-ROYSTON,32515.892940160826
FRANKLIN-:-CANON,HART-:-BOWERSVILLE,24429.25831330213
FRANKLIN-:-CANON,FRANKLIN-:-CARNESVILLE,34434.50894348985
FRANKLIN-:-CANON,FRANKLIN-:-LAVONIA,40327.333893130366
FRANKLIN-:-CARNESVILLE,FRANKLIN-:-ROYSTON,3416.281447565048
FRANKLIN-:-CARNESVILLE,FRANKLIN-:-SOUTHWEST FRANKLIN,58667.036738713505
FRANKLIN-:-CARNESVILLE,FRANKLIN-:-WEST FRANKLIN,55126.89717982836
FRANKLIN-:-CARNESVILLE,FRANKLIN-:-LAVONIA,21763.21687019615
FRANKLIN-:-CARNESVILLE,FRANKLIN-:-NORTHEAST FRANKLIN,28865.616988788137
FRANKLIN-:-CARNESVILLE,STEPHENS-:-STEPHENS COUNTY 1,21026.04151770933
FRANKLIN-:-LAVONIA,HART-:-BOWERSVILLE,6746.855976785798
FRANKLIN-:-LAVONIA,HART-:-SHOAL CREEK,24497.858037300593
FRANKLIN-:-LAVONIA,FRANKLIN-:-NORTHEAST FRANKLIN,43734.34806626969
FRANKLIN-:-NORTHEAST FRANKLIN,HART-:-SHOAL CREEK,8796.467934168855
FRANKLIN-:-NORTHEAST FRANKLIN,STEPHENS-:-STEPHENS COUNTY 1,45290.34633195136
FRANKLIN-:-ROYSTON,MADISON-:-HARRISON,19604.924151717063
FRANKLIN-:-ROYSTON,HART-:-GOLDMINE,19991.952592706835
FRANKLIN-:-ROYSTON,FRANKLIN-:-SOUTHWEST FRANKLIN,21279.314388323437
FRANKLIN-:-SOUTHWEST FRANKLIN,MADISON-:-ILA,4883.597790732329
FRANKLIN-:-SOUTHWEST FRANKLIN,MADISON-:-MILL,31045.06684663237
FRANKLIN-:-SOUTHWEST FRANKLIN,MADISON-:-POCA,41749.93192117915
FRANKLIN-:-SOUTHWEST FRANKLIN,MADISON-:-HARRISON,2403.7389211615478
FRANKLIN-:-SOUTHWEST FRANKLIN,FRANKLIN-:-WEST FRANKLIN,32281.01033587057
FRANKLIN-:-WEST FRANKLIN,STEPHENS-:-STEPHENS COUNTY 1,32023.884175272673
FULTON-:-01A,FULTON-:-01B,6199.414973974359
FULTON-:-01A,FULTON-:-01E,9157.711171741561
FULTON-:-01A,FULTON-:-05A1,5846.763727833276
FULTON-:-01A,FULTON-:-05A2,1344.9031489326112
FULTON-:-01B,FULTON-:-01C,1542.599571443904
FULTON-:-01B,FULTON-:-01T,7705.114413355494
FULTON-:-01B,FULTON-:-05A2,2775.6420724942964
FULTON-:-01C,FULTON-:-01S,9035.066737019475
FULTON-:-01C,FULTON-:-01P,3617.472432480267
FULTON-:-01C,FULTON-:-01R,2984.6138797251897
FULTON-:-01C,FULTON-:-01T,10393.541965793505
FULTON-:-01C,FULTON-:-01E,3205.1354828949734
FULTON-:-01C,FULTON-:-12F,3525.733812186356
FULTON-:-01C,FULTON-:-01J,11509.14779852804
FULTON-:-01D,FULTON-:-01E,1772.1610327440685
FULTON-:-01D,FULTON-:-01F,2674.376857021984
FULTON-:-01D,FULTON-:-01G,3780.9102079646113
FULTON-:-01D,FULTON-:-04V,2228.3857713957914
FULTON-:-01D,FULTON-:-01H,2075.584659027677
FULTON-:-01D,FULTON-:-04I,1394.739553960872
FULTON-:-01E,FULTON-:-05A1,997.1666046081357
FULTON-:-01E,FULTON-:-05B,1156.380313107879
FULTON-:-01E,FULTON-:-01G,5423.58931919271
FULTON-:-01E,FULTON-:-01H,2221.3408081230687
FULTON-:-01F,FULTON-:-12N,2632.9954298460934
FULTON-:-01F,FULTON-:-01G,3620.234821657086
FULTON-:-01F,FULTON-:-04V,5630.593800004322
FULTON-:-01G,FULTON-:-01J,3106.8188175345113
FULTON-:-01H,FULTON-:-05B,2680.426539308369
FULTON-:-01H,FULTON-:-01I,923.4739256665306
FULTON-:-01H,FULTON-:-04I,3814.830931707701
FULTON-:-01I,FULTON-:-05B,942.9629254718974
FULTON-:-01I,FULTON-:-04I,904.7783837280741
FULTON-:-01I,FULTON-:-05C,1472.6885719346203
FULTON-:-01I,FULTON-:-02B,1224.9658205787453
FULTON-:-01J,FULTON-:-12F,4346.486878527496
FULTON-:-01J,FULTON-:-12S,3905.576393875017
FULTON-:-01J,FULTON-:-12N,1815.6815898551843
FULTON-:-01P,FULTON-:-12M,1014.3829776293315
FULTON-:-01P,FULTON-:-01S,6246.775765950136
FULTON-:-01P,FULTON-:-01R,8782.286116389776
FULTON-:-01R,FULTON-:-01T,6140.488368426996
FULTON-:-01S,FULTON-:-12M,4419.454008145546
FULTON-:-01S,FULTON-:-12H2,9495.013796204448
FULTON-:-01S,FULTON-:-12F,1219.4174516258515
FULTON-:-02A,FULTON-:-02L1,1076.9763665022565
FULTON-:-02A,FULTON-:-02A1,1859.7780888590894
FULTON-:-02A,FULTON-:-06J,1880.8911669455233
FULTON-:-02A,FULTON-:-06R,1533.1971299950123
FULTON-:-02A1,FULTON-:-02L2,1719.4357325616675
FULTON-:-02A1,FULTON-:-02L1,1273.4983338860438
FULTON-:-02A1,FULTON-:-06R1,1364.106209390001
FULTON-:-02B,FULTON-:-02C,3123.1817953241657
FULTON-:-02B,FULTON-:-04I,2678.2726722001235
FULTON-:-02B,FULTON-:-05D,4270.423333847027
FULTON-:-02B,FULTON-:-04F,5814.39169304165
FULTON-:-02B,FULTON-:-02L1A,1681.5059764514785
FULTON-:-02B,FULTON-:-02L2,816.9482235378703
FULTON-:-02C,FULTON-:-02D,3966.924836916358
FULTON-:-02C,FULTON-:-02F2,1510.8144608360947
FULTON-:-02C,FULTON-:-05F,1925.368483607069
FULTON-:-02C,FULTON-:-02L1A,1259.9235816216758
FULTON-:-02D,FULTON-:-02G,4987.259632968634
FULTON-:-02D,FULTON-:-05J,2051.1835046142064
FULTON-:-02D,FULTON-:-02F1,2876.52176436236
FULTON-:-02D,FULTON-:-02F2,2663.743283299303
FULTON-:-02E,FULTON-:-05A2,1710.3450909852895
FULTON-:-02E,FULTON-:-02G,7812.980523341225
FULTON-:-02E,FULTON-:-02F1,3573.3045262983746
FULTON-:-02F1,FULTON-:-02G,2551.400269555731
FULTON-:-02F1,FULTON-:-02F2,811.6523757504866
FULTON-:-02F1,FULTON-:-06B,1818.2841869661443
FULTON-:-02F1,FULTON-:-06F,2972.801272438374
FULTON-:-02F2,FULTON-:-02L1A,487.7047686611873
FULTON-:-02F2,FULTON-:-02J,2166.1967503366436
FULTON-:-02F2,FULTON-:-06G,1951.6304246255404
FULTON-:-02G,FULTON-:-05A1,1192.7062277782902
FULTON-:-02G,FULTON-:-05A2,3472.721295978418
FULTON-:-02G,FULTON-:-02S,5068.106901587829
FULTON-:-02G,FULTON-:-05K,438.33653637222477
FULTON-:-02G,FULTON-:-05J,683.6220272459823
FULTON-:-02J,FULTON-:-02K,3355.450618151998
FULTON-:-02J,FULTON-:-06G,3048.445307780846
FULTON-:-02J,FULTON-:-06J,2731.322651276361
FULTON-:-02K,FULTON-:-02L1A,2486.0998973597257
FULTON-:-02K,FULTON-:-02L1B,1312.8010289654133
FULTON-:-02K,FULTON-:-02L1,838.2312997126087
FULTON-:-02K,FULTON-:-06J,853.6958189372187
FULTON-:-02L1,FULTON-:-02L1B,1882.4547136123317
FULTON-:-02L1,FULTON-:-02L2,898.0943452717634
FULTON-:-02L1A,FULTON-:-02L1B,1787.8134315568798
FULTON-:-02L1A,FULTON-:-02L2,1842.6324847250592
FULTON-:-02L1B,FULTON-:-02L2,1172.5570885564784
FULTON-:-02L2,FULTON-:-03I,5661.632223538923
FULTON-:-02L2,FULTON-:-02W,922.7502048938898
FULTON-:-02S,FULTON-:-05A1,1105.6819240348277
FULTON-:-02S,FULTON-:-05B,1855.1807433836373
FULTON-:-02S,FULTON-:-05K,5001.072685839255
FULTON-:-02W,FULTON-:-06R1,1884.160385631682
FULTON-:-02W,FULTON-:-03F,2802.8869578022477
FULTON-:-03A,FULTON-:-03D,3372.1280462115083
FULTON-:-03A,FULTON-:-04C,3385.249448735539
FULTON-:-03A,FULTON-:-03C,3780.8063923178174
FULTON-:-03A,FULTON-:-03H,2470.1419026203243
FULTON-:-03A,FULTON-:-09I,1008.8367686075104
FULTON-:-03A,FULTON-:-03B,3508.838673409593
FULTON-:-03B,FULTON-:-03D,2103.0102476246593
FULTON-:-03B,FULTON-:-09I,3745.6163488838693
FULTON-:-03B,FULTON-:-03L,1884.7457581308624
FULTON-:-03C,FULTON-:-10J,6409.7284532851845
FULTON-:-03C,FULTON-:-04C,520.0448161578257
FULTON-:-03C,FULTON-:-03S,5934.933192488088
FULTON-:-03C,FULTON-:-03H,5276.008137155085
FULTON-:-03D,FULTON-:-03E,5706.729709048944
FULTON-:-03D,FULTON-:-04D,2268.7628232057154
FULTON-:-03D,FULTON-:-04C,765.1741210961976
FULTON-:-03E,FULTON-:-04A,2657.9868671804606
FULTON-:-03E,FULTON-:-04J,1454.5758919138889
FULTON-:-03E,FULTON-:-03G,3185.261214123786
FULTON-:-03E,FULTON-:-03L,2163.9717529538775
FULTON-:-03E,FULTON-:-03N,1478.3593028513405
FULTON-:-03F,FULTON-:-03I,2405.1131844564234
FULTON-:-03F,FULTON-:-03P1A,3058.9707892989218
FULTON-:-03F,FULTON-:-06R1,1049.7046912402218
FULTON-:-03F,FULTON-:-08P1,1967.2037413977157
FULTON-:-03F,FULTON-:-06R,402.00482396134
FULTON-:-03F,FULTON-:-06L1,358.80963984851564
FULTON-:-03F,FULTON-:-06L2,1726.481132299301
FULTON-:-03F,FULTON-:-08L,1205.4927206700445
FULTON-:-03G,FULTON-:-04J,1492.525801111168
FULTON-:-03G,FULTON-:-03T,3179.0127104041317
FULTON-:-03G,FULTON-:-03N,1473.545905447504
FULTON-:-03H,FULTON-:-03S,2194.7169383712117
FULTON-:-03H,FULTON-:-09I,4979.107740075907
FULTON-:-03H,FULTON-:-09D,491.69090368318075
FULTON-:-03I,FULTON-:-04F,3138.5789652883645
FULTON-:-03I,FULTON-:-03P1B,2347.0247766365414
FULTON-:-03I,FULTON-:-03N,662.2992721433968
FULTON-:-03I,FULTON-:-03P1A,6972.408415293143
FULTON-:-03L,FULTON-:-09I,1240.4911217598049
FULTON-:-03L,FULTON-:-03N,2883.5963430839893
FULTON-:-03L,FULTON-:-03M,3418.1500977813494
FULTON-:-03M,FULTON-:-09I,2218.840532674685
FULTON-:-03M,FULTON-:-03N,5861.12941708488
FULTON-:-03M,FULTON-:-09E,3455.913857235688
FULTON-:-03M,FULTON-:-09J,1377.1411906063122
FULTON-:-03M,FULTON-:-09L,255.52145998277823
FULTON-:-03M,FULTON-:-03P1A,635.0386245468346
FULTON-:-03M,FULTON-:-09G,3249.7555987941946
FULTON-:-03M,FULTON-:-09N,1653.812285178858
FULTON-:-03N,FULTON-:-03T,1462.0710039008072
FULTON-:-03N,FULTON-:-03P2,2534.2248643859066
FULTON-:-03N,FULTON-:-03P1B,2282.634540458997
FULTON-:-03N,FULTON-:-03P1A,2448.9295358880163
FULTON-:-03P1A,FULTON-:-09G,2575.4023540993935
FULTON-:-03P1A,FULTON-:-08P1,3056.35976492529
FULTON-:-03P1A,FULTON-:-09H,1435.6103629607132
FULTON-:-03P1B,FULTON-:-03P2,1390.7501798115497
FULTON-:-03P2,FULTON-:-03T,1467.5374611431155
FULTON-:-03P2,FULTON-:-04F,2802.3156418546087
FULTON-:-03S,FULTON-:-10G,615.030891307577
FULTON-:-03S,FULTON-:-10H2,445.2755517504158
FULTON-:-03S,FULTON-:-10H1,406.24588166028315
FULTON-:-03S,FULTON-:-10F,4666.760293652812
FULTON-:-03S,FULTON-:-09D,4324.147251125036
FULTON-:-03T,FULTON-:-04B,1342.0974991004753
FULTON-:-03T,FULTON-:-04J,2403.7140583385362
FULTON-:-03T,FULTON-:-04I,6133.550676468414
FULTON-:-04A,FULTON-:-04K,1752.9209171078546
FULTON-:-04A,FULTON-:-04L,2693.478330728087
FULTON-:-04A,FULTON-:-04W,1358.3083164523848
FULTON-:-04A,FULTON-:-04J,2021.5387841684649
FULTON-:-04A,FULTON-:-04D,2637.306916043408
FULTON-:-04B,FULTON-:-12K,1644.85177035134
FULTON-:-04B,FULTON-:-04V,2299.5389578197683
FULTON-:-04B,FULTON-:-04K,1953.985996816773
FULTON-:-04B,FULTON-:-04W,2211.711536758314
FULTON-:-04B,FULTON-:-04J,3293.2463917904815
FULTON-:-04B,FULTON-:-04I,955.4180618198102
FULTON-:-04C,FULTON-:-10J,963.9751329085971
FULTON-:-04C,FULTON-:-04D,3997.1540930415695
FULTON-:-04D,FULTON-:-04X2,3789.1310551112647
FULTON-:-04D,FULTON-:-10J,1463.072362665403
FULTON-:-04F,FULTON-:-04I,1947.6386143302877
FULTON-:-04G,FULTON-:-12A1,2803.0440374780333
FULTON-:-04G,FULTON-:-04M,1344.0202804146872
FULTON-:-04G,FULTON-:-04T,3105.9583731500475
FULTON-:-04G,FULTON-:-04K,2762.824528045609
FULTON-:-04G,FULTON-:-04X1,939.2307814599487
FULTON-:-04G,FULTON-:-04X2,388.07632727413767
FULTON-:-04I,FULTON-:-04V,5114.636684116177
FULTON-:-04J,FULTON-:-04W,1441.0860235509201
FULTON-:-04K,FULTON-:-12K,5487.5881286598715
FULTON-:-04K,FULTON-:-04L,4676.875423252404
FULTON-:-04K,FULTON-:-04W,1425.0292419740829
FULTON-:-04L,FULTON-:-04X2,7129.709203089234
FULTON-:-04M,FULTON-:-12L,2352.7333120088656
FULTON-:-04M,FULTON-:-04S,3133.223724943936
FULTON-:-04M,FULTON-:-12A1,3006.508377636053
FULTON-:-04M,FULTON-:-04T,1551.8744254431579
FULTON-:-04S,FULTON-:-11G,471.29654406958974
FULTON-:-04S,FULTON-:-12L,3923.4418636041623
FULTON-:-04S,FULTON-:-12I,1594.5076986247566
FULTON-:-04S,FULTON-:-11K,1643.676078476812
FULTON-:-04S,FULTON-:-04T,1549.7344679688158
FULTON-:-04S,FULTON-:-11H,1732.7344904304096
FULTON-:-04S,FULTON-:-04X1,4932.590835164766
FULTON-:-04T,FULTON-:-04X1,6156.523005097558
FULTON-:-04V,FULTON-:-12N,2064.3642181448927
FULTON-:-04V,FULTON-:-12K,5681.977697677502
FULTON-:-04X1,FULTON-:-11H,2920.557154272132
FULTON-:-04X1,FULTON-:-10M,4621.824884873887
FULTON-:-04X1,FULTON-:-04X2,3952.692328487437
FULTON-:-04X2,FULTON-:-10M,3908.7570123439564
FULTON-:-04X2,FULTON-:-10J,1029.6769508394818
FULTON-:-05A1,FULTON-:-05A2,5730.36764663341
FULTON-:-05A1,FULTON-:-05B,2808.854384236682
FULTON-:-05B,FULTON-:-05K,1793.1199560189814
FULTON-:-05B,FULTON-:-05C,1266.4345074820271
FULTON-:-05C,FULTON-:-05K,1231.431545774946
FULTON-:-05C,FULTON-:-05D,653.5927433907449
FULTON-:-05D,FULTON-:-05K,3422.724642252829
FULTON-:-05F,FULTON-:-05K,2268.3705214592073
FULTON-:-05F,FULTON-:-05J,982.3998937195298
FULTON-:-05J,FULTON-:-05K,1779.551555063891
FULTON-:-06B,FULTON-:-06G,3051.614131658584
FULTON-:-06B,FULTON-:-06F,3014.8366852762983
FULTON-:-06B,FULTON-:-06J,2835.2452946313033
FULTON-:-06D,FULTON-:-06E,4614.458351079606
FULTON-:-06D,FULTON-:-06D2,13492.478783304976
FULTON-:-06D,FULTON-:-06Q,2460.0552070362423
FULTON-:-06D,FULTON-:-06I,3722.061944826102
FULTON-:-06D1,FULTON-:-06F,3081.8102789048044
FULTON-:-06D1,FULTON-:-06J,9903.104966775125
FULTON-:-06D1,FULTON-:-06D2,6218.039090066423
FULTON-:-06D2,FULTON-:-06J,426.9989085999746
FULTON-:-06D2,FULTON-:-06E,1585.229564004602
FULTON-:-06D2,FULTON-:-06I,1181.7563513132854
FULTON-:-06E,FULTON-:-06J,906.5236811231148
FULTON-:-06E,FULTON-:-06L1,2383.1058883946957
FULTON-:-06E,FULTON-:-06Q,3734.4647724839765
FULTON-:-06E,FULTON-:-06L2,3004.865936811124
FULTON-:-06G,FULTON-:-06J,399.5356682913026
FULTON-:-06I,FULTON-:-06Q,4167.614503628205
FULTON-:-06I,FULTON-:-07H,3307.7829510503866
FULTON-:-06I,FULTON-:-07N,5684.763804070504
FULTON-:-06I,FULTON-:-07E,1431.9956624909037
FULTON-:-06I,FULTON-:-07J,1951.3143327790501
FULTON-:-06J,FULTON-:-06R,2288.2919168496883
FULTON-:-06J,FULTON-:-06L1,1644.2571178933858
FULTON-:-06L1,FULTON-:-06R,4973.491952161569
FULTON-:-06L1,FULTON-:-06L2,5241.455095054067
FULTON-:-06L2,FULTON-:-06Q,429.35230426811415
FULTON-:-06L2,FULTON-:-06N,6104.69821856912
FULTON-:-06N,FULTON-:-06Q,2431.021134376671
FULTON-:-06N,FULTON-:-08L,4516.398237759314
FULTON-:-06N,FULTON-:-07J,6141.2870267453545
FULTON-:-06R,FULTON-:-06R1,3253.7642742751764
FULTON-:-07A,FULTON-:-07A1,6869.945640601876
FULTON-:-07A,FULTON-:-08C1,494.29358374976334
FULTON-:-07A,FULTON-:-08B,8373.940854894707
FULTON-:-07A,FULTON-:-07C,1244.2550681747912
FULTON-:-07A,FULTON-:-07B,9728.993300395356
FULTON-:-07A,FULTON-:-SS14,2921.9333580813754
FULTON-:-07A1,FULTON-:-07D,4011.4277925735437
FULTON-:-07A1,FULTON-:-07D1,5324.679250469834
FULTON-:-07A1,FULTON-:-07C,2974.322288738634
FULTON-:-07B,FULTON-:-07C,5844.136818766502
FULTON-:-07B,FULTON-:-SS14,9851.916981943705
FULTON-:-07C,FULTON-:-07M,4599.590131725635
FULTON-:-07C,FULTON-:-07D,2372.639330379607
FULTON-:-07D,FULTON-:-07F1,4054.1089015901753
FULTON-:-07D,FULTON-:-07F,4797.777624472933
FULTON-:-07D,FULTON-:-07M,1250.273187972407
FULTON-:-07D,FULTON-:-07D1,3117.97590014173
FULTON-:-07D,FULTON-:-08G,932.2268085280838
FULTON-:-07D1,FULTON-:-08M,5473.5858226542505
FULTON-:-07D1,FULTON-:-08C1,324.18947312207604
FULTON-:-07E,FULTON-:-07N,884.1472226222265
FULTON-:-07E,FULTON-:-07M,9629.312308123344
FULTON-:-07F,FULTON-:-07H,389.0031640326758
FULTON-:-07F,FULTON-:-07N,3016.8345478024557
FULTON-:-07F,FULTON-:-07F1,2682.2832014036517
FULTON-:-07F,FULTON-:-07M,3078.61693837444
FULTON-:-07F1,FULTON-:-07H,6954.595596205168
FULTON-:-07F1,FULTON-:-08G,3660.7370921995275
FULTON-:-07H,FULTON-:-07J,5540.803327831359
FULTON-:-07H,FULTON-:-08H,2661.435336842102
FULTON-:-07J,FULTON-:-08L,2478.2872529968704
FULTON-:-07J,FULTON-:-08H,1438.9184616564255
FULTON-:-07M,FULTON-:-07N,3912.1816792403206
FULTON-:-08A,FULTON-:-08D,5958.13835902843
FULTON-:-08A,FULTON-:-08C,12439.700765149946
FULTON-:-08A,FULTON-:-08E,8974.774760116989
FULTON-:-08A,FULTON-:-08B,3151.001621520816
FULTON-:-08A,FULTON-:-SS09A,12672.758239249164
FULTON-:-08B,FULTON-:-08C1,9616.398090770886
FULTON-:-08B,FULTON-:-08C,3186.79225815782
FULTON-:-08B,FULTON-:-SS09B,14721.964484028653
FULTON-:-08B,FULTON-:-SS09A,6318.0304886586355
FULTON-:-08B,FULTON-:-SS13B,3320.6428119375773
FULTON-:-08C,FULTON-:-08D,6368.215517792931
FULTON-:-08C,FULTON-:-08C1,2697.6054661221906
FULTON-:-08C1,FULTON-:-08F1,3462.274735635683
FULTON-:-08C1,FULTON-:-08M,6057.416337991059
FULTON-:-08C1,FULTON-:-08D,5769.593455693241
FULTON-:-08D,FULTON-:-08F1,2957.9456546751094
FULTON-:-08D,FULTON-:-08N2,241.84920171653565
FULTON-:-08D,FULTON-:-08N1,9316.310886505726
FULTON-:-08E,FULTON-:-08F2,1899.40554068335
FULTON-:-08E,FULTON-:-09F,13811.23051181158
FULTON-:-08E,FULTON-:-08F1,2643.2474601470653
FULTON-:-08E,FULTON-:-08N2,6440.0674585430625
FULTON-:-08F1,FULTON-:-08J,7842.637171964532
FULTON-:-08F1,FULTON-:-08H,3055.6586044824917
FULTON-:-08F1,FULTON-:-08M,7138.880243389627
FULTON-:-08F1,FULTON-:-08N2,4402.581239486632
FULTON-:-08F1,FULTON-:-08N1,279.5083106731634
FULTON-:-08F2,FULTON-:-09A,2007.300638638425
FULTON-:-08G,FULTON-:-08H,2120.9664904249626
FULTON-:-08G,FULTON-:-08M,11099.131978095866
FULTON-:-08H,FULTON-:-08L,5485.725358999312
FULTON-:-08H,FULTON-:-08K,1666.6037330684148
FULTON-:-08H,FULTON-:-08M,3967.6493296818544
FULTON-:-08J,FULTON-:-09H,1854.0232815594215
FULTON-:-08J,FULTON-:-09N,2468.6152666239036
FULTON-:-08J,FULTON-:-08K,6241.480253410558
FULTON-:-08J,FULTON-:-09F,5570.014104415159
FULTON-:-08K,FULTON-:-08P,2092.000415940381
FULTON-:-08K,FULTON-:-08L,7876.031281068823
FULTON-:-08L,FULTON-:-08P,2477.736268038669
FULTON-:-08N1,FULTON-:-08N2,5548.027401054484
FULTON-:-08P,FULTON-:-08P1,4019.9303842262552
FULTON-:-08P,FULTON-:-09H,2525.140336638999
FULTON-:-08P1,FULTON-:-09H,2773.710291948846
FULTON-:-09A,FULTON-:-09J,5763.676651275647
FULTON-:-09A,FULTON-:-09M,9816.28998488245
FULTON-:-09A,FULTON-:-09N,4833.640561020001
FULTON-:-09A,FULTON-:-09F,9279.752421377374
FULTON-:-09B,FULTON-:-10P,8342.682815527007
FULTON-:-09B,FULTON-:-FC02,4330.189976321783
FULTON-:-09B,FULTON-:-09C,6690.975302171209
FULTON-:-09B,FULTON-:-09K1,10598.989331177283
FULTON-:-09B,FULTON-:-SC14B,1525.7817357802212
FULTON-:-09C,FULTON-:-10F,3579.16985214776
FULTON-:-09C,FULTON-:-10E,5388.824795080845
FULTON-:-09C,FULTON-:-09D,2245.091156832472
FULTON-:-09C,FULTON-:-09K1,7122.633226349886
FULTON-:-09D,FULTON-:-10F,521.8012562909125
FULTON-:-09D,FULTON-:-09I,1040.4081952665542
FULTON-:-09D,FULTON-:-09E,5373.038501708342
FULTON-:-09D,FULTON-:-09K,10141.163743432
FULTON-:-09E,FULTON-:-09I,11075.267192963232
FULTON-:-09E,FULTON-:-09K,5721.860126499603
FULTON-:-09E,FULTON-:-09L,7654.319472250544
FULTON-:-09F,FULTON-:-09N,4010.8626734720297
FULTON-:-09G,FULTON-:-09H,5761.809798338221
FULTON-:-09G,FULTON-:-09N,10492.229224830337
FULTON-:-09H,FULTON-:-09N,1628.232647158087
FULTON-:-09J,FULTON-:-09L,7087.854771140544
FULTON-:-09J,FULTON-:-09M,1423.7841285289267
FULTON-:-09J,FULTON-:-09N,5841.315767434675
FULTON-:-09K,FULTON-:-09K1,11673.26988724092
FULTON-:-09K,FULTON-:-09L,9359.856366377504
FULTON-:-09K,FULTON-:-09M,2895.9341609362214
FULTON-:-09K1,FULTON-:-09M,6926.740198184001
FULTON-:-09L,FULTON-:-09M,4398.861163652576
FULTON-:-10A,FULTON-:-SC30B,1167.6669138535926
FULTON-:-10A,FULTON-:-10C,8486.88071624434
FULTON-:-10A,FULTON-:-SC14A,24821.167188309202
FULTON-:-10A,FULTON-:-10D2,4782.325854176972
FULTON-:-10A,FULTON-:-SC32,3814.7294762834945
FULTON-:-10A,FULTON-:-10D1,2338.3844311081807
FULTON-:-10B,FULTON-:-11M1,3009.878231293039
FULTON-:-10B,FULTON-:-11M,1942.1556050763734
FULTON-:-10B,FULTON-:-10I,3846.84108167726
FULTON-:-10B,FULTON-:-SC30B,6407.783103694378
FULTON-:-10B,FULTON-:-11C4,2420.4763265955194
FULTON-:-10B,FULTON-:-10B1,3510.1560817681193
FULTON-:-10B,FULTON-:-10G,5791.478879816389
FULTON-:-10B,FULTON-:-10H2,6114.820391114686
FULTON-:-10B,FULTON-:-10R,3482.799517803556
FULTON-:-10B1,FULTON-:-SC30B,4608.836166023811
FULTON-:-10B1,FULTON-:-11C4,2808.8135556412676
FULTON-:-10B1,FULTON-:-10C,4293.427780873952
FULTON-:-10B1,FULTON-:-10R,1570.263465649976
FULTON-:-10B1,FULTON-:-10D2,651.9439302577996
FULTON-:-10C,FULTON-:-SC30B,4580.498069924684
FULTON-:-10C,FULTON-:-10D2,4860.072272155296
FULTON-:-10D,FULTON-:-10H2,2279.3819125868195
FULTON-:-10D,FULTON-:-10R,2486.6784523947526
FULTON-:-10D,FULTON-:-10D2,2005.6863217704386
FULTON-:-10D,FULTON-:-10D1,3805.5373491603505
FULTON-:-10D1,FULTON-:-10H1,1771.7373166666864
FULTON-:-10D1,FULTON-:-10D2,6722.70879062982
FULTON-:-10D1,FULTON-:-SC32,1661.047631979139
FULTON-:-10D1,FULTON-:-10E,11166.964097275099
FULTON-:-10D1,FULTON-:-10P,1206.7904304979434
FULTON-:-10D1,FULTON-:-FC02,2870.6330820572475
FULTON-:-10D2,FULTON-:-10R,1014.8000464873592
FULTON-:-10E,FULTON-:-10F,3492.5025264526266
FULTON-:-10E,FULTON-:-10P,6944.788721248533
FULTON-:-10F,FULTON-:-10H1,4366.875848692299
FULTON-:-10G,FULTON-:-10I,1298.7001088595973
FULTON-:-10G,FULTON-:-10K,6825.864374673018
FULTON-:-10G,FULTON-:-10J,6416.63927535951
FULTON-:-10G,FULTON-:-10H2,8011.861986585418
FULTON-:-10H1,FULTON-:-10H2,4529.984644604737
FULTON-:-10H2,FULTON-:-10R,2266.1927770482416
FULTON-:-10I,FULTON-:-11M1,2515.28062081799
FULTON-:-10I,FULTON-:-10K,2527.745233454265
FULTON-:-10J,FULTON-:-10K,6118.391282107446
FULTON-:-10J,FULTON-:-10M,4318.871311400714
FULTON-:-10K,FULTON-:-11M1,243.3118210283113
FULTON-:-10K,FULTON-:-11K,2352.019958761335
FULTON-:-10K,FULTON-:-11H,7915.127371692578
FULTON-:-10K,FULTON-:-10M,2129.647510882176
FULTON-:-10M,FULTON-:-11H,3780.7493113877586
FULTON-:-10P,FULTON-:-FC02,4071.0427069513685
FULTON-:-11B,FULTON-:-11E1,4368.14351224975
FULTON-:-11B,FULTON-:-SC01C,12217.178668196835
FULTON-:-11B,FULTON-:-11B3,2501.2247733047984
FULTON-:-11B,FULTON-:-11B2,6039.499775870206
FULTON-:-11B,FULTON-:-SC02A,3249.9275953441434
FULTON-:-11B,FULTON-:-SC02,4153.451204721467
FULTON-:-11B1,FULTON-:-11E1,2270.4614707870774
FULTON-:-11B1,FULTON-:-11B3,6589.223395018039
FULTON-:-11B1,FULTON-:-11N,8802.406925188861
FULTON-:-11B1,FULTON-:-11C2,2234.062216924325
FULTON-:-11B1,FULTON-:-SC30B,3345.1585083080936
FULTON-:-11B2,FULTON-:-11C2,8372.221885456443
FULTON-:-11B2,FULTON-:-SC02,4295.495698153446
FULTON-:-11B3,FULTON-:-11E1,3341.9944854300174
FULTON-:-11B3,FULTON-:-11C2,7866.079493188727
FULTON-:-11C,FULTON-:-11N,1501.781036271049
FULTON-:-11C,FULTON-:-11C2,954.2438174261475
FULTON-:-11C,FULTON-:-11M,4333.174461829313
FULTON-:-11C,FULTON-:-SC30B,12379.104208736388
FULTON-:-11C2,FULTON-:-SC02,5258.784440059704
FULTON-:-11C2,FULTON-:-SC16B,1945.1611534258805
FULTON-:-11C2,FULTON-:-11C3,626.3242338654171
FULTON-:-11C2,FULTON-:-SC30B,3280.9170742237393
FULTON-:-11C2,FULTON-:-SC30A,8891.06933238825
FULTON-:-11C2,FULTON-:-SC14A,5746.219497325397
FULTON-:-11C3,FULTON-:-SC16B,12173.100536075743
FULTON-:-11C4,FULTON-:-SC30B,279.66843129777584
FULTON-:-11E1,FULTON-:-EP04B,1170.8883889974732
FULTON-:-11E1,FULTON-:-11E3,7623.513972221153
FULTON-:-11E1,FULTON-:-SC18A,13787.209506550735
FULTON-:-11E1,FULTON-:-11E2,4273.981164848384
FULTON-:-11E1,FULTON-:-11P,1556.6455789020208
FULTON-:-11E2,FULTON-:-11E3,5987.960572849583
FULTON-:-11E2,FULTON-:-11P,6175.9268595343365
FULTON-:-11E3,FULTON-:-EP04D,7894.48415811792
FULTON-:-11E3,FULTON-:-EP04B,5774.460246495955
FULTON-:-11E3,FULTON-:-EP04C,2133.776057196352
FULTON-:-11E3,FULTON-:-11J,2656.592281517827
FULTON-:-11E3,FULTON-:-11P,1139.406033263788
FULTON-:-11G,FULTON-:-EP01B,2495.0284406534797
FULTON-:-11G,FULTON-:-EP02D,1436.9335810897082
FULTON-:-11G,FULTON-:-11R,2642.797257047903
FULTON-:-11G,FULTON-:-12I,4781.961497030623
FULTON-:-11G,FULTON-:-11K,3415.583178919844
FULTON-:-11H,FULTON-:-11K,3890.464704148112
FULTON-:-11J,FULTON-:-EP03B,4749.908013892037
FULTON-:-11J,FULTON-:-EP03A,4235.584658028841
FULTON-:-11J,FULTON-:-EP01B,5783.443331615586
FULTON-:-11J,FULTON-:-11P,7787.935646855065
FULTON-:-11J,FULTON-:-11N,1627.316768139008
FULTON-:-11J,FULTON-:-11M1,3161.407599988182
FULTON-:-11K,FULTON-:-11R,7240.6016486204035
FULTON-:-11K,FULTON-:-11M1,5771.280608518625
FULTON-:-11M,FULTON-:-11N,10314.419324336764
FULTON-:-11M,FULTON-:-11M1,8294.580088839104
FULTON-:-11M1,FULTON-:-EP01B,678.0005816558769
FULTON-:-11M1,FULTON-:-11N,1094.271559785991
FULTON-:-11M1,FULTON-:-11R,3121.0282639921284
FULTON-:-11N,FULTON-:-11P,6712.733962775649
FULTON-:-11N,FULTON-:-SC30B,775.0311288530906
FULTON-:-11R,FULTON-:-EP01B,5489.06571481652
FULTON-:-12A,FULTON-:-12F,450.0111720111032
FULTON-:-12A,FULTON-:-12D,7378.1445114990975
FULTON-:-12A,FULTON-:-12S,5717.401379123388
FULTON-:-12A,FULTON-:-12A1,9595.908096605668
FULTON-:-12A,FULTON-:-12K,3494.8521464020373
FULTON-:-12A1,FULTON-:-EP02E,328.97258215992167
FULTON-:-12A1,FULTON-:-12L,5470.652815916559
FULTON-:-12A1,FULTON-:-12D,4691.738877031795
FULTON-:-12A1,FULTON-:-12K,4043.0653721868057
FULTON-:-12D,FULTON-:-12E1,1072.454918393894
FULTON-:-12D,FULTON-:-EP02B,916.5572230531161
FULTON-:-12D,FULTON-:-12G,2258.8795366577897
FULTON-:-12D,FULTON-:-12F,2552.674178256767
FULTON-:-12D,FULTON-:-EP02E,3949.105001082439
FULTON-:-12E1,FULTON-:-HP01,3377.973488367907
FULTON-:-12E1,FULTON-:-EP02A,4332.071077776139
FULTON-:-12E1,FULTON-:-12H1,5970.867788753231
FULTON-:-12E1,FULTON-:-12H2,1599.3837895833055
FULTON-:-12E1,FULTON-:-EP02B,2876.9961404085634
FULTON-:-12E1,FULTON-:-12G,5317.291359179805
FULTON-:-12E1,FULTON-:-12F,4684.796932402749
FULTON-:-12E2,FULTON-:-CP02,2960.2083595773006
FULTON-:-12E2,FULTON-:-EP02C,252.88559905828865
FULTON-:-12E2,FULTON-:-HP01,7134.334052168633
FULTON-:-12F,FULTON-:-12H2,4724.29882599906
FULTON-:-12F,FULTON-:-12S,4305.117840700017
FULTON-:-12G,FULTON-:-EP02B,3357.1329511887316
FULTON-:-12H1,FULTON-:-HP01,2672.5499066277835
FULTON-:-12H1,FULTON-:-12J,3214.7249298598977
FULTON-:-12H2,FULTON-:-12M,6945.289922596675
FULTON-:-12H2,FULTON-:-12J,5964.7049325929465
FULTON-:-12I,FULTON-:-EP02D,3032.5583422784775
FULTON-:-12I,FULTON-:-12L,4522.086998612031
FULTON-:-12J,FULTON-:-12M,12377.785225067211
FULTON-:-12J,FULTON-:-HP01,7733.082901910233
FULTON-:-12K,FULTON-:-12N,7042.17017912481
FULTON-:-12L,FULTON-:-EP02E,5033.117330377448
FULTON-:-12L,FULTON-:-EP02D,1530.2213558762726
FULTON-:-12M,FULTON-:-HP01,2552.6789325919626
FULTON-:-12N,FULTON-:-12S,940.1035353304482
FULTON-:-AP01A,FULTON-:-AP12A,8119.648599060513
FULTON-:-AP01A,FULTON-:-AP09A,7758.657886825929
FULTON-:-AP01A,FULTON-:-JC15,241.66737171618524
FULTON-:-AP01A,FULTON-:-AP01C,14910.2296130888
FULTON-:-AP01A,FULTON-:-AP14A,5458.86771087381
FULTON-:-AP01A,FULTON-:-JC10,297.47301853703755
FULTON-:-AP01A,FULTON-:-AP14,7032.557900636992
FULTON-:-AP01A,FULTON-:-AP01D,4599.1695227320915
FULTON-:-AP01A,FULTON-:-AP01B,6851.1118684976145
FULTON-:-AP01A,FULTON-:-AP12C,343.201084025612
FULTON-:-AP01B,FULTON-:-AP023,2380.3490294439885
FULTON-:-AP01B,FULTON-:-AP022,4175.7073054903885
FULTON-:-AP01B,FULTON-:-AP12C,6543.554568994699
FULTON-:-AP01C,FULTON-:-JC16,11464.88001181503
FULTON-:-AP01C,FULTON-:-RW13,1636.6199718973069
FULTON-:-AP01C,FULTON-:-AP14A,9074.012714207789
FULTON-:-AP01C,FULTON-:-AP01D,5936.138431248835
FULTON-:-AP01D,FULTON-:-RW13,19119.393908587692
FULTON-:-AP01D,FULTON-:-AP01E,403.4759151019253
FULTON-:-AP01D,FULTON-:-AP02B,6253.694222608394
FULTON-:-AP01D,FULTON-:-AP023,6001.507510384634
FULTON-:-AP01E,FULTON-:-RW13,1623.68581186842
FULTON-:-AP021,FULTON-:-AP022,10642.33141370279
FULTON-:-AP021,FULTON-:-AP12C,1847.0906739439179
FULTON-:-AP021,FULTON-:-AP04B,4913.7300221551795
FULTON-:-AP021,FULTON-:-AP07A,2797.8232193233594
FULTON-:-AP021,FULTON-:-AP06,10675.557527826888
FULTON-:-AP021,FULTON-:-AP10,2794.8510679201413
FULTON-:-AP021,FULTON-:-AP07C,337.65895153975976
FULTON-:-AP021,FULTON-:-ML01A,1772.4434758373395
FULTON-:-AP022,FULTON-:-RW05,8142.304074308119
FULTON-:-AP022,FULTON-:-AP023,9293.977383242762
FULTON-:-AP022,FULTON-:-RW12A,1518.6970445956417
FULTON-:-AP022,FULTON-:-AP04A,1397.522635415618
FULTON-:-AP023,FULTON-:-AP02B,5615.508035833862
FULTON-:-AP023,FULTON-:-RW05,8757.68302366347
FULTON-:-AP02B,FULTON-:-RW07A,522.2239714779915
FULTON-:-AP02B,FULTON-:-RW07B,865.1160134718093
FULTON-:-AP02B,FULTON-:-AP03,3724.486744445698
FULTON-:-AP02B,FULTON-:-RW05,14652.203103716092
FULTON-:-AP03,FULTON-:-RW07B,4029.958897004362
FULTON-:-AP03,FULTON-:-RW05A,4801.4204087795315
FULTON-:-AP03,FULTON-:-RW05,4498.77039669491
FULTON-:-AP04A,FULTON-:-RW12A,12545.518047974138
FULTON-:-AP04A,FULTON-:-RW19,2555.6321228341358
FULTON-:-AP04A,FULTON-:-ML01C,3833.641974005969
FULTON-:-AP04A,FULTON-:-AP04B,6228.240500277592
FULTON-:-AP04A,FULTON-:-ML01A,5142.097580754994
FULTON-:-AP04B,FULTON-:-ML01A,6355.680610530019
FULTON-:-AP05,FULTON-:-AP09A,18371.48247546161
FULTON-:-AP05,FULTON-:-AP09B,6633.757073168419
FULTON-:-AP05,FULTON-:-AP12B,12649.62156838478
FULTON-:-AP06,FULTON-:-AP07C,19116.97775330124
FULTON-:-AP06,FULTON-:-ML04,2221.7460911999106
FULTON-:-AP06,FULTON-:-ML02B,1818.2864570175961
FULTON-:-AP06,FULTON-:-ML01A,4536.512234230692
FULTON-:-AP07A,FULTON-:-AP12B,4245.639012316885
FULTON-:-AP07A,FULTON-:-AP12D,812.7437212854604
FULTON-:-AP07A,FULTON-:-ML06A,6876.285103552828
FULTON-:-AP07A,FULTON-:-ML05,999.0375431193056
FULTON-:-AP07A,FULTON-:-AP12C,7814.409121606865
FULTON-:-AP07A,FULTON-:-AP10,4038.574811835592
FULTON-:-AP07A,FULTON-:-AP07B,9799.007979486032
FULTON-:-AP07A,FULTON-:-ML04,6207.072742164813
FULTON-:-AP07B,FULTON-:-AP12D,1373.1069942409426
FULTON-:-AP07B,FULTON-:-ML06A,2800.0883095201225
FULTON-:-AP07B,FULTON-:-ML05,3376.7153921179074
FULTON-:-AP07B,FULTON-:-ML04,23979.1370368641
FULTON-:-AP07C,FULTON-:-AP10,7421.843955145185
FULTON-:-AP07C,FULTON-:-ML04,13695.848826165797
FULTON-:-AP09A,FULTON-:-AP12A,5564.496026050494
FULTON-:-AP09A,FULTON-:-AP09B,1929.7583754207003
FULTON-:-AP09A,FULTON-:-AP12B,395.1964370507686
FULTON-:-AP09A,FULTON-:-JC10,4618.448071060356
FULTON-:-AP09A,FULTON-:-AP14,572.5087045893099
FULTON-:-AP09A,FULTON-:-JC04B,6023.477224885887
FULTON-:-AP09B,FULTON-:-JC04C,10166.2446586693
FULTON-:-AP10,FULTON-:-ML04,6082.766077558909
FULTON-:-AP12A,FULTON-:-AP12B,7972.359923727483
FULTON-:-AP12A,FULTON-:-AP12C,2395.2690894908587
FULTON-:-AP12B,FULTON-:-AP12D,2963.58176674595
FULTON-:-AP12B,FULTON-:-ML06A,5798.724927396384
FULTON-:-AP12D,FULTON-:-ML06A,1804.5802603364698
FULTON-:-AP14,FULTON-:-AP14A,1126.1130643630597
FULTON-:-AP14,FULTON-:-JC10,2183.3525864786197
FULTON-:-AP14A,FULTON-:-JC14,274.2518907242822
FULTON-:-AP14A,FULTON-:-JC16,5991.009952247835
FULTON-:-AP14A,FULTON-:-JC15,14056.068378420428
FULTON-:-AP14A,FULTON-:-JC10,6815.796354637166
FULTON-:-CH01,FULTON-:-CH03,12747.13030465954
FULTON-:-CH01,FULTON-:-CH01A,1464.5876801887066
FULTON-:-CH01,FULTON-:-PA01,27831.423920386653
FULTON-:-CH01,FULTON-:-SC07A,9395.187823203838
FULTON-:-CH01,FULTON-:-SC04,15376.053762505215
FULTON-:-CH01,FULTON-:-CH02A,4805.940150359131
FULTON-:-CH01,FULTON-:-CH02,2477.273869160163
FULTON-:-CH01A,FULTON-:-SC04,1578.2406480107786
FULTON-:-CH01A,FULTON-:-CH02,1084.9257772184542
FULTON-:-CH01B,FULTON-:-PA01,2470.752601294953
FULTON-:-CH01B,FULTON-:-SC07A,1479.3768113746132
FULTON-:-CH02,FULTON-:-CH03,4275.516311849065
FULTON-:-CH02,FULTON-:-SC04,50704.589556949446
FULTON-:-CH02,FULTON-:-CH02A,18653.75689695288
FULTON-:-CH02,FULTON-:-SC13,3798.664127757222
FULTON-:-CH02A,FULTON-:-CH03,29034.485502822292
FULTON-:-CH03,FULTON-:-CH05,40383.061904497066
FULTON-:-CH03,FULTON-:-PA01,29188.230985027414
FULTON-:-CH04A,FULTON-:-CH05,21892.425314538665
FULTON-:-CH05,FULTON-:-PA01,68854.46836526043
FULTON-:-CH05A,FULTON-:-PA01,13899.596815424318
FULTON-:-CP011,FULTON-:-CP02,3592.762469776596
FULTON-:-CP011,FULTON-:-CP012,8529.305774847246
FULTON-:-CP011,FULTON-:-CP01B,1503.267277037794
FULTON-:-CP011,FULTON-:-EP01C,3705.5232395751473
FULTON-:-CP011,FULTON-:-EP01D,894.7388985302193
FULTON-:-CP012,FULTON-:-CP04A,541.5595958544372
FULTON-:-CP012,FULTON-:-CP07A,1975.9443464302121
FULTON-:-CP012,FULTON-:-CP04B,10059.1948162879
FULTON-:-CP012,FULTON-:-CP02,434.39507014462725
FULTON-:-CP012,FULTON-:-EP04D,4547.6550045739605
FULTON-:-CP012,FULTON-:-EP03B,880.6763383258599
FULTON-:-CP012,FULTON-:-EP01C,697.9967482082942
FULTON-:-CP012,FULTON-:-EP03C,784.4525933212699
FULTON-:-CP012,FULTON-:-EP03A,2344.1435167867203
FULTON-:-CP012,FULTON-:-EP01A,2657.7856589899047
FULTON-:-CP01B,FULTON-:-CP02,2388.8564535637333
FULTON-:-CP01B,FULTON-:-EP02C,6230.568129793525
FULTON-:-CP02,FULTON-:-CP04A,3005.0640776437413
FULTON-:-CP02,FULTON-:-CP04B,691.7450940971102
FULTON-:-CP02,FULTON-:-EP02C,6193.41243865381
FULTON-:-CP04A,FULTON-:-CP04B,2901.5596807201528
FULTON-:-CP04B,FULTON-:-CP07B,4208.2910156315
FULTON-:-CP051,FULTON-:-CP05C,2878.1204465271508
FULTON-:-CP051,FULTON-:-CP05B,1683.0913727035024
FULTON-:-CP051,FULTON-:-CP07F,1049.94381524581
FULTON-:-CP051,FULTON-:-CP07E,580.4168003989912
FULTON-:-CP052,FULTON-:-CP081,1066.4758697024438
FULTON-:-CP052,FULTON-:-CP06B,1595.52227248574
FULTON-:-CP052,FULTON-:-CP084,3331.7097606773727
FULTON-:-CP052,FULTON-:-SC08J,3513.587520284055
FULTON-:-CP052,FULTON-:-CP06A,1101.0250648025788
FULTON-:-CP052,FULTON-:-SC19C,7223.0740465581375
FULTON-:-CP052,FULTON-:-CP05C,2146.692934589867
FULTON-:-CP05B,FULTON-:-CP06A,1405.9176472039298
FULTON-:-CP05B,FULTON-:-CP05C,1515.3403777708986
FULTON-:-CP05B,FULTON-:-CP07B,6520.737438603017
FULTON-:-CP05B,FULTON-:-CP07F,1657.402940072863
FULTON-:-CP05C,FULTON-:-CP06A,3087.159782989414
FULTON-:-CP05C,FULTON-:-SC19C,6991.034065509063
FULTON-:-CP05C,FULTON-:-EP04A,6108.239577456612
FULTON-:-CP05C,FULTON-:-CP07C,1685.2621828605486
FULTON-:-CP05C,FULTON-:-CP07A,2225.837547119305
FULTON-:-CP06A,FULTON-:-CP08A,2671.9588640148436
FULTON-:-CP06A,FULTON-:-CP06B,3835.1609632281757
FULTON-:-CP06A,FULTON-:-CP07B,4022.5213559877234
FULTON-:-CP06B,FULTON-:-CP08A,2019.6072167193843
FULTON-:-CP07A,FULTON-:-CP07B,474.26628108612516
FULTON-:-CP07A,FULTON-:-EP04A,961.4182242928961
FULTON-:-CP07A,FULTON-:-CP07C,1409.5489732400636
FULTON-:-CP07A,FULTON-:-CP07E,1023.6649976301628
FULTON-:-CP07A,FULTON-:-CP07D,3890.1350383421914
FULTON-:-CP07A,FULTON-:-EP04D,2958.376444118071
FULTON-:-CP07C,FULTON-:-EP04A,653.7726590710355
FULTON-:-CP07D,FULTON-:-CP07F,1420.959629225414
FULTON-:-CP07E,FULTON-:-CP07F,1076.654591775696
FULTON-:-CP081,FULTON-:-SC10,7835.834726935702
FULTON-:-CP081,FULTON-:-CP083,476.55901582052627
FULTON-:-CP081,FULTON-:-CP08A,1523.8407037014624
FULTON-:-CP081,FULTON-:-CP084,4299.444813019416
FULTON-:-CP083,FULTON-:-SC27,7752.581742801252
FULTON-:-CP083,FULTON-:-SC10,6334.997721530507
FULTON-:-CP083,FULTON-:-CP08A,4373.0232153535935
FULTON-:-CP084,FULTON-:-SC08B,15138.047147604586
FULTON-:-CP084,FULTON-:-UC01B,4506.610614983349
FULTON-:-CP084,FULTON-:-SC08D,1079.1528339654876
FULTON-:-CP084,FULTON-:-SC10,637.1080582287548
FULTON-:-CP084,FULTON-:-SC17D,11450.208204847939
FULTON-:-CP084,FULTON-:-SC08J,12206.980279099764
FULTON-:-CP084,FULTON-:-SC17C,1743.4002316968651
FULTON-:-CP084,FULTON-:-SC19B,1859.5514299244983
FULTON-:-CP084,FULTON-:-SC19C,703.3064704756505
FULTON-:-EP01A,FULTON-:-EP02A,3435.5751010500717
FULTON-:-EP01A,FULTON-:-EP02B,221.10082142793777
FULTON-:-EP01A,FULTON-:-EP01C,5310.994602999456
FULTON-:-EP01A,FULTON-:-EP01D,1799.467034540588
FULTON-:-EP01A,FULTON-:-EP03C,4994.501205557921
FULTON-:-EP01A,FULTON-:-EP03A,4293.5553687137835
FULTON-:-EP01A,FULTON-:-EP01B,4018.482379072516
FULTON-:-EP01A,FULTON-:-EP02D,2624.180266238058
FULTON-:-EP01B,FULTON-:-EP03A,8971.709102781493
FULTON-:-EP01B,FULTON-:-EP02D,3616.0450424464852
FULTON-:-EP01C,FULTON-:-EP01D,3282.121706617573
FULTON-:-EP01D,FULTON-:-EP02C,2212.7860630244727
FULTON-:-EP01D,FULTON-:-EP02A,772.436019196025
FULTON-:-EP02A,FULTON-:-EP02C,6889.125178896077
FULTON-:-EP02A,FULTON-:-HP01,4515.459160732322
FULTON-:-EP02A,FULTON-:-EP02B,7591.303895430974
FULTON-:-EP02B,FULTON-:-EP02E,9603.409793374529
FULTON-:-EP02B,FULTON-:-EP02D,344.97664477750266
FULTON-:-EP02C,FULTON-:-HP01,4883.090330790158
FULTON-:-EP02D,FULTON-:-EP02E,10525.875485780076
FULTON-:-EP03A,FULTON-:-EP03B,9855.721096904172
FULTON-:-EP03A,FULTON-:-EP03D,563.794144682476
FULTON-:-EP03A,FULTON-:-EP03C,8841.27160526127
FULTON-:-EP03B,FULTON-:-EP04D,11901.424347500033
FULTON-:-EP03B,FULTON-:-EP03D,2429.716984813206
FULTON-:-EP03C,FULTON-:-EP03D,2319.2326232404416
FULTON-:-EP04A,FULTON-:-SC19B,870.7586955832891
FULTON-:-EP04A,FULTON-:-SC19C,620.0362801391416
FULTON-:-EP04A,FULTON-:-EP04D,504.6597054811625
FULTON-:-EP04A,FULTON-:-EP04B,9419.122422478156
FULTON-:-EP04A,FULTON-:-EP04C,3341.475445958479
FULTON-:-EP04B,FULTON-:-SC17C,937.1612615762672
FULTON-:-EP04B,FULTON-:-SC19B,17056.587852179953
FULTON-:-EP04B,FULTON-:-SC19A,13214.80704548028
FULTON-:-EP04B,FULTON-:-SC18D,14025.144302603983
FULTON-:-EP04B,FULTON-:-SC18B,2625.106394680425
FULTON-:-EP04B,FULTON-:-EP04C,2864.2033815694967
FULTON-:-EP04B,FULTON-:-SC18A,1571.8679767364388
FULTON-:-EP04C,FULTON-:-EP04D,14701.434763659838
FULTON-:-FA01A,FULTON-:-FA01C,5222.946750058519
FULTON-:-FA01A,FULTON-:-SC21A,1008.8796834498247
FULTON-:-FA01A,FULTON-:-SC07C,7785.524817810302
FULTON-:-FA01A,FULTON-:-UC02D,18025.084333709772
FULTON-:-FA01A,FULTON-:-FA01B,17275.235133039234
FULTON-:-FA01A,FULTON-:-SC07E,30718.24823900512
FULTON-:-FA01A,FULTON-:-UC02G,2252.965373186798
FULTON-:-FA01B,FULTON-:-FA01C,11328.323307531937
FULTON-:-FA01B,FULTON-:-SC212,5256.775132481589
FULTON-:-FA01B,FULTON-:-SC07C,9725.53543341204
FULTON-:-FA01B,FULTON-:-FA01D,9030.476593917218
FULTON-:-FA01B,FULTON-:-PA01,3625.475121109569
FULTON-:-FA01B,FULTON-:-SC07A,42021.443966748826
FULTON-:-FA01B,FULTON-:-SC07E,14805.412122391295
FULTON-:-FA01C,FULTON-:-SC212,49716.636197801265
FULTON-:-FA01C,FULTON-:-SC21A,682.3541252597637
FULTON-:-FA01D,FULTON-:-PA01,7591.545127945915
FULTON-:-FA01D,FULTON-:-SC07A,32494.059945549565
FULTON-:-FC02,FULTON-:-SC32,7650.079054599334
FULTON-:-FC02,FULTON-:-SC14B,2280.1521785475934
FULTON-:-JC01,FULTON-:-JC06,6065.895145665033
FULTON-:-JC01,FULTON-:-JC01A,13790.685270556307
FULTON-:-JC01,FULTON-:-JC02,18505.116476411175
FULTON-:-JC01A,GWINNETT-:-111 DULUTH H,8733.768748557512
FULTON-:-JC01A,GWINNETT-:-007 DULUTH A,6268.39869734909
FULTON-:-JC01A,FULTON-:-JC06,1646.6302130652107
FULTON-:-JC01A,GWINNETT-:-155 SUWANEE G,9634.181728552974
FULTON-:-JC01A,FULTON-:-JC02,2624.1045055739473
FULTON-:-JC02,FULTON-:-JC07,4703.015515440606
FULTON-:-JC02,FULTON-:-JC03B,7575.143003284716
FULTON-:-JC03A,FULTON-:-JC03B,3311.3436068843207
FULTON-:-JC03A,FULTON-:-JC04A,3222.037146789551
FULTON-:-JC03A,FULTON-:-JC05,4440.3920218544
FULTON-:-JC03B,FULTON-:-JC04A,3521.446192451509
FULTON-:-JC03B,FULTON-:-JC05,3001.6161728048696
FULTON-:-JC04A,FULTON-:-JC04C,7568.186692650332
FULTON-:-JC04A,FULTON-:-JC05,2142.278289045137
FULTON-:-JC04A,FULTON-:-JC04B,698.2959025306759
FULTON-:-JC04B,FULTON-:-JC04C,855.0730408039819
FULTON-:-JC04B,FULTON-:-JC10,911.8868311842152
FULTON-:-JC04B,FULTON-:-JC05,2440.7135868722553
FULTON-:-JC05,FULTON-:-JC08,8368.370896615848
FULTON-:-JC06,GWINNETT-:-111 DULUTH H,8544.710049357005
FULTON-:-JC06,FULTON-:-JC07,11831.48150367105
FULTON-:-JC06,FULTON-:-JC12,1075.8502268529433
FULTON-:-JC06,FULTON-:-JC11,3817.2105651331462
FULTON-:-JC07,FULTON-:-JC11,6720.18946456632
FULTON-:-JC07,FULTON-:-JC09,6681.617777589857
FULTON-:-JC07,FULTON-:-JC08,9823.125658697569
FULTON-:-JC08,FULTON-:-JC09,13501.356308036784
FULTON-:-JC08,FULTON-:-JC10,4913.476012102811
FULTON-:-JC09,FULTON-:-JC11,8053.838093464063
FULTON-:-JC09,FULTON-:-JC10,2381.0778326250866
FULTON-:-JC10,FULTON-:-JC11,5025.722544818172
FULTON-:-JC10,FULTON-:-JC15,1278.1543176464575
FULTON-:-JC11,FULTON-:-JC12,20311.277431861687
FULTON-:-JC11,FULTON-:-JC14,1973.410639599943
FULTON-:-JC12,GWINNETT-:-040 PINCKNEYVILLE H,3700.93840081191
FULTON-:-JC12,GWINNETT-:-121 PINCKNEYVILLE X,7145.663033436958
FULTON-:-JC12,GWINNETT-:-056 DULUTH C,666.6501719779504
FULTON-:-JC12,GWINNETT-:-111 DULUTH H,3405.1215726072783
FULTON-:-JC12,GWINNETT-:-063 PINCKNEYVILLE M,8764.913638006456
FULTON-:-JC12,FULTON-:-JC13B,5221.446090107198
FULTON-:-JC12,FULTON-:-JC14,7349.826213443247
FULTON-:-JC13A,GWINNETT-:-126 PINCKNEYVILLE A1,2831.485626620144
FULTON-:-JC13A,GWINNETT-:-062 PINCKNEYVILLE L,2822.9040270435444
FULTON-:-JC13A,GWINNETT-:-063 PINCKNEYVILLE M,308.176765933843
FULTON-:-JC13A,GWINNETT-:-125 PINCKNEYVILLE Z,7050.134506106899
FULTON-:-JC13A,FULTON-:-JC19,6461.414852866761
FULTON-:-JC13A,FULTON-:-JC13B,6210.5163902606155
FULTON-:-JC13A,FULTON-:-JC19A,9565.478419522226
FULTON-:-JC13A,FULTON-:-JC14,6329.413369021943
FULTON-:-JC13B,GWINNETT-:-063 PINCKNEYVILLE M,1519.0090489738661
FULTON-:-JC13B,FULTON-:-JC14,1062.5132860990984
FULTON-:-JC14,FULTON-:-JC16,2118.529502396429
FULTON-:-JC14,FULTON-:-JC15,5061.924770621407
FULTON-:-JC16,FULTON-:-JC19A,3731.067786616237
FULTON-:-JC16,FULTON-:-JC18,3187.428903504601
FULTON-:-JC16,FULTON-:-RW13,4554.84870054159
FULTON-:-JC18,FULTON-:-JC19A,10282.586585481276
FULTON-:-JC18,FULTON-:-RW22A,4094.581457028464
FULTON-:-JC18,FULTON-:-RW06,3966.9608117710113
FULTON-:-JC18,FULTON-:-RW13,6601.08772046259
FULTON-:-JC19,GWINNETT-:-126 PINCKNEYVILLE A1,269.0721773019099
FULTON-:-JC19,FULTON-:-JC19A,7504.773633819586
FULTON-:-JC19,FULTON-:-RW21A,3602.4186354403123
FULTON-:-JC19,FULTON-:-RW22C,676.8184209388628
FULTON-:-JC19,FULTON-:-RW22B,859.2346316673975
FULTON-:-JC19A,FULTON-:-RW22A,4372.864942008299
FULTON-:-ML01A,FULTON-:-RW19,486.85790659509223
FULTON-:-ML01A,FULTON-:-ML01C,2748.6187225497847
FULTON-:-ML01A,FULTON-:-ML01B,10354.910223743565
FULTON-:-ML01A,FULTON-:-ML02B,20063.45222491348
FULTON-:-ML01A,FULTON-:-ML02A,297.3948691683813
FULTON-:-ML01B,FULTON-:-RW09,7334.188636874588
FULTON-:-ML01B,FULTON-:-RW09A,40617.96411715662
FULTON-:-ML01B,FULTON-:-RW12,2916.9622310367986
FULTON-:-ML01B,FULTON-:-RW19,12583.498907682608
FULTON-:-ML01B,FULTON-:-ML02A,2920.212462005664
FULTON-:-ML01C,FULTON-:-RW19,2329.3315604509935
FULTON-:-ML02A,FULTON-:-ML02B,19607.889949438857
FULTON-:-ML02A,FULTON-:-ML03A,490.7220194421565
FULTON-:-ML02A,FULTON-:-ML03,20679.42413978027
FULTON-:-ML02A,FULTON-:-ML07A,11206.17088702531
FULTON-:-ML02B,FULTON-:-ML04,14027.100469550629
FULTON-:-ML02B,FULTON-:-ML03A,20097.297145794724
FULTON-:-ML03,FULTON-:-ML05,6823.915763813351
FULTON-:-ML03,FULTON-:-ML07B,6722.36526023498
FULTON-:-ML03,FULTON-:-ML04,9012.895956117758
FULTON-:-ML03,FULTON-:-ML03A,7267.0885503744385
FULTON-:-ML03,FULTON-:-ML07A,20916.302352217426
FULTON-:-ML03A,FULTON-:-ML04,2681.310353959373
FULTON-:-ML04,FULTON-:-ML05,18863.844606424536
FULTON-:-ML05,FULTON-:-ML06A,5351.475302534003
FULTON-:-ML05,FULTON-:-ML06B,16924.04179596001
FULTON-:-ML05,FULTON-:-ML07B,10103.172388859412
FULTON-:-ML06A,FULTON-:-ML06B,4138.831727593108
FULTON-:-ML07A,FULTON-:-ML07B,5663.918034760498
FULTON-:-MP01,FULTON-:-RW09,7057.378264783708
FULTON-:-MP01,FULTON-:-RW09A,5975.470756888454
FULTON-:-PA01,FULTON-:-SC07A,79730.03040100003
FULTON-:-RW01,FULTON-:-RW02,1688.2690472203517
FULTON-:-RW01,FULTON-:-RW09,11403.723763911981
FULTON-:-RW01,FULTON-:-RW10A,1644.9320410580576
FULTON-:-RW01,FULTON-:-RW10,16590.034282738892
FULTON-:-RW01,FULTON-:-RW08,6078.994654904662
FULTON-:-RW01,FULTON-:-RW12,8070.414288446848
FULTON-:-RW02,FULTON-:-RW11A,10653.911222295346
FULTON-:-RW02,FULTON-:-RW03,1272.874111366654
FULTON-:-RW02,FULTON-:-RW03B,2029.7860967181296
FULTON-:-RW02,FULTON-:-RW10A,3118.304148164174
FULTON-:-RW02,FULTON-:-RW10,9048.60574287909
FULTON-:-RW03,FULTON-:-RW11A,5458.7838892208065
FULTON-:-RW03,FULTON-:-RW03A,7114.853768723235
FULTON-:-RW03,FULTON-:-RW03C,1335.7334943801939
FULTON-:-RW03,FULTON-:-RW03B,5295.7412581058725
FULTON-:-RW03A,FULTON-:-RW17,5119.645008109838
FULTON-:-RW03A,FULTON-:-RW07A,2913.496223703224
FULTON-:-RW03A,FULTON-:-RW11B,770.2496436080681
FULTON-:-RW03A,FULTON-:-SS15B,6202.817659454184
FULTON-:-RW03A,FULTON-:-RW03C,7697.842587951648
FULTON-:-RW03A,FULTON-:-RW05A,581.0195219862773
FULTON-:-RW03B,FULTON-:-RW03C,5645.671736343206
FULTON-:-RW03B,FULTON-:-RW05A,1562.7610842731772
FULTON-:-RW03B,FULTON-:-RW10A,2745.186527290869
FULTON-:-RW03B,FULTON-:-RW08,4823.787139516887
FULTON-:-RW03C,FULTON-:-RW05A,3569.7926584696115
FULTON-:-RW04,FULTON-:-SS17,4831.104334647579
FULTON-:-RW04,FULTON-:-RW20,20788.90566971479
FULTON-:-RW04,FULTON-:-RW22A,1330.0409292728555
FULTON-:-RW04,FULTON-:-RW17,8925.83172273072
FULTON-:-RW04,FULTON-:-RW06,635.0944540947933
FULTON-:-RW05,FULTON-:-RW05A,1915.390216947648
FULTON-:-RW05,FULTON-:-RW08,1370.2992808769914
FULTON-:-RW05,FULTON-:-RW16,9033.264004394361
FULTON-:-RW05,FULTON-:-RW12A,4729.324323443113
FULTON-:-RW05A,FULTON-:-RW07A,2055.7756935062966
FULTON-:-RW05A,FULTON-:-RW07B,2900.450044583806
FULTON-:-RW05A,FULTON-:-RW08,2424.909230198419
FULTON-:-RW06,FULTON-:-RW22A,15893.97110840764
FULTON-:-RW06,FULTON-:-RW17,4455.982323342613
FULTON-:-RW06,FULTON-:-RW13,10517.335533347527
FULTON-:-RW07A,FULTON-:-RW13,5057.898360769774
FULTON-:-RW07A,FULTON-:-RW07B,5232.42911140159
FULTON-:-RW08,FULTON-:-RW10A,1685.9726509361856
FULTON-:-RW08,FULTON-:-RW16,6875.804155295039
FULTON-:-RW08,FULTON-:-RW12,1300.495163874652
FULTON-:-RW09,FULTON-:-RW09A,5907.442678873168
FULTON-:-RW09,FULTON-:-RW12,10463.524785833524
FULTON-:-RW10,FULTON-:-RW10A,4615.5057065824685
FULTON-:-RW11A,FULTON-:-RW11B,19536.329838345453
FULTON-:-RW11B,FULTON-:-SS22,12491.340665499029
FULTON-:-RW12,FULTON-:-RW16,3552.2429828312575
FULTON-:-RW12,FULTON-:-RW12A,5488.71896698923
FULTON-:-RW12,FULTON-:-RW19,6472.73724691948
FULTON-:-RW12A,FULTON-:-RW16,9256.350396308935
FULTON-:-RW12A,FULTON-:-RW19,2308.0049228548455
FULTON-:-RW13,FULTON-:-RW17,2092.384581920982
FULTON-:-RW17,FULTON-:-SS17,3807.596900027626
FULTON-:-RW20,FULTON-:-SS01,13723.208862407208
FULTON-:-RW20,FULTON-:-RW21,3604.4885875662108
FULTON-:-RW20,FULTON-:-SS17,868.3755055008328
FULTON-:-RW20,FULTON-:-RW21A,7397.20341869738
FULTON-:-RW20,FULTON-:-RW22A,4885.400531672837
FULTON-:-RW21,FULTON-:-SS01,1853.624965543102
FULTON-:-RW21,FULTON-:-RW21A,4271.17905321165
FULTON-:-RW21A,FULTON-:-SS01A,7629.734949461871
FULTON-:-RW21A,GWINNETT-:-126 PINCKNEYVILLE A1,4669.335602637265
FULTON-:-RW21A,FULTON-:-SS01,4127.082853446393
FULTON-:-RW21A,FULTON-:-RW22C,809.8275564871543
FULTON-:-RW21A,FULTON-:-RW22B,513.6268744392567
FULTON-:-RW21A,FULTON-:-RW22A,5895.369560240322
FULTON-:-RW22A,FULTON-:-RW22B,1346.762164583658
FULTON-:-RW22B,FULTON-:-RW22C,853.45100983472
FULTON-:-SC01A,FULTON-:-SC15,3258.5575705259057
FULTON-:-SC01A,FULTON-:-SC01B,3110.4606186556457
FULTON-:-SC01A,FULTON-:-SC01D,3181.6039800031704
FULTON-:-SC01A,FULTON-:-SC31,18302.98660666864
FULTON-:-SC01A,FULTON-:-SC16A,8368.001361672108
FULTON-:-SC01B,FULTON-:-SC20,16833.56673138267
FULTON-:-SC01B,FULTON-:-SC18A,2430.7127472154552
FULTON-:-SC01B,FULTON-:-SC01C,15321.733282152662
FULTON-:-SC01B,FULTON-:-SC15,5412.638644149645
FULTON-:-SC01B,FULTON-:-SC01D,5080.400910868521
FULTON-:-SC01B,FULTON-:-SC16A,1122.063119916578
FULTON-:-SC01C,FULTON-:-SC18A,3581.5931297495617
FULTON-:-SC01C,FULTON-:-SC02A,4829.365023934016
FULTON-:-SC01C,FULTON-:-SC16A,6877.629167508496
FULTON-:-SC01D,FULTON-:-SC16A,878.7387978045778
FULTON-:-SC02,FULTON-:-SC02A,2716.0957835408753
FULTON-:-SC02,FULTON-:-SC16B,5761.834133561667
FULTON-:-SC02A,FULTON-:-SC16B,3998.182610939367
FULTON-:-SC04,FULTON-:-SC07A,16285.930149090804
FULTON-:-SC04,FULTON-:-UC02G,1718.250411282596
FULTON-:-SC04,FULTON-:-SC13A,4536.080663466227
FULTON-:-SC04,FULTON-:-SC13,17140.14708754951
FULTON-:-SC05A,FULTON-:-UC02G,714.476349617236
FULTON-:-SC05A,FULTON-:-SC13A,314.1651987016531
FULTON-:-SC05A,FULTON-:-UC02E,1923.150215953303
FULTON-:-SC05A,FULTON-:-UC02A,5738.571798014505
FULTON-:-SC05A,FULTON-:-UC02F,9852.590911530611
FULTON-:-SC05A,FULTON-:-SC05D,5207.87619698895
FULTON-:-SC05A,FULTON-:-SC13,481.45180844984844
FULTON-:-SC05A,FULTON-:-SC05E,1465.7320561235229
FULTON-:-SC05B,FULTON-:-UC01E,1951.779325463871
FULTON-:-SC05B,FULTON-:-SC08C,1736.9587878433633
FULTON-:-SC05B,FULTON-:-SC17A,4704.434496136323
FULTON-:-SC05B,FULTON-:-UC02B,5528.985327350239
FULTON-:-SC05B,FULTON-:-SC05H,598.0452267315418
FULTON-:-SC05B,FULTON-:-SC18D,1429.646946580405
FULTON-:-SC05B,FULTON-:-SC18C,9959.301683204281
FULTON-:-SC05C,FULTON-:-UC02B,1475.1208640795826
FULTON-:-SC05C,FULTON-:-SC05H,5483.848907153213
FULTON-:-SC05C,FULTON-:-SC05E,10651.289923933537
FULTON-:-SC05C,FULTON-:-SC20A,670.3911553231662
FULTON-:-SC05C,FULTON-:-SC20,2876.379699592131
FULTON-:-SC05C,FULTON-:-SC18C,6267.699654610423
FULTON-:-SC05D,FULTON-:-SC13,12037.337547617268
FULTON-:-SC05D,FULTON-:-SC05G,10450.317063193135
FULTON-:-SC05D,FULTON-:-SC15A,4737.934236261472
FULTON-:-SC05D,FULTON-:-SC15,4142.909044068145
FULTON-:-SC05E,FULTON-:-UC02F,8563.523363896948
FULTON-:-SC05E,FULTON-:-UC02B,6727.776236042633
FULTON-:-SC05E,FULTON-:-SC05G,11550.052289116147
FULTON-:-SC05E,FULTON-:-SC20A,5938.611907001207
FULTON-:-SC05F,FULTON-:-UC02G,5856.99066958038
FULTON-:-SC05F,FULTON-:-UC02E,641.1286959320903
FULTON-:-SC05G,FULTON-:-SC15,2382.315199013988
FULTON-:-SC05H,FULTON-:-SC05J,1117.01918412889
FULTON-:-SC05H,FULTON-:-UC02B,14078.448904601024
FULTON-:-SC05H,FULTON-:-SC18C,1983.2003221535356
FULTON-:-SC05J,FULTON-:-UC02B,15145.350166821376
FULTON-:-SC07A,FULTON-:-SC07E,6636.411050484259
FULTON-:-SC07A,FULTON-:-SC13B,2628.564349704911
FULTON-:-SC07A,FULTON-:-UC02G,14404.267154204448
FULTON-:-SC07A,FULTON-:-SC13A,1186.1257977909838
FULTON-:-SC07B,FULTON-:-SC07D,1002.7405171057367
FULTON-:-SC07B,FULTON-:-UC02B,1176.3818556178467
FULTON-:-SC07C,FULTON-:-SC212,2440.511227926211
FULTON-:-SC07C,FULTON-:-SC21A,1726.087762396659
FULTON-:-SC07C,FULTON-:-UC02D,9556.684528018919
FULTON-:-SC07D,FULTON-:-UC02G,23505.83918513584
FULTON-:-SC07D,FULTON-:-SC07F,202.23990779769088
FULTON-:-SC07D,FULTON-:-UC02F,8230.76144459467
FULTON-:-SC07D,FULTON-:-UC02B,1845.0078129306908
FULTON-:-SC07E,FULTON-:-UC02D,1591.5286802908502
FULTON-:-SC07E,FULTON-:-SC13B,1789.8146651885245
FULTON-:-SC07E,FULTON-:-UC02G,55756.54004888271
FULTON-:-SC07F,FULTON-:-UC01A,1202.2897738915935
FULTON-:-SC07F,FULTON-:-UC02G,24306.506777993432
FULTON-:-SC07F,FULTON-:-SC08A,213.38389502624568
FULTON-:-SC07F,FULTON-:-SC08F,590.4939843036611
FULTON-:-SC08A,FULTON-:-UC01A,1336.7015773046917
FULTON-:-SC08A,FULTON-:-UC02G,210.27331120252617
FULTON-:-SC08B,FULTON-:-UC031,1750.0024315867415
FULTON-:-SC08B,FULTON-:-SC08E,355.83400919499593
FULTON-:-SC08B,FULTON-:-SC29B,874.504094066937
FULTON-:-SC08B,FULTON-:-SC09B,930.812559771206
FULTON-:-SC08B,FULTON-:-UC033,245.3987805596195
FULTON-:-SC08B,FULTON-:-UC01A,9445.083051503932
FULTON-:-SC08B,FULTON-:-UC01C,16861.4694412293
FULTON-:-SC08B,FULTON-:-SC08I,3469.9531559555817
FULTON-:-SC08B,FULTON-:-SC08K,12825.740281967137
FULTON-:-SC08B,FULTON-:-SC08H,6242.9912062657495
FULTON-:-SC08B,FULTON-:-UC01B,3756.7358089331565
FULTON-:-SC08B,FULTON-:-SC08D,1878.2270929083015
FULTON-:-SC08B,FULTON-:-SC10,446.35148883852327
FULTON-:-SC08B,FULTON-:-SC17D,1298.7522749411073
FULTON-:-SC08B,FULTON-:-SC17C,1030.2910331252579
FULTON-:-SC08C,FULTON-:-UC01E,2107.5504435998546
FULTON-:-SC08C,FULTON-:-SC17A,337.47569770092457
FULTON-:-SC08D,FULTON-:-UC01B,9734.720094011915
FULTON-:-SC08D,FULTON-:-SC10,4132.860994111147
FULTON-:-SC08E,FULTON-:-UC031,4977.393512368939
FULTON-:-SC08E,FULTON-:-UC01A,4982.0016760263525
FULTON-:-SC08E,FULTON-:-SC08I,1961.1584178313456
FULTON-:-SC08F,FULTON-:-UC01A,1248.899951332073
FULTON-:-SC08F,FULTON-:-UC02G,476.89319286661214
FULTON-:-SC08F,FULTON-:-SC08G,1785.425290503286
FULTON-:-SC08F,FULTON-:-SC08L,1209.2862289054528
FULTON-:-SC08F,FULTON-:-SC08H,1157.4416926901513
FULTON-:-SC08F,FULTON-:-UC01D,17067.247459375903
FULTON-:-SC08G,FULTON-:-UC01A,2984.2767279129907
FULTON-:-SC08G,FULTON-:-UC02G,2824.606160269237
FULTON-:-SC08G,FULTON-:-SC08L,748.9727758586899
FULTON-:-SC08H,FULTON-:-UC02D,798.9115033127378
FULTON-:-SC08H,FULTON-:-UC01A,2629.6724926536494
FULTON-:-SC08H,FULTON-:-UC02C,402.03723612482355
FULTON-:-SC08H,FULTON-:-UC02G,391.70229471750173
FULTON-:-SC08H,FULTON-:-SC08L,2028.7096756276958
FULTON-:-SC08H,FULTON-:-SC17B,2843.94018073709
FULTON-:-SC08H,FULTON-:-UC01D,2493.694026253084
FULTON-:-SC08I,FULTON-:-UC031,6012.637917889455
FULTON-:-SC08I,FULTON-:-SC08K,1737.8424447054367
FULTON-:-SC08J,FULTON-:-SC17C,635.4223110917034
FULTON-:-SC08J,FULTON-:-SC19B,4680.438461298681
FULTON-:-SC08J,FULTON-:-SC19C,2506.874784975393
FULTON-:-SC08K,FULTON-:-UC031,3372.9626405595473
FULTON-:-SC08L,FULTON-:-UC02G,333.386845881024
FULTON-:-SC08L,FULTON-:-UC01D,2939.0723242661675
FULTON-:-SC09A,FULTON-:-SC09C,6628.132999200622
FULTON-:-SC09A,FULTON-:-SC09B,2789.78200670043
FULTON-:-SC09A,FULTON-:-SC27,2893.821271638721
FULTON-:-SC09A,FULTON-:-SC10,9451.223414911945
FULTON-:-SC09B,FULTON-:-UC035,741.9095893053563
FULTON-:-SC09B,FULTON-:-SC29C,1119.4198530150993
FULTON-:-SC09B,FULTON-:-SC11B,3081.898154072364
FULTON-:-SC09B,FULTON-:-SC09C,3230.7298763152003
FULTON-:-SC09B,FULTON-:-SC29A,2941.916218116304
FULTON-:-SC09B,FULTON-:-SC29B,685.4538541971608
FULTON-:-SC09B,FULTON-:-UC033,8345.970885706674
FULTON-:-SC09B,FULTON-:-UC01C,1183.0299154956776
FULTON-:-SC09B,FULTON-:-SC10,1627.4545947629113
FULTON-:-SC09C,FULTON-:-SC11A,5827.826708705728
FULTON-:-SC09C,FULTON-:-SC27,2987.426356829237
FULTON-:-SC10,FULTON-:-UC01B,4045.765514475831
FULTON-:-SC10,FULTON-:-SC27,883.2797114802147
FULTON-:-SC11A,FULTON-:-SC11B,5755.258166597765
FULTON-:-SC11A,FULTON-:-SC23A,8994.437873524403
FULTON-:-SC11B,FULTON-:-SC29C,7483.100533796796
FULTON-:-SC11B,FULTON-:-SC23C,1468.7317263855518
FULTON-:-SC11B,FULTON-:-SC23A,4189.886989657456
FULTON-:-SC13,FULTON-:-SC13A,9526.20607973379
FULTON-:-SC13,FULTON-:-UC02E,7280.793587496993
FULTON-:-SC13,FULTON-:-UC02A,1494.8444469006301
FULTON-:-SC13,FULTON-:-SC15A,12209.461128606405
FULTON-:-SC13A,FULTON-:-UC02G,8588.224504909795
FULTON-:-SC13A,FULTON-:-UC02E,5387.816817051524
FULTON-:-SC13B,FULTON-:-UC02G,7489.105718290884
FULTON-:-SC14A,FULTON-:-SC16B,4689.960901879386
FULTON-:-SC14A,FULTON-:-SC30B,821.6717980703218
FULTON-:-SC14A,FULTON-:-SC30A,4544.133512916601
FULTON-:-SC14A,FULTON-:-SC32,15680.368696836991
FULTON-:-SC15,FULTON-:-SC20A,2451.183859081623
FULTON-:-SC15,FULTON-:-SC20,6120.801275694847
FULTON-:-SC15,FULTON-:-SC15A,17872.80767976796
FULTON-:-SC15,FULTON-:-SC15B,2166.524039673334
FULTON-:-SC15,FULTON-:-SC31,1028.118422141748
FULTON-:-SC15A,FULTON-:-SC15B,4669.051683140798
FULTON-:-SC15B,FULTON-:-SC31,5325.939024548277
FULTON-:-SC16A,FULTON-:-SC16B,11265.058878433692
FULTON-:-SC16A,FULTON-:-SC33,1872.0152557376273
FULTON-:-SC16B,FULTON-:-SC33,13339.034489672153
FULTON-:-SC17A,FULTON-:-UC01E,6839.57571726418
FULTON-:-SC17B,FULTON-:-UC01D,6763.5252277979425
FULTON-:-SC17B,FULTON-:-SC17C,1163.0002723682085
FULTON-:-SC17C,FULTON-:-UC01D,2627.665090734238
FULTON-:-SC17C,FULTON-:-SC17D,11231.562540069377
FULTON-:-SC17C,FULTON-:-UC01E,6373.650417429094
FULTON-:-SC17C,FULTON-:-SC19B,2932.800909215996
FULTON-:-SC17C,FULTON-:-SC19A,6362.609491309682
FULTON-:-SC18A,FULTON-:-SC18B,7338.71286788641
FULTON-:-SC18B,FULTON-:-SC20,4335.002617052874
FULTON-:-SC18B,FULTON-:-SC18D,2627.436260059786
FULTON-:-SC18B,FULTON-:-SC18C,6279.783560982225
FULTON-:-SC18C,FULTON-:-SC20,4078.350224523963
FULTON-:-SC18C,FULTON-:-SC18D,4917.586070033334
FULTON-:-SC18D,FULTON-:-SC19A,3576.696132160577
FULTON-:-SC19A,FULTON-:-UC01E,1125.4213836076904
FULTON-:-SC19B,FULTON-:-SC19C,3867.381383108088
FULTON-:-SC20,FULTON-:-SC20A,8349.250773691092
FULTON-:-SC211,FULTON-:-SC212,4730.396079089289
FULTON-:-SC211,FULTON-:-UC032,2512.170193386025
FULTON-:-SC211,FULTON-:-SC23B,9419.335755646007
FULTON-:-SC211,FULTON-:-UC035,2898.303856461916
FULTON-:-SC211,FULTON-:-UC031,21175.41592817515
FULTON-:-SC211,FULTON-:-SC23C,3000.594967791011
FULTON-:-SC211,FULTON-:-SC29A,2051.0203390921447
FULTON-:-SC212,FULTON-:-UC032,16317.50758213486
FULTON-:-SC212,FULTON-:-SC21A,819.2561062936178
FULTON-:-SC212,FULTON-:-UC031,375.4024270528266
FULTON-:-SC23A,FULTON-:-SC23C,5394.662232356359
FULTON-:-SC23A,FULTON-:-SC23D,4822.943645855564
FULTON-:-SC23A,FULTON-:-SC27,3384.7366980762476
FULTON-:-SC23B,FULTON-:-SC29C,2518.0683602219215
FULTON-:-SC23B,FULTON-:-SC23C,5472.754269976041
FULTON-:-SC23B,FULTON-:-SC29A,3078.685281813307
FULTON-:-SC23C,FULTON-:-SC23D,2913.974492365351
FULTON-:-SC29A,FULTON-:-UC031,17900.49913296788
FULTON-:-SC29A,FULTON-:-SC29C,7152.72378378646
FULTON-:-SC29B,FULTON-:-UC035,2069.3588537017645
FULTON-:-SC29B,FULTON-:-UC031,547.6579032638414
FULTON-:-SC30A,FULTON-:-SC30B,1469.2021571219047
FULTON-:-SC31,FULTON-:-SC33,7807.586031040389
FULTON-:-SC32,FULTON-:-SC33,8140.0101812377525
FULTON-:-SS01,GWINNETT-:-101 PINCKNEYVILLE U,2249.4719960689004
FULTON-:-SS01,FULTON-:-SS01A,8765.588537121394
FULTON-:-SS01,FULTON-:-SS17,16224.03870927476
FULTON-:-SS01A,GWINNETT-:-101 PINCKNEYVILLE U,2864.547409528275
FULTON-:-SS01A,GWINNETT-:-073 PINCKNEYVILLE P,2308.9641533604113
FULTON-:-SS01A,GWINNETT-:-126 PINCKNEYVILLE A1,2487.065413265239
FULTON-:-SS02A,FULTON-:-SS18C,2369.288348619991
FULTON-:-SS02A,FULTON-:-SS04,3404.8601378990734
FULTON-:-SS02A,FULTON-:-SS02B,6500.379655306128
FULTON-:-SS02A,FULTON-:-SS19B,6066.061176166032
FULTON-:-SS02B,FULTON-:-SS18C,611.5012639821467
FULTON-:-SS02B,FULTON-:-SS03,5112.538840052057
FULTON-:-SS02B,FULTON-:-SS04,2895.7737180066897
FULTON-:-SS03,FULTON-:-SS05,3620.4867237735293
FULTON-:-SS03,FULTON-:-SS18A,485.2894764754809
FULTON-:-SS03,FULTON-:-SS03A,4659.110824664545
FULTON-:-SS03,FULTON-:-SS04A,807.9135913986921
FULTON-:-SS03,FULTON-:-SS04,931.135173784412
FULTON-:-SS03A,FULTON-:-SS06,2067.3007018592853
FULTON-:-SS03A,FULTON-:-SS06A,3161.5593640253005
FULTON-:-SS03A,FULTON-:-SS05,955.0477906194585
FULTON-:-SS03A,FULTON-:-SS07A,4450.522379482446
FULTON-:-SS04,FULTON-:-SS07A,2567.7617916546214
FULTON-:-SS04,FULTON-:-SS08C,3037.081171417657
FULTON-:-SS04,FULTON-:-SS04A,914.9570229869815
FULTON-:-SS04,FULTON-:-SS29C,8654.239875903031
FULTON-:-SS04,FULTON-:-SS26,2495.896400374101
FULTON-:-SS04,FULTON-:-SS20,203.58230431468954
FULTON-:-SS04A,FULTON-:-SS07A,1036.470739511038
FULTON-:-SS05,FULTON-:-SS06,3160.3557464572586
FULTON-:-SS05,FULTON-:-SS16,8439.963920286687
FULTON-:-SS05,FULTON-:-SS06A,4619.648620415037
FULTON-:-SS05,FULTON-:-SS18A,6835.872335969294
FULTON-:-SS06,FULTON-:-SS09B,1839.4660962742064
FULTON-:-SS06,FULTON-:-SS31,7575.733951366868
FULTON-:-SS06,FULTON-:-SS16,3187.7894003275082
FULTON-:-SS06,FULTON-:-SS06A,6813.795518478075
FULTON-:-SS06,FULTON-:-SS07B,361.79234061364343
FULTON-:-SS07A,FULTON-:-SS07B,4021.010582515704
FULTON-:-SS07A,FULTON-:-SS08E,1639.6330274419724
FULTON-:-SS07A,FULTON-:-SS08C,1878.5249636150907
FULTON-:-SS07B,FULTON-:-SS31,1836.9314390110042
FULTON-:-SS07B,FULTON-:-SS08A,977.0209659476656
FULTON-:-SS07B,FULTON-:-SS07C,3521.4524027977677
FULTON-:-SS07B,FULTON-:-SS08B,3341.6799920949306
FULTON-:-SS07C,FULTON-:-SS31,2057.60709154302
FULTON-:-SS07C,FULTON-:-SS11A,1542.6649168382557
FULTON-:-SS07C,FULTON-:-SS11C,1286.4668743253835
FULTON-:-SS07C,FULTON-:-SS07D,2192.7857832066534
FULTON-:-SS07C,FULTON-:-SS08A,4028.819380794589
FULTON-:-SS07D,FULTON-:-SS11C,2068.4867240384906
FULTON-:-SS08A,FULTON-:-SS12,4599.121531842536
FULTON-:-SS08A,FULTON-:-SS11A,1075.0468267224323
FULTON-:-SS08A,FULTON-:-SS08B,1401.0915842465258
FULTON-:-SS08A,FULTON-:-SS08D,3764.62255510301
FULTON-:-SS08B,FULTON-:-SS08D,3632.8970329310423
FULTON-:-SS08B,FULTON-:-SS08E,2211.8409291088155
FULTON-:-SS08C,FULTON-:-SS08E,3218.476126569239
FULTON-:-SS08C,FULTON-:-SS29A,1211.099020144234
FULTON-:-SS08D,FULTON-:-SS08E,885.2203305714381
FULTON-:-SS08D,FULTON-:-SS08F,1672.3870498931383
FULTON-:-SS08D,FULTON-:-SS29A,1855.1323890265153
FULTON-:-SS08F,FULTON-:-SS29A,2439.465832775506
FULTON-:-SS09A,FULTON-:-SS09B,15457.390039836597
FULTON-:-SS09A,FULTON-:-SS16,10406.687881917462
FULTON-:-SS09B,FULTON-:-SS11D,1001.8917910738693
FULTON-:-SS09B,FULTON-:-SS31,4238.801384113381
FULTON-:-SS09B,FULTON-:-SS16,2296.652709502043
FULTON-:-SS09B,FULTON-:-SS13B,3890.7273950112767
FULTON-:-SS09B,FULTON-:-SS11B,6548.856503436098
FULTON-:-SS11A,FULTON-:-SS11D,1402.4973453986318
FULTON-:-SS11A,FULTON-:-SS13A,4158.39504192279
FULTON-:-SS11A,FULTON-:-SS12,6759.528880780722
FULTON-:-SS11A,FULTON-:-SS11B,4515.562918147628
FULTON-:-SS11A,FULTON-:-SS11C,3036.906504001809
FULTON-:-SS11B,FULTON-:-SS11D,2446.817332750617
FULTON-:-SS11B,FULTON-:-SS31,2452.079144000124
FULTON-:-SS11B,FULTON-:-SS11C,963.3230607917619
FULTON-:-SS11C,FULTON-:-SS31,438.6585642749187
FULTON-:-SS11D,FULTON-:-SS13B,2276.9822849300594
FULTON-:-SS11D,FULTON-:-SS13A,371.09260002221305
FULTON-:-SS12,FULTON-:-SS14,8483.659325614542
FULTON-:-SS12,FULTON-:-SS13A,5448.64867401588
FULTON-:-SS13A,FULTON-:-SS14,2844.243384801999
FULTON-:-SS13A,FULTON-:-SS13B,8444.99998647208
FULTON-:-SS13B,FULTON-:-SS14,250.00623175540093
FULTON-:-SS15A,FULTON-:-SS20,4923.767210433123
FULTON-:-SS15A,FULTON-:-SS22,3358.9497620365987
FULTON-:-SS15A,FULTON-:-SS17,3615.747756249125
FULTON-:-SS15A,FULTON-:-SS15C,4939.83310260516
FULTON-:-SS15A,FULTON-:-SS15B,290.21693044346455
FULTON-:-SS15B,FULTON-:-SS22,723.8809826470065
FULTON-:-SS15B,FULTON-:-SS17,6847.896212427792
FULTON-:-SS15B,FULTON-:-SS15C,7231.206816316038
FULTON-:-SS15C,FULTON-:-SS22,1643.7566860003021
FULTON-:-SS16,FULTON-:-SS18A,549.1253083705803
FULTON-:-SS17,FULTON-:-SS20,5219.765696100056
FULTON-:-SS18A,FULTON-:-SS18C,3602.988412537491
FULTON-:-SS18A,FULTON-:-SS18B,2229.300473890085
FULTON-:-SS18B,FULTON-:-SS18C,4688.1078149147
FULTON-:-SS18B,FULTON-:-SS19B,2100.5094857372064
FULTON-:-SS18C,FULTON-:-SS19B,470.29718601946774
FULTON-:-SS19A,FULTON-:-SS19B,8037.579878243611
FULTON-:-SS19A,FULTON-:-SS26,3248.708080816338
FULTON-:-SS19A,FULTON-:-SS20,1590.0469879721213
FULTON-:-SS19A,FULTON-:-SS22,11075.193285205707
FULTON-:-SS19B,FULTON-:-SS26,5297.827459327547
FULTON-:-SS20,FULTON-:-SS29C,2720.109909921082
FULTON-:-SS20,FULTON-:-SS29B,338.21931549219937
FULTON-:-SS20,FULTON-:-SS26,8057.006128393632
FULTON-:-SS20,FULTON-:-SS22,3541.9319977763043
FULTON-:-SS29A,FULTON-:-SS29C,5025.172245300062
FULTON-:-SS29B,FULTON-:-SS29C,264.21377416945217
FULTON-:-UC01A,FULTON-:-UC031,4731.263248258976
FULTON-:-UC01A,FULTON-:-UC02D,14042.008295099517
FULTON-:-UC01A,FULTON-:-UC02G,3045.7273637505323
FULTON-:-UC01A,FULTON-:-UC01D,441.29251877737437
FULTON-:-UC01B,FULTON-:-UC01C,319.5239707359923
FULTON-:-UC01C,FULTON-:-UC031,421.2580743719934
FULTON-:-UC01C,FULTON-:-UC033,4206.585910973309
FULTON-:-UC01D,FULTON-:-UC02G,3123.7638889863206
FULTON-:-UC01D,FULTON-:-UC01E,9163.20868921699
FULTON-:-UC01E,FULTON-:-UC02B,1494.1513295419584
FULTON-:-UC02A,FULTON-:-UC02E,594.4571799416208
FULTON-:-UC02B,FULTON-:-UC02G,3330.933632264585
FULTON-:-UC02B,FULTON-:-UC02F,4597.031358891883
FULTON-:-UC02C,FULTON-:-UC02D,4854.4237356723315
FULTON-:-UC02C,FULTON-:-UC02G,3884.576532269989
FULTON-:-UC02D,FULTON-:-UC032,4236.0533158872095
FULTON-:-UC02D,FULTON-:-UC02G,10441.988972116416
FULTON-:-UC02E,FULTON-:-UC02G,7185.528000284073
FULTON-:-UC02F,FULTON-:-UC02G,9875.761403330009
FULTON-:-UC031,FULTON-:-UC032,6872.15194464523
FULTON-:-UC031,FULTON-:-UC035,13425.972415158065
FULTON-:-UC031,FULTON-:-UC033,326.2792519329009
FULTON-:-UC033,FULTON-:-UC035,787.242057405556
GILMER-:-BOARDTOWN,GILMER-:-MOUNTAINTOWN,36724.925064966876
GILMER-:-BOARDTOWN,GILMER-:-ELLIJAY NORTH,61111.056808486646
GILMER-:-BOARDTOWN,GILMER-:-CHERRY LOG,44342.197344057706
GILMER-:-BOARDTOWN,GILMER-:-ELLIJAY NORTHEAST,4613.299015656549
GILMER-:-CARTECAY,GILMER-:-EAST ELLIJAY,6349.185460438825
GILMER-:-CARTECAY,PICKENS-:-SHARPTOP,15779.876102205288
GILMER-:-CARTECAY,GILMER-:-ROY ROAD,111116.5372234152
GILMER-:-CARTECAY,GILMER-:-YUKON,36475.428276354
GILMER-:-CARTECAY,GILMER-:-ELLIJAY NORTHEAST,27491.51602599194
GILMER-:-CHERRY LOG,GILMER-:-ROY ROAD,28994.062290506274
GILMER-:-CHERRY LOG,GILMER-:-ELLIJAY NORTHEAST,30613.44098940691
GILMER-:-EAST ELLIJAY,GILMER-:-TOWN CREEK,7167.429363160027
GILMER-:-EAST ELLIJAY,GILMER-:-ELLIJAY SOUTH,20309.850928603897
GILMER-:-EAST ELLIJAY,GILMER-:-YUKON,26064.885665967377
GILMER-:-EAST ELLIJAY,GILMER-:-ELLIJAY NORTHEAST,82933.0745754576
GILMER-:-ELLIJAY NORTH,GILMER-:-ELLIJAY SOUTH,32333.35811410095
GILMER-:-ELLIJAY NORTH,GILMER-:-MOUNTAINTOWN,52269.7004349794
GILMER-:-ELLIJAY NORTH,GILMER-:-ELLIJAY NORTHEAST,22229.405482768445
GILMER-:-ELLIJAY NORTHEAST,GILMER-:-ROY ROAD,46516.23242291606
GILMER-:-ELLIJAY SOUTH,GILMER-:-TOWN CREEK,7898.1490830266985
GILMER-:-ELLIJAY SOUTH,GILMER-:-LEACHES,28337.500533671828
GILMER-:-ELLIJAY SOUTH,GILMER-:-TAILS CREEK,48061.7050501471
GILMER-:-ELLIJAY SOUTH,GILMER-:-MOUNTAINTOWN,2884.1526712605073
GILMER-:-LEACHES,PICKENS-:-LUDVILLE,10566.388373762848
GILMER-:-LEACHES,GORDON-:-OAKMAN,12468.91444084024
GILMER-:-LEACHES,MURRAY-:-CARTERS-DOOLITTLE,9007.335767200511
GILMER-:-LEACHES,PICKENS-:-TALKING ROCK,21041.792922523666
GILMER-:-LEACHES,GILMER-:-TOWN CREEK,51869.46793794939
GILMER-:-LEACHES,GILMER-:-TAILS CREEK,58729.21643429971
GILMER-:-MOUNTAINTOWN,MURRAY-:-CARTERS-DOOLITTLE,3244.0364329782365
GILMER-:-MOUNTAINTOWN,MURRAY-:-MCDONALD,39225.26657894185
GILMER-:-MOUNTAINTOWN,GILMER-:-TAILS CREEK,46869.25394385959
GILMER-:-MOUNTAINTOWN,MURRAY-:-TOWN,14204.823548754222
GILMER-:-TAILS CREEK,MURRAY-:-CARTERS-DOOLITTLE,63409.93798206985
GILMER-:-TOWN CREEK,PICKENS-:-TALKING ROCK,17397.359202555832
GILMER-:-TOWN CREEK,GILMER-:-YUKON,22620.026343360947
GILMER-:-YUKON,PICKENS-:-TALKING ROCK,41446.94204146664
GILMER-:-YUKON,PICKENS-:-SHARPTOP,22259.491556474808
GLASCOCK-:-EDGEHILL,JEFFERSON-:-AVERA,25459.350375798345
GLASCOCK-:-EDGEHILL,GLASCOCK-:-MITCHELL,37841.245439333405
GLASCOCK-:-EDGEHILL,GLASCOCK-:-GIBSON,21038.445458290364
GLASCOCK-:-EDGEHILL,JEFFERSON-:-LOUISVILLE,28244.66113229357
GLASCOCK-:-EDGEHILL,WASHINGTON-:-WARTHEN,1803.444669835742
GLASCOCK-:-GIBSON,JEFFERSON-:-AVERA,1950.1139034586786
GLASCOCK-:-GIBSON,GLASCOCK-:-MITCHELL,38510.73624346683
GLASCOCK-:-GIBSON,GLASCOCK-:-MILL,77345.47879255319
GLASCOCK-:-GIBSON,WARREN-:-WARRENTON,23596.144633809647
GLASCOCK-:-MILL,JEFFERSON-:-AVERA,26531.228092513484
GLASCOCK-:-MILL,JEFFERSON-:-STAPLETON,33511.84164495217
GLASCOCK-:-MILL,WARREN-:-WARRENTON,66384.26720607113
GLASCOCK-:-MITCHELL,WASHINGTON-:-WARTHEN,76018.06697673239
GLASCOCK-:-MITCHELL,HANCOCK-:-SPARTA 4C,7700.406405275842
GLASCOCK-:-MITCHELL,WARREN-:-WARRENTON,24105.299123470482
GLYNN-:-ARCO,GLYNN-:-MAR,12444.576973849338
GLYNN-:-ARCO,GLYNN-:-HCP,9685.275551719189
GLYNN-:-ARCO,GLYNN-:-UPP,10830.129523522372
GLYNN-:-ARCO,GLYNN-:-CPM,16012.334072037793
GLYNN-:-ARCO,GLYNN-:-BLY,19930.347191957546
GLYNN-:-ARCO,GLYNN-:-BAL,12607.930377553348
GLYNN-:-BAL,GLYNN-:-THE,8062.937534452298
GLYNN-:-BAL,GLYNN-:-CPM,3536.7191250888227
GLYNN-:-BAL,GLYNN-:-BLY,2482.2035065239097
GLYNN-:-BAL,GLYNN-:-CST,18535.241301796374
GLYNN-:-BAL,GLYNN-:-HLD,9871.553602901677
GLYNN-:-BAL,GLYNN-:-NGLY,6909.840161534425
GLYNN-:-BLY,GLYNN-:-MAR,21570.67147439698
GLYNN-:-BLY,GLYNN-:-HLD,4996.080874392716
GLYNN-:-BLY,GLYNN-:-BRK,29283.81673103685
GLYNN-:-BLY,GLYNN-:-COG,26559.127588027488
GLYNN-:-BRK,GLYNN-:-MAR,83028.41185259177
GLYNN-:-BRK,GLYNN-:-COG,79326.87399289921
GLYNN-:-COG,GLYNN-:-HLD,50346.322777588626
GLYNN-:-COG,WAYNE-:-GARDI,64744.8967439031
GLYNN-:-COG,GLYNN-:-NGLY,11791.585501661084
GLYNN-:-COG,MCINTOSH-:-DARIEN,95686.73642575034
GLYNN-:-CPM,GLYNN-:-HCP,10022.43927428471
GLYNN-:-CPM,GLYNN-:-UPP,9648.362472363735
GLYNN-:-CPM,GLYNN-:-THE,52533.48839350999
GLYNN-:-CSSI,GLYNN-:-SSSI,57685.98041681388
GLYNN-:-CSSI,GLYNN-:-NSSI,83164.69958774798
GLYNN-:-CST,GLYNN-:-THE,24445.289033834648
GLYNN-:-CST,GLYNN-:-NSSI,20695.138163340802
GLYNN-:-CST,GLYNN-:-NGLY,28068.92320960358
GLYNN-:-HCP,GLYNN-:-JI,30256.287005801045
GLYNN-:-HCP,GLYNN-:-MAR,23960.259689806997
GLYNN-:-HCP,GLYNN-:-SSSI,15331.400629397518
GLYNN-:-HCP,GLYNN-:-UPP,21361.11843011892
GLYNN-:-HCP,GLYNN-:-THE,18951.94950384452
GLYNN-:-HLD,GLYNN-:-NGLY,24680.723871898485
GLYNN-:-JI,GLYNN-:-MAR,49670.92772879765
GLYNN-:-JI,GLYNN-:-SSSI,36155.449710671324
GLYNN-:-NGLY,GLYNN-:-NSSI,27038.323863059075
GLYNN-:-NGLY,MCINTOSH-:-NORTH DARIEN,33970.30743692494
GLYNN-:-NGLY,MCINTOSH-:-DARIEN,7745.037170270826
GLYNN-:-NSSI,GLYNN-:-SSSI,13017.473106766365
GLYNN-:-NSSI,GLYNN-:-THE,7704.169523675062
GLYNN-:-NSSI,MCINTOSH-:-NORTH DARIEN,25336.202414034273
GLYNN-:-NSSI,MCINTOSH-:-SAPELO ISLAND,52165.14118985206
GLYNN-:-SSSI,GLYNN-:-THE,13041.472642330542
GORDON-:-CALHOUN CITY,GORDON-:-LILY POND,182814.64821425904
GORDON-:-CALHOUN CITY,GORDON-:-GORDON COUNTY,518518.746573926
GORDON-:-CALHOUN CITY,GORDON-:-RESACA,2702.410544525026
GORDON-:-FAIRMOUNT,GORDON-:-SONORAVILLE,56120.96220597241
GORDON-:-FAIRMOUNT,GORDON-:-RED BUD,22796.612285235104
GORDON-:-FAIRMOUNT,PICKENS-:-JERUSALEM,12004.979309602544
GORDON-:-FAIRMOUNT,PICKENS-:-LUDVILLE,29420.326950674244
GORDON-:-FAIRMOUNT,GORDON-:-OAKMAN,53340.7869661102
GORDON-:-GORDON COUNTY,GORDON-:-PLAINVILLE,18326.843686939425
GORDON-:-GORDON COUNTY,GORDON-:-OOSTANAULA,38994.62971808416
GORDON-:-GORDON COUNTY,GORDON-:-LILY POND,22783.172033727762
GORDON-:-GORDON COUNTY,GORDON-:-SONORAVILLE,19406.707109227576
GORDON-:-GORDON COUNTY,GORDON-:-RED BUD,26246.880402881685
GORDON-:-GORDON COUNTY,GORDON-:-PINE CHAPEL,5960.255323911031
GORDON-:-GORDON COUNTY,GORDON-:-RESACA,58112.323456196864
GORDON-:-GORDON COUNTY,GORDON-:-SUGAR VALLEY,37561.118046242846
GORDON-:-LILY POND,GORDON-:-PLAINVILLE,32073.389234236438
GORDON-:-LILY POND,GORDON-:-SONORAVILLE,32867.104422154356
GORDON-:-OAKMAN,GORDON-:-RED BUD,23152.277225802834
GORDON-:-OAKMAN,GORDON-:-PINE CHAPEL,31607.39178419783
GORDON-:-OAKMAN,PICKENS-:-LUDVILLE,13606.15979485224
GORDON-:-OAKMAN,MURRAY-:-CARTERS-DOOLITTLE,74657.03673286358
GORDON-:-OOSTANAULA,GORDON-:-PLAINVILLE,23028.149415877222
GORDON-:-OOSTANAULA,GORDON-:-SUGAR VALLEY,27216.846058342267
GORDON-:-PINE CHAPEL,GORDON-:-RED BUD,55286.114846744764
GORDON-:-PINE CHAPEL,GORDON-:-RESACA,35772.23252220937
GORDON-:-PINE CHAPEL,MURRAY-:-CARTERS-DOOLITTLE,6788.34776096322
GORDON-:-PINE CHAPEL,MURRAY-:-SOUTHWEST,33264.849724228894
GORDON-:-RED BUD,GORDON-:-SONORAVILLE,29886.620253816152
GORDON-:-RESACA,GORDON-:-SUGAR VALLEY,34376.03990698242
GORDON-:-RESACA,WALKER-:-ARMUCHEE VALLEY,1434.112772407921
GORDON-:-RESACA,WHITFIELD-:-CA,32709.79603313834
GORDON-:-RESACA,WHITFIELD-:-TI,17090.51313929312
GORDON-:-RESACA,MURRAY-:-SOUTHWEST,9452.559238035283
GORDON-:-SUGAR VALLEY,WALKER-:-ARMUCHEE VALLEY,17021.085019883267
GRADY-:-BLOWING CAVE,GRADY-:-WOODLAND,32059.600547513073
GRADY-:-BLOWING CAVE,GRADY-:-SPENCE,38079.3722771036
GRADY-:-BLOWING CAVE,MITCHELL-:-PELHAM,21459.052247369033
GRADY-:-BLOWING CAVE,GRADY-:-LIMESINK,31352.800878771817
GRADY-:-BLOWING CAVE,GRADY-:-SPRING HILL,30804.43153569559
GRADY-:-CAIRO 4TH DISTRICT,GRADY-:-MIDWAY,14426.04367006364
GRADY-:-CAIRO 4TH DISTRICT,GRADY-:-CAIRO 5TH DISTRICT,12899.596700454831
GRADY-:-CAIRO 4TH DISTRICT,GRADY-:-WOODLAND,19692.570115229544
GRADY-:-CAIRO 4TH DISTRICT,GRADY-:-WHIGHAM,29100.674596499368
GRADY-:-CAIRO 4TH DISTRICT,GRADY-:-SPRING HILL,11934.047947252482
GRADY-:-CAIRO 5TH DISTRICT,GRADY-:-MIDWAY,28130.777853494517
GRADY-:-CAIRO 5TH DISTRICT,GRADY-:-WOODLAND,24634.54628489131
GRADY-:-DUNCANVILLE,THOMAS-:-METCALFE,31724.41005215009
GRADY-:-DUNCANVILLE,THOMAS-:-FIRE STATION #2,25383.300402644556
GRADY-:-DUNCANVILLE,GRADY-:-MIDWAY,98545.95653832691
GRADY-:-DUNCANVILLE,GRADY-:-HIGDON,19307.28535506285
GRADY-:-DUNCANVILLE,GRADY-:-RAGAN,28415.112477505103
GRADY-:-HIGDON,GRADY-:-RAGAN,68676.54942717649
GRADY-:-HIGDON,GRADY-:-WHIGHAM,20347.47934491895
GRADY-:-LIMESINK,GRADY-:-SPRING HILL,46708.74940183456
GRADY-:-LIMESINK,MITCHELL-:-BRANCHVILLE,36138.984360266055
GRADY-:-MIDWAY,THOMAS-:-NEW COVENANT,18837.652729799716
GRADY-:-MIDWAY,GRADY-:-PINE PARK,30612.734212830685
GRADY-:-MIDWAY,GRADY-:-WOODLAND,13112.250804720068
GRADY-:-MIDWAY,GRADY-:-RAGAN,55134.6487954548
GRADY-:-MIDWAY,GRADY-:-WHIGHAM,2440.3720405678314
GRADY-:-PINE PARK,THOMAS-:-NEW COVENANT,15325.184660592591
GRADY-:-PINE PARK,THOMAS-:-OCHLOCKNEE,14078.750167074642
GRADY-:-PINE PARK,GRADY-:-WOODLAND,43239.18920071678
GRADY-:-RAGAN,GRADY-:-WHIGHAM,28637.17653288427
GRADY-:-SPENCE,THOMAS-:-MEIGS,37607.686811152234
GRADY-:-SPENCE,GRADY-:-WOODLAND,29135.21567591535
GRADY-:-SPENCE,MITCHELL-:-PELHAM,23828.865117644033
GRADY-:-SPRING HILL,GRADY-:-WOODLAND,8826.971908937849
GRADY-:-SPRING HILL,GRADY-:-WHIGHAM,42642.772615739625
GRADY-:-WOODLAND,THOMAS-:-OCHLOCKNEE,18089.853474888307
GREENE-:-GREENSBORO,GREENE-:-OLD SALEM,84077.06674561203
GREENE-:-GREENSBORO,GREENE-:-SILOAM,41761.888302532134
GREENE-:-GREENSBORO,MORGAN-:-BUCKHEAD,70034.95963028554
GREENE-:-GREENSBORO,MORGAN-:-GIBBS,21369.802114850932
GREENE-:-GREENSBORO,GREENE-:-UNION POINT,117749.54205912896
GREENE-:-GREENSBORO,OCONEE-:-COLHAM FERRY,24774.80910238039
GREENE-:-GREENSBORO,OCONEE-:-BISHOP,12500.902550932075
GREENE-:-OLD SALEM,HANCOCK-:-POWER OF GOD,37105.33513558226
GREENE-:-OLD SALEM,PUTNAM-:-105,93197.07263457548
GREENE-:-OLD SALEM,GREENE-:-WHITE PLAINS,16653.11592656806
GREENE-:-OLD SALEM,GREENE-:-SILOAM,46995.659844186375
GREENE-:-OLD SALEM,MORGAN-:-BUCKHEAD,25716.124103493414
GREENE-:-SILOAM,GREENE-:-WHITE PLAINS,78027.36353203103
GREENE-:-SILOAM,TALIAFERRO-:-CRAWFORDVILLE,26579.94265463068
GREENE-:-SILOAM,GREENE-:-UNION POINT,30226.828828713813
GREENE-:-UNION POINT,TALIAFERRO-:-CRAWFORDVILLE,70324.73595724399
GREENE-:-UNION POINT,OCONEE-:-COLHAM FERRY,14696.427084015819
GREENE-:-UNION POINT,OGLETHORPE-:-LEXINGTON,97384.59692435674
GREENE-:-WHITE PLAINS,HANCOCK-:-POWER OF GOD,25013.28603794029
GREENE-:-WHITE PLAINS,TALIAFERRO-:-CRAWFORDVILLE,21449.436667673817
GWINNETT-:-001 HARBINS A,GWINNETT-:-071 LAWRENCEVILLE F,9191.586745696191
GWINNETT-:-001 HARBINS A,GWINNETT-:-133 HARBINS B,21274.071083432496
GWINNETT-:-001 HARBINS A,GWINNETT-:-003 DACULA,13100.919028926533
GWINNETT-:-001 HARBINS A,GWINNETT-:-080 BAYCREEK C,15185.481158435556
GWINNETT-:-001 HARBINS A,GWINNETT-:-151 HARBINS C,36222.44573840395
GWINNETT-:-002 ROCKBRIDGE A,GWINNETT-:-122 ROCKBRIDGE G,25475.04153036105
GWINNETT-:-002 ROCKBRIDGE A,GWINNETT-:-104 ROCKBRIDGE F,11919.318552616776
GWINNETT-:-002 ROCKBRIDGE A,GWINNETT-:-075 ROCKBRIDGE C,13239.281071884623
GWINNETT-:-003 DACULA,GWINNETT-:-144 LAWRENCEVILLE M,13229.163288273361
GWINNETT-:-003 DACULA,GWINNETT-:-133 HARBINS B,18372.12826532539
GWINNETT-:-003 DACULA,GWINNETT-:-027 HOG MOUNTAIN B,13575.67746299361
GWINNETT-:-003 DACULA,GWINNETT-:-152 ROCKYCREEK C,7418.409706939363
GWINNETT-:-003 DACULA,GWINNETT-:-028 ROCKYCREEK A,7132.120732402988
GWINNETT-:-004 SUWANEE A,GWINNETT-:-155 SUWANEE G,4865.410817866009
GWINNETT-:-004 SUWANEE A,GWINNETT-:-106 SUWANEE C,7360.5753459922735
GWINNETT-:-004 SUWANEE A,GWINNETT-:-100 SUWANEE B,12349.256470496299
GWINNETT-:-004 SUWANEE A,GWINNETT-:-131 SUWANEE E,14121.295666715861
GWINNETT-:-004 SUWANEE A,GWINNETT-:-140 SUWANEE H,1545.3507604541107
GWINNETT-:-004 SUWANEE A,GWINNETT-:-089 SUGAR HILL E,6369.562533873688
GWINNETT-:-005 BAYCREEK A,GWINNETT-:-081 CATES L,3038.374704687957
GWINNETT-:-005 BAYCREEK A,GWINNETT-:-010 CATES A,4881.668651924245
GWINNETT-:-005 BAYCREEK A,GWINNETT-:-134 BAYCREEK F,10171.145332265987
GWINNETT-:-005 BAYCREEK A,GWINNETT-:-094 CATES N,7236.08235744075
GWINNETT-:-005 BAYCREEK A,GWINNETT-:-078 BAYCREEK K,8908.590170670981
GWINNETT-:-006 GOODWINS A,GWINNETT-:-124 GOODWINS G,10766.123168164555
GWINNETT-:-006 GOODWINS A,GWINNETT-:-149 GOODWINS I,7523.123477963765
GWINNETT-:-006 GOODWINS A,GWINNETT-:-083 GOODWINS D,7715.627296220884
GWINNETT-:-006 GOODWINS A,GWINNETT-:-097 GOODWINS E,5029.003045200463
GWINNETT-:-007 DULUTH A,GWINNETT-:-056 DULUTH C,6478.70504926011
GWINNETT-:-007 DULUTH A,GWINNETT-:-096 DULUTH G,16693.600039601144
GWINNETT-:-007 DULUTH A,GWINNETT-:-111 DULUTH H,11036.546619349117
GWINNETT-:-007 DULUTH A,GWINNETT-:-155 SUWANEE G,16961.03900577608
GWINNETT-:-007 DULUTH A,GWINNETT-:-106 SUWANEE C,3720.600722016677
GWINNETT-:-008 DUNCANS A,GWINNETT-:-028 ROCKYCREEK A,2108.8500221975446
GWINNETT-:-008 DUNCANS A,GWINNETT-:-137 ROCKYCREEK B,8649.432601187642
GWINNETT-:-008 DUNCANS A,GWINNETT-:-013 DUNCANS C,15244.381867710297
GWINNETT-:-008 DUNCANS A,GWINNETT-:-129 DUNCANS B,5988.499629420277
GWINNETT-:-008 DUNCANS A,GWINNETT-:-154 PUCKETTS D,10594.73434383852
GWINNETT-:-008 DUNCANS A,GWINNETT-:-039 DUNCANS D,9638.027665845995
GWINNETT-:-009 PUCKETTS A,GWINNETT-:-135 PUCKETTS C,14442.739065931652
GWINNETT-:-009 PUCKETTS A,GWINNETT-:-067 PUCKETTS E,5258.206702337198
GWINNETT-:-009 PUCKETTS A,GWINNETT-:-102 PUCKETTS B,7101.958162870766
GWINNETT-:-009 PUCKETTS A,HALL-:-FRIENDSHIP II,11752.401304656702
GWINNETT-:-009 PUCKETTS A,GWINNETT-:-055 SUGAR HILL D,12369.455658421051
GWINNETT-:-010 CATES A,GWINNETT-:-030 CATES C,2829.900948371809
GWINNETT-:-010 CATES A,GWINNETT-:-053 CATES H,5056.770115938743
GWINNETT-:-010 CATES A,GWINNETT-:-081 CATES L,13664.987599687973
GWINNETT-:-010 CATES A,GWINNETT-:-046 CATES F,4542.755280427429
GWINNETT-:-010 CATES A,GWINNETT-:-047 CATES G,3104.6083805109583
GWINNETT-:-010 CATES A,GWINNETT-:-094 CATES N,3643.051031151835
GWINNETT-:-011 BERKSHIRE A,GWINNETT-:-148 BERKSHIRE Q,3427.844763012363
GWINNETT-:-011 BERKSHIRE A,GWINNETT-:-033 BERKSHIRE E,6636.00139999535
GWINNETT-:-011 BERKSHIRE A,GWINNETT-:-109 BERKSHIRE M,2908.930845053939
GWINNETT-:-011 BERKSHIRE A,GWINNETT-:-065 BERKSHIRE H,6609.712946291749
GWINNETT-:-011 BERKSHIRE A,GWINNETT-:-120 BERKSHIRE P,10431.859359247697
GWINNETT-:-011 BERKSHIRE A,GWINNETT-:-123 PINCKNEYVILLE Y,2057.280267349914
GWINNETT-:-011 BERKSHIRE A,GWINNETT-:-058 PINCKNEYVILLE K,2347.2086749563273
GWINNETT-:-012 BERKSHIRE B,GWINNETT-:-112 BERKSHIRE N,5667.266602082356
GWINNETT-:-012 BERKSHIRE B,GWINNETT-:-148 BERKSHIRE Q,4226.801769557688
GWINNETT-:-012 BERKSHIRE B,GWINNETT-:-113 PINCKNEYVILLE V,6518.574694600295
GWINNETT-:-012 BERKSHIRE B,GWINNETT-:-065 BERKSHIRE H,4070.565943387506
GWINNETT-:-012 BERKSHIRE B,GWINNETT-:-021 PINCKNEYVILLE B,5445.405202791313
GWINNETT-:-012 BERKSHIRE B,GWINNETT-:-066 PINCKNEYVILLE O,1675.7853754490222
GWINNETT-:-013 DUNCANS C,GWINNETT-:-028 ROCKYCREEK A,11368.749380466075
GWINNETT-:-013 DUNCANS C,GWINNETT-:-129 DUNCANS B,11966.15242642547
GWINNETT-:-014 GARNERS A,GWINNETT-:-045 GARNERS B,263.4716665435296
GWINNETT-:-014 GARNERS A,GWINNETT-:-049 GARNERS C,8141.094246631392
GWINNETT-:-014 GARNERS A,GWINNETT-:-118 GARNERS F,6500.0993908207065
GWINNETT-:-014 GARNERS A,GWINNETT-:-052 BERKSHIRE G,3793.537952741823
GWINNETT-:-014 GARNERS A,GWINNETT-:-069 CATES J,18567.98562964964
GWINNETT-:-014 GARNERS A,GWINNETT-:-032 BERKSHIRE D,6158.163339105797
GWINNETT-:-015 LAWRENCEVILLE A,GWINNETT-:-143 LAWRENCEVILLE L,2832.5211504550575
GWINNETT-:-015 LAWRENCEVILLE A,GWINNETT-:-016 LAWRENCEVILLE B,11256.146735429862
GWINNETT-:-015 LAWRENCEVILLE A,GWINNETT-:-153 LAWRENCEVILLE N,5451.894909840447
GWINNETT-:-015 LAWRENCEVILLE A,GWINNETT-:-061 LAWRENCEVILLE E,4426.955009548063
GWINNETT-:-015 LAWRENCEVILLE A,GWINNETT-:-147 BAYCREEK I,7401.780243346984
GWINNETT-:-015 LAWRENCEVILLE A,GWINNETT-:-071 LAWRENCEVILLE F,3509.7912500401094
GWINNETT-:-015 LAWRENCEVILLE A,GWINNETT-:-060 LAWRENCEVILLE D,11008.552135785885
GWINNETT-:-016 LAWRENCEVILLE B,GWINNETT-:-094 CATES N,3834.991228289799
GWINNETT-:-016 LAWRENCEVILLE B,GWINNETT-:-078 BAYCREEK K,8705.533007302958
GWINNETT-:-016 LAWRENCEVILLE B,GWINNETT-:-143 LAWRENCEVILLE L,11197.662952774852
GWINNETT-:-016 LAWRENCEVILLE B,GWINNETT-:-147 BAYCREEK I,3473.886514767459
GWINNETT-:-016 LAWRENCEVILLE B,GWINNETT-:-091 BAYCREEK D,1009.6001544514052
GWINNETT-:-017 MARTINS A,GWINNETT-:-115 MARTINS H,6595.254321571656
GWINNETT-:-017 MARTINS A,GWINNETT-:-018 MARTINS B,10466.18540054709
GWINNETT-:-017 MARTINS A,GWINNETT-:-117 MARTINS J,8237.69356540191
GWINNETT-:-017 MARTINS A,GWINNETT-:-095 DULUTH F,5786.597162230716
GWINNETT-:-017 MARTINS A,GWINNETT-:-110 MARTINS G,928.9682959585855
GWINNETT-:-017 MARTINS A,GWINNETT-:-077 GOODWINS C,5358.954669795784
GWINNETT-:-018 MARTINS B,GWINNETT-:-127 LAWRENCEVILLE J,1253.8613018067144
GWINNETT-:-018 MARTINS B,GWINNETT-:-084 LAWRENCEVILLE G,3674.3394326554617
GWINNETT-:-018 MARTINS B,GWINNETT-:-115 MARTINS H,13146.364094716926
GWINNETT-:-018 MARTINS B,GWINNETT-:-110 MARTINS G,13326.286841335308
GWINNETT-:-019 MARTINS C,GWINNETT-:-119 BERKSHIRE O,4926.860225330273
GWINNETT-:-019 MARTINS C,GWINNETT-:-029 CATES B,5855.960815859324
GWINNETT-:-019 MARTINS C,GWINNETT-:-139 MARTINS K,10640.240426866121
GWINNETT-:-019 MARTINS C,GWINNETT-:-034 BERKSHIRE F,9858.505326534094
GWINNETT-:-019 MARTINS C,GWINNETT-:-116 MARTINS I,4991.261080509622
GWINNETT-:-019 MARTINS C,GWINNETT-:-115 MARTINS H,2070.162384630464
GWINNETT-:-020 PINCKNEYVILLE A,GWINNETT-:-023 PINCKNEYVILLE D,7422.027962232079
GWINNETT-:-020 PINCKNEYVILLE A,GWINNETT-:-050 PINCKNEYVILLE I,1794.0899604158733
GWINNETT-:-020 PINCKNEYVILLE A,GWINNETT-:-087 PINCKNEYVILLE S,10888.544893757582
GWINNETT-:-020 PINCKNEYVILLE A,GWINNETT-:-114 PINCKNEYVILLE W,16054.963187700314
GWINNETT-:-021 PINCKNEYVILLE B,GWINNETT-:-113 PINCKNEYVILLE V,9755.664787879934
GWINNETT-:-021 PINCKNEYVILLE B,GWINNETT-:-065 BERKSHIRE H,3118.442528476081
GWINNETT-:-021 PINCKNEYVILLE B,GWINNETT-:-123 PINCKNEYVILLE Y,3301.900258546746
GWINNETT-:-021 PINCKNEYVILLE B,GWINNETT-:-023 PINCKNEYVILLE D,446.1513370002779
GWINNETT-:-021 PINCKNEYVILLE B,GWINNETT-:-066 PINCKNEYVILLE O,6770.540572432344
GWINNETT-:-021 PINCKNEYVILLE B,GWINNETT-:-051 PINCKNEYVILLE J,7592.045306159222
GWINNETT-:-022 PINCKNEYVILLE C,GWINNETT-:-059 PINCKNEYVILLE N,5358.608153055522
GWINNETT-:-022 PINCKNEYVILLE C,GWINNETT-:-073 PINCKNEYVILLE P,3141.6393248239615
GWINNETT-:-022 PINCKNEYVILLE C,GWINNETT-:-040 PINCKNEYVILLE H,8372.830944469846
GWINNETT-:-022 PINCKNEYVILLE C,GWINNETT-:-126 PINCKNEYVILLE A1,8127.7565935322755
GWINNETT-:-022 PINCKNEYVILLE C,GWINNETT-:-121 PINCKNEYVILLE X,3073.359498774406
GWINNETT-:-022 PINCKNEYVILLE C,GWINNETT-:-062 PINCKNEYVILLE L,4433.770571664611
GWINNETT-:-022 PINCKNEYVILLE C,GWINNETT-:-063 PINCKNEYVILLE M,1049.6342082604542
GWINNETT-:-023 PINCKNEYVILLE D,GWINNETT-:-123 PINCKNEYVILLE Y,9639.420703896627
GWINNETT-:-023 PINCKNEYVILLE D,GWINNETT-:-058 PINCKNEYVILLE K,7579.384944538587
GWINNETT-:-023 PINCKNEYVILLE D,GWINNETT-:-051 PINCKNEYVILLE J,7832.168401336133
GWINNETT-:-024 SUGAR HILL A,GWINNETT-:-026 HOG MOUNTAIN A,12664.667466907209
GWINNETT-:-024 SUGAR HILL A,GWINNETT-:-142 SUWANEE F,15396.750737526798
GWINNETT-:-024 SUGAR HILL A,GWINNETT-:-067 PUCKETTS E,8568.83227565322
GWINNETT-:-024 SUGAR HILL A,GWINNETT-:-089 SUGAR HILL E,19243.006011212925
GWINNETT-:-024 SUGAR HILL A,GWINNETT-:-102 PUCKETTS B,12538.190117525772
GWINNETT-:-024 SUGAR HILL A,GWINNETT-:-055 SUGAR HILL D,18975.215088345376
GWINNETT-:-025 SUGAR HILL B,GWINNETT-:-089 SUGAR HILL E,875.5117915866131
GWINNETT-:-025 SUGAR HILL B,GWINNETT-:-105 SUGAR HILL F,4264.607302935368
GWINNETT-:-025 SUGAR HILL B,GWINNETT-:-141 SUGAR HILL G,13536.858889067984
GWINNETT-:-025 SUGAR HILL B,GWINNETT-:-130 SUWANEE D,5880.229208841107
GWINNETT-:-025 SUGAR HILL B,GWINNETT-:-055 SUGAR HILL D,14136.536878118122
GWINNETT-:-025 SUGAR HILL B,GWINNETT-:-054 SUGAR HILL C,35312.708057540105
GWINNETT-:-026 HOG MOUNTAIN A,GWINNETT-:-097 GOODWINS E,1486.9278186823447
GWINNETT-:-026 HOG MOUNTAIN A,GWINNETT-:-098 GOODWINS F,8967.591482983453
GWINNETT-:-026 HOG MOUNTAIN A,GWINNETT-:-070 GOODWINS B,11409.21282695988
GWINNETT-:-026 HOG MOUNTAIN A,GWINNETT-:-136 HOG MOUNTAIN C,7935.19039685605
GWINNETT-:-026 HOG MOUNTAIN A,GWINNETT-:-142 SUWANEE F,7078.747646391844
GWINNETT-:-027 HOG MOUNTAIN B,GWINNETT-:-144 LAWRENCEVILLE M,6030.345350762922
GWINNETT-:-027 HOG MOUNTAIN B,GWINNETT-:-152 ROCKYCREEK C,13660.588650505404
GWINNETT-:-027 HOG MOUNTAIN B,GWINNETT-:-042 LAWRENCEVILLE C,11353.493369513786
GWINNETT-:-027 HOG MOUNTAIN B,GWINNETT-:-031 HOG MOUNTAIN D,11281.058856804184
GWINNETT-:-027 HOG MOUNTAIN B,GWINNETT-:-136 HOG MOUNTAIN C,1932.9874053564702
GWINNETT-:-027 HOG MOUNTAIN B,GWINNETT-:-137 ROCKYCREEK B,10643.404756922846
GWINNETT-:-028 ROCKYCREEK A,GWINNETT-:-133 HARBINS B,11216.34663476876
GWINNETT-:-028 ROCKYCREEK A,GWINNETT-:-152 ROCKYCREEK C,7850.710822856452
GWINNETT-:-028 ROCKYCREEK A,GWINNETT-:-129 DUNCANS B,13035.550780200876
GWINNETT-:-029 CATES B,GWINNETT-:-119 BERKSHIRE O,981.9645221270143
GWINNETT-:-029 CATES B,GWINNETT-:-107 CATES O,9936.499940385851
GWINNETT-:-029 CATES B,GWINNETT-:-068 CATES I,3984.445936615998
GWINNETT-:-029 CATES B,GWINNETT-:-079 CATES K,7016.229745114081
GWINNETT-:-029 CATES B,GWINNETT-:-139 MARTINS K,2997.2876149920135
GWINNETT-:-030 CATES C,GWINNETT-:-076 ROCKBRIDGE D,14752.48318122037
GWINNETT-:-030 CATES C,GWINNETT-:-053 CATES H,8261.422848237138
GWINNETT-:-030 CATES C,GWINNETT-:-156 BAYCREEK J,6260.621088757231
GWINNETT-:-030 CATES C,GWINNETT-:-081 CATES L,13337.960638172637
GWINNETT-:-031 HOG MOUNTAIN D,GWINNETT-:-042 LAWRENCEVILLE C,2024.105221368155
GWINNETT-:-031 HOG MOUNTAIN D,GWINNETT-:-085 LAWRENCEVILLE H,7650.895206339499
GWINNETT-:-031 HOG MOUNTAIN D,GWINNETT-:-132 LAWRENCEVILLE K,2161.99825251184
GWINNETT-:-031 HOG MOUNTAIN D,GWINNETT-:-070 GOODWINS B,5099.765121721831
GWINNETT-:-031 HOG MOUNTAIN D,GWINNETT-:-136 HOG MOUNTAIN C,8773.51286032146
GWINNETT-:-032 BERKSHIRE D,GWINNETT-:-052 BERKSHIRE G,1902.2285915188104
GWINNETT-:-032 BERKSHIRE D,GWINNETT-:-069 CATES J,2768.9024059782155
GWINNETT-:-032 BERKSHIRE D,GWINNETT-:-092 BERKSHIRE J,14381.81587151547
GWINNETT-:-032 BERKSHIRE D,GWINNETT-:-119 BERKSHIRE O,9218.470516502282
GWINNETT-:-032 BERKSHIRE D,GWINNETT-:-109 BERKSHIRE M,3336.588784911447
GWINNETT-:-033 BERKSHIRE E,GWINNETT-:-092 BERKSHIRE J,3131.4806667838347
GWINNETT-:-033 BERKSHIRE E,GWINNETT-:-148 BERKSHIRE Q,9859.262896886501
GWINNETT-:-033 BERKSHIRE E,GWINNETT-:-109 BERKSHIRE M,5998.542854629222
GWINNETT-:-034 BERKSHIRE F,GWINNETT-:-119 BERKSHIRE O,6237.468895425434
GWINNETT-:-034 BERKSHIRE F,GWINNETT-:-109 BERKSHIRE M,2441.856085482273
GWINNETT-:-034 BERKSHIRE F,GWINNETT-:-120 BERKSHIRE P,7734.146036466406
GWINNETT-:-034 BERKSHIRE F,GWINNETT-:-103 BERKSHIRE L,12528.017734546374
GWINNETT-:-035 CATES D,GWINNETT-:-044 ROCKBRIDGE B,5532.777247355571
GWINNETT-:-035 CATES D,GWINNETT-:-053 CATES H,2713.7575151961937
GWINNETT-:-035 CATES D,GWINNETT-:-036 CATES E,14992.620312328509
GWINNETT-:-035 CATES D,GWINNETT-:-046 CATES F,10490.57469137497
GWINNETT-:-035 CATES D,GWINNETT-:-047 CATES G,1563.88381903088
GWINNETT-:-035 CATES D,GWINNETT-:-107 CATES O,3805.59562351189
GWINNETT-:-035 CATES D,GWINNETT-:-068 CATES I,10300.45245805462
GWINNETT-:-036 CATES E,GWINNETT-:-088 ROCKBRIDGE E,326.18889848718226
GWINNETT-:-036 CATES E,GWINNETT-:-069 CATES J,19187.217734098474
GWINNETT-:-036 CATES E,GWINNETT-:-107 CATES O,5561.138117615053
GWINNETT-:-037 PINCKNEYVILLE E,GWINNETT-:-059 PINCKNEYVILLE N,13465.942052801358
GWINNETT-:-037 PINCKNEYVILLE E,GWINNETT-:-101 PINCKNEYVILLE U,7644.546818313183
GWINNETT-:-037 PINCKNEYVILLE E,GWINNETT-:-073 PINCKNEYVILLE P,395.42298442513027
GWINNETT-:-038 PINCKNEYVILLE F,GWINNETT-:-059 PINCKNEYVILLE N,14075.182785383298
GWINNETT-:-038 PINCKNEYVILLE F,GWINNETT-:-066 PINCKNEYVILLE O,3354.8183892513257
GWINNETT-:-038 PINCKNEYVILLE F,GWINNETT-:-051 PINCKNEYVILLE J,7421.625952607705
GWINNETT-:-038 PINCKNEYVILLE F,GWINNETT-:-114 PINCKNEYVILLE W,12961.558381002891
GWINNETT-:-039 DUNCANS D,GWINNETT-:-129 DUNCANS B,16852.123865549336
GWINNETT-:-039 DUNCANS D,GWINNETT-:-154 PUCKETTS D,1915.1663485357137
GWINNETT-:-039 DUNCANS D,GWINNETT-:-135 PUCKETTS C,15055.72420503972
GWINNETT-:-039 DUNCANS D,HALL-:-FRIENDSHIP I,25157.544592190403
GWINNETT-:-039 DUNCANS D,HALL-:-MORGAN I,739.9986250975878
GWINNETT-:-040 PINCKNEYVILLE H,GWINNETT-:-059 PINCKNEYVILLE N,1078.4743826431568
GWINNETT-:-040 PINCKNEYVILLE H,GWINNETT-:-121 PINCKNEYVILLE X,17437.388300234343
GWINNETT-:-040 PINCKNEYVILLE H,GWINNETT-:-099 PINCKNEYVILLE T,13708.876520901338
GWINNETT-:-040 PINCKNEYVILLE H,GWINNETT-:-057 DULUTH D,1623.209882891791
GWINNETT-:-040 PINCKNEYVILLE H,GWINNETT-:-082 DULUTH E,5668.473623338787
GWINNETT-:-040 PINCKNEYVILLE H,GWINNETT-:-056 DULUTH C,4186.707204647379
GWINNETT-:-040 PINCKNEYVILLE H,GWINNETT-:-114 PINCKNEYVILLE W,13105.21428771406
GWINNETT-:-041 BAYCREEK B,WALTON-:-WEST WALTON,17885.487903209694
GWINNETT-:-041 BAYCREEK B,GWINNETT-:-104 ROCKBRIDGE F,2749.3448090201664
GWINNETT-:-041 BAYCREEK B,GWINNETT-:-076 ROCKBRIDGE D,13440.221154896823
GWINNETT-:-041 BAYCREEK B,GWINNETT-:-156 BAYCREEK J,8798.926180685832
GWINNETT-:-041 BAYCREEK B,WALTON-:-LOGANVILLE CENTRAL,12292.58909723895
GWINNETT-:-041 BAYCREEK B,GWINNETT-:-108 BAYCREEK E,18896.152394094755
GWINNETT-:-041 BAYCREEK B,GWINNETT-:-145 BAYCREEK G,3592.804277997701
GWINNETT-:-042 LAWRENCEVILLE C,GWINNETT-:-144 LAWRENCEVILLE M,6066.780069930484
GWINNETT-:-042 LAWRENCEVILLE C,GWINNETT-:-060 LAWRENCEVILLE D,3949.590941943148
GWINNETT-:-042 LAWRENCEVILLE C,GWINNETT-:-090 LAWRENCEVILLE I,8548.283944680497
GWINNETT-:-042 LAWRENCEVILLE C,GWINNETT-:-085 LAWRENCEVILLE H,7913.580437756255
GWINNETT-:-043 MARTINS D,GWINNETT-:-103 BERKSHIRE L,4833.76440531681
GWINNETT-:-043 MARTINS D,GWINNETT-:-116 MARTINS I,9882.428843220336
GWINNETT-:-043 MARTINS D,GWINNETT-:-086 MARTINS F,7284.064148740994
GWINNETT-:-043 MARTINS D,GWINNETT-:-072 MARTINS E,4590.130433263357
GWINNETT-:-044 ROCKBRIDGE B,GWINNETT-:-075 ROCKBRIDGE C,2759.235394156327
GWINNETT-:-044 ROCKBRIDGE B,GWINNETT-:-088 ROCKBRIDGE E,11844.57595016962
GWINNETT-:-044 ROCKBRIDGE B,GWINNETT-:-053 CATES H,11283.901447669483
GWINNETT-:-045 GARNERS B,GWINNETT-:-064 GARNERS D,14798.921684869782
GWINNETT-:-045 GARNERS B,GWINNETT-:-075 ROCKBRIDGE C,10622.697994965865
GWINNETT-:-045 GARNERS B,GWINNETT-:-088 ROCKBRIDGE E,4459.580585551307
GWINNETT-:-045 GARNERS B,GWINNETT-:-049 GARNERS C,8441.529923747948
GWINNETT-:-045 GARNERS B,GWINNETT-:-118 GARNERS F,471.20269395188757
GWINNETT-:-045 GARNERS B,GWINNETT-:-069 CATES J,2928.453622148002
GWINNETT-:-046 CATES F,GWINNETT-:-053 CATES H,5386.096179858334
GWINNETT-:-046 CATES F,GWINNETT-:-047 CATES G,5953.471178581853
GWINNETT-:-047 CATES G,GWINNETT-:-068 CATES I,12561.502729053987
GWINNETT-:-047 CATES G,GWINNETT-:-094 CATES N,9072.820591019652
GWINNETT-:-047 CATES G,GWINNETT-:-093 CATES M,428.9762409110269
GWINNETT-:-048 DULUTH B,GWINNETT-:-095 DULUTH F,21249.849002164417
GWINNETT-:-048 DULUTH B,GWINNETT-:-057 DULUTH D,12526.522070557707
GWINNETT-:-048 DULUTH B,GWINNETT-:-138 DULUTH I,10080.41808051922
GWINNETT-:-048 DULUTH B,GWINNETT-:-096 DULUTH G,9719.406481227084
GWINNETT-:-049 GARNERS C,GWINNETT-:-118 GARNERS F,14180.875453213406
GWINNETT-:-050 PINCKNEYVILLE I,GWINNETT-:-058 PINCKNEYVILLE K,5846.1522871816105
GWINNETT-:-050 PINCKNEYVILLE I,GWINNETT-:-074 PINCKNEYVILLE Q,5325.030736254199
GWINNETT-:-050 PINCKNEYVILLE I,GWINNETT-:-087 PINCKNEYVILLE S,10800.921563254491
GWINNETT-:-050 PINCKNEYVILLE I,GWINNETT-:-150 DULUTH K,7441.430027752127
GWINNETT-:-050 PINCKNEYVILLE I,GWINNETT-:-099 PINCKNEYVILLE T,5899.6749823641485
GWINNETT-:-051 PINCKNEYVILLE J,GWINNETT-:-066 PINCKNEYVILLE O,8406.944867978984
GWINNETT-:-051 PINCKNEYVILLE J,GWINNETT-:-114 PINCKNEYVILLE W,3925.5508763269545
GWINNETT-:-052 BERKSHIRE G,GWINNETT-:-118 GARNERS F,6168.129291062916
GWINNETT-:-052 BERKSHIRE G,GWINNETT-:-112 BERKSHIRE N,15943.898884092348
GWINNETT-:-053 CATES H,GWINNETT-:-076 ROCKBRIDGE D,3866.990087569947
GWINNETT-:-053 CATES H,GWINNETT-:-075 ROCKBRIDGE C,7600.954355183398
GWINNETT-:-054 SUGAR HILL C,GWINNETT-:-055 SUGAR HILL D,5013.151312446764
GWINNETT-:-054 SUGAR HILL C,HALL-:-ROBERTS,13781.7658959859
GWINNETT-:-055 SUGAR HILL D,GWINNETT-:-089 SUGAR HILL E,866.8077248664729
GWINNETT-:-055 SUGAR HILL D,GWINNETT-:-102 PUCKETTS B,2653.824389659204
GWINNETT-:-055 SUGAR HILL D,HALL-:-FRIENDSHIP II,3094.3033742546777
GWINNETT-:-055 SUGAR HILL D,HALL-:-ROBERTS,20204.16371420984
GWINNETT-:-056 DULUTH C,GWINNETT-:-082 DULUTH E,13519.180190396586
GWINNETT-:-056 DULUTH C,GWINNETT-:-096 DULUTH G,296.5694721770346
GWINNETT-:-056 DULUTH C,GWINNETT-:-111 DULUTH H,12821.723648942807
GWINNETT-:-057 DULUTH D,GWINNETT-:-150 DULUTH K,6322.952868812228
GWINNETT-:-057 DULUTH D,GWINNETT-:-099 PINCKNEYVILLE T,7929.209761151015
GWINNETT-:-057 DULUTH D,GWINNETT-:-095 DULUTH F,5170.613155392339
GWINNETT-:-057 DULUTH D,GWINNETT-:-082 DULUTH E,11360.460922466033
GWINNETT-:-057 DULUTH D,GWINNETT-:-096 DULUTH G,6590.691907299879
GWINNETT-:-058 PINCKNEYVILLE K,GWINNETT-:-120 BERKSHIRE P,7227.775978093191
GWINNETT-:-058 PINCKNEYVILLE K,GWINNETT-:-123 PINCKNEYVILLE Y,5199.305494699174
GWINNETT-:-058 PINCKNEYVILLE K,GWINNETT-:-103 BERKSHIRE L,4243.606144185942
GWINNETT-:-058 PINCKNEYVILLE K,GWINNETT-:-074 PINCKNEYVILLE Q,9376.391889664403
GWINNETT-:-059 PINCKNEYVILLE N,GWINNETT-:-073 PINCKNEYVILLE P,3539.4131931045913
GWINNETT-:-059 PINCKNEYVILLE N,GWINNETT-:-114 PINCKNEYVILLE W,6389.40859745889
GWINNETT-:-060 LAWRENCEVILLE D,GWINNETT-:-061 LAWRENCEVILLE E,3062.876828593189
GWINNETT-:-060 LAWRENCEVILLE D,GWINNETT-:-071 LAWRENCEVILLE F,4058.5325611656817
GWINNETT-:-060 LAWRENCEVILLE D,GWINNETT-:-144 LAWRENCEVILLE M,20186.27464101947
GWINNETT-:-060 LAWRENCEVILLE D,GWINNETT-:-110 MARTINS G,5071.317997728466
GWINNETT-:-060 LAWRENCEVILLE D,GWINNETT-:-090 LAWRENCEVILLE I,10626.214886519225
GWINNETT-:-061 LAWRENCEVILLE E,GWINNETT-:-084 LAWRENCEVILLE G,2298.4422976956093
GWINNETT-:-061 LAWRENCEVILLE E,GWINNETT-:-153 LAWRENCEVILLE N,12398.875757879456
GWINNETT-:-061 LAWRENCEVILLE E,GWINNETT-:-110 MARTINS G,11203.691696064287
GWINNETT-:-062 PINCKNEYVILLE L,GWINNETT-:-126 PINCKNEYVILLE A1,9774.026933874567
GWINNETT-:-062 PINCKNEYVILLE L,GWINNETT-:-063 PINCKNEYVILLE M,7848.2494279905
GWINNETT-:-062 PINCKNEYVILLE L,GWINNETT-:-125 PINCKNEYVILLE Z,12279.013993946106
GWINNETT-:-063 PINCKNEYVILLE M,GWINNETT-:-121 PINCKNEYVILLE X,8573.102385162536
GWINNETT-:-063 PINCKNEYVILLE M,GWINNETT-:-125 PINCKNEYVILLE Z,2068.9049037686486
GWINNETT-:-064 GARNERS D,GWINNETT-:-122 ROCKBRIDGE G,20584.48255440152
GWINNETT-:-064 GARNERS D,GWINNETT-:-118 GARNERS F,3139.231131406445
GWINNETT-:-065 BERKSHIRE H,GWINNETT-:-148 BERKSHIRE Q,746.8573229150084
GWINNETT-:-065 BERKSHIRE H,GWINNETT-:-113 PINCKNEYVILLE V,5246.305222331306
GWINNETT-:-065 BERKSHIRE H,GWINNETT-:-123 PINCKNEYVILLE Y,8145.963592396881
GWINNETT-:-067 PUCKETTS E,GWINNETT-:-136 HOG MOUNTAIN C,14602.720071781858
GWINNETT-:-067 PUCKETTS E,GWINNETT-:-154 PUCKETTS D,13812.477777950988
GWINNETT-:-067 PUCKETTS E,GWINNETT-:-102 PUCKETTS B,13895.849774668126
GWINNETT-:-068 CATES I,GWINNETT-:-093 CATES M,11213.32623195008
GWINNETT-:-069 CATES J,GWINNETT-:-088 ROCKBRIDGE E,6376.020119299592
GWINNETT-:-069 CATES J,GWINNETT-:-119 BERKSHIRE O,3657.608460838478
GWINNETT-:-070 GOODWINS B,GWINNETT-:-083 GOODWINS D,2832.776810634916
GWINNETT-:-070 GOODWINS B,GWINNETT-:-132 LAWRENCEVILLE K,8314.162606514032
GWINNETT-:-070 GOODWINS B,GWINNETT-:-098 GOODWINS F,8150.606452458506
GWINNETT-:-071 LAWRENCEVILLE F,GWINNETT-:-147 BAYCREEK I,16150.288370704136
GWINNETT-:-071 LAWRENCEVILLE F,GWINNETT-:-144 LAWRENCEVILLE M,17161.39279452129
GWINNETT-:-071 LAWRENCEVILLE F,GWINNETT-:-080 BAYCREEK C,1339.2613891243095
GWINNETT-:-072 MARTINS E,GWINNETT-:-086 MARTINS F,7585.587830216541
GWINNETT-:-072 MARTINS E,GWINNETT-:-117 MARTINS J,11520.2792362433
GWINNETT-:-072 MARTINS E,GWINNETT-:-095 DULUTH F,14117.01501831867
GWINNETT-:-073 PINCKNEYVILLE P,GWINNETT-:-101 PINCKNEYVILLE U,4158.791261322224
GWINNETT-:-073 PINCKNEYVILLE P,GWINNETT-:-126 PINCKNEYVILLE A1,6829.61540205889
GWINNETT-:-074 PINCKNEYVILLE Q,GWINNETT-:-103 BERKSHIRE L,5994.633325045959
GWINNETT-:-074 PINCKNEYVILLE Q,GWINNETT-:-086 MARTINS F,11633.914620446414
GWINNETT-:-075 ROCKBRIDGE C,GWINNETT-:-122 ROCKBRIDGE G,1435.3828447984718
GWINNETT-:-075 ROCKBRIDGE C,GWINNETT-:-076 ROCKBRIDGE D,11357.274162882835
GWINNETT-:-075 ROCKBRIDGE C,GWINNETT-:-088 ROCKBRIDGE E,14507.551330752634
GWINNETT-:-076 ROCKBRIDGE D,GWINNETT-:-104 ROCKBRIDGE F,16311.971748755617
GWINNETT-:-077 GOODWINS C,GWINNETT-:-095 DULUTH F,18598.823499409224
GWINNETT-:-077 GOODWINS C,GWINNETT-:-110 MARTINS G,8784.670825627842
GWINNETT-:-077 GOODWINS C,GWINNETT-:-124 GOODWINS G,4679.002785249517
GWINNETT-:-077 GOODWINS C,GWINNETT-:-149 GOODWINS I,10199.606693749756
GWINNETT-:-077 GOODWINS C,GWINNETT-:-090 LAWRENCEVILLE I,1932.408546062241
GWINNETT-:-077 GOODWINS C,GWINNETT-:-097 GOODWINS E,8626.020304537285
GWINNETT-:-078 BAYCREEK K,GWINNETT-:-134 BAYCREEK F,2970.777283185457
GWINNETT-:-078 BAYCREEK K,GWINNETT-:-094 CATES N,3268.060553396485
GWINNETT-:-078 BAYCREEK K,GWINNETT-:-091 BAYCREEK D,14377.548196201746
GWINNETT-:-079 CATES K,GWINNETT-:-093 CATES M,8051.770118099426
GWINNETT-:-079 CATES K,GWINNETT-:-139 MARTINS K,8684.588866593558
GWINNETT-:-079 CATES K,GWINNETT-:-127 LAWRENCEVILLE J,5006.256855126871
GWINNETT-:-080 BAYCREEK C,GWINNETT-:-147 BAYCREEK I,15570.117830499143
GWINNETT-:-080 BAYCREEK C,GWINNETT-:-146 BAYCREEK H,23591.739191145934
GWINNETT-:-080 BAYCREEK C,WALTON-:-BOLD SPRINGS,4987.744928232984
GWINNETT-:-080 BAYCREEK C,GWINNETT-:-091 BAYCREEK D,4072.4676885818094
GWINNETT-:-080 BAYCREEK C,GWINNETT-:-151 HARBINS C,19179.622613157964
GWINNETT-:-081 CATES L,GWINNETT-:-156 BAYCREEK J,7067.460501567252
GWINNETT-:-081 CATES L,GWINNETT-:-134 BAYCREEK F,6484.197372091596
GWINNETT-:-082 DULUTH E,GWINNETT-:-096 DULUTH G,442.3007910598518
GWINNETT-:-083 GOODWINS D,GWINNETT-:-124 GOODWINS G,2738.4941317485786
GWINNETT-:-083 GOODWINS D,GWINNETT-:-090 LAWRENCEVILLE I,2812.5616914456123
GWINNETT-:-083 GOODWINS D,GWINNETT-:-085 LAWRENCEVILLE H,9777.528671296463
GWINNETT-:-083 GOODWINS D,GWINNETT-:-097 GOODWINS E,1545.305197152662
GWINNETT-:-083 GOODWINS D,GWINNETT-:-132 LAWRENCEVILLE K,3591.061672876184
GWINNETT-:-083 GOODWINS D,GWINNETT-:-128 GOODWINS H,4315.686264777211
GWINNETT-:-083 GOODWINS D,GWINNETT-:-098 GOODWINS F,7613.194911636097
GWINNETT-:-084 LAWRENCEVILLE G,GWINNETT-:-143 LAWRENCEVILLE L,6051.421039785829
GWINNETT-:-084 LAWRENCEVILLE G,GWINNETT-:-127 LAWRENCEVILLE J,8181.985123930555
GWINNETT-:-084 LAWRENCEVILLE G,GWINNETT-:-153 LAWRENCEVILLE N,8920.71522440208
GWINNETT-:-084 LAWRENCEVILLE G,GWINNETT-:-110 MARTINS G,1296.8213427598005
GWINNETT-:-085 LAWRENCEVILLE H,GWINNETT-:-090 LAWRENCEVILLE I,12559.6876482605
GWINNETT-:-085 LAWRENCEVILLE H,GWINNETT-:-132 LAWRENCEVILLE K,13619.635015517464
GWINNETT-:-086 MARTINS F,GWINNETT-:-103 BERKSHIRE L,2952.1357347064322
GWINNETT-:-086 MARTINS F,GWINNETT-:-150 DULUTH K,5392.101034670893
GWINNETT-:-087 PINCKNEYVILLE S,GWINNETT-:-099 PINCKNEYVILLE T,9255.781325154727
GWINNETT-:-087 PINCKNEYVILLE S,GWINNETT-:-114 PINCKNEYVILLE W,2239.2946169672723
GWINNETT-:-089 SUGAR HILL E,GWINNETT-:-100 SUWANEE B,5843.66683937829
GWINNETT-:-089 SUGAR HILL E,GWINNETT-:-105 SUGAR HILL F,11461.69232461656
GWINNETT-:-090 LAWRENCEVILLE I,GWINNETT-:-124 GOODWINS G,4608.008424080498
GWINNETT-:-091 BAYCREEK D,GWINNETT-:-134 BAYCREEK F,1894.4180266963253
GWINNETT-:-091 BAYCREEK D,GWINNETT-:-147 BAYCREEK I,14681.130669707574
GWINNETT-:-091 BAYCREEK D,GWINNETT-:-146 BAYCREEK H,12308.339240134148
GWINNETT-:-092 BERKSHIRE J,GWINNETT-:-112 BERKSHIRE N,8126.235467692734
GWINNETT-:-092 BERKSHIRE J,GWINNETT-:-148 BERKSHIRE Q,506.69482573090625
GWINNETT-:-092 BERKSHIRE J,GWINNETT-:-109 BERKSHIRE M,12654.294382028515
GWINNETT-:-093 CATES M,GWINNETT-:-094 CATES N,6771.924026192855
GWINNETT-:-093 CATES M,GWINNETT-:-143 LAWRENCEVILLE L,8551.31708895429
GWINNETT-:-094 CATES N,GWINNETT-:-143 LAWRENCEVILLE L,3790.852626097097
GWINNETT-:-095 DULUTH F,GWINNETT-:-117 MARTINS J,2190.5662768586635
GWINNETT-:-095 DULUTH F,GWINNETT-:-150 DULUTH K,5229.9137797751455
GWINNETT-:-095 DULUTH F,GWINNETT-:-138 DULUTH I,15218.295267427198
GWINNETT-:-095 DULUTH F,GWINNETT-:-106 SUWANEE C,4051.4641019898895
GWINNETT-:-096 DULUTH G,GWINNETT-:-138 DULUTH I,11268.954404227929
GWINNETT-:-096 DULUTH G,GWINNETT-:-106 SUWANEE C,3921.0008272699524
GWINNETT-:-097 GOODWINS E,GWINNETT-:-149 GOODWINS I,3154.6041554352746
GWINNETT-:-097 GOODWINS E,GWINNETT-:-128 GOODWINS H,12566.675845610334
GWINNETT-:-097 GOODWINS E,GWINNETT-:-106 SUWANEE C,13225.227801165147
GWINNETT-:-098 GOODWINS F,GWINNETT-:-128 GOODWINS H,15550.891974408207
GWINNETT-:-099 PINCKNEYVILLE T,GWINNETT-:-150 DULUTH K,380.57138302551925
GWINNETT-:-100 SUWANEE B,GWINNETT-:-106 SUWANEE C,4935.884610516569
GWINNETT-:-100 SUWANEE B,GWINNETT-:-142 SUWANEE F,16218.53332353453
GWINNETT-:-103 BERKSHIRE L,GWINNETT-:-116 MARTINS I,1328.3563786758245
GWINNETT-:-104 ROCKBRIDGE F,ROCKDALE-:-BT,8722.274024171693
GWINNETT-:-104 ROCKBRIDGE F,WALTON-:-WEST WALTON,345.98290310684973
GWINNETT-:-104 ROCKBRIDGE F,GWINNETT-:-122 ROCKBRIDGE G,15882.90264683379
GWINNETT-:-105 SUGAR HILL F,GWINNETT-:-131 SUWANEE E,4130.750208749246
GWINNETT-:-105 SUGAR HILL F,GWINNETT-:-140 SUWANEE H,5210.276953696135
GWINNETT-:-105 SUGAR HILL F,GWINNETT-:-141 SUGAR HILL G,13749.474762253481
GWINNETT-:-105 SUGAR HILL F,GWINNETT-:-130 SUWANEE D,1126.9732584678504
GWINNETT-:-106 SUWANEE C,GWINNETT-:-138 DULUTH I,5493.106797047115
GWINNETT-:-106 SUWANEE C,GWINNETT-:-155 SUWANEE G,4569.203114247763
GWINNETT-:-106 SUWANEE C,GWINNETT-:-142 SUWANEE F,6910.201377448796
GWINNETT-:-107 CATES O,GWINNETT-:-119 BERKSHIRE O,15607.462525516843
GWINNETT-:-108 BAYCREEK E,GWINNETT-:-156 BAYCREEK J,12249.980483968358
GWINNETT-:-108 BAYCREEK E,GWINNETT-:-145 BAYCREEK G,13025.715130024973
GWINNETT-:-109 BERKSHIRE M,GWINNETT-:-119 BERKSHIRE O,8656.004971861661
GWINNETT-:-109 BERKSHIRE M,GWINNETT-:-120 BERKSHIRE P,3825.1397636173106
GWINNETT-:-112 BERKSHIRE N,GWINNETT-:-148 BERKSHIRE Q,11456.899811800417
GWINNETT-:-115 MARTINS H,GWINNETT-:-139 MARTINS K,10445.375616753967
GWINNETT-:-115 MARTINS H,GWINNETT-:-116 MARTINS I,7460.180168942682
GWINNETT-:-116 MARTINS I,GWINNETT-:-117 MARTINS J,9238.37386380666
GWINNETT-:-122 ROCKBRIDGE G,ROCKDALE-:-BT,8803.085289885941
GWINNETT-:-124 GOODWINS G,GWINNETT-:-149 GOODWINS I,3266.5544407452153
GWINNETT-:-127 LAWRENCEVILLE J,GWINNETT-:-139 MARTINS K,10951.789287464237
GWINNETT-:-127 LAWRENCEVILLE J,GWINNETT-:-143 LAWRENCEVILLE L,1869.6731090229093
GWINNETT-:-130 SUWANEE D,GWINNETT-:-140 SUWANEE H,15742.153590488944
GWINNETT-:-130 SUWANEE D,GWINNETT-:-141 SUGAR HILL G,8607.704942650735
GWINNETT-:-131 SUWANEE E,GWINNETT-:-140 SUWANEE H,17456.343258326073
GWINNETT-:-133 HARBINS B,GWINNETT-:-151 HARBINS C,6291.048057016066
GWINNETT-:-134 BAYCREEK F,GWINNETT-:-156 BAYCREEK J,5799.71440804709
GWINNETT-:-134 BAYCREEK F,GWINNETT-:-145 BAYCREEK G,16643.526893207556
GWINNETT-:-134 BAYCREEK F,GWINNETT-:-146 BAYCREEK H,3712.375632539155
GWINNETT-:-135 PUCKETTS C,GWINNETT-:-154 PUCKETTS D,8936.521717744024
GWINNETT-:-135 PUCKETTS C,HALL-:-FRIENDSHIP I,3977.527299048221
GWINNETT-:-135 PUCKETTS C,HALL-:-FRIENDSHIP II,4100.170555903334
GWINNETT-:-136 HOG MOUNTAIN C,GWINNETT-:-137 ROCKYCREEK B,9744.503805431865
GWINNETT-:-136 HOG MOUNTAIN C,GWINNETT-:-154 PUCKETTS D,7274.282847320991
GWINNETT-:-137 ROCKYCREEK B,GWINNETT-:-152 ROCKYCREEK C,8285.340681892914
GWINNETT-:-140 SUWANEE H,GWINNETT-:-155 SUWANEE G,1816.526954494661
GWINNETT-:-143 LAWRENCEVILLE L,GWINNETT-:-153 LAWRENCEVILLE N,7801.594974372494
GWINNETT-:-145 BAYCREEK G,WALTON-:-LOGANVILLE CENTRAL,6608.134693656335
GWINNETT-:-145 BAYCREEK G,GWINNETT-:-146 BAYCREEK H,18870.16836925259
GWINNETT-:-146 BAYCREEK H,WALTON-:-LOGANVILLE CENTRAL,9930.03677023526
GWINNETT-:-146 BAYCREEK H,WALTON-:-BOLD SPRINGS,5863.9864496024275
GWINNETT-:-151 HARBINS C,WALTON-:-BOLD SPRINGS,18489.9671004665
HABERSHAM-:-AMYS CREEK,WHITE-:-BLUE CREEK,19264.468909877345
HABERSHAM-:-AMYS CREEK,HABERSHAM-:-HABERSHAM NORTH,119165.52035302756
HABERSHAM-:-AMYS CREEK,WHITE-:-NACOOCHEE,72350.2890940889
HABERSHAM-:-AMYS CREEK,RABUN-:-RABUN COUNTY,72153.83119917694
HABERSHAM-:-AMYS CREEK,TOWNS-:-HIAWASSEE,12753.163321802953
HABERSHAM-:-DEMOREST,HABERSHAM-:-HABERSHAM SOUTH,57977.76101612742
HABERSHAM-:-DEMOREST,HABERSHAM-:-HABERSHAM NORTH,6235.329342597855
HABERSHAM-:-HABERSHAM NORTH,HABERSHAM-:-MUD CREEK,9449.661458936136
HABERSHAM-:-HABERSHAM NORTH,STEPHENS-:-STEPHENS COUNTY 1,52865.29025255244
HABERSHAM-:-HABERSHAM NORTH,HABERSHAM-:-HABERSHAM SOUTH,81882.94669844885
HABERSHAM-:-HABERSHAM NORTH,WHITE-:-WHITE CREEK,26997.02862012345
HABERSHAM-:-HABERSHAM NORTH,WHITE-:-BLUE CREEK,10662.333663667872
HABERSHAM-:-HABERSHAM NORTH,RABUN-:-RABUN COUNTY,69901.09627355491
HABERSHAM-:-HABERSHAM SOUTH,HABERSHAM-:-MUD CREEK,120437.65481418933
HABERSHAM-:-HABERSHAM SOUTH,HABERSHAM-:-MOUNT AIRY,77069.04104338337
HABERSHAM-:-HABERSHAM SOUTH,STEPHENS-:-STEPHENS COUNTY 1,31401.71476029515
HABERSHAM-:-MUD CREEK,HALL-:-LULA,30392.785204223354
HABERSHAM-:-MUD CREEK,WHITE-:-MOSSY CREEK,9537.548813808842
HABERSHAM-:-MUD CREEK,WHITE-:-WHITE CREEK,20912.1926136094
HALL-:-BARK CAMP,LUMPKIN-:-DAHLONEGA,21618.010975197914
HALL-:-BARK CAMP,HALL-:-CHESTATEE,60512.114077430735
HALL-:-BARK CAMP,HALL-:-WEST WHELCHEL,10739.426811934418
HALL-:-BARK CAMP,HALL-:-BIG HICKORY,30376.570338145844
HALL-:-BIG HICKORY,LUMPKIN-:-DAHLONEGA,38383.27844518685
HALL-:-BIG HICKORY,HALL-:-WEST WHELCHEL,22043.862764765923
HALL-:-BIG HICKORY,HALL-:-WHELCHEL,25577.37522625517
HALL-:-BIG HICKORY,HALL-:-QUILLIANS,40889.994313995216
HALL-:-CANDLER,JACKSON-:-WEST JACKSON,7699.759259486718
HALL-:-CANDLER,HALL-:-MORGAN I,23392.337196063
HALL-:-CANDLER,HALL-:-MORGAN II,29470.52420340049
HALL-:-CANDLER,JACKSON-:-CENTRAL JACKSON,11149.793906872661
HALL-:-CANDLER,HALL-:-OAKWOOD I,3319.4663875507313
HALL-:-CANDLER,HALL-:-TADMORE,43637.090356150125
HALL-:-CANDLER,HALL-:-CHICOPEE,11638.829197344237
HALL-:-CANDLER,HALL-:-GAINESVILLE IV,14048.40009617236
HALL-:-CHESTATEE,HALL-:-GAINESVILLE III,4785.573679271577
HALL-:-CHESTATEE,HALL-:-FORK,29425.8915664705
HALL-:-CHESTATEE,HALL-:-WEST WHELCHEL,17655.52354798792
HALL-:-CHICOPEE,HALL-:-OAKWOOD I,20491.923296844194
HALL-:-CHICOPEE,HALL-:-OAKWOOD II,827.8158248356283
HALL-:-CHICOPEE,HALL-:-WILSON,14010.142034423001
HALL-:-CHICOPEE,HALL-:-GAINESVILLE IV,12951.199702423864
HALL-:-CHICOPEE,HALL-:-GAINESVILLE III,9076.540509349301
HALL-:-CLERMONT,LUMPKIN-:-DAHLONEGA,4759.43237389181
HALL-:-CLERMONT,HALL-:-QUILLIANS,76150.44399553935
HALL-:-CLERMONT,WHITE-:-SHOAL CREEK,32826.005572670525
HALL-:-CLERMONT,HALL-:-LULA,53004.19940101926
HALL-:-CLERMONT,WHITE-:-MOSSY CREEK,27230.802655430973
HALL-:-FLOWERY BRANCH I,HALL-:-FRIENDSHIP III,2187.014908825154
HALL-:-FLOWERY BRANCH I,HALL-:-FLOWERY BRANCH II,29535.06632971554
HALL-:-FLOWERY BRANCH I,HALL-:-OAKWOOD I,8213.993153308375
HALL-:-FLOWERY BRANCH I,HALL-:-OAKWOOD II,20523.86772755845
HALL-:-FLOWERY BRANCH II,HALL-:-FRIENDSHIP IV,4404.986496472532
HALL-:-FLOWERY BRANCH II,HALL-:-FRIENDSHIP III,7492.286001039335
HALL-:-FLOWERY BRANCH II,HALL-:-ROBERTS,28215.809632556153
HALL-:-FORK,HALL-:-WILSON,17850.001315128993
HALL-:-FORK,HALL-:-GAINESVILLE III,9410.784199476824
HALL-:-FRIENDSHIP I,HALL-:-FRIENDSHIP II,18314.136596004708
HALL-:-FRIENDSHIP I,HALL-:-MORGAN I,24394.256505232497
HALL-:-FRIENDSHIP I,HALL-:-FRIENDSHIP III,2339.997569207751
HALL-:-FRIENDSHIP II,HALL-:-FRIENDSHIP IV,25713.86443514244
HALL-:-FRIENDSHIP II,HALL-:-FRIENDSHIP III,3620.0326367826833
HALL-:-FRIENDSHIP II,HALL-:-ROBERTS,14420.320486058461
HALL-:-FRIENDSHIP III,HALL-:-FRIENDSHIP IV,14977.400840355573
HALL-:-FRIENDSHIP III,HALL-:-MORGAN I,22685.77242232379
HALL-:-FRIENDSHIP III,HALL-:-MORGAN II,7604.43196046708
HALL-:-FRIENDSHIP III,HALL-:-OAKWOOD I,4792.4204712484125
HALL-:-GAINESVILLE I,HALL-:-GAINESVILLE IV,19679.013932457918
HALL-:-GAINESVILLE I,HALL-:-GAINESVILLE II,2671.748175903131
HALL-:-GAINESVILLE I,HALL-:-GAINESVILLE III,1802.7402633940485
HALL-:-GAINESVILLE I,HALL-:-GLADE,18770.269228162986
HALL-:-GAINESVILLE I,HALL-:-GAINESVILLE V,15394.730788365476
HALL-:-GAINESVILLE I,HALL-:-WHELCHEL,22375.357211985673
HALL-:-GAINESVILLE II,HALL-:-TADMORE,23153.761439827864
HALL-:-GAINESVILLE II,HALL-:-GAINESVILLE IV,14383.627925137598
HALL-:-GAINESVILLE II,HALL-:-GLADE,35419.7945783185
HALL-:-GAINESVILLE III,HALL-:-WILSON,20965.058948124897
HALL-:-GAINESVILLE III,HALL-:-GAINESVILLE IV,27605.527790651315
HALL-:-GAINESVILLE III,HALL-:-GAINESVILLE V,2809.131842806211
HALL-:-GAINESVILLE III,HALL-:-WEST WHELCHEL,3554.8341492880027
HALL-:-GAINESVILLE IV,HALL-:-TADMORE,5853.463138848835
HALL-:-GAINESVILLE V,HALL-:-WEST WHELCHEL,8692.43426594152
HALL-:-GAINESVILLE V,HALL-:-WHELCHEL,13171.89051722452
HALL-:-GILLSVILLE,JACKSON-:-NORTH JACKSON,17077.68223473384
HALL-:-GILLSVILLE,HALL-:-TADMORE,18640.12246291991
HALL-:-GILLSVILLE,HALL-:-GLADE,18702.673115452948
HALL-:-GILLSVILLE,HALL-:-LULA,12432.73777359319
HALL-:-GLADE,HALL-:-TADMORE,25996.529897443543
HALL-:-GLADE,HALL-:-WHELCHEL,20937.46977147773
HALL-:-GLADE,HALL-:-LULA,41473.57678587169
HALL-:-LULA,HALL-:-WHELCHEL,6865.837653940014
HALL-:-LULA,HALL-:-QUILLIANS,11419.441887350566
HALL-:-MORGAN I,JACKSON-:-WEST JACKSON,19139.77071884776
HALL-:-MORGAN I,HALL-:-MORGAN II,21945.19788020092
HALL-:-MORGAN II,HALL-:-OAKWOOD I,13273.344809018374
HALL-:-OAKWOOD I,HALL-:-OAKWOOD II,19210.975216748197
HALL-:-OAKWOOD II,HALL-:-WILSON,32490.00347096469
HALL-:-QUILLIANS,LUMPKIN-:-DAHLONEGA,11330.039928539038
HALL-:-QUILLIANS,HALL-:-WHELCHEL,31885.172344359915
HALL-:-TADMORE,JACKSON-:-CENTRAL JACKSON,20071.369462380902
HALL-:-TADMORE,JACKSON-:-NORTH JACKSON,10365.306697802996
HALL-:-WEST WHELCHEL,HALL-:-WHELCHEL,6912.911683526762
HANCOCK-:-DEVEREUX FIRE STATION,HANCOCK-:-SECOND BEULAH,41101.025055679886
HANCOCK-:-DEVEREUX FIRE STATION,PUTNAM-:-107,23634.968811670486
HANCOCK-:-DEVEREUX FIRE STATION,HANCOCK-:-HANCOCK SENIOR CITIZEN CENTER,19909.631461749108
HANCOCK-:-DEVEREUX FIRE STATION,HANCOCK-:-HANCOCK BOE,11621.770032343371
HANCOCK-:-DEVEREUX FIRE STATION,HANCOCK-:-WARREN CHAPEL,90891.07921352687
HANCOCK-:-DEVEREUX FIRE STATION,PUTNAM-:-106,13407.53142845908
HANCOCK-:-HANCOCK BOE,HANCOCK-:-SECOND BEULAH,67044.2611692109
HANCOCK-:-HANCOCK BOE,HANCOCK-:-YOUTH CENTER,53775.13210587344
HANCOCK-:-HANCOCK BOE,HANCOCK-:-HANCOCK SENIOR CITIZEN CENTER,34120.86889755528
HANCOCK-:-HANCOCK BOE,HANCOCK-:-SPARTA 4C,29279.720619601983
HANCOCK-:-HANCOCK BOE,WARREN-:-WARRENTON,3032.8623219250385
HANCOCK-:-HANCOCK BOE,HANCOCK-:-POWER OF GOD,31830.129681008464
HANCOCK-:-HANCOCK BOE,HANCOCK-:-MAYFIELD COMMUNITY CENTER,50846.91149362404
HANCOCK-:-HANCOCK SENIOR CITIZEN CENTER,HANCOCK-:-WARREN CHAPEL,40082.44326429037
HANCOCK-:-HANCOCK SENIOR CITIZEN CENTER,HANCOCK-:-POWER OF GOD,7312.974751770904
HANCOCK-:-MAYFIELD COMMUNITY CENTER,WARREN-:-WARRENTON,66393.595520008
HANCOCK-:-MAYFIELD COMMUNITY CENTER,HANCOCK-:-POWER OF GOD,66487.01770368693
HANCOCK-:-MAYFIELD COMMUNITY CENTER,TALIAFERRO-:-CRAWFORDVILLE,53240.66439344125
HANCOCK-:-POWER OF GOD,HANCOCK-:-WARREN CHAPEL,65466.91169412959
HANCOCK-:-POWER OF GOD,PUTNAM-:-106,9442.846390538023
HANCOCK-:-POWER OF GOD,PUTNAM-:-105,10558.380249665577
HANCOCK-:-POWER OF GOD,TALIAFERRO-:-CRAWFORDVILLE,5589.139055190404
HANCOCK-:-SECOND BEULAH,HANCOCK-:-SECOND DARRIEN,42188.89267459327
HANCOCK-:-SECOND BEULAH,HANCOCK-:-YOUTH CENTER,15999.043374125287
HANCOCK-:-SECOND DARRIEN,WASHINGTON-:-WARTHEN,22214.164239671678
HANCOCK-:-SECOND DARRIEN,WASHINGTON-:-DEEPSTEP,53093.74962841169
HANCOCK-:-SECOND DARRIEN,HANCOCK-:-YOUTH CENTER,48931.539893124165
HANCOCK-:-SPARTA 4C,WASHINGTON-:-WARTHEN,28478.272404702853
HANCOCK-:-SPARTA 4C,HANCOCK-:-YOUTH CENTER,42640.43322393007
HANCOCK-:-SPARTA 4C,WARREN-:-WARRENTON,44530.87247896775
HANCOCK-:-WARREN CHAPEL,PUTNAM-:-106,41425.72247999289
HANCOCK-:-YOUTH CENTER,WASHINGTON-:-WARTHEN,18247.08406637124
HARALSON-:-BEREA-STEADMAN,HARALSON-:-TALLAPOOSA,61080.07381717008
HARALSON-:-BEREA-STEADMAN,HARALSON-:-BUCHANAN,8107.412427772074
HARALSON-:-BEREA-STEADMAN,HARALSON-:-LITTLE CREEK,40199.46068909669
HARALSON-:-BREMEN,HARALSON-:-WACO,38362.78354852328
HARALSON-:-BREMEN,HARALSON-:-SEVENTH,58139.87132784188
HARALSON-:-BREMEN,HARALSON-:-BUCHANAN,4771.428798706951
HARALSON-:-BUCHANAN,HARALSON-:-WACO,19500.053001039716
HARALSON-:-BUCHANAN,HARALSON-:-TALLAPOOSA,26462.44941938821
HARALSON-:-BUCHANAN,HARALSON-:-SEVENTH,10286.559160099452
HARALSON-:-BUCHANAN,HARALSON-:-CORINTH,33066.91829889196
HARALSON-:-BUCHANAN,HARALSON-:-LITTLE CREEK,24456.522626917642
HARALSON-:-BUCHANAN,HARALSON-:-MT VIEW,33783.618142892556
HARALSON-:-BUCHANAN,HARALSON-:-FELTON,27772.061587036504
HARALSON-:-BUNCOMBE,HARALSON-:-WACO,12484.272502149586
HARALSON-:-BUNCOMBE,HARALSON-:-TALLAPOOSA,51978.09362236166
HARALSON-:-CORINTH,HARALSON-:-SEVENTH,27719.976099928987
HARALSON-:-CORINTH,PAULDING-:-CARL SCOGGINS MIDDLE SCHOOL,6223.065035016643
HARALSON-:-CORINTH,HARALSON-:-TWENTIETH,38598.20726891999
HARALSON-:-CORINTH,HARALSON-:-MT VIEW,10420.628995324012
HARALSON-:-FELTON,HARALSON-:-LITTLE CREEK,24064.807335389396
HARALSON-:-FELTON,HARALSON-:-MT VIEW,22768.47526416769
HARALSON-:-FELTON,POLK-:-CAMP ANTIOCH,28828.033341266175
HARALSON-:-LITTLE CREEK,POLK-:-BLOOMING GROVE,34727.65710242943
HARALSON-:-MT VIEW,HARALSON-:-TWENTIETH,20901.45341144896
HARALSON-:-MT VIEW,POLK-:-CAMP ANTIOCH,15873.091689060022
HARALSON-:-MT VIEW,POLK-:-ROCKMART,4233.838147757259
HARALSON-:-TALLAPOOSA,HARALSON-:-WACO,31065.390255879487
HARALSON-:-TWENTIETH,PAULDING-:-CARL SCOGGINS MIDDLE SCHOOL,12653.487380903067
HARALSON-:-TWENTIETH,PAULDING-:-YORKVILLE BAPTIST CHURCH,18988.065257506947
HARALSON-:-TWENTIETH,POLK-:-ROCKMART,21059.226265366757
HARRIS-:-CATAULA,MUSCOGEE-:-CHATTAHOOCHEE,7310.420419631584
HARRIS-:-CATAULA,MUSCOGEE-:-ST ANDREWS,22658.878121247242
HARRIS-:-CATAULA,HARRIS-:-ELLERSLIE,51144.49407521626
HARRIS-:-CATAULA,HARRIS-:-WAVERLY HALL,15522.535641579934
HARRIS-:-CATAULA,HARRIS-:-HAMILTON,56594.70235360379
HARRIS-:-CATAULA,HARRIS-:-MULBERRY GROVE,73669.76537194215
HARRIS-:-ELLERSLIE,MUSCOGEE-:-PSALMOND,39346.56845072364
HARRIS-:-ELLERSLIE,HARRIS-:-WAVERLY HALL,77352.6125980228
HARRIS-:-GOODMAN,HARRIS-:-HAMILTON,39901.50291610511
HARRIS-:-GOODMAN,HARRIS-:-PINE MOUNTAIN VALLEY,37294.35049260994
HARRIS-:-GOODMAN,HARRIS-:-VALLEY PLAINS,8690.547650630604
HARRIS-:-GOODMAN,HARRIS-:-WHITESVILLE,40555.197205458215
HARRIS-:-GOODMAN,TROUP-:-ROSEMONT,33127.08017660879
HARRIS-:-GOODMAN,MERIWETHER-:-2ND-WARM SPRINGS,7798.373667722108
HARRIS-:-GOODMAN,MERIWETHER-:-THIRD-DURAND,35292.53287203466
HARRIS-:-HAMILTON,HARRIS-:-WAVERLY HALL,70101.98161831961
HARRIS-:-HAMILTON,HARRIS-:-PINE MOUNTAIN VALLEY,58765.65485965087
HARRIS-:-HAMILTON,HARRIS-:-VALLEY PLAINS,3761.0185610551566
HARRIS-:-HAMILTON,HARRIS-:-MULBERRY GROVE,13513.048215376202
HARRIS-:-HAMILTON,HARRIS-:-UPPER 19TH,33388.88834235699
HARRIS-:-HAMILTON,HARRIS-:-WHITESVILLE,67879.84169856111
HARRIS-:-LOWER 19TH,MUSCOGEE-:-WYNNBROOK,16829.298552801505
HARRIS-:-LOWER 19TH,MUSCOGEE-:-CHATTAHOOCHEE,9595.57857785252
HARRIS-:-LOWER 19TH,MUSCOGEE-:-CENTRAL BAPTIST,13687.986651507143
HARRIS-:-LOWER 19TH,HARRIS-:-MULBERRY GROVE,34237.469025292725
HARRIS-:-LOWER 19TH,HARRIS-:-UPPER 19TH,50084.96844241233
HARRIS-:-MULBERRY GROVE,MUSCOGEE-:-CHATTAHOOCHEE,4360.436169868005
HARRIS-:-MULBERRY GROVE,HARRIS-:-UPPER 19TH,20390.954864898056
HARRIS-:-PINE MOUNTAIN VALLEY,HARRIS-:-VALLEY PLAINS,33281.83854663684
HARRIS-:-SKINNER,HARRIS-:-WHITESVILLE,52768.04377491352
HARRIS-:-SKINNER,TROUP-:-WEST POINT,14410.526259945473
HARRIS-:-SKINNER,TROUP-:-GRAY HILL,31403.493955876194
HARRIS-:-UPPER 19TH,HARRIS-:-WHITESVILLE,51104.36414744009
HARRIS-:-VALLEY PLAINS,HARRIS-:-WAVERLY HALL,26947.033506290987
HARRIS-:-VALLEY PLAINS,MERIWETHER-:-2ND-WARM SPRINGS,12170.293813163144
HARRIS-:-VALLEY PLAINS,TALBOT-:-FLINT HILL,21195.01833184016
HARRIS-:-WAVERLY HALL,MUSCOGEE-:-PSALMOND,14128.555880315991
HARRIS-:-WAVERLY HALL,TALBOT-:-BOX SPRINGS,2424.224209934173
HARRIS-:-WAVERLY HALL,TALBOT-:-ONEAL,44033.74787832372
HARRIS-:-WAVERLY HALL,TALBOT-:-VALLEY,22575.479353317834
HARRIS-:-WAVERLY HALL,TALBOT-:-FLINT HILL,17355.60656411187
HARRIS-:-WHITESVILLE,TROUP-:-GRAY HILL,2540.1615960800873
HARRIS-:-WHITESVILLE,TROUP-:-ROSEMONT,21553.781483011222
HART-:-BIO,HART-:-GOLDMINE,52553.62671754655
HART-:-BIO,HART-:-COKESBURY,16678.204087792863
HART-:-BIO,HART-:-HARTWELL,39360.15338900578
HART-:-BIO,HART-:-BOWERSVILLE,11861.597583588336
HART-:-BOWERSVILLE,HART-:-GOLDMINE,19503.03697551895
HART-:-BOWERSVILLE,HART-:-HARTWELL,19302.820007865055
HART-:-BOWERSVILLE,HART-:-SHOAL CREEK,35465.27131881387
HART-:-COKESBURY,HART-:-HARTWELL,45396.16300730017
HART-:-GOLDMINE,MADISON-:-HARRISON,22340.0591713161
HART-:-HARTWELL,HART-:-REED CREEK,65801.81633228525
HART-:-HARTWELL,HART-:-SHOAL CREEK,10900.827319709493
HART-:-REED CREEK,HART-:-SHOAL CREEK,35163.17157653177
HEARD-:-CENTRALHATCHEE,HEARD-:-FRANKLIN,52910.157746785015
HEARD-:-CENTRALHATCHEE,HEARD-:-ENON GROVE,52199.88759294111
HEARD-:-CENTRALHATCHEE,HEARD-:-EPHESUS,35308.454251670315
HEARD-:-COOKSVILLE-CORINTH,TROUP-:-HILLCREST,33850.3757541077
HEARD-:-COOKSVILLE-CORINTH,HEARD-:-FRANKLIN,63672.961392285586
HEARD-:-COOKSVILLE-CORINTH,HEARD-:-ENON GROVE,24447.31469244121
HEARD-:-ENON GROVE,HEARD-:-FRANKLIN,25539.751326291724
HEARD-:-EPHESUS,HEARD-:-SOUTHWEST,27159.391468289192
HEARD-:-EPHESUS,HEARD-:-FRANKLIN,26693.379196554077
HEARD-:-FRANKLIN,TROUP-:-HILLCREST,39285.20673769704
HEARD-:-FRANKLIN,HEARD-:-SOUTHWEST,60699.83674634044
HEARD-:-SOUTHWEST,TROUP-:-EAST VERNON,40370.33216095426
HEARD-:-SOUTHWEST,TROUP-:-HILLCREST,5469.416420854626
HENRY-:-AUSTIN ROAD,HENRY-:-PLEASANT GROVE,5157.5799601405815
HENRY-:-AUSTIN ROAD,ROCKDALE-:-LO,14841.716964127841
HENRY-:-AUSTIN ROAD,HENRY-:-SWAN LAKE,20417.675052366456
HENRY-:-AUSTIN ROAD,HENRY-:-LIGHTHOUSE,3315.844749062297
HENRY-:-AUSTIN ROAD,HENRY-:-ELLENWOOD,18507.97631549027
HENRY-:-COTTON INDIAN,HENRY-:-FLIPPEN,8855.42492210992
HENRY-:-COTTON INDIAN,HENRY-:-STOCKBRIDGE EAST-WEST,9334.59122729966
HENRY-:-COTTON INDIAN,HENRY-:-EAST LAKE,2869.1922196459423
HENRY-:-COTTON INDIAN,HENRY-:-HICKORY FLAT,17724.33277414663
HENRY-:-COTTON INDIAN,HENRY-:-PLEASANT GROVE,16093.70949403065
HENRY-:-COTTON INDIAN,HENRY-:-STAGECOACH,11786.333818072533
HENRY-:-COTTON INDIAN,HENRY-:-SWAN LAKE,10353.580475467274
HENRY-:-DUTCHTOWN,HENRY-:-MOUNT CARMEL,16265.028553839822
HENRY-:-DUTCHTOWN,HENRY-:-PATES CREEK,22477.65840297184
HENRY-:-DUTCHTOWN,HENRY-:-FLIPPEN,3471.3891174354503
HENRY-:-DUTCHTOWN,HENRY-:-WESLEY LAKES,2766.391973514722
HENRY-:-DUTCHTOWN,HENRY-:-LAKE HAVEN,4725.311959868245
HENRY-:-EAST LAKE,HENRY-:-TIMBERRIDGE,17659.676699180567
HENRY-:-EAST LAKE,HENRY-:-KELLEYTOWN,5867.236452402147
HENRY-:-EAST LAKE,HENRY-:-MCDONOUGH,8300.330723912482
HENRY-:-EAST LAKE,HENRY-:-MCDONOUGH CENTRAL,6772.280168100955
HENRY-:-EAST LAKE,HENRY-:-LAKE HAVEN,6604.465039318561
HENRY-:-EAST LAKE,HENRY-:-HICKORY FLAT,12933.625894224315
HENRY-:-EAST LAKE,HENRY-:-PLEASANT GROVE,16921.38300858782
HENRY-:-ELLENWOOD,ROCKDALE-:-LO,11542.745714985129
HENRY-:-ELLENWOOD,HENRY-:-LIGHTHOUSE,4167.554345510638
HENRY-:-ELLENWOOD,HENRY-:-SHAKERAG,9764.636554951387
HENRY-:-FLIPPEN,HENRY-:-PATES CREEK,6305.732897030968
HENRY-:-FLIPPEN,HENRY-:-STOCKBRIDGE EAST-WEST,14087.048637147684
HENRY-:-FLIPPEN,HENRY-:-LAKE HAVEN,5996.920319464405
HENRY-:-FLIPPEN,HENRY-:-HICKORY FLAT,16532.410469540893
HENRY-:-GROVE PARK,HENRY-:-LOCUST GROVE,26736.910409188593
HENRY-:-GROVE PARK,HENRY-:-TUSSAHAW,9633.938716326436
HENRY-:-GROVE PARK,HENRY-:-UNITY GROVE,31995.096021098583
HENRY-:-HICKORY FLAT,HENRY-:-LAKE HAVEN,18636.27076292026
HENRY-:-KELLEYTOWN,HENRY-:-TIMBERRIDGE,18642.094244621818
HENRY-:-KELLEYTOWN,NEWTON-:-10-DOWNS,6033.542494345079
HENRY-:-KELLEYTOWN,ROCKDALE-:-BA,27185.598176886517
HENRY-:-KELLEYTOWN,HENRY-:-PLEASANT GROVE,13921.836700910975
HENRY-:-KELLEYTOWN,ROCKDALE-:-LO,6278.17533157397
HENRY-:-LAKE DOW,HENRY-:-TUSSAHAW,7259.786907842986
HENRY-:-LAKE DOW,HENRY-:-MCMULLEN,17023.02666168268
HENRY-:-LAKE DOW,HENRY-:-TIMBERRIDGE,11058.116197276238
HENRY-:-LAKE DOW,HENRY-:-SHILOH,7381.332049177869
HENRY-:-LAKE DOW,HENRY-:-MCDONOUGH,19917.220477898532
HENRY-:-LAKE HAVEN,HENRY-:-WESLEY LAKES,16020.179666814181
HENRY-:-LAKE HAVEN,HENRY-:-MCDONOUGH CENTRAL,15246.431813902615
HENRY-:-LIGHTHOUSE,HENRY-:-STOCKBRIDGE CENTRAL,2094.6797772386985
HENRY-:-LIGHTHOUSE,HENRY-:-STAGECOACH,15015.828100390368
HENRY-:-LIGHTHOUSE,HENRY-:-SWAN LAKE,11542.025561605436
HENRY-:-LIGHTHOUSE,HENRY-:-SHAKERAG,10321.734250604643
HENRY-:-LOCUST GROVE,SPALDING-:-9,14677.302606798574
HENRY-:-LOCUST GROVE,SPALDING-:-21,38207.03300329707
HENRY-:-LOCUST GROVE,HENRY-:-LOWES,49161.68510237226
HENRY-:-LOCUST GROVE,HENRY-:-UNITY GROVE,2965.6018264173595
HENRY-:-LOWES,SPALDING-:-21,9512.221370565267
HENRY-:-LOWES,HENRY-:-OAKLAND,13357.621019017255
HENRY-:-LOWES,HENRY-:-UNITY GROVE,21397.381159046163
HENRY-:-LOWES,HENRY-:-WESTSIDE,8633.104946483742
HENRY-:-LOWES,SPALDING-:-14,6617.034417940977
HENRY-:-LOWES,HENRY-:-SOUTH HAMPTON,27146.60031038261
HENRY-:-MCDONOUGH,HENRY-:-TIMBERRIDGE,3833.489375584235
HENRY-:-MCDONOUGH,HENRY-:-SHILOH,12587.71165360933
HENRY-:-MCDONOUGH,HENRY-:-MCDONOUGH CENTRAL,10456.086532596855
HENRY-:-MCDONOUGH CENTRAL,HENRY-:-SHILOH,4848.428163304354
HENRY-:-MCDONOUGH CENTRAL,HENRY-:-WESTSIDE,3188.744999775272
HENRY-:-MCDONOUGH CENTRAL,HENRY-:-WESLEY LAKES,9349.422399841573
HENRY-:-MCMULLEN,HENRY-:-TUSSAHAW,1744.4120279401793
HENRY-:-MCMULLEN,HENRY-:-SANDY RIDGE,14017.410545916002
HENRY-:-MCMULLEN,HENRY-:-MT BETHEL,21559.521082097595
HENRY-:-MCMULLEN,HENRY-:-TIMBERRIDGE,20694.919796491467
HENRY-:-MCMULLEN,NEWTON-:-10-DOWNS,26231.922823931185
HENRY-:-MOUNT CARMEL,HENRY-:-OAKLAND,16474.538395495212
HENRY-:-MOUNT CARMEL,HENRY-:-PATES CREEK,12359.677587219241
HENRY-:-MOUNT CARMEL,HENRY-:-WESLEY LAKES,4445.01214070198
HENRY-:-MOUNT CARMEL,HENRY-:-NORTH HAMPTON,13121.568597738333
HENRY-:-MT BETHEL,NEWTON-:-06-BREWERS,4174.3207133712185
HENRY-:-MT BETHEL,NEWTON-:-18-ROCKY PLAINS,18824.63078743199
HENRY-:-MT BETHEL,HENRY-:-SANDY RIDGE,31817.83853281495
HENRY-:-MT BETHEL,NEWTON-:-10-DOWNS,19228.096936136822
HENRY-:-NORTH HAMPTON,HENRY-:-OAKLAND,8545.13891066008
HENRY-:-NORTH HAMPTON,HENRY-:-SOUTH HAMPTON,44426.76186858283
HENRY-:-OAKLAND,HENRY-:-WESTSIDE,8535.15012809462
HENRY-:-OAKLAND,HENRY-:-WESLEY LAKES,2579.134801219901
HENRY-:-OAKLAND,HENRY-:-SOUTH HAMPTON,20649.758546932706
HENRY-:-PATES CREEK,HENRY-:-STOCKBRIDGE EAST-WEST,4464.893769232503
HENRY-:-PATES CREEK,HENRY-:-RED OAK,16956.30832360507
HENRY-:-PLEASANT GROVE,ROCKDALE-:-LO,22943.167837900863
HENRY-:-PLEASANT GROVE,HENRY-:-SWAN LAKE,9090.833792570147
HENRY-:-RED OAK,HENRY-:-STOCKBRIDGE EAST-WEST,5871.599589337387
HENRY-:-RED OAK,HENRY-:-STOCKBRIDGE CENTRAL,9496.059625231985
HENRY-:-SANDY RIDGE,HENRY-:-TUSSAHAW,32903.92450858272
HENRY-:-SHILOH,HENRY-:-TUSSAHAW,4356.81320161233
HENRY-:-SHILOH,HENRY-:-UNITY GROVE,26992.07407646859
HENRY-:-SHILOH,HENRY-:-WESTSIDE,12335.987106849127
HENRY-:-SOUTH HAMPTON,SPALDING-:-13,11924.477313542806
HENRY-:-SOUTH HAMPTON,SPALDING-:-14,20233.778081707693
HENRY-:-STAGECOACH,HENRY-:-STOCKBRIDGE EAST-WEST,8807.931603066096
HENRY-:-STAGECOACH,HENRY-:-STOCKBRIDGE CENTRAL,15603.3125177718
HENRY-:-STAGECOACH,HENRY-:-SWAN LAKE,10698.509133774603
HENRY-:-STOCKBRIDGE CENTRAL,HENRY-:-STOCKBRIDGE EAST-WEST,11671.655682213423
HENRY-:-TIMBERRIDGE,NEWTON-:-10-DOWNS,7082.717972441649
HENRY-:-TUSSAHAW,HENRY-:-UNITY GROVE,29359.008686034438
HENRY-:-UNITY GROVE,HENRY-:-WESTSIDE,1657.750599492772
HENRY-:-WESLEY LAKES,HENRY-:-WESTSIDE,18005.28924893927
HOUSTON-:-ANNX,HOUSTON-:-TWPK,6957.55820097354
HOUSTON-:-ANNX,HOUSTON-:-FMMS,20024.14720106486
HOUSTON-:-ANNX,HOUSTON-:-VFW,17137.2877045304
HOUSTON-:-ANNX,HOUSTON-:-TMS,22541.706544044806
HOUSTON-:-BMS,HOUSTON-:-VHS,39801.33599448203
HOUSTON-:-BMS,HOUSTON-:-CGTC,4723.457336822925
HOUSTON-:-BMS,TWIGGS-:-SHADY GROVE/TARVERS,31698.31158140177
HOUSTON-:-BMS,HOUSTON-:-TWPK,94549.91403240775
HOUSTON-:-BMS,HOUSTON-:-WELLSTON CENTER,35269.01787365127
HOUSTON-:-BMS,TWIGGS-:-GOLDEN ISLES,18794.19823233313
HOUSTON-:-CENT,PEACH-:-BYRON 2,16565.476913104907
HOUSTON-:-CENT,HOUSTON-:-TMS,21600.526325631796
HOUSTON-:-CENT,HOUSTON-:-HHPC,18809.875040218198
HOUSTON-:-CENT,HOUSTON-:-NHSC,31181.000701741865
HOUSTON-:-CGTC,HOUSTON-:-VHS,24460.343871507375
HOUSTON-:-CGTC,HOUSTON-:-PEC,11050.951778294546
HOUSTON-:-CGTC,HOUSTON-:-MCMS,14327.605169891198
HOUSTON-:-CGTC,HOUSTON-:-TWPK,13077.847532025497
HOUSTON-:-CGTC,HOUSTON-:-FMMS,12713.75322249434
HOUSTON-:-FMMS,HOUSTON-:-MCMS,18459.75350781301
HOUSTON-:-FMMS,PEACH-:-CLAUDE,6402.690328454638
HOUSTON-:-FMMS,HOUSTON-:-TWPK,11118.073301784365
HOUSTON-:-FMMS,HOUSTON-:-TMS,3165.247385261218
HOUSTON-:-HAFS,PULASKI-:-COURTHOUSE ANNEX,50191.520105594216
HOUSTON-:-HAFS,HOUSTON-:-ROZR,50729.24227354383
HOUSTON-:-HAFS,HOUSTON-:-VHS,53183.75858726694
HOUSTON-:-HAFS,HOUSTON-:-HEFS,53755.969352760454
HOUSTON-:-HEFS,MACON-:-MONTEZUMA #5,46572.458274328885
HOUSTON-:-HEFS,HOUSTON-:-ROZR,9923.799940593166
HOUSTON-:-HEFS,HOUSTON-:-PEC,31269.920787479143
HOUSTON-:-HHPC,HOUSTON-:-VFW,12895.315328695135
HOUSTON-:-HHPC,HOUSTON-:-TMS,10647.94826101129
HOUSTON-:-HHPC,HOUSTON-:-WELLSTON CENTER,36431.21811527415
HOUSTON-:-HHPC,HOUSTON-:-NHSC,7957.1413913140095
HOUSTON-:-MCMS,HOUSTON-:-PEC,13526.081325427023
HOUSTON-:-MCMS,PEACH-:-CLAUDE,17603.31052437962
HOUSTON-:-NHSC,PEACH-:-BYRON 2,12574.474764162254
HOUSTON-:-NHSC,PEACH-:-BYRON 1,2295.154331812524
HOUSTON-:-NHSC,HOUSTON-:-WELLSTON CENTER,14687.844734872422
HOUSTON-:-PEC,MACON-:-MARSHALLVILLE,30065.793154228057
HOUSTON-:-PEC,HOUSTON-:-ROZR,54523.7624503891
HOUSTON-:-PEC,PEACH-:-FORT VALLEY 3,40553.54045727263
HOUSTON-:-PEC,PEACH-:-FORT VALLEY 2,13334.690348185468
HOUSTON-:-PEC,PEACH-:-CLAUDE,39375.12798805863
HOUSTON-:-ROZR,HOUSTON-:-VHS,40965.13181685157
HOUSTON-:-TMS,PEACH-:-BYRON 2,6122.954743869348
HOUSTON-:-TMS,PEACH-:-CLAUDE,9230.273188734134
HOUSTON-:-TMS,HOUSTON-:-VFW,5486.216303441829
HOUSTON-:-TWPK,HOUSTON-:-VHS,4696.449323978774
HOUSTON-:-TWPK,HOUSTON-:-VFW,7721.886753171692
HOUSTON-:-TWPK,HOUSTON-:-WELLSTON CENTER,3472.2452953000666
HOUSTON-:-VFW,HOUSTON-:-WELLSTON CENTER,5020.16405117312
HOUSTON-:-VHS,PULASKI-:-COURTHOUSE ANNEX,16261.50609174206
HOUSTON-:-VHS,TWIGGS-:-SHADY GROVE/TARVERS,40425.99074457413
HOUSTON-:-WELLSTON CENTER,TWIGGS-:-GOLDEN ISLES,80960.57380684926
IRWIN-:-IRWINVILLE,IRWIN-:-OCILLA,73078.02840560992
IRWIN-:-IRWINVILLE,TIFT-:-BRIGHTON,35922.61210546444
IRWIN-:-IRWINVILLE,TIFT-:-CHULA,13655.196509229294
IRWIN-:-IRWINVILLE,TURNER-:-SYCAMORE,38071.279687227674
IRWIN-:-IRWINVILLE,TURNER-:-REBECCA,40012.2824158235
IRWIN-:-OCILLA,TIFT-:-BROOKFIELD,2056.6147118391455
IRWIN-:-OCILLA,TIFT-:-BRIGHTON,33584.078580318994
JACKSON-:-CENTRAL JACKSON,JACKSON-:-WEST JACKSON,85199.1253984319
JACKSON-:-CENTRAL JACKSON,JACKSON-:-SOUTH JACKSON,54598.62096748283
JACKSON-:-CENTRAL JACKSON,JACKSON-:-NORTH JACKSON,123404.96377403985
JACKSON-:-NORTH JACKSON,JACKSON-:-SOUTH JACKSON,82533.1307445039
JACKSON-:-NORTH JACKSON,MADISON-:-ILA,23654.923687461454
JACKSON-:-SOUTH JACKSON,MADISON-:-PITTMAN,52569.51388213682
JASPER-:-MARTIN & BURNEY,NEWTON-:-06-BREWERS,49288.16268304156
JASPER-:-MARTIN & BURNEY,NEWTON-:-15-MANSFIELD,23888.30516494152
JASPER-:-MARTIN & BURNEY,JASPER-:-MONTICELLO,76798.71427935836
JASPER-:-MARTIN & BURNEY,JASPER-:-WYATT,21705.277713770523
JASPER-:-MONTICELLO,JONES-:-SANDERS,21847.670739730103
JASPER-:-MONTICELLO,MONROE-:-CABANISS,19349.071165000943
JASPER-:-MONTICELLO,JONES-:-BARRON,62031.214333096985
JASPER-:-MONTICELLO,PUTNAM-:-101,66049.72100953829
JASPER-:-MONTICELLO,JASPER-:-WYATT,94404.6920929567
JASPER-:-WYATT,NEWTON-:-15-MANSFIELD,53655.353209109366
JASPER-:-WYATT,PUTNAM-:-101,29645.227854218967
JASPER-:-WYATT,MORGAN-:-DFACS,45262.132750168625
JASPER-:-WYATT,MORGAN-:-CENTENNIAL,11012.471638104944
JEFF DAVIS-:-ALTAMAHA 1,JEFF DAVIS-:-BLACKBURN 1,12690.968191181699
JEFF DAVIS-:-ALTAMAHA 1,JEFF DAVIS-:-ALTAMAHA 2,28568.3437206221
JEFF DAVIS-:-ALTAMAHA 1,JEFF DAVIS-:-HAZLEHURST,32619.66038702489
JEFF DAVIS-:-ALTAMAHA 2,JEFF DAVIS-:-BLACKBURN 1,4769.304739722871
JEFF DAVIS-:-ALTAMAHA 2,JEFF DAVIS-:-HAZLEHURST,22364.321302139706
JEFF DAVIS-:-ALTAMAHA 2,TOOMBS-:-43 CEDAR CROSSING,17436.326367956466
JEFF DAVIS-:-ALTAMAHA 2,MONTGOMERY-:-UVALDA PRECINCT,28285.420411678577
JEFF DAVIS-:-BLACKBURN 1,JEFF DAVIS-:-BLACKBURN 2,39058.31431020615
JEFF DAVIS-:-BLACKBURN 1,JEFF DAVIS-:-WHITEHEAD 1,19874.79417471019
JEFF DAVIS-:-BLACKBURN 1,JEFF DAVIS-:-HAZLEHURST,11690.056785151819
JEFF DAVIS-:-BLACKBURN 2,JEFF DAVIS-:-WHITEHEAD 2,41192.25685710795
JEFF DAVIS-:-BLACKBURN 2,JEFF DAVIS-:-WHITEHEAD 1,9303.419037332234
JEFF DAVIS-:-HAZLEHURST,JEFF DAVIS-:-WHITEHEAD 1,8276.525045693912
JEFF DAVIS-:-HAZLEHURST,JEFF DAVIS-:-OCMULGEE 1,32067.63516010069
JEFF DAVIS-:-HAZLEHURST,MONTGOMERY-:-UVALDA PRECINCT,9576.995634446295
JEFF DAVIS-:-HAZLEHURST,WHEELER-:-ALAMO,31652.123342433206
JEFF DAVIS-:-OCMULGEE 1,JEFF DAVIS-:-OCMULGEE 2,34802.02567564088
JEFF DAVIS-:-OCMULGEE 1,JEFF DAVIS-:-WHITEHEAD 1,26040.250763712527
JEFF DAVIS-:-OCMULGEE 1,TELFAIR-:-LUMBER-CITY,41415.79189534817
JEFF DAVIS-:-OCMULGEE 1,WHEELER-:-ALAMO,16529.96657241028
JEFF DAVIS-:-OCMULGEE 2,JEFF DAVIS-:-WHITEHEAD 2,89307.2509417593
JEFF DAVIS-:-OCMULGEE 2,JEFF DAVIS-:-WHITEHEAD 1,19133.521957320107
JEFF DAVIS-:-OCMULGEE 2,TELFAIR-:-JACKSONVILLE,33344.37587154764
JEFF DAVIS-:-OCMULGEE 2,TELFAIR-:-LUMBER-CITY,41774.365533381395
JEFF DAVIS-:-WHITEHEAD 1,JEFF DAVIS-:-WHITEHEAD 2,25115.223142931733
JEFFERSON-:-AVERA,JEFFERSON-:-STAPLETON,30738.61891687738
JEFFERSON-:-AVERA,JEFFERSON-:-LOUISVILLE,11837.950375457855
JEFFERSON-:-AVERA,JEFFERSON-:-STAPLETON CROSSROADS,31320.412181379143
JEFFERSON-:-BARTOW,JOHNSON-:-KITE,32417.798816549024
JEFFERSON-:-BARTOW,JOHNSON-:-WRIGHTSVILLE,3236.797058011347
JEFFERSON-:-BARTOW,JEFFERSON-:-WADLEY,70261.65177803353
JEFFERSON-:-BARTOW,WASHINGTON-:-RIDDLEVILLE,35429.78556474949
JEFFERSON-:-BARTOW,JEFFERSON-:-LOUISVILLE,42273.152739834266
JEFFERSON-:-BARTOW,WASHINGTON-:-DAVISBORO,24895.974843778367
JEFFERSON-:-LOUISVILLE,JEFFERSON-:-WADLEY,103849.25637691519
JEFFERSON-:-LOUISVILLE,JEFFERSON-:-MATTHEWS,26930.421916008672
JEFFERSON-:-LOUISVILLE,JEFFERSON-:-WRENS,28308.818427827093
JEFFERSON-:-LOUISVILLE,WASHINGTON-:-DAVISBORO,104409.75412426492
JEFFERSON-:-LOUISVILLE,JEFFERSON-:-STAPLETON CROSSROADS,111329.37973328517
JEFFERSON-:-MATTHEWS,JEFFERSON-:-WRENS,102326.46634613094
JEFFERSON-:-STAPLETON,JEFFERSON-:-WRENS,56782.03295777299
JEFFERSON-:-STAPLETON,JEFFERSON-:-STAPLETON CROSSROADS,23590.84278482164
JEFFERSON-:-STAPLETON,WARREN-:-WARRENTON,1181.6722399081764
JEFFERSON-:-STAPLETON CROSSROADS,JEFFERSON-:-WRENS,18705.598885398187
JEFFERSON-:-WRENS,RICHMOND-:-801,10564.63551240039
JEFFERSON-:-WRENS,RICHMOND-:-803,24966.90884290024
JEFFERSON-:-WRENS,MCDUFFIE-:-FORT CREEK,9591.685366350841
JEFFERSON-:-WRENS,WARREN-:-WARRENTON,18823.52652817883
JENKINS-:-COURT HOUSE,JENKINS-:-SENIOR CITIZENS CENTER,33769.520546611144
JENKINS-:-COURT HOUSE,JENKINS-:-PRIMARY SCHOOL,17210.97366471461
JENKINS-:-COURT HOUSE,JENKINS-:-PERKINS,2094.3966868007897
JENKINS-:-FOUR POINTS,SCREVEN-:-BAY BRANCH FIRE STATION 9,22285.80282323372
JENKINS-:-FOUR POINTS,JENKINS-:-SENIOR CITIZENS CENTER,76854.11081483788
JENKINS-:-FOUR POINTS,JENKINS-:-PRIMARY SCHOOL,6042.561518657633
JENKINS-:-FOUR POINTS,JENKINS-:-PERKINS,54631.03912888134
JENKINS-:-PERKINS,JENKINS-:-SENIOR CITIZENS CENTER,79723.42450648214
JENKINS-:-PERKINS,JENKINS-:-PRIMARY SCHOOL,158986.98744148537
JENKINS-:-PRIMARY SCHOOL,JENKINS-:-SENIOR CITIZENS CENTER,6028.78035269136
JENKINS-:-SENIOR CITIZENS CENTER,SCREVEN-:-HILTONIA TOWN HALL 1,4690.177393914704
JENKINS-:-SENIOR CITIZENS CENTER,SCREVEN-:-BAY BRANCH FIRE STATION 9,83924.06418364128
JOHNSON-:-BRAY,LAURENS-:-BUCKEYE,55069.045467711025
JOHNSON-:-BRAY,JOHNSON-:-WRIGHTSVILLE,40034.56422223235
JOHNSON-:-BRAY,WASHINGTON-:-HARRISON,28460.465373305058
JOHNSON-:-BRAY,WILKINSON-:-LORD,19581.169956323618
JOHNSON-:-BRAY,WASHINGTON-:-OCONEE,41065.33311055918
JOHNSON-:-KITE,JOHNSON-:-SMITH,17706.98397014549
JOHNSON-:-KITE,JOHNSON-:-WRIGHTSVILLE,102870.1536420183
JOHNSON-:-SMITH,LAURENS-:-MINTER,9001.989010219762
JOHNSON-:-SMITH,LAURENS-:-BREWTON,41226.03973599109
JOHNSON-:-SMITH,JOHNSON-:-WRIGHTSVILLE,45556.22956297047
JOHNSON-:-WRIGHTSVILLE,LAURENS-:-BUCKEYE,10063.202143099905
JOHNSON-:-WRIGHTSVILLE,LAURENS-:-BREWTON,33753.64528063884
JOHNSON-:-WRIGHTSVILLE,WASHINGTON-:-HARRISON,67198.23633708211
JOHNSON-:-WRIGHTSVILLE,WASHINGTON-:-RIDDLEVILLE,16819.433488102615
JONES-:-BARRON,JONES-:-SANDERS,61932.43890518571
JONES-:-BARRON,JONES-:-FINNEY,59149.8360680935
JONES-:-BARRON,JONES-:-CLINTON,51175.97468759482
JONES-:-BARRON,JONES-:-GRAY,8191.906804172576
JONES-:-BARRON,JONES-:-ETHRIDGE,3341.8425090442147
JONES-:-BARRON,JONES-:-POPE,73084.24512132058
JONES-:-CLINTON,JONES-:-HAWKINS,23814.045151898394
JONES-:-CLINTON,JONES-:-FINNEY,42407.87440575326
JONES-:-CLINTON,JONES-:-GRAY,24197.940310743958
JONES-:-CLINTON,JONES-:-ETHRIDGE,11473.010735568138
JONES-:-DAVIDSON,TWIGGS-:-DRY BRANCH,10207.721105798491
JONES-:-DAVIDSON,WILKINSON-:-RAMAH,18236.31750795741
JONES-:-DAVIDSON,JONES-:-ROBERTS,33768.15480341514
JONES-:-DAVIDSON,JONES-:-GRAY,35632.61213297213
JONES-:-DAVIDSON,JONES-:-POPE,49022.16122420602
JONES-:-ETHRIDGE,JONES-:-GRAY,49843.269394134375
JONES-:-FINNEY,MONROE-:-BENTONS,19713.570584899193
JONES-:-FINNEY,MONROE-:-MIDDLEBROOKS,13838.84239832623
JONES-:-FINNEY,JONES-:-SANDERS,9240.05014566859
JONES-:-GRAY,JONES-:-ROBERTS,4602.671778464335
JONES-:-GRAY,JONES-:-HAWKINS,28274.938806491708
JONES-:-GRAY,JONES-:-POPE,23607.52278119882
JONES-:-HAWKINS,JONES-:-ROBERTS,36257.004424441024
JONES-:-POPE,PUTNAM-:-107,3872.0580701712533
JONES-:-POPE,PUTNAM-:-101,33542.4839407524
JONES-:-ROBERTS,TWIGGS-:-DRY BRANCH,27852.450294628074
JONES-:-SANDERS,MONROE-:-MIDDLEBROOKS,49808.161515045715
JONES-:-SANDERS,MONROE-:-CABANISS,1979.7065077602126
LAMAR-:-BARNESVILLE,LAMAR-:-LCSC,27847.797830222633
LAMAR-:-BARNESVILLE,LAMAR-:-CIVIC CENTER,23322.572589566225
LAMAR-:-BARNESVILLE,LAMAR-:-MILNER,54430.06350787772
LAMAR-:-CIVIC CENTER,UPSON-:-YATESVILLE,20894.407881284187
LAMAR-:-CIVIC CENTER,LAMAR-:-LCSC,23196.83527407617
LAMAR-:-CIVIC CENTER,LAMAR-:-MILNER,64207.41999305166
LAMAR-:-CIVIC CENTER,SPALDING-:-20,21793.15343178285
LAMAR-:-CIVIC CENTER,MONROE-:-CULLODEN,15135.06065628408
LAMAR-:-CIVIC CENTER,MONROE-:-RUSSELLVILLE,10058.950506574696
LAMAR-:-CIVIC CENTER,MONROE-:-COX,32641.951512066713
LAMAR-:-CIVIC CENTER,MONROE-:-FORSYTH,1746.0345185913095
LAMAR-:-CIVIC CENTER,MONROE-:-EVERS,36728.92531594978
LAMAR-:-CIVIC CENTER,MONROE-:-HIGH FALLS,26588.199715543367
LAMAR-:-LCSC,UPSON-:-YATESVILLE,24297.947481905045
LAMAR-:-LCSC,SPALDING-:-11,15524.637801786861
LAMAR-:-LCSC,LAMAR-:-MILNER,52472.69411949425
LAMAR-:-LCSC,UPSON-:-REDBONE,21049.667352595363
LAMAR-:-LCSC,PIKE-:-ZEBULON,17651.687972285516
LAMAR-:-LCSC,PIKE-:-MEANSVILLE,33636.762096245075
LAMAR-:-LCSC,PIKE-:-SECOND DISTRICT,27243.195133891753
LAMAR-:-MILNER,SPALDING-:-11,230.65817885453254
LAMAR-:-MILNER,SPALDING-:-20,12077.588422056577
LANIER-:-LAKELAND,LOWNDES-:-NAYLOR COMMUNITY CENTER,84100.39661656908
LANIER-:-LAKELAND,LOWNDES-:-PINE GROVE CHURCH,46681.16196517136
LAURENS-:-BREWTON,LAURENS-:-SMITH,42184.35313584967
LAURENS-:-BREWTON,LAURENS-:-BUCKEYE,41820.61038925538
LAURENS-:-BREWTON,LAURENS-:-MINTER,30678.087765604003
LAURENS-:-BUCKEYE,LAURENS-:-SMITH,11888.474142101197
LAURENS-:-BUCKEYE,LAURENS-:-FIRE DEPT STATION #5,20154.66328788
LAURENS-:-BUCKEYE,LAURENS-:-W T ADAMS FIRE STA #18,52994.6513455546
LAURENS-:-BURCH,WHEELER-:-ALAMO,29567.596860680642
LAURENS-:-BURCH,LAURENS-:-CADWELL,26945.05264455268
LAURENS-:-BURCH,LAURENS-:-RURAL FIRE STATION #17,51980.17553109906
LAURENS-:-BURCH,LAURENS-:-REEDY SPRINGS,21421.553488896003
LAURENS-:-CADWELL,LAURENS-:-REEDY SPRINGS,47403.14192192668
LAURENS-:-CADWELL,LAURENS-:-HAMPTON MILL,43212.68865542734
LAURENS-:-CALHOUN PARK,LAURENS-:-LCFS #10 (VALAMBROSIA),84945.12308279701
LAURENS-:-CALHOUN PARK,LAURENS-:-SMITH,11141.939363233962
LAURENS-:-CALHOUN PARK,LAURENS-:-FBC-FLC,28475.450534033513
LAURENS-:-CALHOUN PARK,LAURENS-:-FIRE DEPT STATION #5,18399.111438741067
LAURENS-:-DUDLEY,LAURENS-:-HAMPTON MILL,70710.86913476021
LAURENS-:-DUDLEY,LAURENS-:-LCFS #10 (VALAMBROSIA),17015.704091391704
LAURENS-:-DUDLEY,LAURENS-:-FIRE DEPT STATION #5,17741.80341411319
LAURENS-:-DUDLEY,LAURENS-:-W T ADAMS FIRE STA #18,63981.45591308124
LAURENS-:-DUDLEY,WILKINSON-:-TURKEY CREEK,14638.459164050859
LAURENS-:-FBC-FLC,LAURENS-:-LCFS #10 (VALAMBROSIA),3488.400788376668
LAURENS-:-FBC-FLC,LAURENS-:-FIRE DEPT STATION #5,39945.26287192429
LAURENS-:-FIRE DEPT STATION #5,LAURENS-:-LCFS #10 (VALAMBROSIA),24251.17736690514
LAURENS-:-FIRE DEPT STATION #5,LAURENS-:-SMITH,10669.112405212718
LAURENS-:-FIRE DEPT STATION #5,LAURENS-:-W T ADAMS FIRE STA #18,64274.31907120937
LAURENS-:-HAMPTON MILL,LAURENS-:-RURAL FIRE STATION #17,14917.388407949677
LAURENS-:-HAMPTON MILL,LAURENS-:-REEDY SPRINGS,30611.404388082174
LAURENS-:-HAMPTON MILL,LAURENS-:-LCFS #10 (VALAMBROSIA),16979.055627121903
LAURENS-:-LCFS #10 (VALAMBROSIA),LAURENS-:-RURAL FIRE STATION #17,55870.612962288236
LAURENS-:-LCFS #10 (VALAMBROSIA),LAURENS-:-SMITH,34114.00397838391
LAURENS-:-LCFS #10 (VALAMBROSIA),LAURENS-:-MINTER,12872.358100559368
LAURENS-:-MINTER,LAURENS-:-RURAL FIRE STATION #17,58857.29827001599
LAURENS-:-MINTER,LAURENS-:-SMITH,46737.12807928896
LAURENS-:-MINTER,TREUTLEN-:-ANNEX,86040.66371704171
LAURENS-:-REEDY SPRINGS,LAURENS-:-RURAL FIRE STATION #17,49987.329500417465
LAURENS-:-RURAL FIRE STATION #17,WHEELER-:-ALAMO,19827.022652303913
LAURENS-:-RURAL FIRE STATION #17,WHEELER-:-GLENWOOD,26952.698639700164
LAURENS-:-RURAL FIRE STATION #17,TREUTLEN-:-ANNEX,49189.3028456891
LAURENS-:-W T ADAMS FIRE STA #18,WILKINSON-:-TURKEY CREEK,7017.363491070518
LAURENS-:-W T ADAMS FIRE STA #18,WILKINSON-:-GRIFFIN,69555.86466569871
LAURENS-:-W T ADAMS FIRE STA #18,WILKINSON-:-LORD,3293.286301619468
LEE-:-CENTURY FIRE STATION,LEE-:-REDBONE,34678.26691771109
LEE-:-CENTURY FIRE STATION,LEE-:-LEESBURG,22596.435873062495
LEE-:-CENTURY FIRE STATION,LEE-:-SDA CHURCH,1727.9999257381396
LEE-:-CENTURY FIRE STATION,LEE-:-FLINT REFORMED BAPTIST,19356.05033655129
LEE-:-CHOKEE,LEE-:-REDBONE,33794.953084411834
LEE-:-CHOKEE,LEE-:-LEESBURG,23219.85244002245
LEE-:-CHOKEE,SUMTER-:-LESLIE,50448.64929060753
LEE-:-CHOKEE,WORTH-:-WARWICK,74094.49388712551
LEE-:-CHOKEE,LEE-:-SMITHVILLE,57217.44261785579
LEE-:-CJC,LEE-:-LEESBURG,27559.643356867877
LEE-:-CJC,LEE-:-FRIENDSHIP BAPTIST,56369.291458244086
LEE-:-CJC,LEE-:-SMITHVILLE,71182.94445735072
LEE-:-CJC,TERRELL-:-SASSER,4065.525970063724
LEE-:-CJC,TERRELL-:-BRONWOOD,41263.848889468536
LEE-:-FLINT REFORMED BAPTIST,LEE-:-SDA CHURCH,12241.646435768535
LEE-:-FLINT REFORMED BAPTIST,LEE-:-FRIENDSHIP BAPTIST,20394.570857899398
LEE-:-FRIENDSHIP BAPTIST,LEE-:-LEESBURG,25939.404938939988
LEE-:-FRIENDSHIP BAPTIST,LEE-:-SDA CHURCH,25380.922158516893
LEE-:-FRIENDSHIP BAPTIST,LEE-:-THE BINDERY AT OAKLAND,10895.818140518728
LEE-:-FRIENDSHIP BAPTIST,TERRELL-:-SASSER,48893.46210888912
LEE-:-LEESBURG,LEE-:-REDBONE,33505.5608013975
LEE-:-LEESBURG,LEE-:-SMITHVILLE,2724.93497661482
LEE-:-REDBONE,WORTH-:-WARWICK,33043.84974549132
LEE-:-SDA CHURCH,LEE-:-THE BINDERY AT OAKLAND,17717.7872359436
LEE-:-SMITHVILLE,SUMTER-:-LESLIE,33035.33376099947
LEE-:-SMITHVILLE,TERRELL-:-BRONWOOD,42797.446937519366
LEE-:-SMITHVILLE,SUMTER-:-THOMPSON,61627.50001871391
LEE-:-THE BINDERY AT OAKLAND,TERRELL-:-SASSER,20138.114379303115
LIBERTY-:-FLEMING EAST,LIBERTY-:-LIBERTY CO COMPLEX,79869.29594849348
LIBERTY-:-FLEMING EAST,LIBERTY-:-PERFORMING ARTS CENTER,90267.80603883827
LIBERTY-:-GUM BRANCH,LIBERTY-:-VICTORY BAPTIST,21492.023244996803
LIBERTY-:-GUM BRANCH,LIBERTY-:-MEMORIAL DRIVE EAST,15722.373844342295
LIBERTY-:-GUM BRANCH,LIBERTY-:-PERFORMING ARTS CENTER,68307.42418865443
LIBERTY-:-GUM BRANCH,LONG-:-DARWELL,37220.110615538535
LIBERTY-:-GUM BRANCH,LIBERTY-:-LYMAN HALL SCHOOL,3661.096860404441
LIBERTY-:-GUM BRANCH,LIBERTY-:-PROGRESSIVE CHURCH,16722.04686764037
LIBERTY-:-GUM BRANCH,LONG-:-MARCUS,77187.76212610537
LIBERTY-:-GUM BRANCH,TATTNALL-:-EAST GLENNVILLE,23221.77355085214
LIBERTY-:-HINESVILLE,LIBERTY-:-LEWIS FRASIER SCHOOL,9949.288982397758
LIBERTY-:-HINESVILLE,LIBERTY-:-MEMORIAL DRIVE EAST,26471.30608351257
LIBERTY-:-HINESVILLE,LIBERTY-:-PERFORMING ARTS CENTER,38535.928069469395
LIBERTY-:-LEWIS FRASIER SCHOOL,LIBERTY-:-TOWN OF ALLENHURST,7055.583479661172
LIBERTY-:-LEWIS FRASIER SCHOOL,LIBERTY-:-VICTORY BAPTIST,4894.950601175946
LIBERTY-:-LEWIS FRASIER SCHOOL,LIBERTY-:-MEMORIAL DRIVE EAST,20331.39565887177
LIBERTY-:-LEWIS FRASIER SCHOOL,LIBERTY-:-PERFORMING ARTS CENTER,18415.62384484088
LIBERTY-:-LEWIS FRASIER SCHOOL,LIBERTY-:-LYMAN HALL SCHOOL,10768.108639159705
LIBERTY-:-LIBERTY CO COMPLEX,MCINTOSH-:-SOUTH NEWPORT,63160.73496333479
LIBERTY-:-LIBERTY CO COMPLEX,LIBERTY-:-RICEBORO YOUTH CENTER,162451.03913603962
LIBERTY-:-LIBERTY CO COMPLEX,LIBERTY-:-VICTORY BAPTIST,664.3957507030894
LIBERTY-:-LIBERTY CO COMPLEX,LIBERTY-:-PERFORMING ARTS CENTER,36334.55912540671
LIBERTY-:-LYMAN HALL SCHOOL,LIBERTY-:-TOWN OF ALLENHURST,22815.67499712852
LIBERTY-:-LYMAN HALL SCHOOL,LIBERTY-:-VICTORY BAPTIST,10187.715913567514
LIBERTY-:-LYMAN HALL SCHOOL,LIBERTY-:-MEMORIAL DRIVE EAST,5611.310734128017
LIBERTY-:-LYMAN HALL SCHOOL,LIBERTY-:-PROGRESSIVE CHURCH,7019.394324409434
LIBERTY-:-MEMORIAL DRIVE EAST,LIBERTY-:-PERFORMING ARTS CENTER,19593.837102868674
LIBERTY-:-MEMORIAL DRIVE EAST,LIBERTY-:-PROGRESSIVE CHURCH,20016.352295664925
LIBERTY-:-PERFORMING ARTS CENTER,LIBERTY-:-VICTORY BAPTIST,15045.802065586748
LIBERTY-:-PROGRESSIVE CHURCH,LIBERTY-:-VICTORY BAPTIST,3302.0777339436163
LIBERTY-:-RICEBORO YOUTH CENTER,MCINTOSH-:-SOUTH NEWPORT,99486.6307516818
LIBERTY-:-RICEBORO YOUTH CENTER,LONG-:-TIBET,41915.59588379144
LIBERTY-:-RICEBORO YOUTH CENTER,LIBERTY-:-TOWN OF ALLENHURST,41094.1677698125
LIBERTY-:-RICEBORO YOUTH CENTER,LIBERTY-:-VICTORY BAPTIST,14919.792214614245
LIBERTY-:-TOWN OF ALLENHURST,LONG-:-ANNEX BLUE,1099.7685231986136
LIBERTY-:-TOWN OF ALLENHURST,LIBERTY-:-VICTORY BAPTIST,57562.77020309377
LIBERTY-:-VICTORY BAPTIST,LONG-:-ANNEX RED,11989.664321306267
LIBERTY-:-VICTORY BAPTIST,LONG-:-ANNEX BLUE,13432.712628451927
LINCOLN-:-BETHANY CHURCH,LINCOLN-:-LINCOLN CENTER,2273.8786343630586
LINCOLN-:-BETHANY CHURCH,LINCOLN-:-MARTINS CROSSROAD,33742.35919541438
LINCOLN-:-BETHANY CHURCH,LINCOLN-:-LINCOLN CLUB HOUSE,34576.9796839717
LINCOLN-:-BETHANY CHURCH,LINCOLN-:-MIDWAY,22917.562679290506
LINCOLN-:-FAITH TEMPLE OF LINCOLN,MCDUFFIE-:-NMCDUFFIE,23234.242858167883
LINCOLN-:-FAITH TEMPLE OF LINCOLN,LINCOLN-:-TABERNACLE,44525.26592804191
LINCOLN-:-FAITH TEMPLE OF LINCOLN,LINCOLN-:-LINCOLN CENTER,37683.753551772206
LINCOLN-:-FAITH TEMPLE OF LINCOLN,WILKES-:-METASVILLE FIRE STA,21997.151490415108
LINCOLN-:-LINCOLN CENTER,LINCOLN-:-TABERNACLE,21382.154269887273
LINCOLN-:-LINCOLN CENTER,LINCOLN-:-MARTINS CROSSROAD,16334.504689900683
LINCOLN-:-LINCOLN CENTER,WILKES-:-METASVILLE FIRE STA,26133.547338871558
LINCOLN-:-LINCOLN CENTER,LINCOLN-:-LINCOLN CLUB HOUSE,54278.50896060635
LINCOLN-:-LINCOLN CLUB HOUSE,WILKES-:-METASVILLE FIRE STA,20200.74960607323
LINCOLN-:-LINCOLN CLUB HOUSE,LINCOLN-:-MIDWAY,38960.07509300338
LINCOLN-:-MARTINS CROSSROAD,LINCOLN-:-TABERNACLE,67261.49380708925
LINCOLN-:-MIDWAY,WILKES-:-METASVILLE FIRE STA,61018.291325564176
LINCOLN-:-MIDWAY,WILKES-:-TIGNALL SCH LUNCH RM,34325.738788287825
LINCOLN-:-TABERNACLE,MCDUFFIE-:-NMCDUFFIE,2861.595600778836
LONG-:-ALMA,WAYNE-:-ALTAMAHA,16648.696972082966
LONG-:-ALMA,LONG-:-CITY HALL,31544.744921746293
LONG-:-ALMA,WAYNE-:-OGLETHORPE,18122.22019166001
LONG-:-ALMA,WAYNE-:-MADRAY SPRINGS,47041.43542455718
LONG-:-ALMA,LONG-:-DARWELL,75934.45817471317
LONG-:-ALMA,TATTNALL-:-DISTRICT V,41666.062700610244
LONG-:-ALMA,LONG-:-MARCUS,57597.60314680041
LONG-:-ANNEX BLUE,LONG-:-CITY HALL,15610.654960254764
LONG-:-ANNEX BLUE,LONG-:-ANNEX RED,32988.23019696907
LONG-:-ANNEX BLUE,LONG-:-DARWELL,51655.25883023978
LONG-:-ANNEX RED,LONG-:-TIBET,55121.40598050152
LONG-:-ANNEX RED,LONG-:-CITY HALL,40690.72077048296
LONG-:-CITY HALL,LONG-:-TIBET,75957.97077394857
LONG-:-CITY HALL,WAYNE-:-ALTAMAHA,95378.17061945848
LONG-:-CITY HALL,LONG-:-DARWELL,26430.431814587762
LONG-:-DARWELL,LONG-:-MARCUS,29811.533137823313
LONG-:-MARCUS,TATTNALL-:-EAST GLENNVILLE,85015.5350918446
LONG-:-TIBET,WAYNE-:-GARDI,18618.74754471446
LONG-:-TIBET,MCINTOSH-:-DARIEN,70957.08944527748
LONG-:-TIBET,MCINTOSH-:-SOUTH NEWPORT,12803.326676795597
LONG-:-TIBET,WAYNE-:-ALTAMAHA,14790.308714963105
LOWNDES-:-CLYATTVILLE COMMUNITY CENTER,LOWNDES-:-SOUTH LOWNDES RECREATION CENTER,35904.024845122054
LOWNDES-:-CLYATTVILLE COMMUNITY CENTER,LOWNDES-:-LAKE PARK,16106.990724299321
LOWNDES-:-CLYATTVILLE COMMUNITY CENTER,LOWNDES-:-RAINWATER,77198.45919045867
LOWNDES-:-DASHER CITY HALL,LOWNDES-:-LAKE PARK,50154.37705516668
LOWNDES-:-DASHER CITY HALL,LOWNDES-:-LOWNDES CIVIC,30222.756418576202
LOWNDES-:-DASHER CITY HALL,LOWNDES-:-RAINWATER,28515.77938978743
LOWNDES-:-ELECTIONS OFFICE,LOWNDES-:-MT. CALVARY CHURCH,7264.91712502719
LOWNDES-:-ELECTIONS OFFICE,LOWNDES-:-VSU,1652.7268072446377
LOWNDES-:-ELECTIONS OFFICE,LOWNDES-:-NEW JERUSALEM,10043.51770268054
LOWNDES-:-ELECTIONS OFFICE,LOWNDES-:-RAINWATER,50424.94299892604
LOWNDES-:-ELECTIONS OFFICE,LOWNDES-:-TRINITY CHURCH,14605.866161987644
LOWNDES-:-HAHIRA COMMUNITY CENTER,LOWNDES-:-RAINWATER,20681.21441854397
LOWNDES-:-HAHIRA COMMUNITY CENTER,LOWNDES-:-TRAIN DEPOT,14192.340095293272
LOWNDES-:-HAHIRA COMMUNITY CENTER,LOWNDES-:-TRINITY CHURCH,17941.8862347023
LOWNDES-:-HAHIRA COMMUNITY CENTER,LOWNDES-:-HISTORICAL SOCIETY,31637.34259219604
LOWNDES-:-HISTORICAL SOCIETY,LOWNDES-:-TRAIN DEPOT,14640.618948620056
LOWNDES-:-HISTORICAL SOCIETY,LOWNDES-:-TRINITY CHURCH,12610.240035095276
LOWNDES-:-HISTORICAL SOCIETY,LOWNDES-:-PINE GROVE CHURCH,13258.66127404704
LOWNDES-:-JAYCEE COMMUNITY CENTER,LOWNDES-:-LOWNDES CIVIC,18289.156203351587
LOWNDES-:-JAYCEE COMMUNITY CENTER,LOWNDES-:-NEW JERUSALEM,20012.742165605257
LOWNDES-:-JAYCEE COMMUNITY CENTER,LOWNDES-:-NAYLOR COMMUNITY CENTER,22888.44232280074
LOWNDES-:-JAYCEE COMMUNITY CENTER,LOWNDES-:-TRINITY CHURCH,11188.290789471288
LOWNDES-:-JAYCEE COMMUNITY CENTER,LOWNDES-:-PINE GROVE CHURCH,27650.407658677086
LOWNDES-:-LAKE PARK,LOWNDES-:-SOUTH LOWNDES RECREATION CENTER,59449.86702332883
LOWNDES-:-LAKE PARK,LOWNDES-:-LOWNDES CIVIC,11596.918179374803
LOWNDES-:-LAKE PARK,LOWNDES-:-RAINWATER,3569.628836532463
LOWNDES-:-LOWNDES CIVIC,LOWNDES-:-MILDRED COMMUNITY CENTER,18837.998448255457
LOWNDES-:-LOWNDES CIVIC,LOWNDES-:-MT. CALVARY CHURCH,11859.424230689381
LOWNDES-:-LOWNDES CIVIC,LOWNDES-:-NEW JERUSALEM,11942.444054672276
LOWNDES-:-LOWNDES CIVIC,LOWNDES-:-NAYLOR COMMUNITY CENTER,64661.1217394848
LOWNDES-:-LOWNDES CIVIC,LOWNDES-:-RAINWATER,8454.08547385162
LOWNDES-:-MILDRED COMMUNITY CENTER,LOWNDES-:-MT. CALVARY CHURCH,1411.5641729589106
LOWNDES-:-MILDRED COMMUNITY CENTER,LOWNDES-:-RAINWATER,10852.120877677888
LOWNDES-:-MT. CALVARY CHURCH,LOWNDES-:-VSU,5541.02707706408
LOWNDES-:-MT. CALVARY CHURCH,LOWNDES-:-NEW JERUSALEM,3793.2271383418415
LOWNDES-:-MT. CALVARY CHURCH,LOWNDES-:-RAINWATER,16213.616931232236
LOWNDES-:-NAYLOR COMMUNITY CENTER,LOWNDES-:-PINE GROVE CHURCH,13967.160807668031
LOWNDES-:-NEW JERUSALEM,LOWNDES-:-TRINITY CHURCH,11447.153970650068
LOWNDES-:-PINE GROVE CHURCH,LOWNDES-:-TRINITY CHURCH,27516.78341661854
LOWNDES-:-RAINWATER,LOWNDES-:-TRAIN DEPOT,39457.711172903706
LOWNDES-:-RAINWATER,LOWNDES-:-TRINITY CHURCH,10741.338803289222
LUMPKIN-:-DAHLONEGA,UNION-:-SUCHES,109519.34628044695
LUMPKIN-:-DAHLONEGA,WHITE-:-SHOAL CREEK,32962.09384608574
LUMPKIN-:-DAHLONEGA,WHITE-:-TOWN CREEK,29125.04143794156
LUMPKIN-:-DAHLONEGA,WHITE-:-BLUE RIDGE,43512.85100807348
LUMPKIN-:-DAHLONEGA,UNION-:-CHOESTOE,30533.02278523994
MACON-:-IDEAL,MACON-:-MONTEZUMA #4,13784.410433521396
MACON-:-IDEAL,MACON-:-MARSHALLVILLE,102382.0850738845
MACON-:-IDEAL,TAYLOR-:-PRECINCT 6,85097.11715804036
MACON-:-IDEAL,MACON-:-OGLETHORPE,102077.68778767936
MACON-:-IDEAL,PEACH-:-FORT VALLEY 1,6715.464167013368
MACON-:-IDEAL,SCHLEY-:-PRECINCT 1,74082.75859086994
MACON-:-IDEAL,TAYLOR-:-PRECINCT 5,66818.5080066762
MACON-:-MARSHALLVILLE,MACON-:-MONTEZUMA #4,28759.28280291799
MACON-:-MARSHALLVILLE,MACON-:-MONTEZUMA #5,66808.40098224737
MACON-:-MARSHALLVILLE,TAYLOR-:-PRECINCT 6,7875.912851088676
MACON-:-MARSHALLVILLE,PEACH-:-FORT VALLEY 1,37281.68875213429
MACON-:-MARSHALLVILLE,PEACH-:-FORT VALLEY 3,47262.58946378596
MACON-:-MONTEZUMA #4,MACON-:-MONTEZUMA #5,59609.69030156332
MACON-:-MONTEZUMA #4,SUMTER-:-ANDERSONVILLE,8629.724536115958
MACON-:-MONTEZUMA #4,MACON-:-OGLETHORPE,62171.07882721303
MACON-:-OGLETHORPE,SUMTER-:-ANDERSONVILLE,65570.93583877277
MADISON-:-COLBERT,OGLETHORPE-:-BEAVERDAM,51319.45983921603
MADISON-:-COLBERT,MADISON-:-HULL,32518.89377110209
MADISON-:-COLBERT,MADISON-:-COMER,17234.214635485256
MADISON-:-COLBERT,MADISON-:-DANIELSVILLE,41059.13006143402
MADISON-:-COLLINS,MADISON-:-FORK,6350.1155507658
MADISON-:-COLLINS,MADISON-:-PAOLI,42053.75355246976
MADISON-:-COLLINS,MADISON-:-DANIELSVILLE,20968.662337756115
MADISON-:-COLLINS,MADISON-:-MILL,36665.868144966975
MADISON-:-COMER,OGLETHORPE-:-BEAVERDAM,21549.27015984379
MADISON-:-COMER,MADISON-:-FORK,24171.635792849876
MADISON-:-COMER,MADISON-:-PAOLI,37017.35459097229
MADISON-:-COMER,MADISON-:-DANIELSVILLE,18372.283485367887
MADISON-:-DANIELSVILLE,MADISON-:-HULL,18171.8724817602
MADISON-:-DANIELSVILLE,MADISON-:-PAOLI,2197.376409299664
MADISON-:-DANIELSVILLE,MADISON-:-PITTMAN,22968.036793643663
MADISON-:-DANIELSVILLE,MADISON-:-ILA,24396.714723465586
MADISON-:-DANIELSVILLE,MADISON-:-MILL,38450.62236800321
MADISON-:-DANIELSVILLE,MADISON-:-POCA,17879.632294082752
MADISON-:-FORK,OGLETHORPE-:-LEXINGTON,37262.23710459211
MADISON-:-FORK,OGLETHORPE-:-BEAVERDAM,14004.597885440591
MADISON-:-FORK,MADISON-:-PAOLI,11073.476857283438
MADISON-:-HARRISON,MADISON-:-MILL,50448.14109159893
MADISON-:-HULL,MADISON-:-PITTMAN,39781.97792952284
MADISON-:-ILA,MADISON-:-PITTMAN,25150.83768914918
MADISON-:-ILA,MADISON-:-POCA,33970.60661111536
MADISON-:-MILL,MADISON-:-POCA,34970.490845188666
MARION-:-BRANTLEY,MARION-:-BUENA VISTA,77341.56863491303
MARION-:-BRANTLEY,MARION-:-FORT PERRY,15819.807977690542
MARION-:-BRANTLEY,MARION-:-TAZEWELL,32030.67421069297
MARION-:-BRANTLEY,MARION-:-PINEKNOT,44808.75657838979
MARION-:-BUENA VISTA,WEBSTER-:-PRESTON 1,103563.74474607853
MARION-:-BUENA VISTA,STEWART-:-RICHLAND,2970.864030112828
MARION-:-BUENA VISTA,SUMTER-:-CONCORD,11724.319070416353
MARION-:-BUENA VISTA,SCHLEY-:-PRECINCT 1,74952.54009598836
MARION-:-BUENA VISTA,MARION-:-TAZEWELL,46741.193279765306
MARION-:-FORT PERRY,TALBOT-:-JUNCTION CITY,8242.469669171047
MARION-:-FORT PERRY,TAYLOR-:-PRECINCT 5,51169.74226581345
MARION-:-FORT PERRY,MARION-:-TAZEWELL,27944.38137770681
MARION-:-FORT PERRY,MARION-:-PINEKNOT,32733.73784159183
MARION-:-FORT PERRY,TALBOT-:-GENEVA,54616.909395701354
MARION-:-PINEKNOT,TALBOT-:-BOX SPRINGS,13385.599071338347
MARION-:-PINEKNOT,TALBOT-:-GENEVA,14418.327044490752
MARION-:-TAZEWELL,SCHLEY-:-PRECINCT 1,35034.505891707806
MARION-:-TAZEWELL,TAYLOR-:-PRECINCT 5,24666.22899980035
MCDUFFIE-:-CEDAR ROCK,MCDUFFIE-:-SWEETWATER,46974.50432440324
MCDUFFIE-:-CEDAR ROCK,WARREN-:-WARRENTON,31155.484929275244
MCDUFFIE-:-CEDAR ROCK,MCDUFFIE-:-DEPOT,24141.600404477773
MCDUFFIE-:-CEDAR ROCK,MCDUFFIE-:-WHITE OAK,18055.737633623787
MCDUFFIE-:-CEDAR ROCK,MCDUFFIE-:-NMCDUFFIE,32848.405558699094
MCDUFFIE-:-DEARING,MCDUFFIE-:-FORT CREEK,57186.61827367923
MCDUFFIE-:-DEARING,MCDUFFIE-:-SWEETWATER,7770.44982374053
MCDUFFIE-:-DEARING,MCDUFFIE-:-WHITE OAK,49079.626187104106
MCDUFFIE-:-DEARING,MCDUFFIE-:-NMCDUFFIE,5610.449283896809
MCDUFFIE-:-DEPOT,MCDUFFIE-:-SWEETWATER,3163.711551857352
MCDUFFIE-:-DEPOT,MCDUFFIE-:-WHITE OAK,37315.470723814025
MCDUFFIE-:-FORT CREEK,RICHMOND-:-803,23777.91317569186
MCDUFFIE-:-FORT CREEK,MCDUFFIE-:-SWEETWATER,34134.6645088527
MCDUFFIE-:-FORT CREEK,WARREN-:-WARRENTON,28764.233749937608
MCDUFFIE-:-NMCDUFFIE,WARREN-:-WARRENTON,39645.635205148814
MCDUFFIE-:-NMCDUFFIE,MCDUFFIE-:-WHITE OAK,49727.79494247974
MCDUFFIE-:-NMCDUFFIE,WILKES-:-YOUNG FAMER'S BLDG,58002.62666774893
MCDUFFIE-:-NMCDUFFIE,WILKES-:-METASVILLE FIRE STA,58872.35387262127
MCDUFFIE-:-SWEETWATER,WARREN-:-WARRENTON,66519.79145225747
MCDUFFIE-:-SWEETWATER,MCDUFFIE-:-WHITE OAK,15773.17868640854
MCINTOSH-:-CRESCENT,MCINTOSH-:-NORTH DARIEN,67171.64874058738
MCINTOSH-:-CRESCENT,MCINTOSH-:-SAPELO ISLAND,53411.661249518176
MCINTOSH-:-CRESCENT,MCINTOSH-:-DARIEN,32008.618894395233
MCINTOSH-:-CRESCENT,MCINTOSH-:-SOUTH NEWPORT,103758.34280877704
MCINTOSH-:-DARIEN,WAYNE-:-GARDI,48228.74966548465
MCINTOSH-:-DARIEN,MCINTOSH-:-NORTH DARIEN,63553.8301696578
MCINTOSH-:-DARIEN,MCINTOSH-:-SOUTH NEWPORT,69090.938749725
MCINTOSH-:-NORTH DARIEN,MCINTOSH-:-SAPELO ISLAND,58427.752947445995
MCINTOSH-:-SAPELO ISLAND,MCINTOSH-:-SOUTH NEWPORT,18477.351639305387
MERIWETHER-:-2ND-WARM SPRINGS,MERIWETHER-:-THIRD-DURAND,42957.16841101347
MERIWETHER-:-2ND-WARM SPRINGS,MERIWETHER-:-8TH-GREENVILLE,4787.405617479582
MERIWETHER-:-2ND-WARM SPRINGS,TALBOT-:-FLINT HILL,7201.328873033878
MERIWETHER-:-2ND-WARM SPRINGS,MERIWETHER-:-GILL I,25694.11426961059
MERIWETHER-:-2ND-WARM SPRINGS,MERIWETHER-:-GILL II,8126.795339478953
MERIWETHER-:-2ND-WARM SPRINGS,MERIWETHER-:-RALEIGH,60159.72497393499
MERIWETHER-:-7TH-ODESSADALE,TROUP-:-ROSEMONT,3560.7884176544276
MERIWETHER-:-7TH-ODESSADALE,MERIWETHER-:-THIRD-DURAND,16099.485971975102
MERIWETHER-:-7TH-ODESSADALE,MERIWETHER-:-8TH-GREENVILLE,54194.607687066855
MERIWETHER-:-7TH-ODESSADALE,TROUP-:-MOUNTVILLE,42758.078113122174
MERIWETHER-:-7TH-ODESSADALE,MERIWETHER-:-LONE OAK,36956.411793524974
MERIWETHER-:-7TH-ODESSADALE,TROUP-:-HOGANSVILLE,3653.2249212740667
MERIWETHER-:-8TH-GREENVILLE,MERIWETHER-:-THIRD-DURAND,34268.38561056519
MERIWETHER-:-8TH-GREENVILLE,MERIWETHER-:-LONE OAK,9694.784239149112
MERIWETHER-:-8TH-GREENVILLE,MERIWETHER-:-LUTHERSVILLE,36094.937696181005
MERIWETHER-:-8TH-GREENVILLE,MERIWETHER-:-RALEIGH,21505.589410222474
MERIWETHER-:-8TH-GREENVILLE,MERIWETHER-:-LOWER 9TH-WOODBURY,23984.194252193378
MERIWETHER-:-8TH-GREENVILLE,MERIWETHER-:-MIDDLE 9TH-GAY,45785.269625881934
MERIWETHER-:-CHALYBEATE,UPSON-:-REDBONE,6640.618825024022
MERIWETHER-:-CHALYBEATE,TALBOT-:-VALLEY,27254.817668011776
MERIWETHER-:-CHALYBEATE,TALBOT-:-FLINT HILL,2636.367785790211
MERIWETHER-:-CHALYBEATE,MERIWETHER-:-GILL I,11535.83975048637
MERIWETHER-:-CHALYBEATE,MERIWETHER-:-GILL II,10729.385229245676
MERIWETHER-:-CHALYBEATE,MERIWETHER-:-COVE,28254.318456625027
MERIWETHER-:-COVE,UPSON-:-REDBONE,31970.62748723574
MERIWETHER-:-COVE,MERIWETHER-:-RALEIGH,24353.278843898675
MERIWETHER-:-COVE,MERIWETHER-:-LOWER 9TH-WOODBURY,18119.99942799779
MERIWETHER-:-GILL I,TALBOT-:-FLINT HILL,27220.014709510862
MERIWETHER-:-GILL I,MERIWETHER-:-GILL II,26433.936310474768
MERIWETHER-:-GILL II,MERIWETHER-:-RALEIGH,15497.472002000191
MERIWETHER-:-LONE OAK,MERIWETHER-:-LUTHERSVILLE,76780.1580811763
MERIWETHER-:-LONE OAK,TROUP-:-HOGANSVILLE,30590.569267262512
MERIWETHER-:-LOWER 9TH-WOODBURY,UPSON-:-REDBONE,5362.835207635648
MERIWETHER-:-LOWER 9TH-WOODBURY,PIKE-:-MOLENA,42934.3252227509
MERIWETHER-:-LOWER 9TH-WOODBURY,MERIWETHER-:-RALEIGH,44141.030605366395
MERIWETHER-:-LOWER 9TH-WOODBURY,MERIWETHER-:-MIDDLE 9TH-GAY,30352.103132216736
MERIWETHER-:-LUTHERSVILLE,MERIWETHER-:-MIDDLE 9TH-GAY,22087.440372936955
MERIWETHER-:-LUTHERSVILLE,MERIWETHER-:-UPPER 9TH-ALVATON,64644.883414588716
MERIWETHER-:-MIDDLE 9TH-GAY,PIKE-:-CONCORD,27740.606211756105
MERIWETHER-:-MIDDLE 9TH-GAY,PIKE-:-HOLLONVILLE,5892.215579537026
MERIWETHER-:-MIDDLE 9TH-GAY,MERIWETHER-:-UPPER 9TH-ALVATON,46087.229128926985
MERIWETHER-:-THIRD-DURAND,TROUP-:-ROSEMONT,36496.035885121804
MERIWETHER-:-UPPER 9TH-ALVATON,PIKE-:-HOLLONVILLE,29750.27660283961
MERIWETHER-:-UPPER 9TH-ALVATON,SPALDING-:-12,20406.017478633068
MILLER-:-COLQUITT-MILLER,SEMINOLE-:-PRECINCT 4,46131.70969567484
MILLER-:-COLQUITT-MILLER,SEMINOLE-:-PRECINCT 2,13929.863100194589
MITCHELL-:-BACONTON,MITCHELL-:-LESTER,47237.48022820125
MITCHELL-:-BACONTON,MITCHELL-:-CAMILLA NORTH,50782.72469104099
MITCHELL-:-BRANCHVILLE,MITCHELL-:-PELHAM,30809.12479989469
MITCHELL-:-BRANCHVILLE,MITCHELL-:-CAMILLA SOUTH,60460.52985455413
MITCHELL-:-BRANCHVILLE,MITCHELL-:-CAMILLA NORTH,24701.256022362286
MITCHELL-:-BRANCHVILLE,MITCHELL-:-HOPEFUL,73723.85564391033
MITCHELL-:-CAMILLA NORTH,MITCHELL-:-LESTER,268.6596716839693
MITCHELL-:-CAMILLA NORTH,MITCHELL-:-CAMILLA SOUTH,61343.29716894628
MITCHELL-:-CAMILLA NORTH,MITCHELL-:-HOPEFUL,38243.54387801334
MITCHELL-:-CAMILLA SOUTH,MITCHELL-:-COTTON,38882.61037367804
MITCHELL-:-CAMILLA SOUTH,MITCHELL-:-PEBBLE CITY,43097.55099551562
MITCHELL-:-CAMILLA SOUTH,MITCHELL-:-LESTER,1912.399531875686
MITCHELL-:-CAMILLA SOUTH,MITCHELL-:-PELHAM,40200.63738794388
MITCHELL-:-COTTON,MITCHELL-:-HINSONTON,43258.47004192408
MITCHELL-:-COTTON,THOMAS-:-MEIGS,11398.85300502845
MITCHELL-:-COTTON,MITCHELL-:-PEBBLE CITY,9319.888778722954
MITCHELL-:-COTTON,MITCHELL-:-PELHAM,61167.45321897502
MITCHELL-:-HINSONTON,MITCHELL-:-SALE CITY,14325.71238835894
MITCHELL-:-HINSONTON,MITCHELL-:-PEBBLE CITY,19009.0261125859
MITCHELL-:-LESTER,MITCHELL-:-SALE CITY,16103.71665308601
MITCHELL-:-LESTER,WORTH-:-BRIDGEBORO,39594.98890892714
MITCHELL-:-LESTER,MITCHELL-:-PEBBLE CITY,16056.226964693938
MITCHELL-:-PEBBLE CITY,MITCHELL-:-SALE CITY,44533.91316032186
MITCHELL-:-PELHAM,THOMAS-:-MEIGS,24007.579715198997
MONROE-:-BENTONS,MONROE-:-BURGAYS,36573.243549738516
MONROE-:-BENTONS,MONROE-:-MIDDLEBROOKS,57508.578643993445
MONROE-:-BRANTLEYS,MONROE-:-COX,24546.259631588466
MONROE-:-BRANTLEYS,MONROE-:-FORSYTH,45407.7772375125
MONROE-:-BRANTLEYS,MONROE-:-KELSEYS,35706.601413638804
MONROE-:-BRANTLEYS,MONROE-:-BURGAYS,17356.90385220538
MONROE-:-BRANTLEYS,MONROE-:-DILLARDS,10025.342360900764
MONROE-:-BURGAYS,MONROE-:-KELSEYS,39705.022367827536
MONROE-:-BURGAYS,MONROE-:-MIDDLEBROOKS,3762.914993644673
MONROE-:-CABANISS,MONROE-:-PROCTORS,32269.02910469208
MONROE-:-CABANISS,MONROE-:-MIDDLEBROOKS,7852.915721853262
MONROE-:-CABANISS,MONROE-:-DILLARDS,45293.562213707795
MONROE-:-COX,MONROE-:-RUSSELLVILLE,57930.276674474044
MONROE-:-COX,MONROE-:-FORSYTH,52304.81181822977
MONROE-:-COX,MONROE-:-KELSEYS,25363.89898437386
MONROE-:-CULLODEN,UPSON-:-YATESVILLE,30074.897010894896
MONROE-:-CULLODEN,MONROE-:-RUSSELLVILLE,53812.69349608747
MONROE-:-DILLARDS,MONROE-:-FORSYTH,20874.039895774586
MONROE-:-DILLARDS,MONROE-:-EVERS,34070.94217322478
MONROE-:-DILLARDS,MONROE-:-PROCTORS,5789.007905780978
MONROE-:-DILLARDS,MONROE-:-MIDDLEBROOKS,50872.95418655491
MONROE-:-EVERS,MONROE-:-FORSYTH,59446.616886458374
MONROE-:-EVERS,MONROE-:-PROCTORS,10190.810910596787
MONROE-:-EVERS,MONROE-:-HIGH FALLS,48397.6022985299
MONROE-:-HIGH FALLS,MONROE-:-PROCTORS,44091.18882873875
MONROE-:-KELSEYS,MONROE-:-RUSSELLVILLE,36097.041401927585
MONTGOMERY-:-HIGGSTON PRECINCT,MONTGOMERY-:-UVALDA PRECINCT,21464.21984209984
MONTGOMERY-:-HIGGSTON PRECINCT,TOOMBS-:-513 V.P.D.,25754.946212120387
MONTGOMERY-:-HIGGSTON PRECINCT,MONTGOMERY-:-MOUNT VERNON PRECINCT,77905.94741177853
MONTGOMERY-:-HIGGSTON PRECINCT,TOOMBS-:-514 S.T.I.A.L.C.,51147.3978726554
MONTGOMERY-:-HIGGSTON PRECINCT,TREUTLEN-:-ANNEX,38546.92683718663
MONTGOMERY-:-MOUNT VERNON PRECINCT,MONTGOMERY-:-UVALDA PRECINCT,69004.46143449855
MONTGOMERY-:-MOUNT VERNON PRECINCT,WHEELER-:-GLENWOOD,129409.85623463425
MONTGOMERY-:-MOUNT VERNON PRECINCT,TREUTLEN-:-SOPERTON,37156.36135868285
MONTGOMERY-:-MOUNT VERNON PRECINCT,TREUTLEN-:-ANNEX,6361.64013422961
MONTGOMERY-:-UVALDA PRECINCT,TOOMBS-:-43 CEDAR CROSSING,46511.645677901855
MONTGOMERY-:-UVALDA PRECINCT,WHEELER-:-ALAMO,57860.24358629244
MONTGOMERY-:-UVALDA PRECINCT,TOOMBS-:-513 V.P.D.,19394.78933947754
MONTGOMERY-:-UVALDA PRECINCT,WHEELER-:-GLENWOOD,9905.68235256217
MORGAN-:-BUCKHEAD,PUTNAM-:-105,5972.208358128904
MORGAN-:-BUCKHEAD,PUTNAM-:-101,19836.67306440641
MORGAN-:-BUCKHEAD,MORGAN-:-DFACS,53977.995219675184
MORGAN-:-BUCKHEAD,MORGAN-:-REC DEPT,58629.56184248516
MORGAN-:-BUCKHEAD,MORGAN-:-GIBBS,34236.03600468447
MORGAN-:-CENTENNIAL,NEWTON-:-15-MANSFIELD,17644.441219281933
MORGAN-:-CENTENNIAL,NEWTON-:-25-HUB,10490.054004474723
MORGAN-:-CENTENNIAL,MORGAN-:-DFACS,72400.67864935946
MORGAN-:-CENTENNIAL,WALTON-:-SOCIAL CIRCLE,22904.103345445707
MORGAN-:-CENTENNIAL,MORGAN-:-GIBBS,49828.351610018195
MORGAN-:-DFACS,PUTNAM-:-101,53653.846899951976
MORGAN-:-DFACS,MORGAN-:-REC DEPT,42799.552881424206
MORGAN-:-DFACS,MORGAN-:-GIBBS,10463.854642801356
MORGAN-:-GIBBS,MORGAN-:-REC DEPT,20551.35961988779
MORGAN-:-GIBBS,WALTON-:-SOCIAL CIRCLE,11202.937406739098
MORGAN-:-GIBBS,WALTON-:-BLASINGAME,24779.40501762557
MORGAN-:-GIBBS,OCONEE-:-BISHOP,58374.84326805154
MORGAN-:-GIBBS,WALTON-:-GOOD HOPE,38017.00688391052
MORGAN-:-GIBBS,OCONEE-:-NORTH OCONEE,14771.27072176563
MURRAY-:-CARTERS-DOOLITTLE,MURRAY-:-SOUTHWEST,62023.7916345582
MURRAY-:-CARTERS-DOOLITTLE,MURRAY-:-TOWN,77049.90967410468
MURRAY-:-MCDONALD,MURRAY-:-NORTH,96276.13674576386
MURRAY-:-MCDONALD,MURRAY-:-TOWN,74694.60614384843
MURRAY-:-MCDONALD,MURRAY-:-SHUCK PEN,44786.90474079
MURRAY-:-NORTH,MURRAY-:-SHUCK PEN,37091.15702319491
MURRAY-:-NORTH,WHITFIELD-:-LT,28204.987524103293
MURRAY-:-NORTH,WHITFIELD-:-UT,30888.824804467567
MURRAY-:-SHUCK PEN,MURRAY-:-TOWN,8932.728654255938
MURRAY-:-SHUCK PEN,WHITFIELD-:-NI,32114.436075269412
MURRAY-:-SHUCK PEN,WHITFIELD-:-LT,18328.957469432054
MURRAY-:-SOUTHWEST,WHITFIELD-:-TI,69501.69862013923
MURRAY-:-SOUTHWEST,WHITFIELD-:-FI,40649.20191987798
MURRAY-:-SOUTHWEST,WHITFIELD-:-AN,4417.332429872096
MURRAY-:-SOUTHWEST,MURRAY-:-SPRING PLACE,47062.44794454636
MURRAY-:-SOUTHWEST,MURRAY-:-TOWN,657.0773219498365
MURRAY-:-SPRING PLACE,WHITFIELD-:-FI,16086.721950392226
MURRAY-:-SPRING PLACE,MURRAY-:-TOWN,49509.7721443646
MURRAY-:-SPRING PLACE,WHITFIELD-:-ES,11423.654706787187
MURRAY-:-TOWN,WHITFIELD-:-NI,17826.693657651453
MUSCOGEE-:-BRITT DAVID,MUSCOGEE-:-GENTIAN/CUNNINGHAM,12650.846882902393
MUSCOGEE-:-BRITT DAVID,MUSCOGEE-:-EPWORTH UMC,8551.066815818978
MUSCOGEE-:-BRITT DAVID,MUSCOGEE-:-COLUMBUS TECH,2116.174124259347
MUSCOGEE-:-BRITT DAVID,MUSCOGEE-:-ST. PETER,11016.06957458413
MUSCOGEE-:-BRITT DAVID,MUSCOGEE-:-MOON,5408.29105949358
MUSCOGEE-:-BRITT DAVID,MUSCOGEE-:-CHATTAHOOCHEE,5585.571349151123
MUSCOGEE-:-CANAAN,MUSCOGEE-:-OUR LADY OF LOURDES,15828.07588015406
MUSCOGEE-:-CANAAN,MUSCOGEE-:-GATEWAY,3273.0451965637835
MUSCOGEE-:-CANAAN,MUSCOGEE-:-FAITH TABERNACLE,10402.98060548208
MUSCOGEE-:-CANAAN,MUSCOGEE-:-EDGEWOOD BAPTIST,12500.947860689295
MUSCOGEE-:-CANAAN,MUSCOGEE-:-GENTIAN/CUNNINGHAM,6966.358969193024
MUSCOGEE-:-CANAAN,MUSCOGEE-:-SALVATION ARMY,9146.554106009613
MUSCOGEE-:-CANAAN,MUSCOGEE-:-PSALMOND,9565.25334296779
MUSCOGEE-:-CENTRAL BAPTIST,MUSCOGEE-:-COLUMBUS TECH,2736.5302796591704
MUSCOGEE-:-CENTRAL BAPTIST,MUSCOGEE-:-WYNNBROOK,39014.3117187745
MUSCOGEE-:-CENTRAL BAPTIST,MUSCOGEE-:-CHATTAHOOCHEE,28894.03193161706
MUSCOGEE-:-CHATTAHOOCHEE,MUSCOGEE-:-COLUMBUS TECH,2748.474869691109
MUSCOGEE-:-CHATTAHOOCHEE,MUSCOGEE-:-ST. PETER,10339.141890430526
MUSCOGEE-:-CHATTAHOOCHEE,MUSCOGEE-:-MOON,3480.413075589344
MUSCOGEE-:-CHATTAHOOCHEE,MUSCOGEE-:-ST ANDREWS,17541.820932996427
MUSCOGEE-:-COLUMBUS PUBLIC LIBRARY,MUSCOGEE-:-CUSSETA RD,7970.463517316055
MUSCOGEE-:-COLUMBUS PUBLIC LIBRARY,MUSCOGEE-:-INC COLUMBUS,9508.376523957128
MUSCOGEE-:-COLUMBUS PUBLIC LIBRARY,MUSCOGEE-:-ST JOHN/SHIRLEY WINSTON,4181.011288752899
MUSCOGEE-:-COLUMBUS PUBLIC LIBRARY,MUSCOGEE-:-GATEWAY,2955.595592844087
MUSCOGEE-:-COLUMBUS PUBLIC LIBRARY,MUSCOGEE-:-EDGEWOOD BAPTIST,5377.2684167918715
MUSCOGEE-:-COLUMBUS PUBLIC LIBRARY,MUSCOGEE-:-ST PAUL,3316.2819601023316
MUSCOGEE-:-COLUMBUS TECH,MUSCOGEE-:-MARIANNA GALLOPS,9808.323742076527
MUSCOGEE-:-COLUMBUS TECH,MUSCOGEE-:-EPWORTH UMC,9764.913142771782
MUSCOGEE-:-COLUMBUS TECH,MUSCOGEE-:-WYNNBROOK,13155.228378839261
MUSCOGEE-:-CUSSETA RD,MUSCOGEE-:-FIRST AFRICAN,14251.46365608667
MUSCOGEE-:-CUSSETA RD,MUSCOGEE-:-INC COLUMBUS,12642.392818009263
MUSCOGEE-:-CUSSETA RD,MUSCOGEE-:-MT PILGRIM,7616.969555727478
MUSCOGEE-:-CUSSETA RD,MUSCOGEE-:-OUR LADY OF LOURDES,18253.598124054894
MUSCOGEE-:-EDGEWOOD BAPTIST,MUSCOGEE-:-GATEWAY,9247.432845134532
MUSCOGEE-:-EDGEWOOD BAPTIST,MUSCOGEE-:-GENTIAN/CUNNINGHAM,15302.340886709873
MUSCOGEE-:-EDGEWOOD BAPTIST,MUSCOGEE-:-ST PAUL,3317.191626663534
MUSCOGEE-:-EPWORTH UMC,MUSCOGEE-:-GENTIAN/CUNNINGHAM,823.713874772101
MUSCOGEE-:-EPWORTH UMC,MUSCOGEE-:-MARIANNA GALLOPS,10000.370989036208
MUSCOGEE-:-EPWORTH UMC,MUSCOGEE-:-ST PAUL,8137.463752545005
MUSCOGEE-:-FAITH TABERNACLE,MUSCOGEE-:-OUR LADY OF LOURDES,4057.4064395860505
MUSCOGEE-:-FAITH TABERNACLE,MUSCOGEE-:-GATEWAY,18468.571772095427
MUSCOGEE-:-FIRST AFRICAN,MUSCOGEE-:-INC COLUMBUS,3521.027561937455
MUSCOGEE-:-FIRST AFRICAN,MUSCOGEE-:-OUR LADY OF LOURDES,1665.738033842854
MUSCOGEE-:-FIRST AFRICAN,MUSCOGEE-:-MARIANNA GALLOPS,12580.682539746958
MUSCOGEE-:-GATEWAY,MUSCOGEE-:-ST JOHN/SHIRLEY WINSTON,15703.654843387596
MUSCOGEE-:-GATEWAY,MUSCOGEE-:-OUR LADY OF LOURDES,16854.262816708193
MUSCOGEE-:-GENTIAN/CUNNINGHAM,MUSCOGEE-:-ST PAUL,10333.251194878027
MUSCOGEE-:-GENTIAN/CUNNINGHAM,MUSCOGEE-:-MOON,2055.0197349897485
MUSCOGEE-:-GENTIAN/CUNNINGHAM,MUSCOGEE-:-SALVATION ARMY,4276.562884405923
MUSCOGEE-:-GENTIAN/CUNNINGHAM,MUSCOGEE-:-ST ANDREWS,3036.9113227238586
MUSCOGEE-:-INC COLUMBUS,MUSCOGEE-:-MARIANNA GALLOPS,5143.572863688436
MUSCOGEE-:-INC COLUMBUS,MUSCOGEE-:-ST PAUL,5600.8883551310255
MUSCOGEE-:-MARIANNA GALLOPS,MUSCOGEE-:-ST PAUL,9807.682100914897
MUSCOGEE-:-MOON,MUSCOGEE-:-ST. PETER,20001.985124275758
MUSCOGEE-:-MOON,MUSCOGEE-:-ST ANDREWS,22205.87541873638
MUSCOGEE-:-MT PILGRIM,MUSCOGEE-:-ST JOHN/SHIRLEY WINSTON,14764.360474951249
MUSCOGEE-:-MT PILGRIM,MUSCOGEE-:-OUR LADY OF LOURDES,21450.63902502711
MUSCOGEE-:-OUR LADY OF LOURDES,MUSCOGEE-:-ST JOHN/SHIRLEY WINSTON,3655.6140525068477
MUSCOGEE-:-OUR LADY OF LOURDES,MUSCOGEE-:-PSALMOND,64431.935618784424
MUSCOGEE-:-OUR LADY OF LOURDES,TALBOT-:-BOX SPRINGS,8647.525487516565
MUSCOGEE-:-PSALMOND,MUSCOGEE-:-SALVATION ARMY,8879.939256588925
MUSCOGEE-:-PSALMOND,MUSCOGEE-:-ST ANDREWS,10342.976807616824
MUSCOGEE-:-PSALMOND,TALBOT-:-BOX SPRINGS,27879.630311059776
MUSCOGEE-:-SALVATION ARMY,MUSCOGEE-:-ST ANDREWS,33175.93303011107
NEWTON-:-02-TOWN,NEWTON-:-09-LIVINGSTON,9588.271500236555
NEWTON-:-02-TOWN,NEWTON-:-13-BEAVERDAM,19521.161721606924
NEWTON-:-02-TOWN,NEWTON-:-05-COVINGTON MILLS,13818.681990217365
NEWTON-:-02-TOWN,NEWTON-:-04-ALCOVY,3846.3387812218457
NEWTON-:-02-TOWN,NEWTON-:-03-ALMON,18989.753305716236
NEWTON-:-02-TOWN,NEWTON-:-17-OXFORD,6782.0237136721535
NEWTON-:-02-TOWN,NEWTON-:-12-GUM CREEK,10253.99109553759
NEWTON-:-03-ALMON,NEWTON-:-13-BEAVERDAM,3635.5331283875453
NEWTON-:-03-ALMON,NEWTON-:-24-CROWELL,9316.587954314926
NEWTON-:-03-ALMON,NEWTON-:-23-FAIRVIEW,16356.884191301646
NEWTON-:-03-ALMON,ROCKDALE-:-MI,10106.931425430908
NEWTON-:-03-ALMON,NEWTON-:-12-GUM CREEK,14068.823562252526
NEWTON-:-04-ALCOVY,NEWTON-:-14-LEGUINN,9838.167707492934
NEWTON-:-04-ALCOVY,NEWTON-:-07-BRICK STORE,27686.39321979329
NEWTON-:-04-ALCOVY,NEWTON-:-05-COVINGTON MILLS,24412.12229834863
NEWTON-:-04-ALCOVY,NEWTON-:-17-OXFORD,41296.47181218277
NEWTON-:-05-COVINGTON MILLS,NEWTON-:-14-LEGUINN,3985.956761838809
NEWTON-:-05-COVINGTON MILLS,NEWTON-:-09-LIVINGSTON,20324.779842976863
NEWTON-:-06-BREWERS,NEWTON-:-18-ROCKY PLAINS,15400.821445286963
NEWTON-:-06-BREWERS,NEWTON-:-15-MANSFIELD,5066.5489424765765
NEWTON-:-06-BREWERS,NEWTON-:-14-LEGUINN,26098.397330043794
NEWTON-:-07-BRICK STORE,NEWTON-:-15-MANSFIELD,28591.983790650353
NEWTON-:-07-BRICK STORE,NEWTON-:-14-LEGUINN,20946.322066933386
NEWTON-:-07-BRICK STORE,NEWTON-:-25-HUB,36504.62723939527
NEWTON-:-09-LIVINGSTON,NEWTON-:-18-ROCKY PLAINS,27588.070898271184
NEWTON-:-09-LIVINGSTON,NEWTON-:-10-DOWNS,4864.69803536289
NEWTON-:-09-LIVINGSTON,NEWTON-:-19-BUCK CREEK,7713.89620903694
NEWTON-:-09-LIVINGSTON,NEWTON-:-14-LEGUINN,35200.73078722835
NEWTON-:-09-LIVINGSTON,NEWTON-:-13-BEAVERDAM,12621.274305772133
NEWTON-:-10-DOWNS,NEWTON-:-18-ROCKY PLAINS,30395.92664389744
NEWTON-:-10-DOWNS,ROCKDALE-:-BA,6234.846355290422
NEWTON-:-10-DOWNS,NEWTON-:-19-BUCK CREEK,28486.494210450765
NEWTON-:-12-GUM CREEK,ROCKDALE-:-OT,9802.867535730406
NEWTON-:-12-GUM CREEK,ROCKDALE-:-HI,24248.86793422813
NEWTON-:-12-GUM CREEK,ROCKDALE-:-BT,8947.791985114844
NEWTON-:-12-GUM CREEK,NEWTON-:-17-OXFORD,55454.75581086439
NEWTON-:-12-GUM CREEK,WALTON-:-WALNUT GROVE,13959.521248260651
NEWTON-:-12-GUM CREEK,WALTON-:-BROKEN ARROW,10118.354707405108
NEWTON-:-13-BEAVERDAM,NEWTON-:-19-BUCK CREEK,21922.309662611016
NEWTON-:-13-BEAVERDAM,NEWTON-:-20-STANSELLS,10076.98320034257
NEWTON-:-13-BEAVERDAM,NEWTON-:-24-CROWELL,2134.7871166218683
NEWTON-:-14-LEGUINN,NEWTON-:-18-ROCKY PLAINS,29715.527006433826
NEWTON-:-14-LEGUINN,NEWTON-:-15-MANSFIELD,40149.32537112756
NEWTON-:-15-MANSFIELD,NEWTON-:-25-HUB,20678.775607216816
NEWTON-:-17-OXFORD,NEWTON-:-25-HUB,31457.10236816638
NEWTON-:-17-OXFORD,WALTON-:-JERSEY,27667.929484396027
NEWTON-:-17-OXFORD,WALTON-:-WALNUT GROVE,203.14156922092417
NEWTON-:-19-BUCK CREEK,ROCKDALE-:-BA,4023.613633087475
NEWTON-:-19-BUCK CREEK,ROCKDALE-:-MA,19103.735471276566
NEWTON-:-19-BUCK CREEK,NEWTON-:-20-STANSELLS,16376.015847919203
NEWTON-:-20-STANSELLS,ROCKDALE-:-MA,9408.820697672838
NEWTON-:-20-STANSELLS,NEWTON-:-24-CROWELL,13567.104704759146
NEWTON-:-20-STANSELLS,ROCKDALE-:-FI,8087.177915048991
NEWTON-:-23-FAIRVIEW,NEWTON-:-24-CROWELL,4616.919860035077
NEWTON-:-23-FAIRVIEW,ROCKDALE-:-FI,7423.021935201531
NEWTON-:-24-CROWELL,ROCKDALE-:-FI,3198.3475823384792
NEWTON-:-25-HUB,WALTON-:-SOCIAL CIRCLE,42403.346644476514
OCONEE-:-BISHOP,OCONEE-:-COLHAM FERRY,60994.066991715306
OCONEE-:-BISHOP,OCONEE-:-NORTH OCONEE,15431.381064703983
OCONEE-:-BISHOP,OCONEE-:-CITY HALL,9922.359022478693
OCONEE-:-BISHOP,OCONEE-:-CIVIC CENTER,15256.002563671856
OCONEE-:-BOGART,OCONEE-:-DARK CORNER,23133.210149900828
OCONEE-:-BOGART,OCONEE-:-MARSWOOD HALL,6192.775512434192
OCONEE-:-CITY HALL,OCONEE-:-COLHAM FERRY,30003.668168508142
OCONEE-:-CITY HALL,OCONEE-:-CIVIC CENTER,33671.82154594976
OCONEE-:-CIVIC CENTER,OCONEE-:-NORTH OCONEE,25418.824575931943
OCONEE-:-CIVIC CENTER,OCONEE-:-MARSWOOD HALL,18937.698351040515
OCONEE-:-COLHAM FERRY,OGLETHORPE-:-LEXINGTON,10536.77921815628
OCONEE-:-COLHAM FERRY,OGLETHORPE-:-CRAWFORD,31368.033242493297
OCONEE-:-DARK CORNER,WALTON-:-MOUNTAIN,36447.01537230825
OCONEE-:-DARK CORNER,OCONEE-:-NORTH OCONEE,27126.674000471365
OCONEE-:-DARK CORNER,WALTON-:-GRATIS,21239.66859108835
OCONEE-:-DARK CORNER,OCONEE-:-MARSWOOD HALL,5856.465880565815
OCONEE-:-MARSWOOD HALL,OCONEE-:-NORTH OCONEE,19750.70094067796
OCONEE-:-NORTH OCONEE,WALTON-:-GOOD HOPE,23217.120291310035
OGLETHORPE-:-BEAVERDAM,OGLETHORPE-:-LEXINGTON,55310.46975571174
OGLETHORPE-:-BEAVERDAM,OGLETHORPE-:-CRAWFORD,51322.07209294583
OGLETHORPE-:-CRAWFORD,OGLETHORPE-:-LEXINGTON,101586.46466887332
OGLETHORPE-:-LEXINGTON,TALIAFERRO-:-CRAWFORDVILLE,21452.28121759874
OGLETHORPE-:-LEXINGTON,WILKES-:-RAYLE CITY HALL,72930.9911900576
OGLETHORPE-:-LEXINGTON,WILKES-:-TIGNALL SCH LUNCH RM,67720.381942541
PAULDING-:-ACTIVATION CHURCH,PAULDING-:-BURNT HICKORY PARK,44012.95523373286
PAULDING-:-ACTIVATION CHURCH,PAULDING-:-RUSSOM ELEMENTARY,11475.176664229763
PAULDING-:-ACTIVATION CHURCH,PAULDING-:-CROSSROADS LIBRARY,17661.361582966296
PAULDING-:-AIRPORT,PAULDING-:-YORKVILLE BAPTIST CHURCH,50213.893597974435
PAULDING-:-AIRPORT,PAULDING-:-WATSON GOVT COMPLEX,33598.26942639909
PAULDING-:-AIRPORT,PAULDING-:-HIGH SHOALS BAPTIST CHURCH,24812.97601693127
PAULDING-:-AIRPORT,PAULDING-:-BURNT HICKORY PARK,3036.1863164470965
PAULDING-:-AIRPORT,POLK-:-ROCKMART,15855.632130632777
PAULDING-:-BURNT HICKORY PARK,PAULDING-:-WATSON GOVT COMPLEX,1995.8394994416549
PAULDING-:-BURNT HICKORY PARK,PAULDING-:-NORTH INDUSTRIAL,33857.48905701953
PAULDING-:-BURNT HICKORY PARK,PAULDING-:-HIGH SHOALS BAPTIST CHURCH,53346.21208608241
PAULDING-:-BURNT HICKORY PARK,PAULDING-:-SHELTON ELEMENTARY,33793.49966618751
PAULDING-:-BURNT HICKORY PARK,PAULDING-:-CROSSROADS LIBRARY,4641.423869972167
PAULDING-:-BURNT HICKORY PARK,POLK-:-ROCKMART,13745.391132753424
PAULDING-:-BURNT HICKORY PARK,POLK-:-ARAGON,22270.622132991215
PAULDING-:-CARL SCOGGINS MIDDLE SCHOOL,PAULDING-:-S PAULDING MIDDLE SCHOOL,28946.096606368905
PAULDING-:-CARL SCOGGINS MIDDLE SCHOOL,PAULDING-:-WHITE OAK PARK,15374.794395992434
PAULDING-:-CARL SCOGGINS MIDDLE SCHOOL,PAULDING-:-YORKVILLE BAPTIST CHURCH,47003.80758688538
PAULDING-:-CARL SCOGGINS MIDDLE SCHOOL,PAULDING-:-WATSON GOVT COMPLEX,27456.09024681567
PAULDING-:-CROSSROADS LIBRARY,PAULDING-:-SHELTON ELEMENTARY,10846.894223740868
PAULDING-:-CROSSROADS LIBRARY,PAULDING-:-RUSSOM ELEMENTARY,21816.417081217292
PAULDING-:-DIANNE WRIGHT INNOVATION CENTER,PAULDING-:-DOBBINS MIDDLE SCHOOL,25996.964591579646
PAULDING-:-DIANNE WRIGHT INNOVATION CENTER,PAULDING-:-S PAULDING MIDDLE SCHOOL,18686.856936129218
PAULDING-:-DIANNE WRIGHT INNOVATION CENTER,PAULDING-:-TAYLOR FARM PARK,6261.303103512249
PAULDING-:-DIANNE WRIGHT INNOVATION CENTER,PAULDING-:-POPLAR SPRINGS BAPTIST,14834.89498636321
PAULDING-:-DIANNE WRIGHT INNOVATION CENTER,PAULDING-:-WHITE OAK PARK,12241.131339276948
PAULDING-:-DOBBINS MIDDLE SCHOOL,PAULDING-:-S PAULDING MIDDLE SCHOOL,6263.639723390746
PAULDING-:-DOBBINS MIDDLE SCHOOL,PAULDING-:-TAYLOR FARM PARK,11230.750311872067
PAULDING-:-E PAULDING MIDDLE SCHOOL,PAULDING-:-TABERNACLE BAPTIST CHURCH,14654.9616633009
PAULDING-:-E PAULDING MIDDLE SCHOOL,PAULDING-:-LEGACY BAPTIST CHURCH,20815.98676788169
PAULDING-:-E PAULDING MIDDLE SCHOOL,PAULDING-:-NORTH INDUSTRIAL,9529.801826311821
PAULDING-:-E PAULDING MIDDLE SCHOOL,PAULDING-:-SHELTON ELEMENTARY,11890.97915516361
PAULDING-:-E PAULDING MIDDLE SCHOOL,PAULDING-:-RUSSOM ELEMENTARY,13368.270819095032
PAULDING-:-HIGH SHOALS BAPTIST CHURCH,PAULDING-:-WATSON GOVT COMPLEX,27573.47454928804
PAULDING-:-LEGACY BAPTIST CHURCH,PAULDING-:-WHITE OAK PARK,8038.967622774763
PAULDING-:-LEGACY BAPTIST CHURCH,PAULDING-:-TABERNACLE BAPTIST CHURCH,13247.701552833985
PAULDING-:-LEGACY BAPTIST CHURCH,PAULDING-:-WATSON GOVT COMPLEX,3655.002751123251
PAULDING-:-LEGACY BAPTIST CHURCH,PAULDING-:-NORTH INDUSTRIAL,18678.533439644256
PAULDING-:-NORTH INDUSTRIAL,PAULDING-:-WATSON GOVT COMPLEX,16417.49801179797
PAULDING-:-NORTH INDUSTRIAL,PAULDING-:-SHELTON ELEMENTARY,20046.515192368643
PAULDING-:-POPLAR SPRINGS BAPTIST,PAULDING-:-TAYLOR FARM PARK,11044.560459469787
PAULDING-:-POPLAR SPRINGS BAPTIST,PAULDING-:-WHITE OAK PARK,29256.343322298526
PAULDING-:-POPLAR SPRINGS BAPTIST,PAULDING-:-THE EVENTS PLACE,31203.651207928342
PAULDING-:-POPLAR SPRINGS BAPTIST,PAULDING-:-TABERNACLE BAPTIST CHURCH,1853.191110747394
PAULDING-:-RUSSOM ELEMENTARY,PAULDING-:-SHELTON ELEMENTARY,10901.194066585931
PAULDING-:-S PAULDING MIDDLE SCHOOL,PAULDING-:-WHITE OAK PARK,11990.71483435638
PAULDING-:-TABERNACLE BAPTIST CHURCH,PAULDING-:-WHITE OAK PARK,2919.899422146262
PAULDING-:-TABERNACLE BAPTIST CHURCH,PAULDING-:-THE EVENTS PLACE,30995.01415941261
PAULDING-:-WATSON GOVT COMPLEX,PAULDING-:-WHITE OAK PARK,36462.51103434792
PAULDING-:-YORKVILLE BAPTIST CHURCH,POLK-:-ROCKMART,37964.26770258583
PEACH-:-BYRON 1,PEACH-:-BYRON 2,39198.08719577488
PEACH-:-BYRON 1,PEACH-:-POWERSVILLE,33178.14426572292
PEACH-:-BYRON 2,PEACH-:-CLAUDE,13035.785597458536
PEACH-:-BYRON 2,PEACH-:-POWERSVILLE,18764.07059833097
PEACH-:-CLAUDE,PEACH-:-FORT VALLEY 2,28384.629038928986
PEACH-:-CLAUDE,PEACH-:-POWERSVILLE,20149.42070590483
PEACH-:-FORT VALLEY 1,TAYLOR-:-PRECINCT 6,9589.927490579501
PEACH-:-FORT VALLEY 1,PEACH-:-FORT VALLEY 3,18904.124192578707
PEACH-:-FORT VALLEY 1,PEACH-:-FORT VALLEY 2,22494.957881503204
PEACH-:-FORT VALLEY 2,PEACH-:-FORT VALLEY 3,39666.14708449155
PEACH-:-FORT VALLEY 2,PEACH-:-POWERSVILLE,47018.710672568646
PICKENS-:-APPALACHIAN,PICKENS-:-HILL CITY,13571.729934686367
PICKENS-:-APPALACHIAN,PICKENS-:-TALKING ROCK,55332.22152320763
PICKENS-:-APPALACHIAN,PICKENS-:-SHARPTOP,36224.08279971709
PICKENS-:-APPALACHIAN,PICKENS-:-REFUGE,13033.611945097862
PICKENS-:-APPALACHIAN,PICKENS-:-JASPER,57530.69736191696
PICKENS-:-HILL CITY,PICKENS-:-JERUSALEM,17540.542005659812
PICKENS-:-HILL CITY,PICKENS-:-HINTON,16792.45390371126
PICKENS-:-HILL CITY,PICKENS-:-TALKING ROCK,17258.168097250535
PICKENS-:-HILL CITY,PICKENS-:-TATE,42108.07675846642
PICKENS-:-HILL CITY,PICKENS-:-REFUGE,39036.99034541157
PICKENS-:-HINTON,PICKENS-:-JERUSALEM,14232.988426667653
PICKENS-:-HINTON,PICKENS-:-LUDVILLE,28537.815766375574
PICKENS-:-HINTON,PICKENS-:-TALKING ROCK,42030.358405283514
PICKENS-:-JASPER,PICKENS-:-TALKING ROCK,377.2834378351973
PICKENS-:-JASPER,PICKENS-:-REFUGE,18355.4044128349
PICKENS-:-JERUSALEM,PICKENS-:-LUDVILLE,26775.40704476521
PICKENS-:-JERUSALEM,PICKENS-:-TATE,22302.525710435348
PICKENS-:-LUDVILLE,PICKENS-:-TALKING ROCK,14972.567133563385
PICKENS-:-NELSON,PICKENS-:-TATE,36158.27728614724
PICKENS-:-NELSON,PICKENS-:-YELLOW CREEK,17643.575163139412
PICKENS-:-REFUGE,PICKENS-:-TATE,63405.14284701337
PICKENS-:-REFUGE,PICKENS-:-SHARPTOP,14256.849081296736
PICKENS-:-REFUGE,PICKENS-:-YELLOW CREEK,13460.163935647543
PICKENS-:-SHARPTOP,PICKENS-:-TALKING ROCK,8370.215455141286
PICKENS-:-SHARPTOP,PICKENS-:-YELLOW CREEK,42373.714939093625
PICKENS-:-TATE,PICKENS-:-YELLOW CREEK,5836.215442066442
PIERCE-:-ALABAHA,PIERCE-:-BLACKSHEAR,8970.039866869009
PIERCE-:-ALABAHA,PIERCE-:-HACKLEBARNEY/CASON,19844.736247859117
PIERCE-:-ALABAHA,PIERCE-:-OTTER CREEK,14867.2776633585
PIERCE-:-ALABAHA,PIERCE-:-SUNSET/SWEAT,62599.63210278161
PIERCE-:-ALABAHA,PIERCE-:-PATTERSON,35017.52547176338
PIERCE-:-ALABAHA,PIERCE-:-MERSHON,61911.71891416559
PIERCE-:-BLACKSHEAR,WARE-:-200C- SECOND BAPTIST CHURCH,12129.159759403563
PIERCE-:-BLACKSHEAR,WARE-:-200A - MEMORIAL STADIUM,8009.304989364532
PIERCE-:-BLACKSHEAR,PIERCE-:-ST. JOHNS/BLACKSHEAR,48517.74619046513
PIERCE-:-BLACKSHEAR,PIERCE-:-HACKLEBARNEY/CASON,35273.28416018104
PIERCE-:-BLACKSHEAR,PIERCE-:-OTTER CREEK,10327.21148587877
PIERCE-:-HACKLEBARNEY/CASON,WARE-:-300 - WARE BOE TRANSPORTATION,18732.49324836405
PIERCE-:-HACKLEBARNEY/CASON,WARE-:-406 - JAMESTOWN BAPTIST CHURCH,25323.43265017441
PIERCE-:-HACKLEBARNEY/CASON,WARE-:-405 - HAYWOOD BAPTIST CHURCH,12774.258586826918
PIERCE-:-HACKLEBARNEY/CASON,PIERCE-:-SUNSET/SWEAT,46863.17903842735
PIERCE-:-MERSHON,PIERCE-:-PATTERSON,45659.23382747789
PIERCE-:-OTTER CREEK,PIERCE-:-ST. JOHNS/BLACKSHEAR,40435.45786034201
PIERCE-:-OTTER CREEK,WAYNE-:-SCREVEN,47039.14918849746
PIERCE-:-OTTER CREEK,PIERCE-:-PATTERSON,61549.840179145176
PIERCE-:-PATTERSON,WAYNE-:-SCREVEN,32243.818707236627
PIERCE-:-SUNSET/SWEAT,WARE-:-405 - HAYWOOD BAPTIST CHURCH,49375.64476473096
PIKE-:-CONCORD,PIKE-:-ZEBULON,20579.538961289545
PIKE-:-CONCORD,PIKE-:-WILLIAMSON,9450.00139243181
PIKE-:-CONCORD,PIKE-:-MOLENA,37559.48583870081
PIKE-:-CONCORD,PIKE-:-HOLLONVILLE,38954.92531995548
PIKE-:-HOLLONVILLE,PIKE-:-WILLIAMSON,33819.76061085652
PIKE-:-HOLLONVILLE,SPALDING-:-12,43309.53297995195
PIKE-:-LIFSEY SPRINGS,UPSON-:-REDBONE,25193.993532105844
PIKE-:-LIFSEY SPRINGS,PIKE-:-ZEBULON,35651.115159915535
PIKE-:-LIFSEY SPRINGS,PIKE-:-MEANSVILLE,23885.56559840817
PIKE-:-LIFSEY SPRINGS,PIKE-:-MOLENA,29307.527831239815
PIKE-:-MEANSVILLE,UPSON-:-REDBONE,26200.039824035117
PIKE-:-MEANSVILLE,PIKE-:-ZEBULON,49764.09979059348
PIKE-:-MOLENA,UPSON-:-REDBONE,48029.14898236645
PIKE-:-SECOND DISTRICT,SPALDING-:-11,6169.1924730016135
PIKE-:-SECOND DISTRICT,PIKE-:-ZEBULON,32320.533699040585
PIKE-:-SECOND DISTRICT,SPALDING-:-10,8479.438954607554
PIKE-:-SECOND DISTRICT,SPALDING-:-8,9044.513833105108
PIKE-:-SECOND DISTRICT,PIKE-:-WILLIAMSON,27677.652750077206
PIKE-:-WILLIAMSON,PIKE-:-ZEBULON,18719.13207376455
PIKE-:-WILLIAMSON,SPALDING-:-10,8166.169078750925
PIKE-:-WILLIAMSON,SPALDING-:-12,16742.33404183178
POLK-:-ARAGON,POLK-:-ROCKMART,52607.538515590415
POLK-:-ARAGON,POLK-:-FISH CREEK,63795.62771855403
POLK-:-ARAGON,POLK-:-LAKE CREEK,16972.795198463147
POLK-:-BLOOMING GROVE,POLK-:-CAMP ANTIOCH,30589.597821840973
POLK-:-BLOOMING GROVE,POLK-:-GOODYEAR,25835.72709909993
POLK-:-BLOOMING GROVE,POLK-:-LAKE CREEK,38390.6650854047
POLK-:-CAMP ANTIOCH,POLK-:-ROCKMART,31536.100811925386
POLK-:-CAMP ANTIOCH,POLK-:-FISH CREEK,43503.44616863669
POLK-:-CAMP ANTIOCH,POLK-:-GOODYEAR,25386.857490005466
POLK-:-CAMP ANTIOCH,POLK-:-LAKE CREEK,13051.02148044873
POLK-:-FISH CREEK,POLK-:-ROCKMART,37639.53248839208
POLK-:-FISH CREEK,POLK-:-LAKE CREEK,16300.920871396527
POLK-:-GOODYEAR,POLK-:-LAKE CREEK,83103.96418071681
PULASKI-:-COURTHOUSE ANNEX,WILCOX-:-ABBEVILLE NORTH 2,40385.776775476195
PULASKI-:-COURTHOUSE ANNEX,WILCOX-:-PINEVIEW 2,72162.2726408967
PUTNAM-:-101,PUTNAM-:-107,43641.172716646404
PUTNAM-:-101,PUTNAM-:-104,84810.56228701031
PUTNAM-:-101,PUTNAM-:-105,33860.2396142854
PUTNAM-:-104,PUTNAM-:-107,38044.93976343353
PUTNAM-:-104,PUTNAM-:-106,52787.614259060814
PUTNAM-:-104,PUTNAM-:-105,66825.10627975801
PUTNAM-:-105,PUTNAM-:-106,28690.536791645005
PUTNAM-:-106,PUTNAM-:-107,18928.72125917504
QUITMAN-:-GEORGETOWN,STEWART-:-LUMPKIN,72724.42470245092
QUITMAN-:-GEORGETOWN,QUITMAN-:-MORRIS,82552.98071663713
QUITMAN-:-MORRIS,RANDOLPH-:-SPRINGVALE,68781.59203419424
QUITMAN-:-MORRIS,STEWART-:-LUMPKIN,19519.009305300733
RABUN-:-RABUN COUNTY,TOWNS-:-HIAWASSEE,97466.65268365145
RANDOLPH-:-BENEVOLENCE,RANDOLPH-:-SHELLMAN,34842.784726333004
RANDOLPH-:-BENEVOLENCE,TERRELL-:-GRAVES,28700.85126907612
RANDOLPH-:-BENEVOLENCE,WEBSTER-:-PRESTON 1,17400.35088900543
RANDOLPH-:-BENEVOLENCE,RANDOLPH-:-CUTHBERT-COURTHOUSE,53738.47366709578
RANDOLPH-:-BENEVOLENCE,RANDOLPH-:-SPRINGVALE,40917.837531742174
RANDOLPH-:-BENEVOLENCE,STEWART-:-LUMPKIN,17041.28879484824
RANDOLPH-:-BENEVOLENCE,STEWART-:-RICHLAND,33462.64247300298
RANDOLPH-:-BENEVOLENCE,TERRELL-:-PARROTT,22169.360536329244
RANDOLPH-:-COLEMAN,RANDOLPH-:-CUTHBERT-COURTHOUSE,66949.76136628608
RANDOLPH-:-COLEMAN,RANDOLPH-:-SPRINGVALE,45140.38203292242
RANDOLPH-:-CUTHBERT,RANDOLPH-:-CUTHBERT-COURTHOUSE,14107.195546259798
RANDOLPH-:-CUTHBERT-COURTHOUSE,RANDOLPH-:-SHELLMAN,79870.06142859677
RANDOLPH-:-CUTHBERT-COURTHOUSE,RANDOLPH-:-SPRINGVALE,31494.814927397783
RANDOLPH-:-SHELLMAN,TERRELL-:-GRAVES,55981.077040850985
RANDOLPH-:-SHELLMAN,TERRELL-:-HEROD-DOVER,43852.261753076506
RANDOLPH-:-SPRINGVALE,STEWART-:-LUMPKIN,40026.64920438893
RICHMOND-:-101,RICHMOND-:-204,7653.415945265141
RICHMOND-:-101,RICHMOND-:-111,7154.594676802084
RICHMOND-:-101,RICHMOND-:-307,6236.252064416628
RICHMOND-:-102,RICHMOND-:-111,6877.914609197048
RICHMOND-:-102,RICHMOND-:-112,4207.0635425284745
RICHMOND-:-102,RICHMOND-:-106,6701.586544090824
RICHMOND-:-103,RICHMOND-:-104,9724.41935468222
RICHMOND-:-103,RICHMOND-:-207,1110.7164589873655
RICHMOND-:-103,RICHMOND-:-203,8877.769411651176
RICHMOND-:-103,RICHMOND-:-105,3876.4526850105613
RICHMOND-:-103,RICHMOND-:-109,2239.3103980198775
RICHMOND-:-103,RICHMOND-:-111,2666.984154572238
RICHMOND-:-103,RICHMOND-:-112,5717.073792412579
RICHMOND-:-104,RICHMOND-:-802,10413.852044741845
RICHMOND-:-104,RICHMOND-:-115,10462.878541226368
RICHMOND-:-104,RICHMOND-:-604,5924.479602405566
RICHMOND-:-104,RICHMOND-:-602,14934.409796226722
RICHMOND-:-104,RICHMOND-:-207,11865.45037910876
RICHMOND-:-104,RICHMOND-:-109,7416.6999490042945
RICHMOND-:-104,RICHMOND-:-112,2297.0117620933793
RICHMOND-:-105,RICHMOND-:-207,708.5018461288948
RICHMOND-:-105,RICHMOND-:-203,7502.65990413022
RICHMOND-:-105,RICHMOND-:-111,7812.100145414493
RICHMOND-:-106,RICHMOND-:-111,1336.9580738230682
RICHMOND-:-106,RICHMOND-:-307,2945.984438420224
RICHMOND-:-106,RICHMOND-:-107,5263.195248863639
RICHMOND-:-106,RICHMOND-:-702,8339.563346411713
RICHMOND-:-107,RICHMOND-:-307,10665.04325724764
RICHMOND-:-107,RICHMOND-:-108,1638.6606904376133
RICHMOND-:-107,RICHMOND-:-701,3303.0959027806957
RICHMOND-:-107,RICHMOND-:-708,7435.66893913381
RICHMOND-:-108,RICHMOND-:-303,2610.8374850846603
RICHMOND-:-108,RICHMOND-:-301,1966.3207206828656
RICHMOND-:-108,RICHMOND-:-701,3062.7073875454585
RICHMOND-:-109,RICHMOND-:-112,4851.588630688535
RICHMOND-:-110,RICHMOND-:-207,6926.994436161221
RICHMOND-:-110,RICHMOND-:-208,8241.928628297284
RICHMOND-:-110,RICHMOND-:-204,4088.67184456017
RICHMOND-:-110,RICHMOND-:-111,3808.1370768736056
RICHMOND-:-111,RICHMOND-:-204,1410.465596187877
RICHMOND-:-115,RICHMOND-:-802,17480.62107517083
RICHMOND-:-115,RICHMOND-:-805,21918.01250866189
RICHMOND-:-115,RICHMOND-:-604,6869.753968705634
RICHMOND-:-201,RICHMOND-:-502,4219.548593009582
RICHMOND-:-201,RICHMOND-:-505,5041.203647463206
RICHMOND-:-201,RICHMOND-:-503,3128.7224123321616
RICHMOND-:-201,RICHMOND-:-208,2232.456213133778
RICHMOND-:-201,RICHMOND-:-506,4470.836481620963
RICHMOND-:-201,RICHMOND-:-210,9472.027059436992
RICHMOND-:-201,RICHMOND-:-507,5193.587563994673
RICHMOND-:-202,RICHMOND-:-605,7899.103062725957
RICHMOND-:-202,RICHMOND-:-602,2954.4353803296563
RICHMOND-:-202,RICHMOND-:-504,13900.084458922925
RICHMOND-:-202,RICHMOND-:-503,6022.803461677779
RICHMOND-:-202,RICHMOND-:-207,9991.109178741108
RICHMOND-:-203,RICHMOND-:-207,7471.917522550968
RICHMOND-:-204,RICHMOND-:-208,9977.210768708163
RICHMOND-:-204,RICHMOND-:-210,3250.5455378210067
RICHMOND-:-204,RICHMOND-:-303,2171.880838795968
RICHMOND-:-204,RICHMOND-:-307,2006.1838515679142
RICHMOND-:-207,RICHMOND-:-602,471.5499645306104
RICHMOND-:-207,RICHMOND-:-208,6860.499672278737
RICHMOND-:-208,RICHMOND-:-503,8582.924128207229
RICHMOND-:-208,RICHMOND-:-210,5465.109714153114
RICHMOND-:-210,RICHMOND-:-302,8557.887694539782
RICHMOND-:-210,RICHMOND-:-303,2506.986624849821
RICHMOND-:-301,RICHMOND-:-507,1676.0291293629805
RICHMOND-:-301,RICHMOND-:-302,4999.877711611537
RICHMOND-:-301,RICHMOND-:-303,1957.9700009059973
RICHMOND-:-301,RICHMOND-:-304,5734.72234905158
RICHMOND-:-301,RICHMOND-:-306,2665.6894942430654
RICHMOND-:-301,RICHMOND-:-704,6289.372133114343
RICHMOND-:-301,RICHMOND-:-701,5834.001037108336
RICHMOND-:-302,RICHMOND-:-507,1812.6510189116757
RICHMOND-:-302,RICHMOND-:-303,5605.449808076963
RICHMOND-:-302,RICHMOND-:-304,3091.4254570095304
RICHMOND-:-303,RICHMOND-:-307,4255.676906113195
RICHMOND-:-303,RICHMOND-:-304,4405.08709398752
RICHMOND-:-306,RICHMOND-:-310,11007.673508292948
RICHMOND-:-306,RICHMOND-:-506,3843.678811698123
RICHMOND-:-306,RICHMOND-:-507,4761.965326190937
RICHMOND-:-306,RICHMOND-:-704,1030.9920985353583
RICHMOND-:-306,RICHMOND-:-308,9723.321308970446
RICHMOND-:-306,RICHMOND-:-705,3397.037787239049
RICHMOND-:-308,RICHMOND-:-706,5375.774439904881
RICHMOND-:-310,RICHMOND-:-803,20131.815737701763
RICHMOND-:-310,RICHMOND-:-402,15677.875684728806
RICHMOND-:-310,RICHMOND-:-506,17129.668173202866
RICHMOND-:-401,RICHMOND-:-406,7077.529314859126
RICHMOND-:-401,RICHMOND-:-403,4486.314379690993
RICHMOND-:-401,RICHMOND-:-402,13179.890980236374
RICHMOND-:-401,RICHMOND-:-502,4767.7188379530735
RICHMOND-:-402,RICHMOND-:-803,26432.617309990605
RICHMOND-:-402,RICHMOND-:-406,4479.079406059171
RICHMOND-:-402,RICHMOND-:-502,13904.576018720909
RICHMOND-:-402,RICHMOND-:-506,10438.640578293165
RICHMOND-:-403,RICHMOND-:-406,8875.218467401837
RICHMOND-:-403,RICHMOND-:-607,1796.184969985363
RICHMOND-:-403,RICHMOND-:-606,12772.645192094766
RICHMOND-:-403,RICHMOND-:-501,6036.133364275063
RICHMOND-:-403,RICHMOND-:-502,797.963161667716
RICHMOND-:-405,RICHMOND-:-804,13391.835570107389
RICHMOND-:-405,RICHMOND-:-601,10442.685720139076
RICHMOND-:-405,RICHMOND-:-807,3322.3785295784946
RICHMOND-:-405,RICHMOND-:-406,17477.367345872673
RICHMOND-:-405,RICHMOND-:-606,6497.482941061126
RICHMOND-:-406,RICHMOND-:-807,16345.565767936194
RICHMOND-:-406,RICHMOND-:-606,1845.8798777693626
RICHMOND-:-501,RICHMOND-:-605,6231.03720196249
RICHMOND-:-501,RICHMOND-:-504,10867.05952332965
RICHMOND-:-501,RICHMOND-:-502,13622.706397020815
RICHMOND-:-502,RICHMOND-:-505,9327.324879524886
RICHMOND-:-502,RICHMOND-:-506,4655.877776002795
RICHMOND-:-503,RICHMOND-:-504,1778.225341070918
RICHMOND-:-503,RICHMOND-:-505,11307.005827989962
RICHMOND-:-504,RICHMOND-:-605,14049.5335332893
RICHMOND-:-504,RICHMOND-:-505,3658.343849702963
RICHMOND-:-506,RICHMOND-:-507,2757.325102645077
RICHMOND-:-601,RICHMOND-:-804,8050.760116414075
RICHMOND-:-601,RICHMOND-:-604,18835.97933183916
RICHMOND-:-601,RICHMOND-:-607,17318.29178467824
RICHMOND-:-601,RICHMOND-:-605,1413.9513946456748
RICHMOND-:-602,RICHMOND-:-604,6203.727617111911
RICHMOND-:-602,RICHMOND-:-605,11265.825551580412
RICHMOND-:-604,RICHMOND-:-806,6475.175936331872
RICHMOND-:-604,RICHMOND-:-805,8881.198270061404
RICHMOND-:-604,RICHMOND-:-608,11993.873054994978
RICHMOND-:-604,RICHMOND-:-605,5953.563037080028
RICHMOND-:-605,RICHMOND-:-607,11382.174991457992
RICHMOND-:-606,RICHMOND-:-607,6327.888608372175
RICHMOND-:-608,RICHMOND-:-806,12688.612665926868
RICHMOND-:-608,RICHMOND-:-808,774.819602279139
RICHMOND-:-701,RICHMOND-:-705,9174.929619805851
RICHMOND-:-701,RICHMOND-:-709,6951.717677791172
RICHMOND-:-702,RICHMOND-:-708,5266.612319159161
RICHMOND-:-702,RICHMOND-:-703,7298.506554941584
RICHMOND-:-703,RICHMOND-:-708,2197.868551810948
RICHMOND-:-703,RICHMOND-:-709,6313.849640267394
RICHMOND-:-703,RICHMOND-:-707,12065.072606646056
RICHMOND-:-704,RICHMOND-:-705,5104.505006913296
RICHMOND-:-705,RICHMOND-:-709,2704.3713779011555
RICHMOND-:-705,RICHMOND-:-706,11285.894969657846
RICHMOND-:-706,RICHMOND-:-709,1775.1099514235398
RICHMOND-:-706,RICHMOND-:-707,8599.207411770994
RICHMOND-:-708,RICHMOND-:-709,6100.688830140871
RICHMOND-:-801,RICHMOND-:-801B,11455.699777051803
RICHMOND-:-801,RICHMOND-:-803,26410.28807701003
RICHMOND-:-801B,RICHMOND-:-811,17370.63221048758
RICHMOND-:-801B,RICHMOND-:-803,12730.628599629166
RICHMOND-:-802,RICHMOND-:-810,17033.525230381314
RICHMOND-:-802,RICHMOND-:-806,38502.33256117441
RICHMOND-:-803,RICHMOND-:-811,5474.55651933272
RICHMOND-:-803,RICHMOND-:-804,12085.60719482871
RICHMOND-:-803,RICHMOND-:-807,18834.421938874817
RICHMOND-:-804,RICHMOND-:-811,24603.586685063776
RICHMOND-:-804,RICHMOND-:-804H,64816.02256222748
RICHMOND-:-804,RICHMOND-:-806,7451.2996605003855
RICHMOND-:-804,RICHMOND-:-807,13543.8774992447
RICHMOND-:-804H,RICHMOND-:-810,60585.44259327879
RICHMOND-:-804H,RICHMOND-:-806,9571.970746406214
RICHMOND-:-805,RICHMOND-:-808,20728.166232660562
RICHMOND-:-806,RICHMOND-:-810,7657.413492998849
RICHMOND-:-806,RICHMOND-:-808,25763.160955209318
ROCKDALE-:-BA,ROCKDALE-:-LO,14295.53065455426
ROCKDALE-:-BA,ROCKDALE-:-MA,20076.14202619153
ROCKDALE-:-BA,ROCKDALE-:-HC,9971.969278972443
ROCKDALE-:-BA,ROCKDALE-:-ST,10150.090459532366
ROCKDALE-:-BT,ROCKDALE-:-OT,709.7626419849764
ROCKDALE-:-BT,ROCKDALE-:-MI,8952.213740076822
ROCKDALE-:-BT,ROCKDALE-:-LA,17801.245699502564
ROCKDALE-:-BT,ROCKDALE-:-HI,44218.28315138729
ROCKDALE-:-BT,WALTON-:-BROKEN ARROW,303.5845599674979
ROCKDALE-:-BT,WALTON-:-WEST WALTON,25185.557542457318
ROCKDALE-:-CO,ROCKDALE-:-OT,19891.013697318896
ROCKDALE-:-CO,ROCKDALE-:-MI,25046.40338620748
ROCKDALE-:-CO,ROCKDALE-:-LA,17910.381336461694
ROCKDALE-:-FI,ROCKDALE-:-MA,1701.468786334522
ROCKDALE-:-FI,ROCKDALE-:-SP,9564.223113844915
ROCKDALE-:-FI,ROCKDALE-:-FS,15231.201151999201
ROCKDALE-:-FI,ROCKDALE-:-OT,401.66405776240833
ROCKDALE-:-FI,ROCKDALE-:-MI,8487.180213811982
ROCKDALE-:-FS,ROCKDALE-:-SP,8404.296064210264
ROCKDALE-:-FS,ROCKDALE-:-OT,33126.60015273767
ROCKDALE-:-HC,ROCKDALE-:-MA,5176.41730354112
ROCKDALE-:-HC,ROCKDALE-:-ST,18010.8603639645
ROCKDALE-:-HC,ROCKDALE-:-SP,4396.265975869944
ROCKDALE-:-HI,ROCKDALE-:-OT,34673.549140928575
ROCKDALE-:-HI,ROCKDALE-:-MI,12497.29380555308
ROCKDALE-:-LA,ROCKDALE-:-MI,2881.6939565422954
ROCKDALE-:-LA,ROCKDALE-:-RO,15401.975490766714
ROCKDALE-:-LO,ROCKDALE-:-ST,9120.394204360033
ROCKDALE-:-LO,ROCKDALE-:-SM,17194.62733404893
ROCKDALE-:-MA,ROCKDALE-:-SP,7372.442140558538
ROCKDALE-:-MI,ROCKDALE-:-OT,142932.16943020202
ROCKDALE-:-OT,ROCKDALE-:-SP,25986.294867966288
ROCKDALE-:-OT,ROCKDALE-:-SM,13315.040869913335
ROCKDALE-:-OT,ROCKDALE-:-RO,20674.871151826137
ROCKDALE-:-RO,ROCKDALE-:-SM,19212.722642746554
ROCKDALE-:-SM,ROCKDALE-:-ST,18162.95973209821
ROCKDALE-:-SM,ROCKDALE-:-SP,1401.578061191996
ROCKDALE-:-SP,ROCKDALE-:-ST,16104.372173604836
SCHLEY-:-PRECINCT 1,SUMTER-:-ANDERSONVILLE,36883.053666894535
SCHLEY-:-PRECINCT 1,SUMTER-:-CONCORD,48160.14486530836
SCHLEY-:-PRECINCT 1,SUMTER-:-AG CENTER,23906.154921796144
SCHLEY-:-PRECINCT 1,TAYLOR-:-PRECINCT 5,89466.72241336005
SCREVEN-:-BAY BRANCH FIRE STATION 9,SCREVEN-:-HILTONIA TOWN HALL 1,66083.2956753789
SCREVEN-:-BAY BRANCH FIRE STATION 9,SCREVEN-:-JENK HILL FIRE STATION 2,74729.89766829732
SCREVEN-:-BAY BRANCH FIRE STATION 9,SCREVEN-:-CAIL COMMUNITY CENTER,35544.44285744731
SCREVEN-:-CAIL COMMUNITY CENTER,SCREVEN-:-ROBBINS BRANCH FIRE STATION 10,8945.646337909851
SCREVEN-:-CAIL COMMUNITY CENTER,SCREVEN-:-HILTONIA TOWN HALL 1,22349.3703551362
SCREVEN-:-CAIL COMMUNITY CENTER,SCREVEN-:-JENK HILL FIRE STATION 2,14559.947742627866
SCREVEN-:-CAIL COMMUNITY CENTER,SCREVEN-:-SENIOR CITIZENS CENTER,14112.132529093766
SCREVEN-:-HILTONIA TOWN HALL 1,SCREVEN-:-ROBBINS BRANCH FIRE STATION 10,91085.29601265265
SCREVEN-:-HILTONIA TOWN HALL 1,SCREVEN-:-SENIOR CITIZENS CENTER,70756.1382306593
SCREVEN-:-JENK HILL FIRE STATION 2,SCREVEN-:-ROBBINS BRANCH FIRE STATION 10,135934.33988359896
SCREVEN-:-PLANTERS ANNEX,SCREVEN-:-ROBBINS BRANCH FIRE STATION 10,149854.53229645288
SCREVEN-:-ROBBINS BRANCH FIRE STATION 10,SCREVEN-:-SENIOR CITIZENS CENTER,19520.877897110935
SEMINOLE-:-PRECINCT 1,SEMINOLE-:-PRECINCT 5,204660.54842678455
SEMINOLE-:-PRECINCT 1,SEMINOLE-:-PRECINCT 4,74560.64156024535
SEMINOLE-:-PRECINCT 1,SEMINOLE-:-PRECINCT 2,51039.729153229324
SEMINOLE-:-PRECINCT 1,SEMINOLE-:-PRECINCT 3,3260.8142989910434
SEMINOLE-:-PRECINCT 2,SEMINOLE-:-PRECINCT 4,6196.452759737548
SEMINOLE-:-PRECINCT 2,SEMINOLE-:-PRECINCT 3,12268.11709327261
SEMINOLE-:-PRECINCT 3,SEMINOLE-:-PRECINCT 4,21193.68724973651
SEMINOLE-:-PRECINCT 4,SEMINOLE-:-PRECINCT 5,34148.11360196054
SPALDING-:-1,SPALDING-:-2,5175.260609885724
SPALDING-:-1,SPALDING-:-6,11358.427833094629
SPALDING-:-1,SPALDING-:-5,7795.9063647639605
SPALDING-:-1,SPALDING-:-19,4380.107240084891
SPALDING-:-1,SPALDING-:-16,11609.216506072204
SPALDING-:-10,SPALDING-:-8,11409.307762751763
SPALDING-:-10,SPALDING-:-6,14225.430652639396
SPALDING-:-10,SPALDING-:-5,36053.05768465743
SPALDING-:-10,SPALDING-:-19,23670.140025516266
SPALDING-:-10,SPALDING-:-12,33839.38338340519
SPALDING-:-11,SPALDING-:-3,15811.236437854397
SPALDING-:-11,SPALDING-:-20,32902.84079608847
SPALDING-:-11,SPALDING-:-9,15109.832863515643
SPALDING-:-11,SPALDING-:-8,8895.705860120284
SPALDING-:-11,SPALDING-:-7,37501.9519395625
SPALDING-:-12,SPALDING-:-19,20802.814464637202
SPALDING-:-13,SPALDING-:-19,27693.337036018973
SPALDING-:-13,SPALDING-:-16,7503.085180199175
SPALDING-:-13,SPALDING-:-14,17068.19224422255
SPALDING-:-14,SPALDING-:-21,13380.376526145923
SPALDING-:-14,SPALDING-:-16,23990.802649941692
SPALDING-:-16,SPALDING-:-9,9904.43237469821
SPALDING-:-16,SPALDING-:-2,16236.72434944373
SPALDING-:-16,SPALDING-:-21,13458.89415693245
SPALDING-:-16,SPALDING-:-5,21446.15459176455
SPALDING-:-16,SPALDING-:-19,10524.460552830358
SPALDING-:-19,SPALDING-:-5,38165.34611436506
SPALDING-:-2,SPALDING-:-3,6349.955230484676
SPALDING-:-2,SPALDING-:-9,9573.098096048285
SPALDING-:-2,SPALDING-:-6,512.5502044885789
SPALDING-:-20,SPALDING-:-9,25064.361188735173
SPALDING-:-21,SPALDING-:-9,35027.071659743684
SPALDING-:-3,SPALDING-:-9,15064.426334164451
SPALDING-:-3,SPALDING-:-7,11033.915593094524
SPALDING-:-3,SPALDING-:-6,7419.043887441532
SPALDING-:-5,SPALDING-:-6,7222.327008917835
SPALDING-:-6,SPALDING-:-8,17433.119418708502
SPALDING-:-6,SPALDING-:-7,3359.902826354387
SPALDING-:-7,SPALDING-:-8,4701.973561698221
STEWART-:-LOUVALE,STEWART-:-LUMPKIN,41476.89813783915
STEWART-:-LOUVALE,STEWART-:-RICHLAND,50796.60370142569
STEWART-:-LOUVALE,STEWART-:-OMAHA,55254.11614293387
STEWART-:-LUMPKIN,STEWART-:-RICHLAND,98809.85478559394
STEWART-:-LUMPKIN,STEWART-:-OMAHA,110013.6232560344
STEWART-:-RICHLAND,WEBSTER-:-PRESTON 1,144269.72174011543
SUMTER-:-AG CENTER,SUMTER-:-JROTC,26183.636714626202
SUMTER-:-AG CENTER,SUMTER-:-AIRPORT,15136.140334431
SUMTER-:-AG CENTER,SUMTER-:-REES PARK,36850.82786873773
SUMTER-:-AG CENTER,SUMTER-:-ANDERSONVILLE,22965.144294338377
SUMTER-:-AG CENTER,SUMTER-:-PLAINS,41399.66891544929
SUMTER-:-AG CENTER,SUMTER-:-CONCORD,26420.520521881346
SUMTER-:-AG CENTER,SUMTER-:-THOMPSON,29077.942558628314
SUMTER-:-AG CENTER,SUMTER-:-REC DEPT,81342.50215209204
SUMTER-:-AIRPORT,SUMTER-:-LESLIE,19508.180677394237
SUMTER-:-AIRPORT,SUMTER-:-BROWNS MILL,37784.649589362205
SUMTER-:-AIRPORT,SUMTER-:-JROTC,72873.53370360701
SUMTER-:-AIRPORT,SUMTER-:-REES PARK,64610.810367038044
SUMTER-:-AIRPORT,SUMTER-:-ANDERSONVILLE,9811.508309329009
SUMTER-:-AIRPORT,SUMTER-:-THOMPSON,3153.187638552128
SUMTER-:-ANDERSONVILLE,SUMTER-:-BROWNS MILL,51206.30446210652
SUMTER-:-ANDERSONVILLE,SUMTER-:-REES PARK,9729.29769032239
SUMTER-:-BROWNS MILL,SUMTER-:-LESLIE,72290.29345831144
SUMTER-:-CONCORD,WEBSTER-:-PRESTON 1,14246.548240907397
SUMTER-:-CONCORD,SUMTER-:-PLAINS,42918.49275466517
SUMTER-:-JROTC,SUMTER-:-REES PARK,6046.041011050009
SUMTER-:-JROTC,SUMTER-:-REC DEPT,9292.534687073598
SUMTER-:-LESLIE,SUMTER-:-THOMPSON,35065.47979639034
SUMTER-:-PLAINS,WEBSTER-:-PRESTON 1,48607.405403756915
SUMTER-:-PLAINS,SUMTER-:-THOMPSON,48353.60232227583
SUMTER-:-REC DEPT,SUMTER-:-REES PARK,12851.147924744662
SUMTER-:-THOMPSON,WEBSTER-:-PRESTON 1,517.941236161127
SUMTER-:-THOMPSON,TERRELL-:-BRONWOOD,23651.01558810484
SUMTER-:-THOMPSON,TERRELL-:-PARROTT,38220.62925586719
TALBOT-:-BOX SPRINGS,TALBOT-:-GENEVA,35926.30725542209
TALBOT-:-BOX SPRINGS,TALBOT-:-ONEAL,36288.586043032396
TALBOT-:-FLINT HILL,TALBOT-:-VALLEY,90305.28456112978
TALBOT-:-GENEVA,TALBOT-:-JUNCTION CITY,33189.021812598774
TALBOT-:-GENEVA,TALBOT-:-TALBOTTON,26097.996166509634
TALBOT-:-GENEVA,TALBOT-:-ONEAL,3304.2715387172675
TALBOT-:-JUNCTION CITY,TAYLOR-:-PRECINCT 6,34900.39481870877
TALBOT-:-JUNCTION CITY,UPSON-:-SALEM,24407.756487046358
TALBOT-:-JUNCTION CITY,UPSON-:-TOWN,35725.27740626866
TALBOT-:-JUNCTION CITY,TAYLOR-:-PRECINCT 5,71732.82645243713
TALBOT-:-JUNCTION CITY,TALBOT-:-TALBOTTON,85846.66115973087
TALBOT-:-JUNCTION CITY,TALBOT-:-VALLEY,53997.899774237456
TALBOT-:-ONEAL,TALBOT-:-TALBOTTON,70272.7783747871
TALBOT-:-ONEAL,TALBOT-:-VALLEY,53614.92891509978
TALBOT-:-TALBOTTON,TALBOT-:-VALLEY,54674.2871628464
TALBOT-:-VALLEY,UPSON-:-REDBONE,51317.33315949968
TALBOT-:-VALLEY,UPSON-:-TOWN,13476.910267005676
TALIAFERRO-:-CRAWFORDVILLE,WARREN-:-WARRENTON,38534.802043417934
TALIAFERRO-:-CRAWFORDVILLE,WILKES-:-SENIOR CITIZEN CENTER,93174.37265161306
TALIAFERRO-:-CRAWFORDVILLE,WILKES-:-RAYLE CITY HALL,7531.48203920593
TALIAFERRO-:-CRAWFORDVILLE,TALIAFERRO-:-SHARON,73459.71665368692
TALIAFERRO-:-SHARON,WARREN-:-WARRENTON,84863.12447758866
TALIAFERRO-:-SHARON,WILKES-:-SENIOR CITIZEN CENTER,12266.24700190195
TALIAFERRO-:-SHARON,WILKES-:-YOUNG FAMER'S BLDG,35838.98866516106
TATTNALL-:-COBBTOWN,TOOMBS-:-15361 LYONS,52683.6766349691
TATTNALL-:-COBBTOWN,TATTNALL-:-COLLINS,91576.888927914
TATTNALL-:-COLLINS,TATTNALL-:-DISTRICT II,32294.05194554995
TATTNALL-:-COLLINS,TOOMBS-:-15361 LYONS,41282.37775366073
TATTNALL-:-COLLINS,TATTNALL-:-MANASSAS,58645.36560823079
TATTNALL-:-DISTRICT II,TATTNALL-:-DISTRICT IV,33644.25179301861
TATTNALL-:-DISTRICT II,TATTNALL-:-SHILOH,48683.90647751071
TATTNALL-:-DISTRICT II,TOOMBS-:-39 NEWBRANCH,24000.164777831327
TATTNALL-:-DISTRICT II,TATTNALL-:-MANASSAS,45965.768294961104
TATTNALL-:-DISTRICT IV,TATTNALL-:-DISTRICT V,80807.6640431843
TATTNALL-:-DISTRICT IV,TATTNALL-:-EAST GLENNVILLE,60699.917350327
TATTNALL-:-DISTRICT IV,TATTNALL-:-SHILOH,18736.065703151336
TATTNALL-:-DISTRICT V,WAYNE-:-MADRAY SPRINGS,42800.159099807395
TATTNALL-:-DISTRICT V,TATTNALL-:-EAST GLENNVILLE,25894.11149186877
TATTNALL-:-DISTRICT V,TATTNALL-:-SHILOH,74819.10531634545
TATTNALL-:-DISTRICT V,TOOMBS-:-39 NEWBRANCH,13751.177651214084
TATTNALL-:-SHILOH,TOOMBS-:-39 NEWBRANCH,46133.99502935337
TAYLOR-:-PRECINCT 1,TAYLOR-:-PRECINCT 6,40654.2282816876
TAYLOR-:-PRECINCT 1,TAYLOR-:-PRECINCT 5,90459.40519913346
TAYLOR-:-PRECINCT 5,TAYLOR-:-PRECINCT 6,123297.43904105345
TAYLOR-:-PRECINCT 6,UPSON-:-SALEM,51948.27262566095
TELFAIR-:-HELENA,TELFAIR-:-MILAN,12725.751433350051
TELFAIR-:-HELENA,TELFAIR-:-MCRAE,41511.49288280036
TELFAIR-:-HELENA,WHEELER-:-ALAMO,32619.584110870175
TELFAIR-:-JACKSONVILLE,TELFAIR-:-MILAN,84202.01888225132
TELFAIR-:-JACKSONVILLE,TELFAIR-:-MCRAE,14195.835034510916
TELFAIR-:-JACKSONVILLE,TELFAIR-:-LUMBER-CITY,75906.47600747464
TELFAIR-:-LUMBER-CITY,TELFAIR-:-MCRAE,33954.339642931074
TELFAIR-:-LUMBER-CITY,TELFAIR-:-SCOTLAND,40608.41544529638
TELFAIR-:-LUMBER-CITY,WHEELER-:-ALAMO,68887.34317879772
TELFAIR-:-MCRAE,TELFAIR-:-MILAN,66166.27555383657
TELFAIR-:-MCRAE,TELFAIR-:-SCOTLAND,48044.99786900241
TELFAIR-:-MCRAE,WHEELER-:-ALAMO,11401.364228935245
TELFAIR-:-MILAN,WILCOX-:-ABBEVILLE SOUTH 5,37230.014151095595
TELFAIR-:-SCOTLAND,WHEELER-:-ALAMO,51296.328057520885
TERRELL-:-BRONWOOD,TERRELL-:-GRAVES,15113.026948567838
TERRELL-:-BRONWOOD,TERRELL-:-SASSER,55045.78839252316
TERRELL-:-BRONWOOD,TERRELL-:-PARROTT,53283.79303161518
TERRELL-:-BRONWOOD,TERRELL-:-DAWSON,16299.496137644772
TERRELL-:-DAWSON,TERRELL-:-GRAVES,30663.532585767745
TERRELL-:-DAWSON,TERRELL-:-SASSER,38824.96979967948
TERRELL-:-DAWSON,TERRELL-:-HEROD-DOVER,18887.50383699982
TERRELL-:-GRAVES,TERRELL-:-HEROD-DOVER,35130.77396695533
TERRELL-:-GRAVES,TERRELL-:-PARROTT,65739.2651348168
TERRELL-:-HEROD-DOVER,TERRELL-:-SASSER,46561.13069630643
TERRELL-:-PARROTT,WEBSTER-:-PRESTON 1,65613.03623311136
THOMAS-:-BARWICK,THOMAS-:-BOSTON,37947.06334676358
THOMAS-:-BARWICK,THOMAS-:-PATTEN,39550.627809928854
THOMAS-:-BARWICK,THOMAS-:-PAVO,15682.129751758823
THOMAS-:-BARWICK,THOMAS-:-GATLIN CREEK,4834.109031871531
THOMAS-:-BARWICK,THOMAS-:-CENTRAL,13439.791975869148
THOMAS-:-BOSTON,THOMAS-:-METCALFE,30074.071980849432
THOMAS-:-BOSTON,THOMAS-:-GATLIN CREEK,40681.87421605199
THOMAS-:-CENTRAL,THOMAS-:-PATTEN,17527.307954675594
THOMAS-:-CENTRAL,THOMAS-:-GATLIN CREEK,36789.39327199717
THOMAS-:-CENTRAL,THOMAS-:-REMINGTON ESC,31377.14367007713
THOMAS-:-CENTRAL,THOMAS-:-NEW COVENANT,22778.879273868253
THOMAS-:-CENTRAL,THOMAS-:-MERRILLVILLE,35181.8014338898
THOMAS-:-COOLIDGE,THOMAS-:-PATTEN,1272.6667334429867
THOMAS-:-COOLIDGE,THOMAS-:-PAVO,21813.057210656392
THOMAS-:-COOLIDGE,THOMAS-:-MERRILLVILLE,46800.02723408071
THOMAS-:-COOLIDGE,THOMAS-:-LITTLE OCHLOCKNEE BAPTIST,49219.75581149394
THOMAS-:-DOUGLASS,THOMAS-:-FIRE STATION #2,2306.6105684210465
THOMAS-:-DOUGLASS,THOMAS-:-HARPER,12555.211411342696
THOMAS-:-DOUGLASS,THOMAS-:-SCOTT,10276.554957889604
THOMAS-:-DOUGLASS,THOMAS-:-NEW COVENANT,24442.35266891214
THOMAS-:-FIRE STATION #2,THOMAS-:-METCALFE,107537.59934488361
THOMAS-:-FIRE STATION #2,THOMAS-:-GATLIN CREEK,30343.456206384693
THOMAS-:-FIRE STATION #2,THOMAS-:-HARPER,47404.348398067115
THOMAS-:-FIRE STATION #2,THOMAS-:-RESOURCE CENTER,9319.308651498577
THOMAS-:-FIRE STATION #2,THOMAS-:-JERGER,15189.37988439309
THOMAS-:-FIRE STATION #2,THOMAS-:-NEW COVENANT,31046.750184964425
THOMAS-:-GATLIN CREEK,THOMAS-:-JERGER,31596.839000361168
THOMAS-:-GATLIN CREEK,THOMAS-:-REMINGTON ESC,1771.2853563111403
THOMAS-:-HARPER,THOMAS-:-RESOURCE CENTER,9846.785569425732
THOMAS-:-HARPER,THOMAS-:-REMINGTON ESC,3533.5315833030863
THOMAS-:-HARPER,THOMAS-:-SCOTT,2769.9641789267953
THOMAS-:-JERGER,THOMAS-:-RESOURCE CENTER,6055.005038972346
THOMAS-:-JERGER,THOMAS-:-REMINGTON ESC,20071.79554173588
THOMAS-:-LITTLE OCHLOCKNEE BAPTIST,THOMAS-:-NEW COVENANT,19040.23900706279
THOMAS-:-LITTLE OCHLOCKNEE BAPTIST,THOMAS-:-MERRILLVILLE,16150.223387343593
THOMAS-:-LITTLE OCHLOCKNEE BAPTIST,THOMAS-:-OCHLOCKNEE,47413.769753964545
THOMAS-:-LITTLE OCHLOCKNEE BAPTIST,THOMAS-:-MEIGS,21515.961151269334
THOMAS-:-MEIGS,THOMAS-:-OCHLOCKNEE,43022.65011098498
THOMAS-:-MERRILLVILLE,THOMAS-:-PATTEN,28580.17084786643
THOMAS-:-MERRILLVILLE,THOMAS-:-NEW COVENANT,14793.59062242991
THOMAS-:-NEW COVENANT,THOMAS-:-REMINGTON ESC,22285.393974547613
THOMAS-:-NEW COVENANT,THOMAS-:-SCOTT,23505.825713923554
THOMAS-:-NEW COVENANT,THOMAS-:-OCHLOCKNEE,60832.73637812795
THOMAS-:-PATTEN,THOMAS-:-PAVO,34415.56679191668
THOMAS-:-REMINGTON ESC,THOMAS-:-RESOURCE CENTER,569.8688515706335
THOMAS-:-REMINGTON ESC,THOMAS-:-SCOTT,11203.900678192647
TIFT-:-BRIGHTON,TIFT-:-BROOKFIELD,41717.208767333366
TIFT-:-BRIGHTON,TIFT-:-TIFTON LODGE,29751.061168574903
TIFT-:-BRIGHTON,TIFT-:-CHULA,25656.976279522678
TIFT-:-BROOKFIELD,TIFT-:-ELDORADO,29159.78577823397
TIFT-:-BROOKFIELD,TIFT-:-MOTT-LITMAN GYM,38214.94057089992
TIFT-:-BROOKFIELD,TIFT-:-TIFTON LODGE,7974.375190283561
TIFT-:-CHULA,TIFT-:-TIFTON LODGE,3916.1422857556063
TIFT-:-CHULA,TIFT-:-TIFTON NW,33492.14024760105
TIFT-:-CHULA,TIFT-:-TY TY,33108.3751858906
TIFT-:-CHULA,TURNER-:-SYCAMORE,56774.427186595654
TIFT-:-CHULA,WORTH-:-SUMNER,4840.425669376588
TIFT-:-DOCIA,WORTH-:-SCOOTERVILLE,15813.46559362621
TIFT-:-DOCIA,TIFT-:-OMEGA,52871.02361552613
TIFT-:-DOCIA,TIFT-:-TIFTON SOUTH,19940.105943900293
TIFT-:-DOCIA,TIFT-:-TIFTON NW,10816.858596387665
TIFT-:-DOCIA,TIFT-:-TY TY,35007.88358185089
TIFT-:-ELDORADO,TIFT-:-OMEGA,27558.438357682953
TIFT-:-ELDORADO,TIFT-:-TIFTON SOUTH,17658.59810471839
TIFT-:-ELDORADO,TIFT-:-MOTT-LITMAN GYM,24204.33724169925
TIFT-:-MOTT-LITMAN GYM,TIFT-:-TIFTON SOUTH,13375.17715584442
TIFT-:-MOTT-LITMAN GYM,TIFT-:-TIFTON NE,7938.106234222961
TIFT-:-MOTT-LITMAN GYM,TIFT-:-TIFTON LODGE,10451.408900547769
TIFT-:-MOTT-LITMAN GYM,TIFT-:-TIFTON NW,2278.131104980395
TIFT-:-OMEGA,WORTH-:-SCOOTERVILLE,21455.917166949257
TIFT-:-TIFTON LODGE,TIFT-:-TIFTON NE,31978.838871220556
TIFT-:-TIFTON LODGE,TIFT-:-TIFTON NW,8705.70480293991
TIFT-:-TIFTON NE,TIFT-:-TIFTON NW,13875.905553125527
TIFT-:-TIFTON NW,TIFT-:-TIFTON SOUTH,17063.288958840716
TIFT-:-TIFTON NW,TIFT-:-TY TY,16707.04385767942
TIFT-:-TY TY,WORTH-:-SCOOTERVILLE,19483.702636598093
TIFT-:-TY TY,WORTH-:-SUMNER,34228.37994165125
TOOMBS-:-15361 LYONS,TOOMBS-:-39 NEWBRANCH,69809.02711788927
TOOMBS-:-15361 LYONS,TOOMBS-:-513 V.P.D.,28127.299988921408
TOOMBS-:-15361 LYONS,TOOMBS-:-514 S.T.I.A.L.C.,46237.7349295651
TOOMBS-:-39 NEWBRANCH,TOOMBS-:-43 CEDAR CROSSING,72262.76908143579
TOOMBS-:-39 NEWBRANCH,TOOMBS-:-513 V.P.D.,17721.207442261784
TOOMBS-:-43 CEDAR CROSSING,TOOMBS-:-513 V.P.D.,34887.143075456705
TOOMBS-:-513 V.P.D.,TOOMBS-:-514 S.T.I.A.L.C.,36885.68289799021
TOWNS-:-HIAWASSEE,WHITE-:-NACOOCHEE,3142.7393841950725
TOWNS-:-HIAWASSEE,WHITE-:-ROBERTSTOWN-HELEN,29904.83956348817
TOWNS-:-HIAWASSEE,UNION-:-CHOESTOE,24912.880260933962
TOWNS-:-HIAWASSEE,UNION-:-TRACKROCK,27880.068211338352
TOWNS-:-HIAWASSEE,TOWNS-:-YOUNG HARRIS,29522.12879957648
TOWNS-:-YOUNG HARRIS,UNION-:-GUMLOG,33731.1562893612
TOWNS-:-YOUNG HARRIS,UNION-:-TRACKROCK,29165.884438480753
TOWNS-:-YOUNG HARRIS,UNION-:-BLAIRSVILLE,8647.479605009688
TREUTLEN-:-ANNEX,WHEELER-:-GLENWOOD,37623.13482132362
TREUTLEN-:-ANNEX,TREUTLEN-:-SOPERTON,131435.33463145624
TROUP-:-ADMIN,TROUP-:-WEST POINT,2506.1752926476174
TROUP-:-ADMIN,TROUP-:-GRAY HILL,37983.427069545556
TROUP-:-ADMIN,TROUP-:-GRACE,62456.00082731933
TROUP-:-ADMIN,TROUP-:-GRIGGS,18274.392487737616
TROUP-:-ADMIN,TROUP-:-HOLLIS,18785.88834728512
TROUP-:-EAST VERNON,TROUP-:-GRACE,59191.280400763484
TROUP-:-EAST VERNON,TROUP-:-HOLLIS,15908.511264168708
TROUP-:-EAST VERNON,TROUP-:-HILLCREST,58582.63577361644
TROUP-:-GARDNER,TROUP-:-MOUNTVILLE,68252.75224595774
TROUP-:-GARDNER,TROUP-:-HOGANSVILLE,25198.81612758874
TROUP-:-GARDNER,TROUP-:-GRIGGS,13746.269089204288
TROUP-:-GARDNER,TROUP-:-HAMMETT,22175.753063020096
TROUP-:-GRACE,TROUP-:-WEST POINT,64837.13670810539
TROUP-:-GRACE,TROUP-:-HOLLIS,3989.097626816897
TROUP-:-GRAY HILL,TROUP-:-WEST POINT,44038.0562114478
TROUP-:-GRAY HILL,TROUP-:-ROSEMONT,43222.93830719265
TROUP-:-GRAY HILL,TROUP-:-GRIGGS,1991.9566154633956
TROUP-:-GRIGGS,TROUP-:-ROSEMONT,29454.08084839216
TROUP-:-GRIGGS,TROUP-:-HAMMETT,10677.416527064755
TROUP-:-HAMMETT,TROUP-:-HOLLIS,21490.10427906937
TROUP-:-HAMMETT,TROUP-:-HILLCREST,19930.46609508476
TROUP-:-HILLCREST,TROUP-:-HOGANSVILLE,53789.75427089052
TROUP-:-HILLCREST,TROUP-:-HOLLIS,42256.206951553664
TROUP-:-HOGANSVILLE,TROUP-:-MOUNTVILLE,17972.632183380443
TROUP-:-MOUNTVILLE,TROUP-:-ROSEMONT,49507.13068056468
TURNER-:-ASHBURN,TURNER-:-SYCAMORE,31116.179212910713
TURNER-:-ASHBURN,TURNER-:-REBECCA,39684.735120377714
TURNER-:-REBECCA,TURNER-:-SYCAMORE,96221.98307725898
TURNER-:-REBECCA,WILCOX-:-PITTS 3,45635.80992521501
TURNER-:-REBECCA,WORTH-:-WARWICK,11471.796634030932
TURNER-:-SYCAMORE,WORTH-:-SUMNER,51324.441345817555
TURNER-:-SYCAMORE,WORTH-:-POULAN,15555.030206765494
TURNER-:-SYCAMORE,WORTH-:-SYLVESTER EAST,32011.264876531342
TURNER-:-SYCAMORE,WORTH-:-DOLES,18078.88405742537
TURNER-:-SYCAMORE,WORTH-:-WARWICK,8668.920832255684
TWIGGS-:-DRY BRANCH,TWIGGS-:-GOLDEN ISLES,38845.11971565269
TWIGGS-:-DRY BRANCH,TWIGGS-:-JEFFERSONVILLE/WARE,55831.77762230344
TWIGGS-:-DRY BRANCH,WILKINSON-:-IRWINTON,9355.924475039998
TWIGGS-:-DRY BRANCH,WILKINSON-:-RAMAH,16593.828065433405
TWIGGS-:-GOLDEN ISLES,TWIGGS-:-SHADY GROVE/TARVERS,79657.30593479573
TWIGGS-:-GOLDEN ISLES,TWIGGS-:-JEFFERSONVILLE/WARE,60895.5961196916
TWIGGS-:-HIGGSVILLLE,WILKINSON-:-TURKEY CREEK,16404.427823208218
TWIGGS-:-HIGGSVILLLE,TWIGGS-:-SHADY GROVE/TARVERS,42384.6144080382
TWIGGS-:-HIGGSVILLLE,TWIGGS-:-JEFFERSONVILLE/WARE,35648.163438820455
TWIGGS-:-JEFFERSONVILLE/WARE,WILKINSON-:-TURKEY CREEK,23111.860476549995
TWIGGS-:-JEFFERSONVILLE/WARE,WILKINSON-:-HIGH HILL,11473.872618873726
TWIGGS-:-JEFFERSONVILLE/WARE,TWIGGS-:-SHADY GROVE/TARVERS,15934.705003120946
TWIGGS-:-JEFFERSONVILLE/WARE,WILKINSON-:-IRWINTON,50123.872107282055
UNION-:-BLAIRSVILLE,UNION-:-COOSA,21197.714314580207
UNION-:-BLAIRSVILLE,UNION-:-PAT COLWELL,18896.0617964266
UNION-:-BLAIRSVILLE,UNION-:-GUMLOG,37029.89111006834
UNION-:-BLAIRSVILLE,UNION-:-OWLTOWN,8840.206638316007
UNION-:-BLAIRSVILLE,UNION-:-TRACKROCK,39621.682229111095
UNION-:-CHOESTOE,UNION-:-SUCHES,10158.847909232774
UNION-:-CHOESTOE,WHITE-:-TESNATEE,525.0713411790033
UNION-:-CHOESTOE,WHITE-:-BLUE RIDGE,5588.249782941133
UNION-:-CHOESTOE,WHITE-:-ROBERTSTOWN-HELEN,38443.47025987121
UNION-:-CHOESTOE,UNION-:-OWLTOWN,62016.25355810541
UNION-:-CHOESTOE,UNION-:-TRACKROCK,43242.491208677806
UNION-:-COOSA,UNION-:-SUCHES,14280.709497416008
UNION-:-COOSA,UNION-:-JONES CREEK,41013.21286015601
UNION-:-COOSA,UNION-:-PAT COLWELL,19699.885195252264
UNION-:-COOSA,UNION-:-OWLTOWN,39953.758873926614
UNION-:-DOOLEY,UNION-:-PAT COLWELL,23398.199001038003
UNION-:-DOOLEY,UNION-:-IVY LOG,20772.3433559531
UNION-:-GUMLOG,UNION-:-PAT COLWELL,22188.673503267983
UNION-:-GUMLOG,UNION-:-IVY LOG,60994.45665800238
UNION-:-IVY LOG,UNION-:-PAT COLWELL,20940.92138722929
UNION-:-JONES CREEK,UNION-:-SUCHES,16980.641492481373
UNION-:-JONES CREEK,UNION-:-PAT COLWELL,18338.45590229394
UNION-:-OWLTOWN,UNION-:-SUCHES,18342.487654570916
UNION-:-OWLTOWN,UNION-:-TRACKROCK,31179.491148021527
UPSON-:-REDBONE,UPSON-:-YATESVILLE,40411.807792625994
UPSON-:-REDBONE,UPSON-:-TOWN,98425.23698209965
UPSON-:-SALEM,UPSON-:-YATESVILLE,41721.311861232745
UPSON-:-SALEM,UPSON-:-TOWN,28372.28175327381
UPSON-:-TOWN,UPSON-:-YATESVILLE,48843.260931717705
WALKER-:-ARMUCHEE VALLEY,WALKER-:-WALNUT GROVE,23620.24785811396
WALKER-:-ARMUCHEE VALLEY,WHITFIELD-:-CA,32668.863140842004
WALKER-:-ARMUCHEE VALLEY,WALKER-:-LA FAYETTE,18475.963709873504
WALKER-:-ARMUCHEE VALLEY,WHITFIELD-:-MC,14621.70212273277
WALKER-:-ARMUCHEE VALLEY,WHITFIELD-:-TR,23612.18211225438
WALKER-:-ARMUCHEE VALLEY,WALKER-:-ROCK SPRING,11523.765815689825
WALKER-:-CHATTANOOGA VALLEY,WALKER-:-MOUNTAIN,40513.92450694628
WALKER-:-CHATTANOOGA VALLEY,WALKER-:-CHICKAMAUGA,58341.32097430597
WALKER-:-CHATTANOOGA VALLEY,WALKER-:-FAIRVIEW,9401.879579686438
WALKER-:-CHATTANOOGA VALLEY,WALKER-:-ROSSVILLE,45301.264740351544
WALKER-:-CHATTANOOGA VALLEY,WALKER-:-FAIRYLAND,17580.21732948923
WALKER-:-CHICKAMAUGA,WALKER-:-KENSINGTON,39091.11703490858
WALKER-:-CHICKAMAUGA,WALKER-:-LA FAYETTE,10586.77794114836
WALKER-:-CHICKAMAUGA,WALKER-:-ROCK SPRING,40503.13722033791
WALKER-:-CHICKAMAUGA,WALKER-:-MOUNTAIN,14046.702927088865
WALKER-:-CHICKAMAUGA,WALKER-:-FAIRVIEW,17255.32759878993
WALKER-:-FAIRVIEW,WALKER-:-ROSSVILLE,32623.509931000477
WALKER-:-FAIRYLAND,WALKER-:-MOUNTAIN,5736.400095697585
WALKER-:-KENSINGTON,WALKER-:-WALNUT GROVE,92860.73858672791
WALKER-:-KENSINGTON,WALKER-:-LA FAYETTE,62004.47972863808
WALKER-:-KENSINGTON,WALKER-:-MOUNTAIN,110965.67230619508
WALKER-:-LA FAYETTE,WALKER-:-WALNUT GROVE,75931.51084229944
WALKER-:-LA FAYETTE,WALKER-:-ROCK SPRING,83074.58797009625
WALKER-:-ROCK SPRING,WHITFIELD-:-TR,19172.57837487627
WALTON-:-BAY CREEK,WALTON-:-BETWEEN,29860.172628462482
WALTON-:-BAY CREEK,WALTON-:-LOGANVILLE CENTRAL,24291.402591289647
WALTON-:-BAY CREEK,WALTON-:-WALKER PARK,5174.512200502021
WALTON-:-BAY CREEK,WALTON-:-BOLD SPRINGS,27800.79479602633
WALTON-:-BETWEEN,WALTON-:-BROKEN ARROW,18911.17455402521
WALTON-:-BETWEEN,WALTON-:-W MONROE,28728.094956710953
WALTON-:-BETWEEN,WALTON-:-CENTRAL MONROE,6093.896447872709
WALTON-:-BETWEEN,WALTON-:-LOGANVILLE CENTRAL,7612.904106412682
WALTON-:-BETWEEN,WALTON-:-WALKER PARK,12283.76537462963
WALTON-:-BLASINGAME,WALTON-:-SOCIAL CIRCLE,23173.40074601136
WALTON-:-BLASINGAME,WALTON-:-WHATLEY,24426.26756448636
WALTON-:-BLASINGAME,WALTON-:-GOOD HOPE,33499.746560432955
WALTON-:-BLASINGAME,WALTON-:-CENTRAL MONROE,11840.824755951997
WALTON-:-BOLD SPRINGS,WALTON-:-LOGANVILLE CENTRAL,2550.42798270397
WALTON-:-BOLD SPRINGS,WALTON-:-WALKER PARK,24888.762710739313
WALTON-:-BROKEN ARROW,WALTON-:-WALNUT GROVE,45053.744467530174
WALTON-:-BROKEN ARROW,WALTON-:-WEST WALTON,11234.655025592787
WALTON-:-BROKEN ARROW,WALTON-:-TARA,17106.522172144483
WALTON-:-BROKEN ARROW,WALTON-:-LOGANVILLE CENTRAL,8735.67399670118
WALTON-:-CENTRAL MONROE,WALTON-:-WHATLEY,1197.0292944990294
WALTON-:-CENTRAL MONROE,WALTON-:-W MONROE,6079.140293649157
WALTON-:-CENTRAL MONROE,WALTON-:-SOUTH MONROE,36552.49088136654
WALTON-:-CENTRAL MONROE,WALTON-:-GOOD HOPE,17510.933677518602
WALTON-:-CENTRAL MONROE,WALTON-:-MOUNTAIN,11299.567458368465
WALTON-:-CENTRAL MONROE,WALTON-:-GRATIS,19217.05411384102
WALTON-:-CENTRAL MONROE,WALTON-:-WALKER PARK,34872.79228490381
WALTON-:-GOOD HOPE,WALTON-:-MOUNTAIN,33018.689984021396
WALTON-:-GRATIS,WALTON-:-MOUNTAIN,25403.658402601675
WALTON-:-GRATIS,WALTON-:-WALKER PARK,26887.375303348705
WALTON-:-JERSEY,WALTON-:-SOCIAL CIRCLE,20008.443239353528
WALTON-:-JERSEY,WALTON-:-WHATLEY,24635.2375573585
WALTON-:-JERSEY,WALTON-:-WALNUT GROVE,28583.79694626056
WALTON-:-JERSEY,WALTON-:-W MONROE,9876.92738108865
WALTON-:-LOGANVILLE CENTRAL,WALTON-:-WEST WALTON,23410.3725671341
WALTON-:-LOGANVILLE CENTRAL,WALTON-:-TARA,35750.5637541082
WALTON-:-SOCIAL CIRCLE,WALTON-:-WHATLEY,39259.654940660206
WALTON-:-SOUTH MONROE,WALTON-:-W MONROE,59148.31754647882
WALTON-:-TARA,WALTON-:-WEST WALTON,21265.663645443845
WALTON-:-W MONROE,WALTON-:-WHATLEY,29782.45732611447
WALTON-:-W MONROE,WALTON-:-WALNUT GROVE,18218.58988330903
WARE-:-100 - CITY AUDITORIUM,WARE-:-400 - SECOND BAPTIST CHURCH,14170.498875054504
WARE-:-100 - CITY AUDITORIUM,WARE-:-200B - CITY AUDITORIUM,24880.539479001396
WARE-:-100 - CITY AUDITORIUM,WARE-:-304 - EMERSON PARK,30541.06920210554
WARE-:-100 - CITY AUDITORIUM,WARE-:-200A - MEMORIAL STADIUM,13289.362736531872
WARE-:-100 - CITY AUDITORIUM,WARE-:-300 - WARE BOE TRANSPORTATION,37190.062883203645
WARE-:-200A - MEMORIAL STADIUM,WARE-:-200B - CITY AUDITORIUM,4750.255294342175
WARE-:-200A - MEMORIAL STADIUM,WARE-:-200C- SECOND BAPTIST CHURCH,15059.430940175576
WARE-:-200A - MEMORIAL STADIUM,WARE-:-300 - WARE BOE TRANSPORTATION,7861.977013958675
WARE-:-200B - CITY AUDITORIUM,WARE-:-400 - SECOND BAPTIST CHURCH,28658.070666433952
WARE-:-200B - CITY AUDITORIUM,WARE-:-200C- SECOND BAPTIST CHURCH,61870.04162790779
WARE-:-200C- SECOND BAPTIST CHURCH,WARE-:-400 - SECOND BAPTIST CHURCH,54622.85511035549
WARE-:-300 - WARE BOE TRANSPORTATION,WARE-:-304 - EMERSON PARK,19211.251236540193
WARE-:-300 - WARE BOE TRANSPORTATION,WARE-:-409 - WARESBORO CHURCH OF GOD,4471.502786766313
WARE-:-300 - WARE BOE TRANSPORTATION,WARE-:-406 - JAMESTOWN BAPTIST CHURCH,30177.343369118917
WARE-:-304 - EMERSON PARK,WARE-:-407 - MANOR COMMMUNITY CENTER,33599.400133466086
WARE-:-304 - EMERSON PARK,WARE-:-400 - SECOND BAPTIST CHURCH,4807.83855905737
WARE-:-304 - EMERSON PARK,WARE-:-409 - WARESBORO CHURCH OF GOD,40729.502532758415
WARE-:-400 - SECOND BAPTIST CHURCH,WARE-:-407 - MANOR COMMMUNITY CENTER,114039.3504508277
WARE-:-404 - BICKLEY UM CHURCH,WARE-:-408 - MILLWOOD BAPTIST CHURCH,35382.17693576422
WARE-:-404 - BICKLEY UM CHURCH,WARE-:-405 - HAYWOOD BAPTIST CHURCH,92224.17831075004
WARE-:-405 - HAYWOOD BAPTIST CHURCH,WARE-:-409 - WARESBORO CHURCH OF GOD,51344.27287524206
WARE-:-405 - HAYWOOD BAPTIST CHURCH,WARE-:-406 - JAMESTOWN BAPTIST CHURCH,47030.795433267784
WARE-:-406 - JAMESTOWN BAPTIST CHURCH,WARE-:-409 - WARESBORO CHURCH OF GOD,28368.691171528604
WARE-:-407 - MANOR COMMMUNITY CENTER,WARE-:-408 - MILLWOOD BAPTIST CHURCH,56013.11229149
WARE-:-407 - MANOR COMMMUNITY CENTER,WARE-:-409 - WARESBORO CHURCH OF GOD,31599.27392587848
WARE-:-408 - MILLWOOD BAPTIST CHURCH,WARE-:-409 - WARESBORO CHURCH OF GOD,66039.56807123881
WARREN-:-WARRENTON,WILKES-:-YOUNG FAMER'S BLDG,20981.886372475103
WASHINGTON-:-DAVISBORO,WASHINGTON-:-RIDDLEVILLE,63080.272020786055
WASHINGTON-:-DAVISBORO,WASHINGTON-:-TENNILLE,2136.6525399696316
WASHINGTON-:-DAVISBORO,WASHINGTON-:-SANDERSVILLE,79998.12287078642
WASHINGTON-:-DAVISBORO,WASHINGTON-:-WARTHEN,62085.981910974115
WASHINGTON-:-DEEPSTEP,WASHINGTON-:-OCONEE,31459.781458843558
WASHINGTON-:-DEEPSTEP,WASHINGTON-:-SANDERSVILLE,53057.623749661754
WASHINGTON-:-DEEPSTEP,WASHINGTON-:-WARTHEN,31198.107678040706
WASHINGTON-:-HARRISON,WASHINGTON-:-OCONEE,25588.952507884387
WASHINGTON-:-HARRISON,WASHINGTON-:-RIDDLEVILLE,75761.05992720126
WASHINGTON-:-HARRISON,WASHINGTON-:-TENNILLE,57452.68025554624
WASHINGTON-:-OCONEE,WILKINSON-:-LORD,75124.19165398004
WASHINGTON-:-OCONEE,WILKINSON-:-BLOODWORTH,67410.18460835466
WASHINGTON-:-OCONEE,WASHINGTON-:-TENNILLE,48715.95439607038
WASHINGTON-:-OCONEE,WASHINGTON-:-SANDERSVILLE,29594.84776890818
WASHINGTON-:-RIDDLEVILLE,WASHINGTON-:-TENNILLE,16327.54618821543
WASHINGTON-:-SANDERSVILLE,WASHINGTON-:-TENNILLE,79544.48469501226
WASHINGTON-:-SANDERSVILLE,WASHINGTON-:-WARTHEN,60020.473434760985
WAYNE-:-ALTAMAHA,WAYNE-:-GARDI,60029.42646846089
WAYNE-:-ALTAMAHA,WAYNE-:-PINE STREET,28972.27873047399
WAYNE-:-ALTAMAHA,WAYNE-:-VFW,5315.245502064688
WAYNE-:-ALTAMAHA,WAYNE-:-OGLETHORPE,60418.08987699605
WAYNE-:-EMPIRE,WAYNE-:-SCREVEN,80340.50249805897
WAYNE-:-EMPIRE,WAYNE-:-REC CENTER,8862.7831479997
WAYNE-:-EMPIRE,WAYNE-:-UNITY,22622.516343517178
WAYNE-:-EMPIRE,WAYNE-:-RED HILL,9751.798180619653
WAYNE-:-EMPIRE,WAYNE-:-ODUM,60634.760674308964
WAYNE-:-GARDI,WAYNE-:-SCREVEN,45967.95912948738
WAYNE-:-GARDI,WAYNE-:-REC CENTER,43703.777846842044
WAYNE-:-GARDI,WAYNE-:-PINE STREET,8490.972991982278
WAYNE-:-MADRAY SPRINGS,WAYNE-:-OGLETHORPE,54464.15918066133
WAYNE-:-MADRAY SPRINGS,WAYNE-:-ODUM,54342.22762942268
WAYNE-:-ODUM,WAYNE-:-RED HILL,31063.194608546935
WAYNE-:-ODUM,WAYNE-:-OGLETHORPE,25051.574105446554
WAYNE-:-OGLETHORPE,WAYNE-:-UNITY,5705.068544656357
WAYNE-:-OGLETHORPE,WAYNE-:-VFW,3594.6693996022263
WAYNE-:-OGLETHORPE,WAYNE-:-RED HILL,30819.76887570886
WAYNE-:-PINE STREET,WAYNE-:-REC CENTER,68974.86721644212
WAYNE-:-PINE STREET,WAYNE-:-VFW,9325.315951774915
WAYNE-:-REC CENTER,WAYNE-:-SCREVEN,38006.341377384226
WAYNE-:-REC CENTER,WAYNE-:-UNITY,17015.004344387886
WAYNE-:-RED HILL,WAYNE-:-UNITY,30315.591455875925
WAYNE-:-UNITY,WAYNE-:-VFW,55488.07938834253
WHEELER-:-ALAMO,WHEELER-:-GLENWOOD,130684.60652199235
WHITE-:-BLUE CREEK,WHITE-:-WHITE CREEK,27140.679793116335
WHITE-:-BLUE CREEK,WHITE-:-NACOOCHEE,30442.89819860335
WHITE-:-BLUE CREEK,WHITE-:-MT YONAH,50563.18806675869
WHITE-:-BLUE CREEK,WHITE-:-TESNATEE,2549.442663363543
WHITE-:-BLUE RIDGE,WHITE-:-TOWN CREEK,37344.3437471124
WHITE-:-BLUE RIDGE,WHITE-:-MT YONAH,2506.4277192998284
WHITE-:-BLUE RIDGE,WHITE-:-TESNATEE,39008.61014103747
WHITE-:-MOSSY CREEK,WHITE-:-SHOAL CREEK,24585.077267361434
WHITE-:-MOSSY CREEK,WHITE-:-WHITE CREEK,43291.5546997089
WHITE-:-MOSSY CREEK,WHITE-:-MT YONAH,23658.555542382797
WHITE-:-MT YONAH,WHITE-:-SHOAL CREEK,35066.61296320721
WHITE-:-MT YONAH,WHITE-:-WHITE CREEK,5143.480942264596
WHITE-:-MT YONAH,WHITE-:-TOWN CREEK,32772.399259754384
WHITE-:-MT YONAH,WHITE-:-TESNATEE,41792.64970919041
WHITE-:-NACOOCHEE,WHITE-:-ROBERTSTOWN-HELEN,84607.64657286617
WHITE-:-ROBERTSTOWN-HELEN,WHITE-:-TESNATEE,60343.987601322384
WHITE-:-SHOAL CREEK,WHITE-:-TOWN CREEK,22718.962611986284
WHITFIELD-:-1A,WHITFIELD-:-3A,10165.357569741029
WHITFIELD-:-1A,WHITFIELD-:-2A,9838.860617617398
WHITFIELD-:-1A,WHITFIELD-:-5A,8532.008168899629
WHITFIELD-:-1A,WHITFIELD-:-PG,5775.195994327679
WHITFIELD-:-2A,WHITFIELD-:-DG,4354.440738389268
WHITFIELD-:-2A,WHITFIELD-:-4A,9597.445771463541
WHITFIELD-:-2A,WHITFIELD-:-3A,9088.849331320951
WHITFIELD-:-2A,WHITFIELD-:-MC,20235.28310016943
WHITFIELD-:-2A,WHITFIELD-:-WS,29266.34696142078
WHITFIELD-:-2A,WHITFIELD-:-TH,26819.28164699734
WHITFIELD-:-2A,WHITFIELD-:-PG,23108.67056127616
WHITFIELD-:-2A,WHITFIELD-:-VA,418.8506996850528
WHITFIELD-:-3A,WHITFIELD-:-4A,7828.439989132505
WHITFIELD-:-3A,WHITFIELD-:-6A,4699.818875163198
WHITFIELD-:-4A,WHITFIELD-:-DG,15284.300855413923
WHITFIELD-:-4A,WHITFIELD-:-AN,3898.758659476874
WHITFIELD-:-5A,WHITFIELD-:-6A,8091.352807113226
WHITFIELD-:-5A,WHITFIELD-:-ES,15359.863118443898
WHITFIELD-:-5A,WHITFIELD-:-GL,16672.561804813897
WHITFIELD-:-5A,WHITFIELD-:-PG,846.3473974967164
WHITFIELD-:-6A,WHITFIELD-:-AN,10700.722510472424
WHITFIELD-:-6A,WHITFIELD-:-ES,6747.1108098503955
WHITFIELD-:-AN,WHITFIELD-:-DG,14891.623375230954
WHITFIELD-:-AN,WHITFIELD-:-TI,21147.179625246124
WHITFIELD-:-AN,WHITFIELD-:-FI,24331.224823626202
WHITFIELD-:-AN,WHITFIELD-:-ES,2065.2363499620847
WHITFIELD-:-CA,WHITFIELD-:-DG,18826.456610909936
WHITFIELD-:-CA,WHITFIELD-:-TI,38007.92691493311
WHITFIELD-:-CA,WHITFIELD-:-MC,14186.152685462594
WHITFIELD-:-CO,WHITFIELD-:-VA,35217.0154926476
WHITFIELD-:-CO,WHITFIELD-:-UT,32867.87927107362
WHITFIELD-:-DG,WHITFIELD-:-TI,3455.449853987543
WHITFIELD-:-DG,WHITFIELD-:-MC,21145.12898625563
WHITFIELD-:-ES,WHITFIELD-:-FI,19385.832749467856
WHITFIELD-:-ES,WHITFIELD-:-NI,18324.52896487725
WHITFIELD-:-ES,WHITFIELD-:-GL,6449.161929731086
WHITFIELD-:-GL,WHITFIELD-:-NI,41253.001895628826
WHITFIELD-:-GL,WHITFIELD-:-PG,26081.60624547821
WHITFIELD-:-GL,WHITFIELD-:-LT,5506.9333590582055
WHITFIELD-:-GL,WHITFIELD-:-VA,14029.785574556077
WHITFIELD-:-LT,WHITFIELD-:-NI,24593.613798591115
WHITFIELD-:-LT,WHITFIELD-:-VA,14203.184731189082
WHITFIELD-:-LT,WHITFIELD-:-UT,27011.044176407057
WHITFIELD-:-MC,WHITFIELD-:-TR,17815.259878255103
WHITFIELD-:-MC,WHITFIELD-:-WS,20141.216721050005
WHITFIELD-:-PG,WHITFIELD-:-VA,12479.654828567616
WHITFIELD-:-TH,WHITFIELD-:-TR,2263.1309766429213
WHITFIELD-:-TH,WHITFIELD-:-WS,20530.853541938148
WHITFIELD-:-TH,WHITFIELD-:-VA,23445.711386916577
WHITFIELD-:-TR,WHITFIELD-:-WS,24181.564937392734
WHITFIELD-:-UT,WHITFIELD-:-VA,17962.113351560165
WILCOX-:-ABBEVILLE NORTH 2,WILCOX-:-ABBEVILLE SOUTH 5,56656.48132223459
WILCOX-:-ABBEVILLE NORTH 2,WILCOX-:-ROCHELLE SOUTH 4,60562.85476220302
WILCOX-:-ABBEVILLE NORTH 2,WILCOX-:-PINEVIEW 2,12930.642042957255
WILCOX-:-ABBEVILLE SOUTH 5,WILCOX-:-ROCHELLE SOUTH 4,75764.6964948835
WILCOX-:-PINEVIEW 2,WILCOX-:-PITTS 3,19308.062594185576
WILCOX-:-PINEVIEW 2,WILCOX-:-ROCHELLE SOUTH 4,103150.20409101498
WILCOX-:-PINEVIEW 2,WILCOX-:-ROCHELLE NORTH 1,20005.99869257146
WILCOX-:-PITTS 3,WILCOX-:-ROCHELLE SOUTH 4,54427.408839515425
WILCOX-:-PITTS 3,WILCOX-:-ROCHELLE NORTH 1,42006.30621667018
WILCOX-:-ROCHELLE NORTH 1,WILCOX-:-ROCHELLE SOUTH 4,55090.65960065362
WILKES-:-COURTHOUSE,WILKES-:-SENIOR CITIZEN CENTER,10468.885673464229
WILKES-:-COURTHOUSE,WILKES-:-EDWARD B POPE CENTER,24424.60181346357
WILKES-:-COURTHOUSE,WILKES-:-RAYLE CITY HALL,44511.75966379005
WILKES-:-COURTHOUSE,WILKES-:-YOUNG FAMER'S BLDG,43435.76785084704
WILKES-:-COURTHOUSE,WILKES-:-TIGNALL SCH LUNCH RM,61513.499604127705
WILKES-:-EDWARD B POPE CENTER,WILKES-:-SENIOR CITIZEN CENTER,88995.78789937921
WILKES-:-EDWARD B POPE CENTER,WILKES-:-RAYLE CITY HALL,46293.13304434097
WILKES-:-METASVILLE FIRE STA,WILKES-:-YOUNG FAMER'S BLDG,129721.92591248298
WILKES-:-METASVILLE FIRE STA,WILKES-:-TIGNALL SCH LUNCH RM,53309.97801609538
WILKES-:-RAYLE CITY HALL,WILKES-:-SENIOR CITIZEN CENTER,12637.504151711955
WILKES-:-RAYLE CITY HALL,WILKES-:-TIGNALL SCH LUNCH RM,25007.350408553197
WILKES-:-SENIOR CITIZEN CENTER,WILKES-:-YOUNG FAMER'S BLDG,62893.67793974324
WILKES-:-TIGNALL SCH LUNCH RM,WILKES-:-YOUNG FAMER'S BLDG,8397.557753901776
WILKINSON-:-BLOODWORTH,WILKINSON-:-LORD,85639.19850605947
WILKINSON-:-BLOODWORTH,WILKINSON-:-MIDWAY,30017.471752486657
WILKINSON-:-BLOODWORTH,WILKINSON-:-IVEY,47302.5452955557
WILKINSON-:-GRIFFIN,WILKINSON-:-TURKEY CREEK,28328.89546575455
WILKINSON-:-GRIFFIN,WILKINSON-:-HIGH HILL,44266.75030924778
WILKINSON-:-GRIFFIN,WILKINSON-:-LORD,41481.24201441722
WILKINSON-:-HIGH HILL,WILKINSON-:-TURKEY CREEK,45641.34264852777
WILKINSON-:-HIGH HILL,WILKINSON-:-IRWINTON,81674.20640080144
WILKINSON-:-HIGH HILL,WILKINSON-:-LORD,16325.380619878972
WILKINSON-:-IRWINTON,WILKINSON-:-LORD,43419.435370120314
WILKINSON-:-IRWINTON,WILKINSON-:-MIDWAY,31085.97810283192
WILKINSON-:-IRWINTON,WILKINSON-:-RAMAH,45730.86200237111
WILKINSON-:-IVEY,WILKINSON-:-MIDWAY,5276.310210979783
WILKINSON-:-IVEY,WILKINSON-:-RAMAH,54656.04716131737
WILKINSON-:-LORD,WILKINSON-:-MIDWAY,11243.013092623132
WILKINSON-:-MIDWAY,WILKINSON-:-RAMAH,20433.87940931316
WORTH-:-BRIDGEBORO,WORTH-:-MINTON,42872.54140538745
WORTH-:-BRIDGEBORO,WORTH-:-COUNTY LINE,23336.9889526229
WORTH-:-COUNTY LINE,WORTH-:-MINTON,16430.7047889664
WORTH-:-COUNTY LINE,WORTH-:-SYLVESTER,72026.71792062033
WORTH-:-DOLES,WORTH-:-ISABELLA,28210.4013312413
WORTH-:-DOLES,WORTH-:-SYLVESTER EAST,44851.53511309275
WORTH-:-DOLES,WORTH-:-RED ROCK,32544.272911330638
WORTH-:-DOLES,WORTH-:-WARWICK,101670.35536402732
WORTH-:-ISABELLA,WORTH-:-SYLVESTER,38270.11273439582
WORTH-:-ISABELLA,WORTH-:-SYLVESTER EAST,39723.89355691405
WORTH-:-ISABELLA,WORTH-:-RED ROCK,36171.20950603028
WORTH-:-MINTON,WORTH-:-SCOOTERVILLE,51083.849085604146
WORTH-:-MINTON,WORTH-:-SYLVESTER,25053.714896419024
WORTH-:-MINTON,WORTH-:-POULAN,29307.247786856005
WORTH-:-POULAN,WORTH-:-SYLVESTER,33523.96352587989
WORTH-:-POULAN,WORTH-:-SUMNER,77149.3769851207
WORTH-:-POULAN,WORTH-:-SYLVESTER EAST,43595.81247126465
WORTH-:-RED ROCK,WORTH-:-SYLVESTER,33284.21389784964
WORTH-:-RED ROCK,WORTH-:-WARWICK,19809.63052907689
WORTH-:-SCOOTERVILLE,WORTH-:-SUMNER,39683.969490769
WORTH-:-SYLVESTER,WORTH-:-SYLVESTER EAST,16398.496807142277
