plan_id,democrat_wins,republican_wins,minority_effective,opportunity_districts,ensemble
0,0,4,0,0,raceblind
1,0,4,0,0,raceblind
2,0,4,0,0,raceblind
3,0,4,0,0,raceblind
4,0,4,0,0,raceblind
5,0,4,0,0,raceblind
6,0,4,0,0,raceblind
7,0,4,0,0,raceblind
8,0,4,0,0,raceblind
9,0,4,0,0,raceblind
10,0,4,0,0,raceblind
11,0,4,0,0,raceblind
12,0,4,0,0,raceblind
13,0,4,0,0,raceblind
14,0,4,0,0,raceblind
15,0,4,0,0,raceblind
16,0,4,0,0,raceblind
17,0,4,0,0,raceblind
18,0,4,0,0,raceblind
19,0,4,0,0,raceblind
20,0,4,0,0,raceblind
21,0,4,0,0,raceblind
22,0,4,0,0,raceblind
23,0,4,0,0,raceblind
24,0,4,0,0,raceblind
25,0,4,0,0,raceblind
26,0,4,0,0,raceblind
27,0,4,0,0,raceblind
28,0,4,0,0,raceblind
29,0,4,0,0,raceblind
30,0,4,0,0,raceblind
31,0,4,0,0,raceblind
32,0,4,0,0,raceblind
33,0,4,0,0,raceblind
34,0,4,0,0,raceblind
35,0,4,0,0,raceblind
36,0,4,0,0,raceblind
37,0,4,0,0,raceblind
38,0,4,0,0,raceblind
39,0,4,0,0,raceblind
40,0,4,0,0,raceblind
41,0,4,0,0,raceblind
42,0,4,0,0,raceblind
43,0,4,0,0,raceblind
44,0,4,0,0,raceblind
45,0,4,0,0,raceblind
46,0,4,0,0,raceblind
47,0,4,0,0,raceblind
48,0,4,0,0,raceblind
49,0,4,0,0,raceblind
50,0,4,0,0,raceblind
51,0,4,0,0,raceblind
52,0,4,0,0,raceblind
53,0,4,0,0,raceblind
54,0,4,0,0,raceblind
55,0,4,0,0,raceblind
56,0,4,0,0,raceblind
57,0,4,0,0,raceblind
58,0,4,0,0,raceblind
59,0,4,0,0,raceblind
60,0,4,0,0,raceblind
61,0,4,0,0,raceblind
62,0,4,0,0,raceblind
63,0,4,0,0,raceblind
64,0,4,0,0,raceblind
65,0,4,0,0,raceblind
66,0,4,0,0,raceblind
67,0,4,0,0,raceblind
68,0,4,0,0,raceblind
69,0,4,0,0,raceblind
70,0,4,0,0,raceblind
71,0,4,0,0,raceblind
72,0,4,0,0,raceblind
73,0,4,0,0,raceblind
74,0,4,0,0,raceblind
75,0,4,0,0,raceblind
76,0,4,0,0,raceblind
77,0,4,0,0,raceblind
78,0,4,0,0,raceblind
79,0,4,0,0,raceblind
80,0,4,0,0,raceblind
81,0,4,0,0,raceblind
82,0,4,0,0,raceblind
83,0,4,0,0,raceblind
84,0,4,0,0,raceblind
85,0,4,0,0,raceblind
86,0,4,0,0,raceblind
87,0,4,0,0,raceblind
88,0,4,0,0,raceblind
89,0,4,0,0,raceblind
90,0,4,0,0,raceblind
91,0,4,0,0,raceblind
92,0,4,0,0,raceblind
93,0,4,0,0,raceblind
94,0,4,0,0,raceblind
95,0,4,0,0,raceblind
96,0,4,0,0,raceblind
97,0,4,0,0,raceblind
98,0,4,0,0,raceblind
99,0,4,0,0,raceblind
100,0,4,0,0,raceblind
101,0,4,0,0,raceblind
102,0,4,0,0,raceblind
103,0,4,0,0,raceblind
104,0,4,0,0,raceblind
105,0,4,0,0,raceblind
106,0,4,0,0,raceblind
107,0,4,0,0,raceblind
108,0,4,0,0,raceblind
109,0,4,0,0,raceblind
110,0,4,0,0,raceblind
111,0,4,0,0,raceblind
112,0,4,0,0,raceblind
113,0,4,0,0,raceblind
114,0,4,0,0,raceblind
115,0,4,0,0,raceblind
116,0,4,0,0,raceblind
117,0,4,0,0,raceblind
118,0,4,0,0,raceblind
119,0,4,0,0,raceblind
120,0,4,0,0,raceblind
121,0,4,0,0,raceblind
122,0,4,0,0,raceblind
123,0,4,0,0,raceblind
124,0,4,0,0,raceblind
125,0,4,0,0,raceblind
126,0,4,0,0,raceblind
127,0,4,0,0,raceblind
128,0,4,0,0,raceblind
129,0,4,0,0,raceblind
130,0,4,0,0,raceblind
131,0,4,0,0,raceblind
132,0,4,0,0,raceblind
133,0,4,0,0,raceblind
134,0,4,0,0,raceblind
135,0,4,0,0,raceblind
136,0,4,0,0,raceblind
137,0,4,0,0,raceblind
138,0,4,0,0,raceblind
139,0,4,0,0,raceblind
140,0,4,0,0,raceblind
141,0,4,0,0,raceblind
142,0,4,0,0,raceblind
143,0,4,0,0,raceblind
144,0,4,0,0,raceblind
145,0,4,0,0,raceblind
146,0,4,0,0,raceblind
147,0,4,0,0,raceblind
148,0,4,0,0,raceblind
149,0,4,0,0,raceblind
150,0,4,0,0,raceblind
151,0,4,0,0,raceblind
152,0,4,0,0,raceblind
153,0,4,0,0,raceblind
154,0,4,0,0,raceblind
155,0,4,0,0,raceblind
156,0,4,0,0,raceblind
157,0,4,0,0,raceblind
158,0,4,0,0,raceblind
159,0,4,0,0,raceblind
160,0,4,0,0,raceblind
161,0,4,0,0,raceblind
162,0,4,0,0,raceblind
163,0,4,0,0,raceblind
164,0,4,0,0,raceblind
165,0,4,0,0,raceblind
166,0,4,0,0,raceblind
167,0,4,0,0,raceblind
168,0,4,0,0,raceblind
169,0,4,0,0,raceblind
170,0,4,0,0,raceblind
171,0,4,0,0,raceblind
172,0,4,0,0,raceblind
173,0,4,0,0,raceblind
174,0,4,0,0,raceblind
175,0,4,0,0,raceblind
176,0,4,0,0,raceblind
177,0,4,0,0,raceblind
178,0,4,0,0,raceblind
179,0,4,0,0,raceblind
180,0,4,0,0,raceblind
181,0,4,0,0,raceblind
182,0,4,0,0,raceblind
183,0,4,0,0,raceblind
184,0,4,0,0,raceblind
185,0,4,0,0,raceblind
186,0,4,0,0,raceblind
187,0,4,0,0,raceblind
188,0,4,0,0,raceblind
189,0,4,0,0,raceblind
190,0,4,0,0,raceblind
191,0,4,0,0,raceblind
192,0,4,0,0,raceblind
193,0,4,0,0,raceblind
194,0,4,0,0,raceblind
195,0,4,0,0,raceblind
196,0,4,0,0,raceblind
197,0,4,0,0,raceblind
198,0,4,0,0,raceblind
199,0,4,0,0,raceblind
200,0,4,0,0,raceblind
201,0,4,0,0,raceblind
202,0,4,0,0,raceblind
203,0,4,0,0,raceblind
204,0,4,0,0,raceblind
205,0,4,0,0,raceblind
206,0,4,0,0,raceblind
207,0,4,0,0,raceblind
208,0,4,0,0,raceblind
209,0,4,0,0,raceblind
210,0,4,0,0,raceblind
211,0,4,0,0,raceblind
212,0,4,0,0,raceblind
213,0,4,0,0,raceblind
214,0,4,0,0,raceblind
215,0,4,0,0,raceblind
216,0,4,0,0,raceblind
217,0,4,0,0,raceblind
218,0,4,0,0,raceblind
219,0,4,0,0,raceblind
220,0,4,0,0,raceblind
221,0,4,0,0,raceblind
222,0,4,0,0,raceblind
223,0,4,0,0,raceblind
224,0,4,0,0,raceblind
225,0,4,0,0,raceblind
226,0,4,0,0,raceblind
227,0,4,0,0,raceblind
228,0,4,0,0,raceblind
229,0,4,0,0,raceblind
230,0,4,0,0,raceblind
231,0,4,0,0,raceblind
232,0,4,0,0,raceblind
233,0,4,0,0,raceblind
234,0,4,0,0,raceblind
235,0,4,0,0,raceblind
236,0,4,0,0,raceblind
237,0,4,0,0,raceblind
238,0,4,0,0,raceblind
239,0,4,0,0,raceblind
240,0,4,0,0,raceblind
241,0,4,0,0,raceblind
242,0,4,0,0,raceblind
243,0,4,0,0,raceblind
244,0,4,0,0,raceblind
245,0,4,0,0,raceblind
246,0,4,0,0,raceblind
247,0,4,0,0,raceblind
248,0,4,0,0,raceblind
249,0,4,0,0,raceblind
250,0,4,0,0,raceblind
251,0,4,0,0,raceblind
252,0,4,0,0,raceblind
253,0,4,0,0,raceblind
254,0,4,0,0,raceblind
255,0,4,0,0,raceblind
256,0,4,0,0,raceblind
257,0,4,0,0,raceblind
258,0,4,0,0,raceblind
259,0,4,0,0,raceblind
260,0,4,0,0,raceblind
261,0,4,0,0,raceblind
262,0,4,0,0,raceblind
263,0,4,0,0,raceblind
264,0,4,0,0,raceblind
265,0,4,0,0,raceblind
266,0,4,0,0,raceblind
267,0,4,0,0,raceblind
268,0,4,0,0,raceblind
269,0,4,0,0,raceblind
270,0,4,0,0,raceblind
271,0,4,0,0,raceblind
272,0,4,0,0,raceblind
273,0,4,0,0,raceblind
274,0,4,0,0,raceblind
275,0,4,0,0,raceblind
276,0,4,0,0,raceblind
277,0,4,0,0,raceblind
278,0,4,0,0,raceblind
279,0,4,0,0,raceblind
280,0,4,0,0,raceblind
281,0,4,0,0,raceblind
282,0,4,0,0,raceblind
283,0,4,0,0,raceblind
284,0,4,0,0,raceblind
285,0,4,0,0,raceblind
286,0,4,0,0,raceblind
287,0,4,0,0,raceblind
288,0,4,0,0,raceblind
289,0,4,0,0,raceblind
290,0,4,0,0,raceblind
291,0,4,0,0,raceblind
292,0,4,0,0,raceblind
293,0,4,0,0,raceblind
294,0,4,0,0,raceblind
295,0,4,0,0,raceblind
296,0,4,0,0,raceblind
297,0,4,0,0,raceblind
298,0,4,0,0,raceblind
299,0,4,0,0,raceblind
300,0,4,0,0,raceblind
301,0,4,0,0,raceblind
302,0,4,0,0,raceblind
303,0,4,0,0,raceblind
304,0,4,0,0,raceblind
305,0,4,0,0,raceblind
306,0,4,0,0,raceblind
307,0,4,0,0,raceblind
308,0,4,0,0,raceblind
309,0,4,0,0,raceblind
310,0,4,0,0,raceblind
311,0,4,0,0,raceblind
312,0,4,0,0,raceblind
313,0,4,0,0,raceblind
314,0,4,0,0,raceblind
315,0,4,0,0,raceblind
316,0,4,0,0,raceblind
317,0,4,0,0,raceblind
318,0,4,0,0,raceblind
319,0,4,0,0,raceblind
320,0,4,0,0,raceblind
321,0,4,0,0,raceblind
322,0,4,0,0,raceblind
323,0,4,0,0,raceblind
324,0,4,0,0,raceblind
325,0,4,0,0,raceblind
326,0,4,0,0,raceblind
327,0,4,0,0,raceblind
328,0,4,0,0,raceblind
329,0,4,0,0,raceblind
330,0,4,0,0,raceblind
331,0,4,0,0,raceblind
332,0,4,0,0,raceblind
333,0,4,0,0,raceblind
334,0,4,0,0,raceblind
335,0,4,0,0,raceblind
336,0,4,0,0,raceblind
337,0,4,0,0,raceblind
338,0,4,0,0,raceblind
339,0,4,0,0,raceblind
340,0,4,0,0,raceblind
341,0,4,0,0,raceblind
342,0,4,0,0,raceblind
343,0,4,0,0,raceblind
344,0,4,0,0,raceblind
345,0,4,0,0,raceblind
346,0,4,0,0,raceblind
347,0,4,0,0,raceblind
348,0,4,0,0,raceblind
349,0,4,0,0,raceblind
350,0,4,0,0,raceblind
351,0,4,0,0,raceblind
352,0,4,0,0,raceblind
353,0,4,0,0,raceblind
354,0,4,0,0,raceblind
355,0,4,0,0,raceblind
356,0,4,0,0,raceblind
357,0,4,0,0,raceblind
358,0,4,0,0,raceblind
359,0,4,0,0,raceblind
360,0,4,0,0,raceblind
361,0,4,0,0,raceblind
362,0,4,0,0,raceblind
363,0,4,0,0,raceblind
364,0,4,0,0,raceblind
365,0,4,0,0,raceblind
366,0,4,0,0,raceblind
367,0,4,0,0,raceblind
368,0,4,0,0,raceblind
369,0,4,0,0,raceblind
370,0,4,0,0,raceblind
371,0,4,0,0,raceblind
372,0,4,0,0,raceblind
373,0,4,0,0,raceblind
374,0,4,0,0,raceblind
375,0,4,0,0,raceblind
376,0,4,0,0,raceblind
377,0,4,0,0,raceblind
378,0,4,0,0,raceblind
379,0,4,0,0,raceblind
380,0,4,0,0,raceblind
381,0,4,0,0,raceblind
382,0,4,0,0,raceblind
383,0,4,0,0,raceblind
384,0,4,0,0,raceblind
385,0,4,0,0,raceblind
386,0,4,0,0,raceblind
387,0,4,0,0,raceblind
388,0,4,0,0,raceblind
389,0,4,0,0,raceblind
390,0,4,0,0,raceblind
391,0,4,0,0,raceblind
392,0,4,0,0,raceblind
393,0,4,0,0,raceblind
394,0,4,0,0,raceblind
395,0,4,0,0,raceblind
396,0,4,0,0,raceblind
397,0,4,0,0,raceblind
398,0,4,0,0,raceblind
399,0,4,0,0,raceblind
400,0,4,0,0,raceblind
401,0,4,0,0,raceblind
402,0,4,0,0,raceblind
403,0,4,0,0,raceblind
404,0,4,0,0,raceblind
405,0,4,0,0,raceblind
406,0,4,0,0,raceblind
407,0,4,0,0,raceblind
408,0,4,0,0,raceblind
409,0,4,0,0,raceblind
410,0,4,0,0,raceblind
411,0,4,0,0,raceblind
412,0,4,0,0,raceblind
413,0,4,0,0,raceblind
414,0,4,0,0,raceblind
415,0,4,0,0,raceblind
416,0,4,0,0,raceblind
417,0,4,0,0,raceblind
418,0,4,0,0,raceblind
419,0,4,0,0,raceblind
420,0,4,0,0,raceblind
421,0,4,0,0,raceblind
422,0,4,0,0,raceblind
423,0,4,0,0,raceblind
424,0,4,0,0,raceblind
425,0,4,0,0,raceblind
426,0,4,0,0,raceblind
427,0,4,0,0,raceblind
428,0,4,0,0,raceblind
429,0,4,0,0,raceblind
430,0,4,0,0,raceblind
431,0,4,0,0,raceblind
432,0,4,0,0,raceblind
433,0,4,0,0,raceblind
434,0,4,0,0,raceblind
435,0,4,0,0,raceblind
436,0,4,0,0,raceblind
437,0,4,0,0,raceblind
438,0,4,0,0,raceblind
439,0,4,0,0,raceblind
440,0,4,0,0,raceblind
441,0,4,0,0,raceblind
442,0,4,0,0,raceblind
443,0,4,0,0,raceblind
444,0,4,0,0,raceblind
445,0,4,0,0,raceblind
446,0,4,0,0,raceblind
447,0,4,0,0,raceblind
448,0,4,0,0,raceblind
449,0,4,0,0,raceblind
450,0,4,0,0,raceblind
451,0,4,0,0,raceblind
452,0,4,0,0,raceblind
453,0,4,0,0,raceblind
454,0,4,0,0,raceblind
455,0,4,0,0,raceblind
456,0,4,0,0,raceblind
457,0,4,0,0,raceblind
458,0,4,0,0,raceblind
459,0,4,0,0,raceblind
460,0,4,0,0,raceblind
461,0,4,0,0,raceblind
462,0,4,0,0,raceblind
463,0,4,0,0,raceblind
464,0,4,0,0,raceblind
465,0,4,0,0,raceblind
466,0,4,0,0,raceblind
467,0,4,0,0,raceblind
468,0,4,0,0,raceblind
469,0,4,0,0,raceblind
470,0,4,0,0,raceblind
471,0,4,0,0,raceblind
472,0,4,0,0,raceblind
473,0,4,0,0,raceblind
474,0,4,0,0,raceblind
475,0,4,0,0,raceblind
476,0,4,0,0,raceblind
477,0,4,0,0,raceblind
478,0,4,0,0,raceblind
479,0,4,0,0,raceblind
480,0,4,0,0,raceblind
481,0,4,0,0,raceblind
482,0,4,0,0,raceblind
483,0,4,0,0,raceblind
484,0,4,0,0,raceblind
485,0,4,0,0,raceblind
486,0,4,0,0,raceblind
487,0,4,0,0,raceblind
488,0,4,0,0,raceblind
489,0,4,0,0,raceblind
490,0,4,0,0,raceblind
491,0,4,0,0,raceblind
492,0,4,0,0,raceblind
493,0,4,0,0,raceblind
494,0,4,0,0,raceblind
495,0,4,0,0,raceblind
496,0,4,0,0,raceblind
497,0,4,0,0,raceblind
498,0,4,0,0,raceblind
499,0,4,0,0,raceblind
500,0,4,0,0,raceblind
501,0,4,0,0,raceblind
502,0,4,0,0,raceblind
503,0,4,0,0,raceblind
504,0,4,0,0,raceblind
505,0,4,0,0,raceblind
506,0,4,0,0,raceblind
507,0,4,0,0,raceblind
508,0,4,0,0,raceblind
509,0,4,0,0,raceblind
510,0,4,0,0,raceblind
511,0,4,0,0,raceblind
512,0,4,0,0,raceblind
513,0,4,0,0,raceblind
514,0,4,0,0,raceblind
515,0,4,0,0,raceblind
516,0,4,0,0,raceblind
517,0,4,0,0,raceblind
518,0,4,0,0,raceblind
519,0,4,0,0,raceblind
520,0,4,0,0,raceblind
521,0,4,0,0,raceblind
522,0,4,0,0,raceblind
523,0,4,0,0,raceblind
524,0,4,0,0,raceblind
525,0,4,0,0,raceblind
526,0,4,0,0,raceblind
527,0,4,0,0,raceblind
528,0,4,0,0,raceblind
529,0,4,0,0,raceblind
530,0,4,0,0,raceblind
531,0,4,0,0,raceblind
532,0,4,0,0,raceblind
533,0,4,0,0,raceblind
534,0,4,0,0,raceblind
535,0,4,0,0,raceblind
536,0,4,0,0,raceblind
537,0,4,0,0,raceblind
538,0,4,0,0,raceblind
539,0,4,0,0,raceblind
540,0,4,0,0,raceblind
541,0,4,0,0,raceblind
542,0,4,0,0,raceblind
543,0,4,0,0,raceblind
544,0,4,0,0,raceblind
545,0,4,0,0,raceblind
546,0,4,0,0,raceblind
547,0,4,0,0,raceblind
548,0,4,0,0,raceblind
549,0,4,0,0,raceblind
550,0,4,0,0,raceblind
551,0,4,0,0,raceblind
552,0,4,0,0,raceblind
553,0,4,0,0,raceblind
554,0,4,0,0,raceblind
555,0,4,0,0,raceblind
556,0,4,0,0,raceblind
557,0,4,0,0,raceblind
558,0,4,0,0,raceblind
559,0,4,0,0,raceblind
560,0,4,0,0,raceblind
561,0,4,0,0,raceblind
562,0,4,0,0,raceblind
563,0,4,0,0,raceblind
564,0,4,0,0,raceblind
565,0,4,0,0,raceblind
566,0,4,0,0,raceblind
567,0,4,0,0,raceblind
568,0,4,0,0,raceblind
569,0,4,0,0,raceblind
570,0,4,0,0,raceblind
571,0,4,0,0,raceblind
572,0,4,0,0,raceblind
573,0,4,0,0,raceblind
574,0,4,0,0,raceblind
575,0,4,0,0,raceblind
576,0,4,0,0,raceblind
577,0,4,0,0,raceblind
578,0,4,0,0,raceblind
579,0,4,0,0,raceblind
580,0,4,0,0,raceblind
581,0,4,0,0,raceblind
582,0,4,0,0,raceblind
583,0,4,0,0,raceblind
584,0,4,0,0,raceblind
585,0,4,0,0,raceblind
586,0,4,0,0,raceblind
587,0,4,0,0,raceblind
588,0,4,0,0,raceblind
589,0,4,0,0,raceblind
590,0,4,0,0,raceblind
591,0,4,0,0,raceblind
592,0,4,0,0,raceblind
593,0,4,0,0,raceblind
594,0,4,0,0,raceblind
595,0,4,0,0,raceblind
596,0,4,0,0,raceblind
597,0,4,0,0,raceblind
598,0,4,0,0,raceblind
599,0,4,0,0,raceblind
600,0,4,0,0,raceblind
601,0,4,0,0,raceblind
602,0,4,0,0,raceblind
603,0,4,0,0,raceblind
604,0,4,0,0,raceblind
605,0,4,0,0,raceblind
606,0,4,0,0,raceblind
607,0,4,0,0,raceblind
608,0,4,0,0,raceblind
609,0,4,0,0,raceblind
610,0,4,0,0,raceblind
611,0,4,0,0,raceblind
612,0,4,0,0,raceblind
613,0,4,0,0,raceblind
614,0,4,0,0,raceblind
615,0,4,0,0,raceblind
616,0,4,0,0,raceblind
617,0,4,0,0,raceblind
618,0,4,0,0,raceblind
619,0,4,0,0,raceblind
620,0,4,0,0,raceblind
621,0,4,0,0,raceblind
622,0,4,0,0,raceblind
623,0,4,0,0,raceblind
624,0,4,0,0,raceblind
625,0,4,0,0,raceblind
626,0,4,0,0,raceblind
627,0,4,0,0,raceblind
628,0,4,0,0,raceblind
629,0,4,0,0,raceblind
630,0,4,0,0,raceblind
631,0,4,0,0,raceblind
632,0,4,0,0,raceblind
633,0,4,0,0,raceblind
634,0,4,0,0,raceblind
635,0,4,0,0,raceblind
636,0,4,0,0,raceblind
637,0,4,0,0,raceblind
638,0,4,0,0,raceblind
639,0,4,0,0,raceblind
640,0,4,0,0,raceblind
641,0,4,0,0,raceblind
642,0,4,0,0,raceblind
643,0,4,0,0,raceblind
644,0,4,0,0,raceblind
645,0,4,0,0,raceblind
646,0,4,0,0,raceblind
647,0,4,0,0,raceblind
648,0,4,0,0,raceblind
649,0,4,0,0,raceblind
650,0,4,0,0,raceblind
651,0,4,0,0,raceblind
652,0,4,0,0,raceblind
653,0,4,0,0,raceblind
654,0,4,0,0,raceblind
655,0,4,0,0,raceblind
656,0,4,0,0,raceblind
657,0,4,0,0,raceblind
658,0,4,0,0,raceblind
659,0,4,0,0,raceblind
660,0,4,0,0,raceblind
661,0,4,0,0,raceblind
662,0,4,0,0,raceblind
663,0,4,0,0,raceblind
664,0,4,0,0,raceblind
665,0,4,0,0,raceblind
666,0,4,0,0,raceblind
667,0,4,0,0,raceblind
668,0,4,0,0,raceblind
669,0,4,0,0,raceblind
670,0,4,0,0,raceblind
671,0,4,0,0,raceblind
672,0,4,0,0,raceblind
673,0,4,0,0,raceblind
674,0,4,0,0,raceblind
675,0,4,0,0,raceblind
676,0,4,0,0,raceblind
677,0,4,0,0,raceblind
678,0,4,0,0,raceblind
679,0,4,0,0,raceblind
680,0,4,0,0,raceblind
681,0,4,0,0,raceblind
682,0,4,0,0,raceblind
683,0,4,0,0,raceblind
684,0,4,0,0,raceblind
685,0,4,0,0,raceblind
686,0,4,0,0,raceblind
687,0,4,0,0,raceblind
688,0,4,0,0,raceblind
689,0,4,0,0,raceblind
690,0,4,0,0,raceblind
691,0,4,0,0,raceblind
692,0,4,0,0,raceblind
693,0,4,0,0,raceblind
694,0,4,0,0,raceblind
695,0,4,0,0,raceblind
696,0,4,0,0,raceblind
697,0,4,0,0,raceblind
698,0,4,0,0,raceblind
699,0,4,0,0,raceblind
700,0,4,0,0,raceblind
701,0,4,0,0,raceblind
702,0,4,0,0,raceblind
703,0,4,0,0,raceblind
704,0,4,0,0,raceblind
705,0,4,0,0,raceblind
706,0,4,0,0,raceblind
707,0,4,0,0,raceblind
708,0,4,0,0,raceblind
709,0,4,0,0,raceblind
710,0,4,0,0,raceblind
711,0,4,0,0,raceblind
712,0,4,0,0,raceblind
713,0,4,0,0,raceblind
714,0,4,0,0,raceblind
715,0,4,0,0,raceblind
716,0,4,0,0,raceblind
717,0,4,0,0,raceblind
718,0,4,0,0,raceblind
719,0,4,0,0,raceblind
720,0,4,0,0,raceblind
721,0,4,0,0,raceblind
722,0,4,0,0,raceblind
723,0,4,0,0,raceblind
724,0,4,0,0,raceblind
725,0,4,0,0,raceblind
726,0,4,0,0,raceblind
727,0,4,0,0,raceblind
728,0,4,0,0,raceblind
729,0,4,0,0,raceblind
730,0,4,0,0,raceblind
731,0,4,0,0,raceblind
732,0,4,0,0,raceblind
733,0,4,0,0,raceblind
734,0,4,0,0,raceblind
735,0,4,0,0,raceblind
736,0,4,0,0,raceblind
737,0,4,0,0,raceblind
738,0,4,0,0,raceblind
739,0,4,0,0,raceblind
740,0,4,0,0,raceblind
741,0,4,0,0,raceblind
742,0,4,0,0,raceblind
743,0,4,0,0,raceblind
744,0,4,0,0,raceblind
745,0,4,0,0,raceblind
746,0,4,0,0,raceblind
747,0,4,0,0,raceblind
748,0,4,0,0,raceblind
749,0,4,0,0,raceblind
750,0,4,0,0,raceblind
751,0,4,0,0,raceblind
752,0,4,0,0,raceblind
753,0,4,0,0,raceblind
754,0,4,0,0,raceblind
755,0,4,0,0,raceblind
756,0,4,0,0,raceblind
757,0,4,0,0,raceblind
758,0,4,0,0,raceblind
759,0,4,0,0,raceblind
760,0,4,0,0,raceblind
761,0,4,0,0,raceblind
762,0,4,0,0,raceblind
763,0,4,0,0,raceblind
764,0,4,0,0,raceblind
765,0,4,0,0,raceblind
766,0,4,0,0,raceblind
767,0,4,0,0,raceblind
768,0,4,0,0,raceblind
769,0,4,0,0,raceblind
770,0,4,0,0,raceblind
771,0,4,0,0,raceblind
772,0,4,0,0,raceblind
773,0,4,0,0,raceblind
774,0,4,0,0,raceblind
775,0,4,0,0,raceblind
776,0,4,0,0,raceblind
777,0,4,0,0,raceblind
778,0,4,0,0,raceblind
779,0,4,0,0,raceblind
780,0,4,0,0,raceblind
781,0,4,0,0,raceblind
782,0,4,0,0,raceblind
783,0,4,0,0,raceblind
784,0,4,0,0,raceblind
785,0,4,0,0,raceblind
786,0,4,0,0,raceblind
787,0,4,0,0,raceblind
788,0,4,0,0,raceblind
789,0,4,0,0,raceblind
790,0,4,0,0,raceblind
791,0,4,0,0,raceblind
792,0,4,0,0,raceblind
793,0,4,0,0,raceblind
794,0,4,0,0,raceblind
795,0,4,0,0,raceblind
796,0,4,0,0,raceblind
797,0,4,0,0,raceblind
798,0,4,0,0,raceblind
799,0,4,0,0,raceblind
800,0,4,0,0,raceblind
801,0,4,0,0,raceblind
802,0,4,0,0,raceblind
803,0,4,0,0,raceblind
804,0,4,0,0,raceblind
805,0,4,0,0,raceblind
806,0,4,0,0,raceblind
807,0,4,0,0,raceblind
808,0,4,0,0,raceblind
809,0,4,0,0,raceblind
810,0,4,0,0,raceblind
811,0,4,0,0,raceblind
812,0,4,0,0,raceblind
813,0,4,0,0,raceblind
814,0,4,0,0,raceblind
815,0,4,0,0,raceblind
816,0,4,0,0,raceblind
817,0,4,0,0,raceblind
818,0,4,0,0,raceblind
819,0,4,0,0,raceblind
820,0,4,0,0,raceblind
821,0,4,0,0,raceblind
822,0,4,0,0,raceblind
823,0,4,0,0,raceblind
824,0,4,0,0,raceblind
825,0,4,0,0,raceblind
826,0,4,0,0,raceblind
827,0,4,0,0,raceblind
828,0,4,0,0,raceblind
829,0,4,0,0,raceblind
830,0,4,0,0,raceblind
831,0,4,0,0,raceblind
832,0,4,0,0,raceblind
833,0,4,0,0,raceblind
834,0,4,0,0,raceblind
835,0,4,0,0,raceblind
836,0,4,0,0,raceblind
837,0,4,0,0,raceblind
838,0,4,0,0,raceblind
839,0,4,0,0,raceblind
840,0,4,0,0,raceblind
841,0,4,0,0,raceblind
842,0,4,0,0,raceblind
843,0,4,0,0,raceblind
844,0,4,0,0,raceblind
845,0,4,0,0,raceblind
846,0,4,0,0,raceblind
847,0,4,0,0,raceblind
848,0,4,0,0,raceblind
849,0,4,0,0,raceblind
850,0,4,0,0,raceblind
851,0,4,0,0,raceblind
852,0,4,0,0,raceblind
853,0,4,0,0,raceblind
854,0,4,0,0,raceblind
855,0,4,0,0,raceblind
856,0,4,0,0,raceblind
857,0,4,0,0,raceblind
858,0,4,0,0,raceblind
859,0,4,0,0,raceblind
860,0,4,0,0,raceblind
861,0,4,0,0,raceblind
862,0,4,0,0,raceblind
863,0,4,0,0,raceblind
864,0,4,0,0,raceblind
865,0,4,0,0,raceblind
866,0,4,0,0,raceblind
867,0,4,0,0,raceblind
868,0,4,0,0,raceblind
869,0,4,0,0,raceblind
870,0,4,0,0,raceblind
871,0,4,0,0,raceblind
872,0,4,0,0,raceblind
873,0,4,0,0,raceblind
874,0,4,0,0,raceblind
875,0,4,0,0,raceblind
876,0,4,0,0,raceblind
877,0,4,0,0,raceblind
878,0,4,0,0,raceblind
879,0,4,0,0,raceblind
880,0,4,0,0,raceblind
881,0,4,0,0,raceblind
882,0,4,0,0,raceblind
883,0,4,0,0,raceblind
884,0,4,0,0,raceblind
885,0,4,0,0,raceblind
886,0,4,0,0,raceblind
887,0,4,0,0,raceblind
888,0,4,0,0,raceblind
889,0,4,0,0,raceblind
890,0,4,0,0,raceblind
891,0,4,0,0,raceblind
892,0,4,0,0,raceblind
893,0,4,0,0,raceblind
894,0,4,0,0,raceblind
895,0,4,0,0,raceblind
896,0,4,0,0,raceblind
897,0,4,0,0,raceblind
898,0,4,0,0,raceblind
899,0,4,0,0,raceblind
900,0,4,0,0,raceblind
901,0,4,0,0,raceblind
902,0,4,0,0,raceblind
903,0,4,0,0,raceblind
904,0,4,0,0,raceblind
905,0,4,0,0,raceblind
906,0,4,0,0,raceblind
907,0,4,0,0,raceblind
908,0,4,0,0,raceblind
909,0,4,0,0,raceblind
910,0,4,0,0,raceblind
911,0,4,0,0,raceblind
912,0,4,0,0,raceblind
913,0,4,0,0,raceblind
914,0,4,0,0,raceblind
915,0,4,0,0,raceblind
916,0,4,0,0,raceblind
917,0,4,0,0,raceblind
918,0,4,0,0,raceblind
919,0,4,0,0,raceblind
920,0,4,0,0,raceblind
921,0,4,0,0,raceblind
922,0,4,0,0,raceblind
923,0,4,0,0,raceblind
924,0,4,0,0,raceblind
925,0,4,0,0,raceblind
926,0,4,0,0,raceblind
927,0,4,0,0,raceblind
928,0,4,0,0,raceblind
929,0,4,0,0,raceblind
930,0,4,0,0,raceblind
931,0,4,0,0,raceblind
932,0,4,0,0,raceblind
933,0,4,0,0,raceblind
934,0,4,0,0,raceblind
935,0,4,0,0,raceblind
936,0,4,0,0,raceblind
937,0,4,0,0,raceblind
938,0,4,0,0,raceblind
939,0,4,0,0,raceblind
940,0,4,0,0,raceblind
941,0,4,0,0,raceblind
942,0,4,0,0,raceblind
943,0,4,0,0,raceblind
944,0,4,0,0,raceblind
945,0,4,0,0,raceblind
946,0,4,0,0,raceblind
947,0,4,0,0,raceblind
948,0,4,0,0,raceblind
949,0,4,0,0,raceblind
950,0,4,0,0,raceblind
951,0,4,0,0,raceblind
952,0,4,0,0,raceblind
953,0,4,0,0,raceblind
954,0,4,0,0,raceblind
955,0,4,0,0,raceblind
956,0,4,0,0,raceblind
957,0,4,0,0,raceblind
958,0,4,0,0,raceblind
959,0,4,0,0,raceblind
960,0,4,0,0,raceblind
961,0,4,0,0,raceblind
962,0,4,0,0,raceblind
963,0,4,0,0,raceblind
964,0,4,0,0,raceblind
965,0,4,0,0,raceblind
966,0,4,0,0,raceblind
967,0,4,0,0,raceblind
968,0,4,0,0,raceblind
969,0,4,0,0,raceblind
970,0,4,0,0,raceblind
971,0,4,0,0,raceblind
972,0,4,0,0,raceblind
973,0,4,0,0,raceblind
974,0,4,0,0,raceblind
975,0,4,0,0,raceblind
976,0,4,0,0,raceblind
977,0,4,0,0,raceblind
978,0,4,0,0,raceblind
979,0,4,0,0,raceblind
980,0,4,0,0,raceblind
981,0,4,0,0,raceblind
982,0,4,0,0,raceblind
983,0,4,0,0,raceblind
984,0,4,0,0,raceblind
985,0,4,0,0,raceblind
986,0,4,0,0,raceblind
987,0,4,0,0,raceblind
988,0,4,0,0,raceblind
989,0,4,0,0,raceblind
990,0,4,0,0,raceblind
991,0,4,0,0,raceblind
992,0,4,0,0,raceblind
993,0,4,0,0,raceblind
994,0,4,0,0,raceblind
995,0,4,0,0,raceblind
996,0,4,0,0,raceblind
997,0,4,0,0,raceblind
998,0,4,0,0,raceblind
999,0,4,0,0,raceblind
1000,0,4,0,0,raceblind
1001,0,4,0,0,raceblind
1002,0,4,0,0,raceblind
1003,0,4,0,0,raceblind
1004,0,4,0,0,raceblind
1005,0,4,0,0,raceblind
1006,0,4,0,0,raceblind
1007,0,4,0,0,raceblind
1008,0,4,0,0,raceblind
1009,0,4,0,0,raceblind
1010,0,4,0,0,raceblind
1011,0,4,0,0,raceblind
1012,0,4,0,0,raceblind
1013,0,4,0,0,raceblind
1014,0,4,0,0,raceblind
1015,0,4,0,0,raceblind
1016,0,4,0,0,raceblind
1017,0,4,0,0,raceblind
1018,0,4,0,0,raceblind
1019,0,4,0,0,raceblind
1020,0,4,0,0,raceblind
1021,0,4,0,0,raceblind
1022,0,4,0,0,raceblind
1023,0,4,0,0,raceblind
1024,0,4,0,0,raceblind
1025,0,4,0,0,raceblind
1026,0,4,0,0,raceblind
1027,0,4,0,0,raceblind
1028,0,4,0,0,raceblind
1029,0,4,0,0,raceblind
1030,0,4,0,0,raceblind
1031,0,4,0,0,raceblind
1032,0,4,0,0,raceblind
1033,0,4,0,0,raceblind
1034,0,4,0,0,raceblind
1035,0,4,0,0,raceblind
1036,0,4,0,0,raceblind
1037,0,4,0,0,raceblind
1038,0,4,0,0,raceblind
1039,0,4,0,0,raceblind
1040,0,4,0,0,raceblind
1041,0,4,0,0,raceblind
1042,0,4,0,0,raceblind
1043,0,4,0,0,raceblind
1044,0,4,0,0,raceblind
1045,0,4,0,0,raceblind
1046,0,4,0,0,raceblind
1047,0,4,0,0,raceblind
1048,0,4,0,0,raceblind
1049,0,4,0,0,raceblind
1050,0,4,0,0,raceblind
1051,0,4,0,0,raceblind
1052,0,4,0,0,raceblind
1053,0,4,0,0,raceblind
1054,0,4,0,0,raceblind
1055,0,4,0,0,raceblind
1056,0,4,0,0,raceblind
1057,0,4,0,0,raceblind
1058,0,4,0,0,raceblind
1059,0,4,0,0,raceblind
1060,0,4,0,0,raceblind
1061,0,4,0,0,raceblind
1062,0,4,0,0,raceblind
1063,0,4,0,0,raceblind
1064,0,4,0,0,raceblind
1065,0,4,0,0,raceblind
1066,0,4,0,0,raceblind
1067,0,4,0,0,raceblind
1068,0,4,0,0,raceblind
1069,0,4,0,0,raceblind
1070,0,4,0,0,raceblind
1071,0,4,0,0,raceblind
1072,0,4,0,0,raceblind
1073,0,4,0,0,raceblind
1074,0,4,0,0,raceblind
1075,0,4,0,0,raceblind
1076,0,4,0,0,raceblind
1077,0,4,0,0,raceblind
1078,0,4,0,0,raceblind
1079,0,4,0,0,raceblind
1080,0,4,0,0,raceblind
1081,0,4,0,0,raceblind
1082,0,4,0,0,raceblind
1083,0,4,0,0,raceblind
1084,0,4,0,0,raceblind
1085,0,4,0,0,raceblind
1086,0,4,0,0,raceblind
1087,0,4,0,0,raceblind
1088,0,4,0,0,raceblind
1089,0,4,0,0,raceblind
1090,0,4,0,0,raceblind
1091,0,4,0,0,raceblind
1092,0,4,0,0,raceblind
1093,0,4,0,0,raceblind
1094,0,4,0,0,raceblind
1095,0,4,0,0,raceblind
1096,0,4,0,0,raceblind
1097,0,4,0,0,raceblind
1098,0,4,0,0,raceblind
1099,0,4,0,0,raceblind
1100,0,4,0,0,raceblind
1101,0,4,0,0,raceblind
1102,0,4,0,0,raceblind
1103,0,4,0,0,raceblind
1104,0,4,0,0,raceblind
1105,0,4,0,0,raceblind
1106,0,4,0,0,raceblind
1107,0,4,0,0,raceblind
1108,0,4,0,0,raceblind
1109,0,4,0,0,raceblind
1110,0,4,0,0,raceblind
1111,0,4,0,0,raceblind
1112,0,4,0,0,raceblind
1113,0,4,0,0,raceblind
1114,0,4,0,0,raceblind
1115,0,4,0,0,raceblind
1116,0,4,0,0,raceblind
1117,0,4,0,0,raceblind
1118,0,4,0,0,raceblind
1119,0,4,0,0,raceblind
1120,0,4,0,0,raceblind
1121,0,4,0,0,raceblind
1122,0,4,0,0,raceblind
1123,0,4,0,0,raceblind
1124,0,4,0,0,raceblind
1125,0,4,0,0,raceblind
1126,0,4,0,0,raceblind
1127,0,4,0,0,raceblind
1128,0,4,0,0,raceblind
1129,0,4,0,0,raceblind
1130,0,4,0,0,raceblind
1131,0,4,0,0,raceblind
1132,0,4,0,0,raceblind
1133,0,4,0,0,raceblind
1134,0,4,0,0,raceblind
1135,0,4,0,0,raceblind
1136,0,4,0,0,raceblind
1137,0,4,0,0,raceblind
1138,0,4,0,0,raceblind
1139,0,4,0,0,raceblind
1140,0,4,0,0,raceblind
1141,0,4,0,0,raceblind
1142,0,4,0,0,raceblind
1143,0,4,0,0,raceblind
1144,0,4,0,0,raceblind
1145,0,4,0,0,raceblind
1146,0,4,0,0,raceblind
1147,0,4,0,0,raceblind
1148,0,4,0,0,raceblind
1149,0,4,0,0,raceblind
1150,0,4,0,0,raceblind
1151,0,4,0,0,raceblind
1152,0,4,0,0,raceblind
1153,0,4,0,0,raceblind
1154,0,4,0,0,raceblind
1155,0,4,0,0,raceblind
1156,0,4,0,0,raceblind
1157,0,4,0,0,raceblind
1158,0,4,0,0,raceblind
1159,0,4,0,0,raceblind
1160,0,4,0,0,raceblind
1161,0,4,0,0,raceblind
1162,0,4,0,0,raceblind
1163,0,4,0,0,raceblind
1164,0,4,0,0,raceblind
1165,0,4,0,0,raceblind
1166,0,4,0,0,raceblind
1167,0,4,0,0,raceblind
1168,0,4,0,0,raceblind
1169,0,4,0,0,raceblind
1170,0,4,0,0,raceblind
1171,0,4,0,0,raceblind
1172,0,4,0,0,raceblind
1173,0,4,0,0,raceblind
1174,0,4,0,0,raceblind
1175,0,4,0,0,raceblind
1176,0,4,0,0,raceblind
1177,0,4,0,0,raceblind
1178,0,4,0,0,raceblind
1179,0,4,0,0,raceblind
1180,0,4,0,0,raceblind
1181,0,4,0,0,raceblind
1182,0,4,0,0,raceblind
1183,0,4,0,0,raceblind
1184,0,4,0,0,raceblind
1185,0,4,0,0,raceblind
1186,0,4,0,0,raceblind
1187,0,4,0,0,raceblind
1188,0,4,0,0,raceblind
1189,0,4,0,0,raceblind
1190,0,4,0,0,raceblind
1191,0,4,0,0,raceblind
1192,0,4,0,0,raceblind
1193,0,4,0,0,raceblind
1194,0,4,0,0,raceblind
1195,0,4,0,0,raceblind
1196,0,4,0,0,raceblind
1197,0,4,0,0,raceblind
1198,0,4,0,0,raceblind
1199,0,4,0,0,raceblind
1200,0,4,0,0,raceblind
1201,0,4,0,0,raceblind
1202,0,4,0,0,raceblind
1203,0,4,0,0,raceblind
1204,0,4,0,0,raceblind
1205,0,4,0,0,raceblind
1206,0,4,0,0,raceblind
1207,0,4,0,0,raceblind
1208,0,4,0,0,raceblind
1209,0,4,0,0,raceblind
1210,0,4,0,0,raceblind
1211,0,4,0,0,raceblind
1212,0,4,0,0,raceblind
1213,0,4,0,0,raceblind
1214,0,4,0,0,raceblind
1215,0,4,0,0,raceblind
1216,0,4,0,0,raceblind
1217,0,4,0,0,raceblind
1218,0,4,0,0,raceblind
1219,0,4,0,0,raceblind
1220,0,4,0,0,raceblind
1221,0,4,0,0,raceblind
1222,0,4,0,0,raceblind
1223,0,4,0,0,raceblind
1224,0,4,0,0,raceblind
1225,0,4,0,0,raceblind
1226,0,4,0,0,raceblind
1227,0,4,0,0,raceblind
1228,0,4,0,0,raceblind
1229,0,4,0,0,raceblind
1230,0,4,0,0,raceblind
1231,0,4,0,0,raceblind
1232,0,4,0,0,raceblind
1233,0,4,0,0,raceblind
1234,0,4,0,0,raceblind
1235,0,4,0,0,raceblind
1236,0,4,0,0,raceblind
1237,0,4,0,0,raceblind
1238,0,4,0,0,raceblind
1239,0,4,0,0,raceblind
1240,0,4,0,0,raceblind
1241,0,4,0,0,raceblind
1242,0,4,0,0,raceblind
1243,0,4,0,0,raceblind
1244,0,4,0,0,raceblind
1245,0,4,0,0,raceblind
1246,0,4,0,0,raceblind
1247,0,4,0,0,raceblind
1248,0,4,0,0,raceblind
1249,0,4,0,0,raceblind
1250,0,4,0,0,raceblind
1251,0,4,0,0,raceblind
1252,0,4,0,0,raceblind
1253,0,4,0,0,raceblind
1254,0,4,0,0,raceblind
1255,0,4,0,0,raceblind
1256,0,4,0,0,raceblind
1257,0,4,0,0,raceblind
1258,0,4,0,0,raceblind
1259,0,4,0,0,raceblind
1260,0,4,0,0,raceblind
1261,0,4,0,0,raceblind
1262,0,4,0,0,raceblind
1263,0,4,0,0,raceblind
1264,0,4,0,0,raceblind
1265,0,4,0,0,raceblind
1266,0,4,0,0,raceblind
1267,0,4,0,0,raceblind
1268,0,4,0,0,raceblind
1269,0,4,0,0,raceblind
1270,0,4,0,0,raceblind
1271,0,4,0,0,raceblind
1272,0,4,0,0,raceblind
1273,0,4,0,0,raceblind
1274,0,4,0,0,raceblind
1275,0,4,0,0,raceblind
1276,0,4,0,0,raceblind
1277,0,4,0,0,raceblind
1278,0,4,0,0,raceblind
1279,0,4,0,0,raceblind
1280,0,4,0,0,raceblind
1281,0,4,0,0,raceblind
1282,0,4,0,0,raceblind
1283,0,4,0,0,raceblind
1284,0,4,0,0,raceblind
1285,0,4,0,0,raceblind
1286,0,4,0,0,raceblind
1287,0,4,0,0,raceblind
1288,0,4,0,0,raceblind
1289,0,4,0,0,raceblind
1290,0,4,0,0,raceblind
1291,0,4,0,0,raceblind
1292,0,4,0,0,raceblind
1293,0,4,0,0,raceblind
1294,0,4,0,0,raceblind
1295,0,4,0,0,raceblind
1296,0,4,0,0,raceblind
1297,0,4,0,0,raceblind
1298,0,4,0,0,raceblind
1299,0,4,0,0,raceblind
1300,0,4,0,0,raceblind
1301,0,4,0,0,raceblind
1302,0,4,0,0,raceblind
1303,0,4,0,0,raceblind
1304,0,4,0,0,raceblind
1305,0,4,0,0,raceblind
1306,0,4,0,0,raceblind
1307,0,4,0,0,raceblind
1308,0,4,0,0,raceblind
1309,0,4,0,0,raceblind
1310,0,4,0,0,raceblind
1311,0,4,0,0,raceblind
1312,0,4,0,0,raceblind
1313,0,4,0,0,raceblind
1314,0,4,0,0,raceblind
1315,0,4,0,0,raceblind
1316,0,4,0,0,raceblind
1317,0,4,0,0,raceblind
1318,0,4,0,0,raceblind
1319,0,4,0,0,raceblind
1320,0,4,0,0,raceblind
1321,0,4,0,0,raceblind
1322,0,4,0,0,raceblind
1323,0,4,0,0,raceblind
1324,0,4,0,0,raceblind
1325,0,4,0,0,raceblind
1326,0,4,0,0,raceblind
1327,0,4,0,0,raceblind
1328,0,4,0,0,raceblind
1329,0,4,0,0,raceblind
1330,0,4,0,0,raceblind
1331,0,4,0,0,raceblind
1332,0,4,0,0,raceblind
1333,0,4,0,0,raceblind
1334,0,4,0,0,raceblind
1335,0,4,0,0,raceblind
1336,0,4,0,0,raceblind
1337,0,4,0,0,raceblind
1338,0,4,0,0,raceblind
1339,0,4,0,0,raceblind
1340,0,4,0,0,raceblind
1341,0,4,0,0,raceblind
1342,0,4,0,0,raceblind
1343,0,4,0,0,raceblind
1344,0,4,0,0,raceblind
1345,0,4,0,0,raceblind
1346,0,4,0,0,raceblind
1347,0,4,0,0,raceblind
1348,0,4,0,0,raceblind
1349,0,4,0,0,raceblind
1350,0,4,0,0,raceblind
1351,0,4,0,0,raceblind
1352,0,4,0,0,raceblind
1353,0,4,0,0,raceblind
1354,0,4,0,0,raceblind
1355,0,4,0,0,raceblind
1356,0,4,0,0,raceblind
1357,0,4,0,0,raceblind
1358,0,4,0,0,raceblind
1359,0,4,0,0,raceblind
1360,0,4,0,0,raceblind
1361,0,4,0,0,raceblind
1362,0,4,0,0,raceblind
1363,0,4,0,0,raceblind
1364,0,4,0,0,raceblind
1365,0,4,0,0,raceblind
1366,0,4,0,0,raceblind
1367,0,4,0,0,raceblind
1368,0,4,0,0,raceblind
1369,0,4,0,0,raceblind
1370,0,4,0,0,raceblind
1371,0,4,0,0,raceblind
1372,0,4,0,0,raceblind
1373,0,4,0,0,raceblind
1374,0,4,0,0,raceblind
1375,0,4,0,0,raceblind
1376,0,4,0,0,raceblind
1377,0,4,0,0,raceblind
1378,0,4,0,0,raceblind
1379,0,4,0,0,raceblind
1380,0,4,0,0,raceblind
1381,0,4,0,0,raceblind
1382,0,4,0,0,raceblind
1383,0,4,0,0,raceblind
1384,0,4,0,0,raceblind
1385,0,4,0,0,raceblind
1386,0,4,0,0,raceblind
1387,0,4,0,0,raceblind
1388,0,4,0,0,raceblind
1389,0,4,0,0,raceblind
1390,0,4,0,0,raceblind
1391,0,4,0,0,raceblind
1392,0,4,0,0,raceblind
1393,0,4,0,0,raceblind
1394,0,4,0,0,raceblind
1395,0,4,0,0,raceblind
1396,0,4,0,0,raceblind
1397,0,4,0,0,raceblind
1398,0,4,0,0,raceblind
1399,0,4,0,0,raceblind
1400,0,4,0,0,raceblind
1401,0,4,0,0,raceblind
1402,0,4,0,0,raceblind
1403,0,4,0,0,raceblind
1404,0,4,0,0,raceblind
1405,0,4,0,0,raceblind
1406,0,4,0,0,raceblind
1407,0,4,0,0,raceblind
1408,0,4,0,0,raceblind
1409,0,4,0,0,raceblind
1410,0,4,0,0,raceblind
1411,0,4,0,0,raceblind
1412,0,4,0,0,raceblind
1413,0,4,0,0,raceblind
1414,0,4,0,0,raceblind
1415,0,4,0,0,raceblind
1416,0,4,0,0,raceblind
1417,0,4,0,0,raceblind
1418,0,4,0,0,raceblind
1419,0,4,0,0,raceblind
1420,0,4,0,0,raceblind
1421,0,4,0,0,raceblind
1422,0,4,0,0,raceblind
1423,0,4,0,0,raceblind
1424,0,4,0,0,raceblind
1425,0,4,0,0,raceblind
1426,0,4,0,0,raceblind
1427,0,4,0,0,raceblind
1428,0,4,0,0,raceblind
1429,0,4,0,0,raceblind
1430,0,4,0,0,raceblind
1431,0,4,0,0,raceblind
1432,0,4,0,0,raceblind
1433,0,4,0,0,raceblind
1434,0,4,0,0,raceblind
1435,0,4,0,0,raceblind
1436,0,4,0,0,raceblind
1437,0,4,0,0,raceblind
1438,0,4,0,0,raceblind
1439,0,4,0,0,raceblind
1440,0,4,0,0,raceblind
1441,0,4,0,0,raceblind
1442,0,4,0,0,raceblind
1443,0,4,0,0,raceblind
1444,0,4,0,0,raceblind
1445,0,4,0,0,raceblind
1446,0,4,0,0,raceblind
1447,0,4,0,0,raceblind
1448,0,4,0,0,raceblind
1449,0,4,0,0,raceblind
1450,0,4,0,0,raceblind
1451,0,4,0,0,raceblind
1452,0,4,0,0,raceblind
1453,0,4,0,0,raceblind
1454,0,4,0,0,raceblind
1455,0,4,0,0,raceblind
1456,0,4,0,0,raceblind
1457,0,4,0,0,raceblind
1458,0,4,0,0,raceblind
1459,0,4,0,0,raceblind
1460,0,4,0,0,raceblind
1461,0,4,0,0,raceblind
1462,0,4,0,0,raceblind
1463,0,4,0,0,raceblind
1464,0,4,0,0,raceblind
1465,0,4,0,0,raceblind
1466,0,4,0,0,raceblind
1467,0,4,0,0,raceblind
1468,0,4,0,0,raceblind
1469,0,4,0,0,raceblind
1470,0,4,0,0,raceblind
1471,0,4,0,0,raceblind
1472,0,4,0,0,raceblind
1473,0,4,0,0,raceblind
1474,0,4,0,0,raceblind
1475,0,4,0,0,raceblind
1476,0,4,0,0,raceblind
1477,0,4,0,0,raceblind
1478,0,4,0,0,raceblind
1479,0,4,0,0,raceblind
1480,0,4,0,0,raceblind
1481,0,4,0,0,raceblind
1482,0,4,0,0,raceblind
1483,0,4,0,0,raceblind
1484,0,4,0,0,raceblind
1485,0,4,0,0,raceblind
1486,0,4,0,0,raceblind
1487,0,4,0,0,raceblind
1488,0,4,0,0,raceblind
1489,0,4,0,0,raceblind
1490,0,4,0,0,raceblind
1491,0,4,0,0,raceblind
1492,0,4,0,0,raceblind
1493,0,4,0,0,raceblind
1494,0,4,0,0,raceblind
1495,0,4,0,0,raceblind
1496,0,4,0,0,raceblind
1497,0,4,0,0,raceblind
1498,0,4,0,0,raceblind
1499,0,4,0,0,raceblind
1500,0,4,0,0,raceblind
1501,0,4,0,0,raceblind
1502,0,4,0,0,raceblind
1503,0,4,0,0,raceblind
1504,0,4,0,0,raceblind
1505,0,4,0,0,raceblind
1506,0,4,0,0,raceblind
1507,0,4,0,0,raceblind
1508,0,4,0,0,raceblind
1509,0,4,0,0,raceblind
1510,0,4,0,0,raceblind
1511,0,4,0,0,raceblind
1512,0,4,0,0,raceblind
1513,0,4,0,0,raceblind
1514,0,4,0,0,raceblind
1515,0,4,0,0,raceblind
1516,0,4,0,0,raceblind
1517,0,4,0,0,raceblind
1518,0,4,0,0,raceblind
1519,0,4,0,0,raceblind
1520,0,4,0,0,raceblind
1521,0,4,0,0,raceblind
1522,0,4,0,0,raceblind
1523,0,4,0,0,raceblind
1524,0,4,0,0,raceblind
1525,0,4,0,0,raceblind
1526,0,4,0,0,raceblind
1527,0,4,0,0,raceblind
1528,0,4,0,0,raceblind
1529,0,4,0,0,raceblind
1530,0,4,0,0,raceblind
1531,0,4,0,0,raceblind
1532,0,4,0,0,raceblind
1533,0,4,0,0,raceblind
1534,0,4,0,0,raceblind
1535,0,4,0,0,raceblind
1536,0,4,0,0,raceblind
1537,0,4,0,0,raceblind
1538,0,4,0,0,raceblind
1539,0,4,0,0,raceblind
1540,0,4,0,0,raceblind
1541,0,4,0,0,raceblind
1542,0,4,0,0,raceblind
1543,0,4,0,0,raceblind
1544,0,4,0,0,raceblind
1545,0,4,0,0,raceblind
1546,0,4,0,0,raceblind
1547,0,4,0,0,raceblind
1548,0,4,0,0,raceblind
1549,0,4,0,0,raceblind
1550,0,4,0,0,raceblind
1551,0,4,0,0,raceblind
1552,0,4,0,0,raceblind
1553,0,4,0,0,raceblind
1554,0,4,0,0,raceblind
1555,0,4,0,0,raceblind
1556,0,4,0,0,raceblind
1557,0,4,0,0,raceblind
1558,0,4,0,0,raceblind
1559,0,4,0,0,raceblind
1560,0,4,0,0,raceblind
1561,0,4,0,0,raceblind
1562,0,4,0,0,raceblind
1563,0,4,0,0,raceblind
1564,0,4,0,0,raceblind
1565,0,4,0,0,raceblind
1566,0,4,0,0,raceblind
1567,0,4,0,0,raceblind
1568,0,4,0,0,raceblind
1569,0,4,0,0,raceblind
1570,0,4,0,0,raceblind
1571,0,4,0,0,raceblind
1572,0,4,0,0,raceblind
1573,0,4,0,0,raceblind
1574,0,4,0,0,raceblind
1575,0,4,0,0,raceblind
1576,0,4,0,0,raceblind
1577,0,4,0,0,raceblind
1578,0,4,0,0,raceblind
1579,0,4,0,0,raceblind
1580,0,4,0,0,raceblind
1581,0,4,0,0,raceblind
1582,0,4,0,0,raceblind
1583,0,4,0,0,raceblind
1584,0,4,0,0,raceblind
1585,0,4,0,0,raceblind
1586,0,4,0,0,raceblind
1587,0,4,0,0,raceblind
1588,0,4,0,0,raceblind
1589,0,4,0,0,raceblind
1590,0,4,0,0,raceblind
1591,0,4,0,0,raceblind
1592,0,4,0,0,raceblind
1593,0,4,0,0,raceblind
1594,0,4,0,0,raceblind
1595,0,4,0,0,raceblind
1596,0,4,0,0,raceblind
1597,0,4,0,0,raceblind
1598,0,4,0,0,raceblind
1599,0,4,0,0,raceblind
1600,0,4,0,0,raceblind
1601,0,4,0,0,raceblind
1602,0,4,0,0,raceblind
1603,0,4,0,0,raceblind
1604,0,4,0,0,raceblind
1605,0,4,0,0,raceblind
1606,0,4,0,0,raceblind
1607,0,4,0,0,raceblind
1608,0,4,0,0,raceblind
1609,0,4,0,0,raceblind
1610,0,4,0,0,raceblind
1611,0,4,0,0,raceblind
1612,0,4,0,0,raceblind
1613,0,4,0,0,raceblind
1614,0,4,0,0,raceblind
1615,0,4,0,0,raceblind
1616,0,4,0,0,raceblind
1617,0,4,0,0,raceblind
1618,0,4,0,0,raceblind
1619,0,4,0,0,raceblind
1620,0,4,0,0,raceblind
1621,0,4,0,0,raceblind
1622,0,4,0,0,raceblind
1623,0,4,0,0,raceblind
1624,0,4,0,0,raceblind
1625,0,4,0,0,raceblind
1626,0,4,0,0,raceblind
1627,0,4,0,0,raceblind
1628,0,4,0,0,raceblind
1629,0,4,0,0,raceblind
1630,0,4,0,0,raceblind
1631,0,4,0,0,raceblind
1632,0,4,0,0,raceblind
1633,0,4,0,0,raceblind
1634,0,4,0,0,raceblind
1635,0,4,0,0,raceblind
1636,0,4,0,0,raceblind
1637,0,4,0,0,raceblind
1638,0,4,0,0,raceblind
1639,0,4,0,0,raceblind
1640,0,4,0,0,raceblind
1641,0,4,0,0,raceblind
1642,0,4,0,0,raceblind
1643,0,4,0,0,raceblind
1644,0,4,0,0,raceblind
1645,0,4,0,0,raceblind
1646,0,4,0,0,raceblind
1647,0,4,0,0,raceblind
1648,0,4,0,0,raceblind
1649,0,4,0,0,raceblind
1650,0,4,0,0,raceblind
1651,0,4,0,0,raceblind
1652,0,4,0,0,raceblind
1653,0,4,0,0,raceblind
1654,0,4,0,0,raceblind
1655,0,4,0,0,raceblind
1656,0,4,0,0,raceblind
1657,0,4,0,0,raceblind
1658,0,4,0,0,raceblind
1659,0,4,0,0,raceblind
1660,0,4,0,0,raceblind
1661,0,4,0,0,raceblind
1662,0,4,0,0,raceblind
1663,0,4,0,0,raceblind
1664,0,4,0,0,raceblind
1665,0,4,0,0,raceblind
1666,0,4,0,0,raceblind
1667,0,4,0,0,raceblind
1668,0,4,0,0,raceblind
1669,0,4,0,0,raceblind
1670,0,4,0,0,raceblind
1671,0,4,0,0,raceblind
1672,0,4,0,0,raceblind
1673,0,4,0,0,raceblind
1674,0,4,0,0,raceblind
1675,0,4,0,0,raceblind
1676,0,4,0,0,raceblind
1677,0,4,0,0,raceblind
1678,0,4,0,0,raceblind
1679,0,4,0,0,raceblind
1680,0,4,0,0,raceblind
1681,0,4,0,0,raceblind
1682,0,4,0,0,raceblind
1683,0,4,0,0,raceblind
1684,0,4,0,0,raceblind
1685,0,4,0,0,raceblind
1686,0,4,0,0,raceblind
1687,0,4,0,0,raceblind
1688,0,4,0,0,raceblind
1689,0,4,0,0,raceblind
1690,0,4,0,0,raceblind
1691,0,4,0,0,raceblind
1692,0,4,0,0,raceblind
1693,0,4,0,0,raceblind
1694,0,4,0,0,raceblind
1695,0,4,0,0,raceblind
1696,0,4,0,0,raceblind
1697,0,4,0,0,raceblind
1698,0,4,0,0,raceblind
1699,0,4,0,0,raceblind
1700,0,4,0,0,raceblind
1701,0,4,0,0,raceblind
1702,0,4,0,0,raceblind
1703,0,4,0,0,raceblind
1704,0,4,0,0,raceblind
1705,0,4,0,0,raceblind
1706,0,4,0,0,raceblind
1707,0,4,0,0,raceblind
1708,0,4,0,0,raceblind
1709,0,4,0,0,raceblind
1710,0,4,0,0,raceblind
1711,0,4,0,0,raceblind
1712,0,4,0,0,raceblind
1713,0,4,0,0,raceblind
1714,0,4,0,0,raceblind
1715,0,4,0,0,raceblind
1716,0,4,0,0,raceblind
1717,0,4,0,0,raceblind
1718,0,4,0,0,raceblind
1719,0,4,0,0,raceblind
1720,0,4,0,0,raceblind
1721,0,4,0,0,raceblind
1722,0,4,0,0,raceblind
1723,0,4,0,0,raceblind
1724,0,4,0,0,raceblind
1725,0,4,0,0,raceblind
1726,0,4,0,0,raceblind
1727,0,4,0,0,raceblind
1728,0,4,0,0,raceblind
1729,0,4,0,0,raceblind
1730,0,4,0,0,raceblind
1731,0,4,0,0,raceblind
1732,0,4,0,0,raceblind
1733,0,4,0,0,raceblind
1734,0,4,0,0,raceblind
1735,0,4,0,0,raceblind
1736,0,4,0,0,raceblind
1737,0,4,0,0,raceblind
1738,0,4,0,0,raceblind
1739,0,4,0,0,raceblind
1740,0,4,0,0,raceblind
1741,0,4,0,0,raceblind
1742,0,4,0,0,raceblind
1743,0,4,0,0,raceblind
1744,0,4,0,0,raceblind
1745,0,4,0,0,raceblind
1746,0,4,0,0,raceblind
1747,0,4,0,0,raceblind
1748,0,4,0,0,raceblind
1749,0,4,0,0,raceblind
1750,0,4,0,0,raceblind
1751,0,4,0,0,raceblind
1752,0,4,0,0,raceblind
1753,0,4,0,0,raceblind
1754,0,4,0,0,raceblind
1755,0,4,0,0,raceblind
1756,0,4,0,0,raceblind
1757,0,4,0,0,raceblind
1758,0,4,0,0,raceblind
1759,0,4,0,0,raceblind
1760,0,4,0,0,raceblind
1761,0,4,0,0,raceblind
1762,0,4,0,0,raceblind
1763,0,4,0,0,raceblind
1764,0,4,0,0,raceblind
1765,0,4,0,0,raceblind
1766,0,4,0,0,raceblind
1767,0,4,0,0,raceblind
1768,0,4,0,0,raceblind
1769,0,4,0,0,raceblind
1770,0,4,0,0,raceblind
1771,0,4,0,0,raceblind
1772,0,4,0,0,raceblind
1773,0,4,0,0,raceblind
1774,0,4,0,0,raceblind
1775,0,4,0,0,raceblind
1776,0,4,0,0,raceblind
1777,0,4,0,0,raceblind
1778,0,4,0,0,raceblind
1779,0,4,0,0,raceblind
1780,0,4,0,0,raceblind
1781,0,4,0,0,raceblind
1782,0,4,0,0,raceblind
1783,0,4,0,0,raceblind
1784,0,4,0,0,raceblind
1785,0,4,0,0,raceblind
1786,0,4,0,0,raceblind
1787,0,4,0,0,raceblind
1788,0,4,0,0,raceblind
1789,0,4,0,0,raceblind
1790,0,4,0,0,raceblind
1791,0,4,0,0,raceblind
1792,0,4,0,0,raceblind
1793,0,4,0,0,raceblind
1794,0,4,0,0,raceblind
1795,0,4,0,0,raceblind
1796,0,4,0,0,raceblind
1797,0,4,0,0,raceblind
1798,0,4,0,0,raceblind
1799,0,4,0,0,raceblind
1800,0,4,0,0,raceblind
1801,0,4,0,0,raceblind
1802,0,4,0,0,raceblind
1803,0,4,0,0,raceblind
1804,0,4,0,0,raceblind
1805,0,4,0,0,raceblind
1806,0,4,0,0,raceblind
1807,0,4,0,0,raceblind
1808,0,4,0,0,raceblind
1809,0,4,0,0,raceblind
1810,0,4,0,0,raceblind
1811,0,4,0,0,raceblind
1812,0,4,0,0,raceblind
1813,0,4,0,0,raceblind
1814,0,4,0,0,raceblind
1815,0,4,0,0,raceblind
1816,0,4,0,0,raceblind
1817,0,4,0,0,raceblind
1818,0,4,0,0,raceblind
1819,0,4,0,0,raceblind
1820,0,4,0,0,raceblind
1821,0,4,0,0,raceblind
1822,0,4,0,0,raceblind
1823,0,4,0,0,raceblind
1824,0,4,0,0,raceblind
1825,0,4,0,0,raceblind
1826,0,4,0,0,raceblind
1827,0,4,0,0,raceblind
1828,0,4,0,0,raceblind
1829,0,4,0,0,raceblind
1830,0,4,0,0,raceblind
1831,0,4,0,0,raceblind
1832,0,4,0,0,raceblind
1833,0,4,0,0,raceblind
1834,0,4,0,0,raceblind
1835,0,4,0,0,raceblind
1836,0,4,0,0,raceblind
1837,0,4,0,0,raceblind
1838,0,4,0,0,raceblind
1839,0,4,0,0,raceblind
1840,0,4,0,0,raceblind
1841,0,4,0,0,raceblind
1842,0,4,0,0,raceblind
1843,0,4,0,0,raceblind
1844,0,4,0,0,raceblind
1845,0,4,0,0,raceblind
1846,0,4,0,0,raceblind
1847,0,4,0,0,raceblind
1848,0,4,0,0,raceblind
1849,0,4,0,0,raceblind
1850,0,4,0,0,raceblind
1851,0,4,0,0,raceblind
1852,0,4,0,0,raceblind
1853,0,4,0,0,raceblind
1854,0,4,0,0,raceblind
1855,0,4,0,0,raceblind
1856,0,4,0,0,raceblind
1857,0,4,0,0,raceblind
1858,0,4,0,0,raceblind
1859,0,4,0,0,raceblind
1860,0,4,0,0,raceblind
1861,0,4,0,0,raceblind
1862,0,4,0,0,raceblind
1863,0,4,0,0,raceblind
1864,0,4,0,0,raceblind
1865,0,4,0,0,raceblind
1866,0,4,0,0,raceblind
1867,0,4,0,0,raceblind
1868,0,4,0,0,raceblind
1869,0,4,0,0,raceblind
1870,0,4,0,0,raceblind
1871,0,4,0,0,raceblind
1872,0,4,0,0,raceblind
1873,0,4,0,0,raceblind
1874,0,4,0,0,raceblind
1875,0,4,0,0,raceblind
1876,0,4,0,0,raceblind
1877,0,4,0,0,raceblind
1878,0,4,0,0,raceblind
1879,0,4,0,0,raceblind
1880,0,4,0,0,raceblind
1881,0,4,0,0,raceblind
1882,0,4,0,0,raceblind
1883,0,4,0,0,raceblind
1884,0,4,0,0,raceblind
1885,0,4,0,0,raceblind
1886,0,4,0,0,raceblind
1887,0,4,0,0,raceblind
1888,0,4,0,0,raceblind
1889,0,4,0,0,raceblind
1890,0,4,0,0,raceblind
1891,0,4,0,0,raceblind
1892,0,4,0,0,raceblind
1893,0,4,0,0,raceblind
1894,0,4,0,0,raceblind
1895,0,4,0,0,raceblind
1896,0,4,0,0,raceblind
1897,0,4,0,0,raceblind
1898,0,4,0,0,raceblind
1899,0,4,0,0,raceblind
1900,0,4,0,0,raceblind
1901,0,4,0,0,raceblind
1902,0,4,0,0,raceblind
1903,0,4,0,0,raceblind
1904,0,4,0,0,raceblind
1905,0,4,0,0,raceblind
1906,0,4,0,0,raceblind
1907,0,4,0,0,raceblind
1908,0,4,0,0,raceblind
1909,0,4,0,0,raceblind
1910,0,4,0,0,raceblind
1911,0,4,0,0,raceblind
1912,0,4,0,0,raceblind
1913,0,4,0,0,raceblind
1914,0,4,0,0,raceblind
1915,0,4,0,0,raceblind
1916,0,4,0,0,raceblind
1917,0,4,0,0,raceblind
1918,0,4,0,0,raceblind
1919,0,4,0,0,raceblind
1920,0,4,0,0,raceblind
1921,0,4,0,0,raceblind
1922,0,4,0,0,raceblind
1923,0,4,0,0,raceblind
1924,0,4,0,0,raceblind
1925,0,4,0,0,raceblind
1926,0,4,0,0,raceblind
1927,0,4,0,0,raceblind
1928,0,4,0,0,raceblind
1929,0,4,0,0,raceblind
1930,0,4,0,0,raceblind
1931,0,4,0,0,raceblind
1932,0,4,0,0,raceblind
1933,0,4,0,0,raceblind
1934,0,4,0,0,raceblind
1935,0,4,0,0,raceblind
1936,0,4,0,0,raceblind
1937,0,4,0,0,raceblind
1938,0,4,0,0,raceblind
1939,0,4,0,0,raceblind
1940,0,4,0,0,raceblind
1941,0,4,0,0,raceblind
1942,0,4,0,0,raceblind
1943,0,4,0,0,raceblind
1944,0,4,0,0,raceblind
1945,0,4,0,0,raceblind
1946,0,4,0,0,raceblind
1947,0,4,0,0,raceblind
1948,0,4,0,0,raceblind
1949,0,4,0,0,raceblind
1950,0,4,0,0,raceblind
1951,0,4,0,0,raceblind
1952,0,4,0,0,raceblind
1953,0,4,0,0,raceblind
1954,0,4,0,0,raceblind
1955,0,4,0,0,raceblind
1956,0,4,0,0,raceblind
1957,0,4,0,0,raceblind
1958,0,4,0,0,raceblind
1959,0,4,0,0,raceblind
1960,0,4,0,0,raceblind
1961,0,4,0,0,raceblind
1962,0,4,0,0,raceblind
1963,0,4,0,0,raceblind
1964,0,4,0,0,raceblind
1965,0,4,0,0,raceblind
1966,0,4,0,0,raceblind
1967,0,4,0,0,raceblind
1968,0,4,0,0,raceblind
1969,0,4,0,0,raceblind
1970,0,4,0,0,raceblind
1971,0,4,0,0,raceblind
1972,0,4,0,0,raceblind
1973,0,4,0,0,raceblind
1974,0,4,0,0,raceblind
1975,0,4,0,0,raceblind
1976,0,4,0,0,raceblind
1977,0,4,0,0,raceblind
1978,0,4,0,0,raceblind
1979,0,4,0,0,raceblind
1980,0,4,0,0,raceblind
1981,0,4,0,0,raceblind
1982,0,4,0,0,raceblind
1983,0,4,0,0,raceblind
1984,0,4,0,0,raceblind
1985,0,4,0,0,raceblind
1986,0,4,0,0,raceblind
1987,0,4,0,0,raceblind
1988,0,4,0,0,raceblind
1989,0,4,0,0,raceblind
1990,0,4,0,0,raceblind
1991,0,4,0,0,raceblind
1992,0,4,0,0,raceblind
1993,0,4,0,0,raceblind
1994,0,4,0,0,raceblind
1995,0,4,0,0,raceblind
1996,0,4,0,0,raceblind
1997,0,4,0,0,raceblind
1998,0,4,0,0,raceblind
1999,0,4,0,0,raceblind
2000,0,4,0,0,raceblind
2001,0,4,0,0,raceblind
2002,0,4,0,0,raceblind
2003,0,4,0,0,raceblind
2004,0,4,0,0,raceblind
2005,0,4,0,0,raceblind
2006,0,4,0,0,raceblind
2007,0,4,0,0,raceblind
2008,0,4,0,0,raceblind
2009,0,4,0,0,raceblind
2010,0,4,0,0,raceblind
2011,0,4,0,0,raceblind
2012,0,4,0,0,raceblind
2013,0,4,0,0,raceblind
2014,0,4,0,0,raceblind
2015,0,4,0,0,raceblind
2016,0,4,0,0,raceblind
2017,0,4,0,0,raceblind
2018,0,4,0,0,raceblind
2019,0,4,0,0,raceblind
2020,0,4,0,0,raceblind
2021,0,4,0,0,raceblind
2022,0,4,0,0,raceblind
2023,0,4,0,0,raceblind
2024,0,4,0,0,raceblind
2025,0,4,0,0,raceblind
2026,0,4,0,0,raceblind
2027,0,4,0,0,raceblind
2028,0,4,0,0,raceblind
2029,0,4,0,0,raceblind
2030,0,4,0,0,raceblind
2031,0,4,0,0,raceblind
2032,0,4,0,0,raceblind
2033,0,4,0,0,raceblind
2034,0,4,0,0,raceblind
2035,0,4,0,0,raceblind
2036,0,4,0,0,raceblind
2037,0,4,0,0,raceblind
2038,0,4,0,0,raceblind
2039,0,4,0,0,raceblind
2040,0,4,0,0,raceblind
2041,0,4,0,0,raceblind
2042,0,4,0,0,raceblind
2043,0,4,0,0,raceblind
2044,0,4,0,0,raceblind
2045,0,4,0,0,raceblind
2046,0,4,0,0,raceblind
2047,0,4,0,0,raceblind
2048,0,4,0,0,raceblind
2049,0,4,0,0,raceblind
2050,0,4,0,0,raceblind
2051,0,4,0,0,raceblind
2052,0,4,0,0,raceblind
2053,0,4,0,0,raceblind
2054,0,4,0,0,raceblind
2055,0,4,0,0,raceblind
2056,0,4,0,0,raceblind
2057,0,4,0,0,raceblind
2058,0,4,0,0,raceblind
2059,0,4,0,0,raceblind
2060,0,4,0,0,raceblind
2061,0,4,0,0,raceblind
2062,0,4,0,0,raceblind
2063,0,4,0,0,raceblind
2064,0,4,0,0,raceblind
2065,0,4,0,0,raceblind
2066,0,4,0,0,raceblind
2067,0,4,0,0,raceblind
2068,0,4,0,0,raceblind
2069,0,4,0,0,raceblind
2070,0,4,0,0,raceblind
2071,0,4,0,0,raceblind
2072,0,4,0,0,raceblind
2073,0,4,0,0,raceblind
2074,0,4,0,0,raceblind
2075,0,4,0,0,raceblind
2076,0,4,0,0,raceblind
2077,0,4,0,0,raceblind
2078,0,4,0,0,raceblind
2079,0,4,0,0,raceblind
2080,0,4,0,0,raceblind
2081,0,4,0,0,raceblind
2082,0,4,0,0,raceblind
2083,0,4,0,0,raceblind
2084,0,4,0,0,raceblind
2085,0,4,0,0,raceblind
2086,0,4,0,0,raceblind
2087,0,4,0,0,raceblind
2088,0,4,0,0,raceblind
2089,0,4,0,0,raceblind
2090,0,4,0,0,raceblind
2091,0,4,0,0,raceblind
2092,0,4,0,0,raceblind
2093,0,4,0,0,raceblind
2094,0,4,0,0,raceblind
2095,0,4,0,0,raceblind
2096,0,4,0,0,raceblind
2097,0,4,0,0,raceblind
2098,0,4,0,0,raceblind
2099,0,4,0,0,raceblind
2100,0,4,0,0,raceblind
2101,0,4,0,0,raceblind
2102,0,4,0,0,raceblind
2103,0,4,0,0,raceblind
2104,0,4,0,0,raceblind
2105,0,4,0,0,raceblind
2106,0,4,0,0,raceblind
2107,0,4,0,0,raceblind
2108,0,4,0,0,raceblind
2109,0,4,0,0,raceblind
2110,0,4,0,0,raceblind
2111,0,4,0,0,raceblind
2112,0,4,0,0,raceblind
2113,0,4,0,0,raceblind
2114,0,4,0,0,raceblind
2115,0,4,0,0,raceblind
2116,0,4,0,0,raceblind
2117,0,4,0,0,raceblind
2118,0,4,0,0,raceblind
2119,0,4,0,0,raceblind
2120,0,4,0,0,raceblind
2121,0,4,0,0,raceblind
2122,0,4,0,0,raceblind
2123,0,4,0,0,raceblind
2124,0,4,0,0,raceblind
2125,0,4,0,0,raceblind
2126,0,4,0,0,raceblind
2127,0,4,0,0,raceblind
2128,0,4,0,0,raceblind
2129,0,4,0,0,raceblind
2130,0,4,0,0,raceblind
2131,0,4,0,0,raceblind
2132,0,4,0,0,raceblind
2133,0,4,0,0,raceblind
2134,0,4,0,0,raceblind
2135,0,4,0,0,raceblind
2136,0,4,0,0,raceblind
2137,0,4,0,0,raceblind
2138,0,4,0,0,raceblind
2139,0,4,0,0,raceblind
2140,0,4,0,0,raceblind
2141,0,4,0,0,raceblind
2142,0,4,0,0,raceblind
2143,0,4,0,0,raceblind
2144,0,4,0,0,raceblind
2145,0,4,0,0,raceblind
2146,0,4,0,0,raceblind
2147,0,4,0,0,raceblind
2148,0,4,0,0,raceblind
2149,0,4,0,0,raceblind
2150,0,4,0,0,raceblind
2151,0,4,0,0,raceblind
2152,0,4,0,0,raceblind
2153,0,4,0,0,raceblind
2154,0,4,0,0,raceblind
2155,0,4,0,0,raceblind
2156,0,4,0,0,raceblind
2157,0,4,0,0,raceblind
2158,0,4,0,0,raceblind
2159,0,4,0,0,raceblind
2160,0,4,0,0,raceblind
2161,0,4,0,0,raceblind
2162,0,4,0,0,raceblind
2163,0,4,0,0,raceblind
2164,0,4,0,0,raceblind
2165,0,4,0,0,raceblind
2166,0,4,0,0,raceblind
2167,0,4,0,0,raceblind
2168,0,4,0,0,raceblind
2169,0,4,0,0,raceblind
2170,0,4,0,0,raceblind
2171,0,4,0,0,raceblind
2172,0,4,0,0,raceblind
2173,0,4,0,0,raceblind
2174,0,4,0,0,raceblind
2175,0,4,0,0,raceblind
2176,0,4,0,0,raceblind
2177,0,4,0,0,raceblind
2178,0,4,0,0,raceblind
2179,0,4,0,0,raceblind
2180,0,4,0,0,raceblind
2181,0,4,0,0,raceblind
2182,0,4,0,0,raceblind
2183,0,4,0,0,raceblind
2184,0,4,0,0,raceblind
2185,0,4,0,0,raceblind
2186,0,4,0,0,raceblind
2187,0,4,0,0,raceblind
2188,0,4,0,0,raceblind
2189,0,4,0,0,raceblind
2190,0,4,0,0,raceblind
2191,0,4,0,0,raceblind
2192,0,4,0,0,raceblind
2193,0,4,0,0,raceblind
2194,0,4,0,0,raceblind
2195,0,4,0,0,raceblind
2196,0,4,0,0,raceblind
2197,0,4,0,0,raceblind
2198,0,4,0,0,raceblind
2199,0,4,0,0,raceblind
2200,0,4,0,0,raceblind
2201,0,4,0,0,raceblind
2202,0,4,0,0,raceblind
2203,0,4,0,0,raceblind
2204,0,4,0,0,raceblind
2205,0,4,0,0,raceblind
2206,0,4,0,0,raceblind
2207,0,4,0,0,raceblind
2208,0,4,0,0,raceblind
2209,0,4,0,0,raceblind
2210,0,4,0,0,raceblind
2211,0,4,0,0,raceblind
2212,0,4,0,0,raceblind
2213,0,4,0,0,raceblind
2214,0,4,0,0,raceblind
2215,0,4,0,0,raceblind
2216,0,4,0,0,raceblind
2217,0,4,0,0,raceblind
2218,0,4,0,0,raceblind
2219,0,4,0,0,raceblind
2220,0,4,0,0,raceblind
2221,0,4,0,0,raceblind
2222,0,4,0,0,raceblind
2223,0,4,0,0,raceblind
2224,0,4,0,0,raceblind
2225,0,4,0,0,raceblind
2226,0,4,0,0,raceblind
2227,0,4,0,0,raceblind
2228,0,4,0,0,raceblind
2229,0,4,0,0,raceblind
2230,0,4,0,0,raceblind
2231,0,4,0,0,raceblind
2232,0,4,0,0,raceblind
2233,0,4,0,0,raceblind
2234,0,4,0,0,raceblind
2235,0,4,0,0,raceblind
2236,0,4,0,0,raceblind
2237,0,4,0,0,raceblind
2238,0,4,0,0,raceblind
2239,0,4,0,0,raceblind
2240,0,4,0,0,raceblind
2241,0,4,0,0,raceblind
2242,0,4,0,0,raceblind
2243,0,4,0,0,raceblind
2244,0,4,0,0,raceblind
2245,0,4,0,0,raceblind
2246,0,4,0,0,raceblind
2247,0,4,0,0,raceblind
2248,0,4,0,0,raceblind
2249,0,4,0,0,raceblind
2250,0,4,0,0,raceblind
2251,0,4,0,0,raceblind
2252,0,4,0,0,raceblind
2253,0,4,0,0,raceblind
2254,0,4,0,0,raceblind
2255,0,4,0,0,raceblind
2256,0,4,0,0,raceblind
2257,0,4,0,0,raceblind
2258,0,4,0,0,raceblind
2259,0,4,0,0,raceblind
2260,0,4,0,0,raceblind
2261,0,4,0,0,raceblind
2262,0,4,0,0,raceblind
2263,0,4,0,0,raceblind
2264,0,4,0,0,raceblind
2265,0,4,0,0,raceblind
2266,0,4,0,0,raceblind
2267,0,4,0,0,raceblind
2268,0,4,0,0,raceblind
2269,0,4,0,0,raceblind
2270,0,4,0,0,raceblind
2271,0,4,0,0,raceblind
2272,0,4,0,0,raceblind
2273,0,4,0,0,raceblind
2274,0,4,0,0,raceblind
2275,0,4,0,0,raceblind
2276,0,4,0,0,raceblind
2277,0,4,0,0,raceblind
2278,0,4,0,0,raceblind
2279,0,4,0,0,raceblind
2280,0,4,0,0,raceblind
2281,0,4,0,0,raceblind
2282,0,4,0,0,raceblind
2283,0,4,0,0,raceblind
2284,0,4,0,0,raceblind
2285,0,4,0,0,raceblind
2286,0,4,0,0,raceblind
2287,0,4,0,0,raceblind
2288,0,4,0,0,raceblind
2289,0,4,0,0,raceblind
2290,0,4,0,0,raceblind
2291,0,4,0,0,raceblind
2292,0,4,0,0,raceblind
2293,0,4,0,0,raceblind
2294,0,4,0,0,raceblind
2295,0,4,0,0,raceblind
2296,0,4,0,0,raceblind
2297,0,4,0,0,raceblind
2298,0,4,0,0,raceblind
2299,0,4,0,0,raceblind
2300,0,4,0,0,raceblind
2301,0,4,0,0,raceblind
2302,0,4,0,0,raceblind
2303,0,4,0,0,raceblind
2304,0,4,0,0,raceblind
2305,0,4,0,0,raceblind
2306,0,4,0,0,raceblind
2307,0,4,0,0,raceblind
2308,0,4,0,0,raceblind
2309,0,4,0,0,raceblind
2310,0,4,0,0,raceblind
2311,0,4,0,0,raceblind
2312,0,4,0,0,raceblind
2313,0,4,0,0,raceblind
2314,0,4,0,0,raceblind
2315,0,4,0,0,raceblind
2316,0,4,0,0,raceblind
2317,0,4,0,0,raceblind
2318,0,4,0,0,raceblind
2319,0,4,0,0,raceblind
2320,0,4,0,0,raceblind
2321,0,4,0,0,raceblind
2322,0,4,0,0,raceblind
2323,0,4,0,0,raceblind
2324,0,4,0,0,raceblind
2325,0,4,0,0,raceblind
2326,0,4,0,0,raceblind
2327,0,4,0,0,raceblind
2328,0,4,0,0,raceblind
2329,0,4,0,0,raceblind
2330,0,4,0,0,raceblind
2331,0,4,0,0,raceblind
2332,0,4,0,0,raceblind
2333,0,4,0,0,raceblind
2334,0,4,0,0,raceblind
2335,0,4,0,0,raceblind
2336,0,4,0,0,raceblind
2337,0,4,0,0,raceblind
2338,0,4,0,0,raceblind
2339,0,4,0,0,raceblind
2340,0,4,0,0,raceblind
2341,0,4,0,0,raceblind
2342,0,4,0,0,raceblind
2343,0,4,0,0,raceblind
2344,0,4,0,0,raceblind
2345,0,4,0,0,raceblind
2346,0,4,0,0,raceblind
2347,0,4,0,0,raceblind
2348,0,4,0,0,raceblind
2349,0,4,0,0,raceblind
2350,0,4,0,0,raceblind
2351,0,4,0,0,raceblind
2352,0,4,0,0,raceblind
2353,0,4,0,0,raceblind
2354,0,4,0,0,raceblind
2355,0,4,0,0,raceblind
2356,0,4,0,0,raceblind
2357,0,4,0,0,raceblind
2358,0,4,0,0,raceblind
2359,0,4,0,0,raceblind
2360,0,4,0,0,raceblind
2361,0,4,0,0,raceblind
2362,0,4,0,0,raceblind
2363,0,4,0,0,raceblind
2364,0,4,0,0,raceblind
2365,0,4,0,0,raceblind
2366,0,4,0,0,raceblind
2367,0,4,0,0,raceblind
2368,0,4,0,0,raceblind
2369,0,4,0,0,raceblind
2370,0,4,0,0,raceblind
2371,0,4,0,0,raceblind
2372,0,4,0,0,raceblind
2373,0,4,0,0,raceblind
2374,0,4,0,0,raceblind
2375,0,4,0,0,raceblind
2376,0,4,0,0,raceblind
2377,0,4,0,0,raceblind
2378,0,4,0,0,raceblind
2379,0,4,0,0,raceblind
2380,0,4,0,0,raceblind
2381,0,4,0,0,raceblind
2382,0,4,0,0,raceblind
2383,0,4,0,0,raceblind
2384,0,4,0,0,raceblind
2385,0,4,0,0,raceblind
2386,0,4,0,0,raceblind
2387,0,4,0,0,raceblind
2388,0,4,0,0,raceblind
2389,0,4,0,0,raceblind
2390,0,4,0,0,raceblind
2391,0,4,0,0,raceblind
2392,0,4,0,0,raceblind
2393,0,4,0,0,raceblind
2394,0,4,0,0,raceblind
2395,0,4,0,0,raceblind
2396,0,4,0,0,raceblind
2397,0,4,0,0,raceblind
2398,0,4,0,0,raceblind
2399,0,4,0,0,raceblind
2400,0,4,0,0,raceblind
2401,0,4,0,0,raceblind
2402,0,4,0,0,raceblind
2403,0,4,0,0,raceblind
2404,0,4,0,0,raceblind
2405,0,4,0,0,raceblind
2406,0,4,0,0,raceblind
2407,0,4,0,0,raceblind
2408,0,4,0,0,raceblind
2409,0,4,0,0,raceblind
2410,0,4,0,0,raceblind
2411,0,4,0,0,raceblind
2412,0,4,0,0,raceblind
2413,0,4,0,0,raceblind
2414,0,4,0,0,raceblind
2415,0,4,0,0,raceblind
2416,0,4,0,0,raceblind
2417,0,4,0,0,raceblind
2418,0,4,0,0,raceblind
2419,0,4,0,0,raceblind
2420,0,4,0,0,raceblind
2421,0,4,0,0,raceblind
2422,0,4,0,0,raceblind
2423,0,4,0,0,raceblind
2424,0,4,0,0,raceblind
2425,0,4,0,0,raceblind
2426,0,4,0,0,raceblind
2427,0,4,0,0,raceblind
2428,0,4,0,0,raceblind
2429,0,4,0,0,raceblind
2430,0,4,0,0,raceblind
2431,0,4,0,0,raceblind
2432,0,4,0,0,raceblind
2433,0,4,0,0,raceblind
2434,0,4,0,0,raceblind
2435,0,4,0,0,raceblind
2436,0,4,0,0,raceblind
2437,0,4,0,0,raceblind
2438,0,4,0,0,raceblind
2439,0,4,0,0,raceblind
2440,0,4,0,0,raceblind
2441,0,4,0,0,raceblind
2442,0,4,0,0,raceblind
2443,0,4,0,0,raceblind
2444,0,4,0,0,raceblind
2445,0,4,0,0,raceblind
2446,0,4,0,0,raceblind
2447,0,4,0,0,raceblind
2448,0,4,0,0,raceblind
2449,0,4,0,0,raceblind
2450,0,4,0,0,raceblind
2451,0,4,0,0,raceblind
2452,0,4,0,0,raceblind
2453,0,4,0,0,raceblind
2454,0,4,0,0,raceblind
2455,0,4,0,0,raceblind
2456,0,4,0,0,raceblind
2457,0,4,0,0,raceblind
2458,0,4,0,0,raceblind
2459,0,4,0,0,raceblind
2460,0,4,0,0,raceblind
2461,0,4,0,0,raceblind
2462,0,4,0,0,raceblind
2463,0,4,0,0,raceblind
2464,0,4,0,0,raceblind
2465,0,4,0,0,raceblind
2466,0,4,0,0,raceblind
2467,0,4,0,0,raceblind
2468,0,4,0,0,raceblind
2469,0,4,0,0,raceblind
2470,0,4,0,0,raceblind
2471,0,4,0,0,raceblind
2472,0,4,0,0,raceblind
2473,0,4,0,0,raceblind
2474,0,4,0,0,raceblind
2475,0,4,0,0,raceblind
2476,0,4,0,0,raceblind
2477,0,4,0,0,raceblind
2478,0,4,0,0,raceblind
2479,0,4,0,0,raceblind
2480,0,4,0,0,raceblind
2481,0,4,0,0,raceblind
2482,0,4,0,0,raceblind
2483,0,4,0,0,raceblind
2484,0,4,0,0,raceblind
2485,0,4,0,0,raceblind
2486,0,4,0,0,raceblind
2487,0,4,0,0,raceblind
2488,0,4,0,0,raceblind
2489,0,4,0,0,raceblind
2490,0,4,0,0,raceblind
2491,0,4,0,0,raceblind
2492,0,4,0,0,raceblind
2493,0,4,0,0,raceblind
2494,0,4,0,0,raceblind
2495,0,4,0,0,raceblind
2496,0,4,0,0,raceblind
2497,0,4,0,0,raceblind
2498,0,4,0,0,raceblind
2499,0,4,0,0,raceblind
2500,0,4,0,0,raceblind
2501,0,4,0,0,raceblind
2502,0,4,0,0,raceblind
2503,0,4,0,0,raceblind
2504,0,4,0,0,raceblind
2505,0,4,0,0,raceblind
2506,0,4,0,0,raceblind
2507,0,4,0,0,raceblind
2508,0,4,0,0,raceblind
2509,0,4,0,0,raceblind
2510,0,4,0,0,raceblind
2511,0,4,0,0,raceblind
2512,0,4,0,0,raceblind
2513,0,4,0,0,raceblind
2514,0,4,0,0,raceblind
2515,0,4,0,0,raceblind
2516,0,4,0,0,raceblind
2517,0,4,0,0,raceblind
2518,0,4,0,0,raceblind
2519,0,4,0,0,raceblind
2520,0,4,0,0,raceblind
2521,0,4,0,0,raceblind
2522,0,4,0,0,raceblind
2523,0,4,0,0,raceblind
2524,0,4,0,0,raceblind
2525,0,4,0,0,raceblind
2526,0,4,0,0,raceblind
2527,0,4,0,0,raceblind
2528,0,4,0,0,raceblind
2529,0,4,0,0,raceblind
2530,0,4,0,0,raceblind
2531,0,4,0,0,raceblind
2532,0,4,0,0,raceblind
2533,0,4,0,0,raceblind
2534,0,4,0,0,raceblind
2535,0,4,0,0,raceblind
2536,0,4,0,0,raceblind
2537,0,4,0,0,raceblind
2538,0,4,0,0,raceblind
2539,0,4,0,0,raceblind
2540,0,4,0,0,raceblind
2541,0,4,0,0,raceblind
2542,0,4,0,0,raceblind
2543,0,4,0,0,raceblind
2544,0,4,0,0,raceblind
2545,0,4,0,0,raceblind
2546,0,4,0,0,raceblind
2547,0,4,0,0,raceblind
2548,0,4,0,0,raceblind
2549,0,4,0,0,raceblind
2550,0,4,0,0,raceblind
2551,0,4,0,0,raceblind
2552,0,4,0,0,raceblind
2553,0,4,0,0,raceblind
2554,0,4,0,0,raceblind
2555,0,4,0,0,raceblind
2556,0,4,0,0,raceblind
2557,0,4,0,0,raceblind
2558,0,4,0,0,raceblind
2559,0,4,0,0,raceblind
2560,0,4,0,0,raceblind
2561,0,4,0,0,raceblind
2562,0,4,0,0,raceblind
2563,0,4,0,0,raceblind
2564,0,4,0,0,raceblind
2565,0,4,0,0,raceblind
2566,0,4,0,0,raceblind
2567,0,4,0,0,raceblind
2568,0,4,0,0,raceblind
2569,0,4,0,0,raceblind
2570,0,4,0,0,raceblind
2571,0,4,0,0,raceblind
2572,0,4,0,0,raceblind
2573,0,4,0,0,raceblind
2574,0,4,0,0,raceblind
2575,0,4,0,0,raceblind
2576,0,4,0,0,raceblind
2577,0,4,0,0,raceblind
2578,0,4,0,0,raceblind
2579,0,4,0,0,raceblind
2580,0,4,0,0,raceblind
2581,0,4,0,0,raceblind
2582,0,4,0,0,raceblind
2583,0,4,0,0,raceblind
2584,0,4,0,0,raceblind
2585,0,4,0,0,raceblind
2586,0,4,0,0,raceblind
2587,0,4,0,0,raceblind
2588,0,4,0,0,raceblind
2589,0,4,0,0,raceblind
2590,0,4,0,0,raceblind
2591,0,4,0,0,raceblind
2592,0,4,0,0,raceblind
2593,0,4,0,0,raceblind
2594,0,4,0,0,raceblind
2595,0,4,0,0,raceblind
2596,0,4,0,0,raceblind
2597,0,4,0,0,raceblind
2598,0,4,0,0,raceblind
2599,0,4,0,0,raceblind
2600,0,4,0,0,raceblind
2601,0,4,0,0,raceblind
2602,0,4,0,0,raceblind
2603,0,4,0,0,raceblind
2604,0,4,0,0,raceblind
2605,0,4,0,0,raceblind
2606,0,4,0,0,raceblind
2607,0,4,0,0,raceblind
2608,0,4,0,0,raceblind
2609,0,4,0,0,raceblind
2610,0,4,0,0,raceblind
2611,0,4,0,0,raceblind
2612,0,4,0,0,raceblind
2613,0,4,0,0,raceblind
2614,0,4,0,0,raceblind
2615,0,4,0,0,raceblind
2616,0,4,0,0,raceblind
2617,0,4,0,0,raceblind
2618,0,4,0,0,raceblind
2619,0,4,0,0,raceblind
2620,0,4,0,0,raceblind
2621,0,4,0,0,raceblind
2622,0,4,0,0,raceblind
2623,0,4,0,0,raceblind
2624,0,4,0,0,raceblind
2625,0,4,0,0,raceblind
2626,0,4,0,0,raceblind
2627,0,4,0,0,raceblind
2628,0,4,0,0,raceblind
2629,0,4,0,0,raceblind
2630,0,4,0,0,raceblind
2631,0,4,0,0,raceblind
2632,0,4,0,0,raceblind
2633,0,4,0,0,raceblind
2634,0,4,0,0,raceblind
2635,0,4,0,0,raceblind
2636,0,4,0,0,raceblind
2637,0,4,0,0,raceblind
2638,0,4,0,0,raceblind
2639,0,4,0,0,raceblind
2640,0,4,0,0,raceblind
2641,0,4,0,0,raceblind
2642,0,4,0,0,raceblind
2643,0,4,0,0,raceblind
2644,0,4,0,0,raceblind
2645,0,4,0,0,raceblind
2646,0,4,0,0,raceblind
2647,0,4,0,0,raceblind
2648,0,4,0,0,raceblind
2649,0,4,0,0,raceblind
2650,0,4,0,0,raceblind
2651,0,4,0,0,raceblind
2652,0,4,0,0,raceblind
2653,0,4,0,0,raceblind
2654,0,4,0,0,raceblind
2655,0,4,0,0,raceblind
2656,0,4,0,0,raceblind
2657,0,4,0,0,raceblind
2658,0,4,0,0,raceblind
2659,0,4,0,0,raceblind
2660,0,4,0,0,raceblind
2661,0,4,0,0,raceblind
2662,0,4,0,0,raceblind
2663,0,4,0,0,raceblind
2664,0,4,0,0,raceblind
2665,0,4,0,0,raceblind
2666,0,4,0,0,raceblind
2667,0,4,0,0,raceblind
2668,0,4,0,0,raceblind
2669,0,4,0,0,raceblind
2670,0,4,0,0,raceblind
2671,0,4,0,0,raceblind
2672,0,4,0,0,raceblind
2673,0,4,0,0,raceblind
2674,0,4,0,0,raceblind
2675,0,4,0,0,raceblind
2676,0,4,0,0,raceblind
2677,0,4,0,0,raceblind
2678,0,4,0,0,raceblind
2679,0,4,0,0,raceblind
2680,0,4,0,0,raceblind
2681,0,4,0,0,raceblind
2682,0,4,0,0,raceblind
2683,0,4,0,0,raceblind
2684,0,4,0,0,raceblind
2685,0,4,0,0,raceblind
2686,0,4,0,0,raceblind
2687,0,4,0,0,raceblind
2688,0,4,0,0,raceblind
2689,0,4,0,0,raceblind
2690,0,4,0,0,raceblind
2691,0,4,0,0,raceblind
2692,0,4,0,0,raceblind
2693,0,4,0,0,raceblind
2694,0,4,0,0,raceblind
2695,0,4,0,0,raceblind
2696,0,4,0,0,raceblind
2697,0,4,0,0,raceblind
2698,0,4,0,0,raceblind
2699,0,4,0,0,raceblind
2700,0,4,0,0,raceblind
2701,0,4,0,0,raceblind
2702,0,4,0,0,raceblind
2703,0,4,0,0,raceblind
2704,0,4,0,0,raceblind
2705,0,4,0,0,raceblind
2706,0,4,0,0,raceblind
2707,0,4,0,0,raceblind
2708,0,4,0,0,raceblind
2709,0,4,0,0,raceblind
2710,0,4,0,0,raceblind
2711,0,4,0,0,raceblind
2712,0,4,0,0,raceblind
2713,0,4,0,0,raceblind
2714,0,4,0,0,raceblind
2715,0,4,0,0,raceblind
2716,0,4,0,0,raceblind
2717,0,4,0,0,raceblind
2718,0,4,0,0,raceblind
2719,0,4,0,0,raceblind
2720,0,4,0,0,raceblind
2721,0,4,0,0,raceblind
2722,0,4,0,0,raceblind
2723,0,4,0,0,raceblind
2724,0,4,0,0,raceblind
2725,0,4,0,0,raceblind
2726,0,4,0,0,raceblind
2727,0,4,0,0,raceblind
2728,0,4,0,0,raceblind
2729,0,4,0,0,raceblind
2730,0,4,0,0,raceblind
2731,0,4,0,0,raceblind
2732,0,4,0,0,raceblind
2733,0,4,0,0,raceblind
2734,0,4,0,0,raceblind
2735,0,4,0,0,raceblind
2736,0,4,0,0,raceblind
2737,0,4,0,0,raceblind
2738,0,4,0,0,raceblind
2739,0,4,0,0,raceblind
2740,0,4,0,0,raceblind
2741,0,4,0,0,raceblind
2742,0,4,0,0,raceblind
2743,0,4,0,0,raceblind
2744,0,4,0,0,raceblind
2745,0,4,0,0,raceblind
2746,0,4,0,0,raceblind
2747,0,4,0,0,raceblind
2748,0,4,0,0,raceblind
2749,0,4,0,0,raceblind
2750,0,4,0,0,raceblind
2751,0,4,0,0,raceblind
2752,0,4,0,0,raceblind
2753,0,4,0,0,raceblind
2754,0,4,0,0,raceblind
2755,0,4,0,0,raceblind
2756,0,4,0,0,raceblind
2757,0,4,0,0,raceblind
2758,0,4,0,0,raceblind
2759,0,4,0,0,raceblind
2760,0,4,0,0,raceblind
2761,0,4,0,0,raceblind
2762,0,4,0,0,raceblind
2763,0,4,0,0,raceblind
2764,0,4,0,0,raceblind
2765,0,4,0,0,raceblind
2766,0,4,0,0,raceblind
2767,0,4,0,0,raceblind
2768,0,4,0,0,raceblind
2769,0,4,0,0,raceblind
2770,0,4,0,0,raceblind
2771,0,4,0,0,raceblind
2772,0,4,0,0,raceblind
2773,0,4,0,0,raceblind
2774,0,4,0,0,raceblind
2775,0,4,0,0,raceblind
2776,0,4,0,0,raceblind
2777,0,4,0,0,raceblind
2778,0,4,0,0,raceblind
2779,0,4,0,0,raceblind
2780,0,4,0,0,raceblind
2781,0,4,0,0,raceblind
2782,0,4,0,0,raceblind
2783,0,4,0,0,raceblind
2784,0,4,0,0,raceblind
2785,0,4,0,0,raceblind
2786,0,4,0,0,raceblind
2787,0,4,0,0,raceblind
2788,0,4,0,0,raceblind
2789,0,4,0,0,raceblind
2790,0,4,0,0,raceblind
2791,0,4,0,0,raceblind
2792,0,4,0,0,raceblind
2793,0,4,0,0,raceblind
2794,0,4,0,0,raceblind
2795,0,4,0,0,raceblind
2796,0,4,0,0,raceblind
2797,0,4,0,0,raceblind
2798,0,4,0,0,raceblind
2799,0,4,0,0,raceblind
2800,0,4,0,0,raceblind
2801,0,4,0,0,raceblind
2802,0,4,0,0,raceblind
2803,0,4,0,0,raceblind
2804,0,4,0,0,raceblind
2805,0,4,0,0,raceblind
2806,0,4,0,0,raceblind
2807,0,4,0,0,raceblind
2808,0,4,0,0,raceblind
2809,0,4,0,0,raceblind
2810,0,4,0,0,raceblind
2811,0,4,0,0,raceblind
2812,0,4,0,0,raceblind
2813,0,4,0,0,raceblind
2814,0,4,0,0,raceblind
2815,0,4,0,0,raceblind
2816,0,4,0,0,raceblind
2817,0,4,0,0,raceblind
2818,0,4,0,0,raceblind
2819,0,4,0,0,raceblind
2820,0,4,0,0,raceblind
2821,0,4,0,0,raceblind
2822,0,4,0,0,raceblind
2823,0,4,0,0,raceblind
2824,0,4,0,0,raceblind
2825,0,4,0,0,raceblind
2826,0,4,0,0,raceblind
2827,0,4,0,0,raceblind
2828,0,4,0,0,raceblind
2829,0,4,0,0,raceblind
2830,0,4,0,0,raceblind
2831,0,4,0,0,raceblind
2832,0,4,0,0,raceblind
2833,0,4,0,0,raceblind
2834,0,4,0,0,raceblind
2835,0,4,0,0,raceblind
2836,0,4,0,0,raceblind
2837,0,4,0,0,raceblind
2838,0,4,0,0,raceblind
2839,0,4,0,0,raceblind
2840,0,4,0,0,raceblind
2841,0,4,0,0,raceblind
2842,0,4,0,0,raceblind
2843,0,4,0,0,raceblind
2844,0,4,0,0,raceblind
2845,0,4,0,0,raceblind
2846,0,4,0,0,raceblind
2847,0,4,0,0,raceblind
2848,0,4,0,0,raceblind
2849,0,4,0,0,raceblind
2850,0,4,0,0,raceblind
2851,0,4,0,0,raceblind
2852,0,4,0,0,raceblind
2853,0,4,0,0,raceblind
2854,0,4,0,0,raceblind
2855,0,4,0,0,raceblind
2856,0,4,0,0,raceblind
2857,0,4,0,0,raceblind
2858,0,4,0,0,raceblind
2859,0,4,0,0,raceblind
2860,0,4,0,0,raceblind
2861,0,4,0,0,raceblind
2862,0,4,0,0,raceblind
2863,0,4,0,0,raceblind
2864,0,4,0,0,raceblind
2865,0,4,0,0,raceblind
2866,0,4,0,0,raceblind
2867,0,4,0,0,raceblind
2868,0,4,0,0,raceblind
2869,0,4,0,0,raceblind
2870,0,4,0,0,raceblind
2871,0,4,0,0,raceblind
2872,0,4,0,0,raceblind
2873,0,4,0,0,raceblind
2874,0,4,0,0,raceblind
2875,0,4,0,0,raceblind
2876,0,4,0,0,raceblind
2877,0,4,0,0,raceblind
2878,0,4,0,0,raceblind
2879,0,4,0,0,raceblind
2880,0,4,0,0,raceblind
2881,0,4,0,0,raceblind
2882,0,4,0,0,raceblind
2883,0,4,0,0,raceblind
2884,0,4,0,0,raceblind
2885,0,4,0,0,raceblind
2886,0,4,0,0,raceblind
2887,0,4,0,0,raceblind
2888,0,4,0,0,raceblind
2889,0,4,0,0,raceblind
2890,0,4,0,0,raceblind
2891,0,4,0,0,raceblind
2892,0,4,0,0,raceblind
2893,0,4,0,0,raceblind
2894,0,4,0,0,raceblind
2895,0,4,0,0,raceblind
2896,0,4,0,0,raceblind
2897,0,4,0,0,raceblind
2898,0,4,0,0,raceblind
2899,0,4,0,0,raceblind
2900,0,4,0,0,raceblind
2901,0,4,0,0,raceblind
2902,0,4,0,0,raceblind
2903,0,4,0,0,raceblind
2904,0,4,0,0,raceblind
2905,0,4,0,0,raceblind
2906,0,4,0,0,raceblind
2907,0,4,0,0,raceblind
2908,0,4,0,0,raceblind
2909,0,4,0,0,raceblind
2910,0,4,0,0,raceblind
2911,0,4,0,0,raceblind
2912,0,4,0,0,raceblind
2913,0,4,0,0,raceblind
2914,0,4,0,0,raceblind
2915,0,4,0,0,raceblind
2916,0,4,0,0,raceblind
2917,0,4,0,0,raceblind
2918,0,4,0,0,raceblind
2919,0,4,0,0,raceblind
2920,0,4,0,0,raceblind
2921,0,4,0,0,raceblind
2922,0,4,0,0,raceblind
2923,0,4,0,0,raceblind
2924,0,4,0,0,raceblind
2925,0,4,0,0,raceblind
2926,0,4,0,0,raceblind
2927,0,4,0,0,raceblind
2928,0,4,0,0,raceblind
2929,0,4,0,0,raceblind
2930,0,4,0,0,raceblind
2931,0,4,0,0,raceblind
2932,0,4,0,0,raceblind
2933,0,4,0,0,raceblind
2934,0,4,0,0,raceblind
2935,0,4,0,0,raceblind
2936,0,4,0,0,raceblind
2937,0,4,0,0,raceblind
2938,0,4,0,0,raceblind
2939,0,4,0,0,raceblind
2940,0,4,0,0,raceblind
2941,0,4,0,0,raceblind
2942,0,4,0,0,raceblind
2943,0,4,0,0,raceblind
2944,0,4,0,0,raceblind
2945,0,4,0,0,raceblind
2946,0,4,0,0,raceblind
2947,0,4,0,0,raceblind
2948,0,4,0,0,raceblind
2949,0,4,0,0,raceblind
2950,0,4,0,0,raceblind
2951,0,4,0,0,raceblind
2952,0,4,0,0,raceblind
2953,0,4,0,0,raceblind
2954,0,4,0,0,raceblind
2955,0,4,0,0,raceblind
2956,0,4,0,0,raceblind
2957,0,4,0,0,raceblind
2958,0,4,0,0,raceblind
2959,0,4,0,0,raceblind
2960,0,4,0,0,raceblind
2961,0,4,0,0,raceblind
2962,0,4,0,0,raceblind
2963,0,4,0,0,raceblind
2964,0,4,0,0,raceblind
2965,0,4,0,0,raceblind
2966,0,4,0,0,raceblind
2967,0,4,0,0,raceblind
2968,0,4,0,0,raceblind
2969,0,4,0,0,raceblind
2970,0,4,0,0,raceblind
2971,0,4,0,0,raceblind
2972,0,4,0,0,raceblind
2973,0,4,0,0,raceblind
2974,0,4,0,0,raceblind
2975,0,4,0,0,raceblind
2976,0,4,0,0,raceblind
2977,0,4,0,0,raceblind
2978,0,4,0,0,raceblind
2979,0,4,0,0,raceblind
2980,0,4,0,0,raceblind
2981,0,4,0,0,raceblind
2982,0,4,0,0,raceblind
2983,0,4,0,0,raceblind
2984,0,4,0,0,raceblind
2985,0,4,0,0,raceblind
2986,0,4,0,0,raceblind
2987,0,4,0,0,raceblind
2988,0,4,0,0,raceblind
2989,0,4,0,0,raceblind
2990,0,4,0,0,raceblind
2991,0,4,0,0,raceblind
2992,0,4,0,0,raceblind
2993,0,4,0,0,raceblind
2994,0,4,0,0,raceblind
2995,0,4,0,0,raceblind
2996,0,4,0,0,raceblind
2997,0,4,0,0,raceblind
2998,0,4,0,0,raceblind
2999,0,4,0,0,raceblind
3000,0,4,0,0,raceblind
3001,0,4,0,0,raceblind
3002,0,4,0,0,raceblind
3003,0,4,0,0,raceblind
3004,0,4,0,0,raceblind
3005,0,4,0,0,raceblind
3006,0,4,0,0,raceblind
3007,0,4,0,0,raceblind
3008,0,4,0,0,raceblind
3009,0,4,0,0,raceblind
3010,0,4,0,0,raceblind
3011,0,4,0,0,raceblind
3012,0,4,0,0,raceblind
3013,0,4,0,0,raceblind
3014,0,4,0,0,raceblind
3015,0,4,0,0,raceblind
3016,0,4,0,0,raceblind
3017,0,4,0,0,raceblind
3018,0,4,0,0,raceblind
3019,0,4,0,0,raceblind
3020,0,4,0,0,raceblind
3021,0,4,0,0,raceblind
3022,0,4,0,0,raceblind
3023,0,4,0,0,raceblind
3024,0,4,0,0,raceblind
3025,0,4,0,0,raceblind
3026,0,4,0,0,raceblind
3027,0,4,0,0,raceblind
3028,0,4,0,0,raceblind
3029,0,4,0,0,raceblind
3030,0,4,0,0,raceblind
3031,0,4,0,0,raceblind
3032,0,4,0,0,raceblind
3033,0,4,0,0,raceblind
3034,0,4,0,0,raceblind
3035,0,4,0,0,raceblind
3036,0,4,0,0,raceblind
3037,0,4,0,0,raceblind
3038,0,4,0,0,raceblind
3039,0,4,0,0,raceblind
3040,0,4,0,0,raceblind
3041,0,4,0,0,raceblind
3042,0,4,0,0,raceblind
3043,0,4,0,0,raceblind
3044,0,4,0,0,raceblind
3045,0,4,0,0,raceblind
3046,0,4,0,0,raceblind
3047,0,4,0,0,raceblind
3048,0,4,0,0,raceblind
3049,0,4,0,0,raceblind
3050,0,4,0,0,raceblind
3051,0,4,0,0,raceblind
3052,0,4,0,0,raceblind
3053,0,4,0,0,raceblind
3054,0,4,0,0,raceblind
3055,0,4,0,0,raceblind
3056,0,4,0,0,raceblind
3057,0,4,0,0,raceblind
3058,0,4,0,0,raceblind
3059,0,4,0,0,raceblind
3060,0,4,0,0,raceblind
3061,0,4,0,0,raceblind
3062,0,4,0,0,raceblind
3063,0,4,0,0,raceblind
3064,0,4,0,0,raceblind
3065,0,4,0,0,raceblind
3066,0,4,0,0,raceblind
3067,0,4,0,0,raceblind
3068,0,4,0,0,raceblind
3069,0,4,0,0,raceblind
3070,0,4,0,0,raceblind
3071,0,4,0,0,raceblind
3072,0,4,0,0,raceblind
3073,0,4,0,0,raceblind
3074,0,4,0,0,raceblind
3075,0,4,0,0,raceblind
3076,0,4,0,0,raceblind
3077,0,4,0,0,raceblind
3078,0,4,0,0,raceblind
3079,0,4,0,0,raceblind
3080,0,4,0,0,raceblind
3081,0,4,0,0,raceblind
3082,0,4,0,0,raceblind
3083,0,4,0,0,raceblind
3084,0,4,0,0,raceblind
3085,0,4,0,0,raceblind
3086,0,4,0,0,raceblind
3087,0,4,0,0,raceblind
3088,0,4,0,0,raceblind
3089,0,4,0,0,raceblind
3090,0,4,0,0,raceblind
3091,0,4,0,0,raceblind
3092,0,4,0,0,raceblind
3093,0,4,0,0,raceblind
3094,0,4,0,0,raceblind
3095,0,4,0,0,raceblind
3096,0,4,0,0,raceblind
3097,0,4,0,0,raceblind
3098,0,4,0,0,raceblind
3099,0,4,0,0,raceblind
3100,0,4,0,0,raceblind
3101,0,4,0,0,raceblind
3102,0,4,0,0,raceblind
3103,0,4,0,0,raceblind
3104,0,4,0,0,raceblind
3105,0,4,0,0,raceblind
3106,0,4,0,0,raceblind
3107,0,4,0,0,raceblind
3108,0,4,0,0,raceblind
3109,0,4,0,0,raceblind
3110,0,4,0,0,raceblind
3111,0,4,0,0,raceblind
3112,0,4,0,0,raceblind
3113,0,4,0,0,raceblind
3114,0,4,0,0,raceblind
3115,0,4,0,0,raceblind
3116,0,4,0,0,raceblind
3117,0,4,0,0,raceblind
3118,0,4,0,0,raceblind
3119,0,4,0,0,raceblind
3120,0,4,0,0,raceblind
3121,0,4,0,0,raceblind
3122,0,4,0,0,raceblind
3123,0,4,0,0,raceblind
3124,0,4,0,0,raceblind
3125,0,4,0,0,raceblind
3126,0,4,0,0,raceblind
3127,0,4,0,0,raceblind
3128,0,4,0,0,raceblind
3129,0,4,0,0,raceblind
3130,0,4,0,0,raceblind
3131,0,4,0,0,raceblind
3132,0,4,0,0,raceblind
3133,0,4,0,0,raceblind
3134,0,4,0,0,raceblind
3135,0,4,0,0,raceblind
3136,0,4,0,0,raceblind
3137,0,4,0,0,raceblind
3138,0,4,0,0,raceblind
3139,0,4,0,0,raceblind
3140,0,4,0,0,raceblind
3141,0,4,0,0,raceblind
3142,0,4,0,0,raceblind
3143,0,4,0,0,raceblind
3144,0,4,0,0,raceblind
3145,0,4,0,0,raceblind
3146,0,4,0,0,raceblind
3147,0,4,0,0,raceblind
3148,0,4,0,0,raceblind
3149,0,4,0,0,raceblind
3150,0,4,0,0,raceblind
3151,0,4,0,0,raceblind
3152,0,4,0,0,raceblind
3153,0,4,0,0,raceblind
3154,0,4,0,0,raceblind
3155,0,4,0,0,raceblind
3156,0,4,0,0,raceblind
3157,0,4,0,0,raceblind
3158,0,4,0,0,raceblind
3159,0,4,0,0,raceblind
3160,0,4,0,0,raceblind
3161,0,4,0,0,raceblind
3162,0,4,0,0,raceblind
3163,0,4,0,0,raceblind
3164,0,4,0,0,raceblind
3165,0,4,0,0,raceblind
3166,0,4,0,0,raceblind
3167,0,4,0,0,raceblind
3168,0,4,0,0,raceblind
3169,0,4,0,0,raceblind
3170,0,4,0,0,raceblind
3171,0,4,0,0,raceblind
3172,0,4,0,0,raceblind
3173,0,4,0,0,raceblind
3174,0,4,0,0,raceblind
3175,0,4,0,0,raceblind
3176,0,4,0,0,raceblind
3177,0,4,0,0,raceblind
3178,0,4,0,0,raceblind
3179,0,4,0,0,raceblind
3180,0,4,0,0,raceblind
3181,0,4,0,0,raceblind
3182,0,4,0,0,raceblind
3183,0,4,0,0,raceblind
3184,0,4,0,0,raceblind
3185,0,4,0,0,raceblind
3186,0,4,0,0,raceblind
3187,0,4,0,0,raceblind
3188,0,4,0,0,raceblind
3189,0,4,0,0,raceblind
3190,0,4,0,0,raceblind
3191,0,4,0,0,raceblind
3192,0,4,0,0,raceblind
3193,0,4,0,0,raceblind
3194,0,4,0,0,raceblind
3195,0,4,0,0,raceblind
3196,0,4,0,0,raceblind
3197,0,4,0,0,raceblind
3198,0,4,0,0,raceblind
3199,0,4,0,0,raceblind
3200,0,4,0,0,raceblind
3201,0,4,0,0,raceblind
3202,0,4,0,0,raceblind
3203,0,4,0,0,raceblind
3204,0,4,0,0,raceblind
3205,0,4,0,0,raceblind
3206,0,4,0,0,raceblind
3207,0,4,0,0,raceblind
3208,0,4,0,0,raceblind
3209,0,4,0,0,raceblind
3210,0,4,0,0,raceblind
3211,0,4,0,0,raceblind
3212,0,4,0,0,raceblind
3213,0,4,0,0,raceblind
3214,0,4,0,0,raceblind
3215,0,4,0,0,raceblind
3216,0,4,0,0,raceblind
3217,0,4,0,0,raceblind
3218,0,4,0,0,raceblind
3219,0,4,0,0,raceblind
3220,0,4,0,0,raceblind
3221,0,4,0,0,raceblind
3222,0,4,0,0,raceblind
3223,0,4,0,0,raceblind
3224,0,4,0,0,raceblind
3225,0,4,0,0,raceblind
3226,0,4,0,0,raceblind
3227,0,4,0,0,raceblind
3228,0,4,0,0,raceblind
3229,0,4,0,0,raceblind
3230,0,4,0,0,raceblind
3231,0,4,0,0,raceblind
3232,0,4,0,0,raceblind
3233,0,4,0,0,raceblind
3234,0,4,0,0,raceblind
3235,0,4,0,0,raceblind
3236,0,4,0,0,raceblind
3237,0,4,0,0,raceblind
3238,0,4,0,0,raceblind
3239,0,4,0,0,raceblind
3240,0,4,0,0,raceblind
3241,0,4,0,0,raceblind
3242,0,4,0,0,raceblind
3243,0,4,0,0,raceblind
3244,0,4,0,0,raceblind
3245,0,4,0,0,raceblind
3246,0,4,0,0,raceblind
3247,0,4,0,0,raceblind
3248,0,4,0,0,raceblind
3249,0,4,0,0,raceblind
3250,0,4,0,0,raceblind
3251,0,4,0,0,raceblind
3252,0,4,0,0,raceblind
3253,0,4,0,0,raceblind
3254,0,4,0,0,raceblind
3255,0,4,0,0,raceblind
3256,0,4,0,0,raceblind
3257,0,4,0,0,raceblind
3258,0,4,0,0,raceblind
3259,0,4,0,0,raceblind
3260,0,4,0,0,raceblind
3261,0,4,0,0,raceblind
3262,0,4,0,0,raceblind
3263,0,4,0,0,raceblind
3264,0,4,0,0,raceblind
3265,0,4,0,0,raceblind
3266,0,4,0,0,raceblind
3267,0,4,0,0,raceblind
3268,0,4,0,0,raceblind
3269,0,4,0,0,raceblind
3270,0,4,0,0,raceblind
3271,0,4,0,0,raceblind
3272,0,4,0,0,raceblind
3273,0,4,0,0,raceblind
3274,0,4,0,0,raceblind
3275,0,4,0,0,raceblind
3276,0,4,0,0,raceblind
3277,0,4,0,0,raceblind
3278,0,4,0,0,raceblind
3279,0,4,0,0,raceblind
3280,0,4,0,0,raceblind
3281,0,4,0,0,raceblind
3282,0,4,0,0,raceblind
3283,0,4,0,0,raceblind
3284,0,4,0,0,raceblind
3285,0,4,0,0,raceblind
3286,0,4,0,0,raceblind
3287,0,4,0,0,raceblind
3288,0,4,0,0,raceblind
3289,0,4,0,0,raceblind
3290,0,4,0,0,raceblind
3291,0,4,0,0,raceblind
3292,0,4,0,0,raceblind
3293,0,4,0,0,raceblind
3294,0,4,0,0,raceblind
3295,0,4,0,0,raceblind
3296,0,4,0,0,raceblind
3297,0,4,0,0,raceblind
3298,0,4,0,0,raceblind
3299,0,4,0,0,raceblind
3300,0,4,0,0,raceblind
3301,0,4,0,0,raceblind
3302,0,4,0,0,raceblind
3303,0,4,0,0,raceblind
3304,0,4,0,0,raceblind
3305,0,4,0,0,raceblind
3306,0,4,0,0,raceblind
3307,0,4,0,0,raceblind
3308,0,4,0,0,raceblind
3309,0,4,0,0,raceblind
3310,0,4,0,0,raceblind
3311,0,4,0,0,raceblind
3312,0,4,0,0,raceblind
3313,0,4,0,0,raceblind
3314,0,4,0,0,raceblind
3315,0,4,0,0,raceblind
3316,0,4,0,0,raceblind
3317,0,4,0,0,raceblind
3318,0,4,0,0,raceblind
3319,0,4,0,0,raceblind
3320,0,4,0,0,raceblind
3321,0,4,0,0,raceblind
3322,0,4,0,0,raceblind
3323,0,4,0,0,raceblind
3324,0,4,0,0,raceblind
3325,0,4,0,0,raceblind
3326,0,4,0,0,raceblind
3327,0,4,0,0,raceblind
3328,0,4,0,0,raceblind
3329,0,4,0,0,raceblind
3330,0,4,0,0,raceblind
3331,0,4,0,0,raceblind
3332,0,4,0,0,raceblind
3333,0,4,0,0,raceblind
3334,0,4,0,0,raceblind
3335,0,4,0,0,raceblind
3336,0,4,0,0,raceblind
3337,0,4,0,0,raceblind
3338,0,4,0,0,raceblind
3339,0,4,0,0,raceblind
3340,0,4,0,0,raceblind
3341,0,4,0,0,raceblind
3342,0,4,0,0,raceblind
3343,0,4,0,0,raceblind
3344,0,4,0,0,raceblind
3345,0,4,0,0,raceblind
3346,0,4,0,0,raceblind
3347,0,4,0,0,raceblind
3348,0,4,0,0,raceblind
3349,0,4,0,0,raceblind
3350,0,4,0,0,raceblind
3351,0,4,0,0,raceblind
3352,0,4,0,0,raceblind
3353,0,4,0,0,raceblind
3354,0,4,0,0,raceblind
3355,0,4,0,0,raceblind
3356,0,4,0,0,raceblind
3357,0,4,0,0,raceblind
3358,0,4,0,0,raceblind
3359,0,4,0,0,raceblind
3360,0,4,0,0,raceblind
3361,0,4,0,0,raceblind
3362,0,4,0,0,raceblind
3363,0,4,0,0,raceblind
3364,0,4,0,0,raceblind
3365,0,4,0,0,raceblind
3366,0,4,0,0,raceblind
3367,0,4,0,0,raceblind
3368,0,4,0,0,raceblind
3369,0,4,0,0,raceblind
3370,0,4,0,0,raceblind
3371,0,4,0,0,raceblind
3372,0,4,0,0,raceblind
3373,0,4,0,0,raceblind
3374,0,4,0,0,raceblind
3375,0,4,0,0,raceblind
3376,0,4,0,0,raceblind
3377,0,4,0,0,raceblind
3378,0,4,0,0,raceblind
3379,0,4,0,0,raceblind
3380,0,4,0,0,raceblind
3381,0,4,0,0,raceblind
3382,0,4,0,0,raceblind
3383,0,4,0,0,raceblind
3384,0,4,0,0,raceblind
3385,0,4,0,0,raceblind
3386,0,4,0,0,raceblind
3387,0,4,0,0,raceblind
3388,0,4,0,0,raceblind
3389,0,4,0,0,raceblind
3390,0,4,0,0,raceblind
3391,0,4,0,0,raceblind
3392,0,4,0,0,raceblind
3393,0,4,0,0,raceblind
3394,0,4,0,0,raceblind
3395,0,4,0,0,raceblind
3396,0,4,0,0,raceblind
3397,0,4,0,0,raceblind
3398,0,4,0,0,raceblind
3399,0,4,0,0,raceblind
3400,0,4,0,0,raceblind
3401,0,4,0,0,raceblind
3402,0,4,0,0,raceblind
3403,0,4,0,0,raceblind
3404,0,4,0,0,raceblind
3405,0,4,0,0,raceblind
3406,0,4,0,0,raceblind
3407,0,4,0,0,raceblind
3408,0,4,0,0,raceblind
3409,0,4,0,0,raceblind
3410,0,4,0,0,raceblind
3411,0,4,0,0,raceblind
3412,0,4,0,0,raceblind
3413,0,4,0,0,raceblind
3414,0,4,0,0,raceblind
3415,0,4,0,0,raceblind
3416,0,4,0,0,raceblind
3417,0,4,0,0,raceblind
3418,0,4,0,0,raceblind
3419,0,4,0,0,raceblind
3420,0,4,0,0,raceblind
3421,0,4,0,0,raceblind
3422,0,4,0,0,raceblind
3423,0,4,0,0,raceblind
3424,0,4,0,0,raceblind
3425,0,4,0,0,raceblind
3426,0,4,0,0,raceblind
3427,0,4,0,0,raceblind
3428,0,4,0,0,raceblind
3429,0,4,0,0,raceblind
3430,0,4,0,0,raceblind
3431,0,4,0,0,raceblind
3432,0,4,0,0,raceblind
3433,0,4,0,0,raceblind
3434,0,4,0,0,raceblind
3435,0,4,0,0,raceblind
3436,0,4,0,0,raceblind
3437,0,4,0,0,raceblind
3438,0,4,0,0,raceblind
3439,0,4,0,0,raceblind
3440,0,4,0,0,raceblind
3441,0,4,0,0,raceblind
3442,0,4,0,0,raceblind
3443,0,4,0,0,raceblind
3444,0,4,0,0,raceblind
3445,0,4,0,0,raceblind
3446,0,4,0,0,raceblind
3447,0,4,0,0,raceblind
3448,0,4,0,0,raceblind
3449,0,4,0,0,raceblind
3450,0,4,0,0,raceblind
3451,0,4,0,0,raceblind
3452,0,4,0,0,raceblind
3453,0,4,0,0,raceblind
3454,0,4,0,0,raceblind
3455,0,4,0,0,raceblind
3456,0,4,0,0,raceblind
3457,0,4,0,0,raceblind
3458,0,4,0,0,raceblind
3459,0,4,0,0,raceblind
3460,0,4,0,0,raceblind
3461,0,4,0,0,raceblind
3462,0,4,0,0,raceblind
3463,0,4,0,0,raceblind
3464,0,4,0,0,raceblind
3465,0,4,0,0,raceblind
3466,0,4,0,0,raceblind
3467,0,4,0,0,raceblind
3468,0,4,0,0,raceblind
3469,0,4,0,0,raceblind
3470,0,4,0,0,raceblind
3471,0,4,0,0,raceblind
3472,0,4,0,0,raceblind
3473,0,4,0,0,raceblind
3474,0,4,0,0,raceblind
3475,0,4,0,0,raceblind
3476,0,4,0,0,raceblind
3477,0,4,0,0,raceblind
3478,0,4,0,0,raceblind
3479,0,4,0,0,raceblind
3480,0,4,0,0,raceblind
3481,0,4,0,0,raceblind
3482,0,4,0,0,raceblind
3483,0,4,0,0,raceblind
3484,0,4,0,0,raceblind
3485,0,4,0,0,raceblind
3486,0,4,0,0,raceblind
3487,0,4,0,0,raceblind
3488,0,4,0,0,raceblind
3489,0,4,0,0,raceblind
3490,0,4,0,0,raceblind
3491,0,4,0,0,raceblind
3492,0,4,0,0,raceblind
3493,0,4,0,0,raceblind
3494,0,4,0,0,raceblind
3495,0,4,0,0,raceblind
3496,0,4,0,0,raceblind
3497,0,4,0,0,raceblind
3498,0,4,0,0,raceblind
3499,0,4,0,0,raceblind
3500,0,4,0,0,raceblind
3501,0,4,0,0,raceblind
3502,0,4,0,0,raceblind
3503,0,4,0,0,raceblind
3504,0,4,0,0,raceblind
3505,0,4,0,0,raceblind
3506,0,4,0,0,raceblind
3507,0,4,0,0,raceblind
3508,0,4,0,0,raceblind
3509,0,4,0,0,raceblind
3510,0,4,0,0,raceblind
3511,0,4,0,0,raceblind
3512,0,4,0,0,raceblind
3513,0,4,0,0,raceblind
3514,0,4,0,0,raceblind
3515,0,4,0,0,raceblind
3516,0,4,0,0,raceblind
3517,0,4,0,0,raceblind
3518,0,4,0,0,raceblind
3519,0,4,0,0,raceblind
3520,0,4,0,0,raceblind
3521,0,4,0,0,raceblind
3522,0,4,0,0,raceblind
3523,0,4,0,0,raceblind
3524,0,4,0,0,raceblind
3525,0,4,0,0,raceblind
3526,0,4,0,0,raceblind
3527,0,4,0,0,raceblind
3528,0,4,0,0,raceblind
3529,0,4,0,0,raceblind
3530,0,4,0,0,raceblind
3531,0,4,0,0,raceblind
3532,0,4,0,0,raceblind
3533,0,4,0,0,raceblind
3534,0,4,0,0,raceblind
3535,0,4,0,0,raceblind
3536,0,4,0,0,raceblind
3537,0,4,0,0,raceblind
3538,0,4,0,0,raceblind
3539,0,4,0,0,raceblind
3540,0,4,0,0,raceblind
3541,0,4,0,0,raceblind
3542,0,4,0,0,raceblind
3543,0,4,0,0,raceblind
3544,0,4,0,0,raceblind
3545,0,4,0,0,raceblind
3546,0,4,0,0,raceblind
3547,0,4,0,0,raceblind
3548,0,4,0,0,raceblind
3549,0,4,0,0,raceblind
3550,0,4,0,0,raceblind
3551,0,4,0,0,raceblind
3552,0,4,0,0,raceblind
3553,0,4,0,0,raceblind
3554,0,4,0,0,raceblind
3555,0,4,0,0,raceblind
3556,0,4,0,0,raceblind
3557,0,4,0,0,raceblind
3558,0,4,0,0,raceblind
3559,0,4,0,0,raceblind
3560,0,4,0,0,raceblind
3561,0,4,0,0,raceblind
3562,0,4,0,0,raceblind
3563,0,4,0,0,raceblind
3564,0,4,0,0,raceblind
3565,0,4,0,0,raceblind
3566,0,4,0,0,raceblind
3567,0,4,0,0,raceblind
3568,0,4,0,0,raceblind
3569,0,4,0,0,raceblind
3570,0,4,0,0,raceblind
3571,0,4,0,0,raceblind
3572,0,4,0,0,raceblind
3573,0,4,0,0,raceblind
3574,0,4,0,0,raceblind
3575,0,4,0,0,raceblind
3576,0,4,0,0,raceblind
3577,0,4,0,0,raceblind
3578,0,4,0,0,raceblind
3579,0,4,0,0,raceblind
3580,0,4,0,0,raceblind
3581,0,4,0,0,raceblind
3582,0,4,0,0,raceblind
3583,0,4,0,0,raceblind
3584,0,4,0,0,raceblind
3585,0,4,0,0,raceblind
3586,0,4,0,0,raceblind
3587,0,4,0,0,raceblind
3588,0,4,0,0,raceblind
3589,0,4,0,0,raceblind
3590,0,4,0,0,raceblind
3591,0,4,0,0,raceblind
3592,0,4,0,0,raceblind
3593,0,4,0,0,raceblind
3594,0,4,0,0,raceblind
3595,0,4,0,0,raceblind
3596,0,4,0,0,raceblind
3597,0,4,0,0,raceblind
3598,0,4,0,0,raceblind
3599,0,4,0,0,raceblind
3600,0,4,0,0,raceblind
3601,0,4,0,0,raceblind
3602,0,4,0,0,raceblind
3603,0,4,0,0,raceblind
3604,0,4,0,0,raceblind
3605,0,4,0,0,raceblind
3606,0,4,0,0,raceblind
3607,0,4,0,0,raceblind
3608,0,4,0,0,raceblind
3609,0,4,0,0,raceblind
3610,0,4,0,0,raceblind
3611,0,4,0,0,raceblind
3612,0,4,0,0,raceblind
3613,0,4,0,0,raceblind
3614,0,4,0,0,raceblind
3615,0,4,0,0,raceblind
3616,0,4,0,0,raceblind
3617,0,4,0,0,raceblind
3618,0,4,0,0,raceblind
3619,0,4,0,0,raceblind
3620,0,4,0,0,raceblind
3621,0,4,0,0,raceblind
3622,0,4,0,0,raceblind
3623,0,4,0,0,raceblind
3624,0,4,0,0,raceblind
3625,0,4,0,0,raceblind
3626,0,4,0,0,raceblind
3627,0,4,0,0,raceblind
3628,0,4,0,0,raceblind
3629,0,4,0,0,raceblind
3630,0,4,0,0,raceblind
3631,0,4,0,0,raceblind
3632,0,4,0,0,raceblind
3633,0,4,0,0,raceblind
3634,0,4,0,0,raceblind
3635,0,4,0,0,raceblind
3636,0,4,0,0,raceblind
3637,0,4,0,0,raceblind
3638,0,4,0,0,raceblind
3639,0,4,0,0,raceblind
3640,0,4,0,0,raceblind
3641,0,4,0,0,raceblind
3642,0,4,0,0,raceblind
3643,0,4,0,0,raceblind
3644,0,4,0,0,raceblind
3645,0,4,0,0,raceblind
3646,0,4,0,0,raceblind
3647,0,4,0,0,raceblind
3648,0,4,0,0,raceblind
3649,0,4,0,0,raceblind
3650,0,4,0,0,raceblind
3651,0,4,0,0,raceblind
3652,0,4,0,0,raceblind
3653,0,4,0,0,raceblind
3654,0,4,0,0,raceblind
3655,0,4,0,0,raceblind
3656,0,4,0,0,raceblind
3657,0,4,0,0,raceblind
3658,0,4,0,0,raceblind
3659,0,4,0,0,raceblind
3660,0,4,0,0,raceblind
3661,0,4,0,0,raceblind
3662,0,4,0,0,raceblind
3663,0,4,0,0,raceblind
3664,0,4,0,0,raceblind
3665,0,4,0,0,raceblind
3666,0,4,0,0,raceblind
3667,0,4,0,0,raceblind
3668,0,4,0,0,raceblind
3669,0,4,0,0,raceblind
3670,0,4,0,0,raceblind
3671,0,4,0,0,raceblind
3672,0,4,0,0,raceblind
3673,0,4,0,0,raceblind
3674,0,4,0,0,raceblind
3675,0,4,0,0,raceblind
3676,0,4,0,0,raceblind
3677,0,4,0,0,raceblind
3678,0,4,0,0,raceblind
3679,0,4,0,0,raceblind
3680,0,4,0,0,raceblind
3681,0,4,0,0,raceblind
3682,0,4,0,0,raceblind
3683,0,4,0,0,raceblind
3684,0,4,0,0,raceblind
3685,0,4,0,0,raceblind
3686,0,4,0,0,raceblind
3687,0,4,0,0,raceblind
3688,0,4,0,0,raceblind
3689,0,4,0,0,raceblind
3690,0,4,0,0,raceblind
3691,0,4,0,0,raceblind
3692,0,4,0,0,raceblind
3693,0,4,0,0,raceblind
3694,0,4,0,0,raceblind
3695,0,4,0,0,raceblind
3696,0,4,0,0,raceblind
3697,0,4,0,0,raceblind
3698,0,4,0,0,raceblind
3699,0,4,0,0,raceblind
3700,0,4,0,0,raceblind
3701,0,4,0,0,raceblind
3702,0,4,0,0,raceblind
3703,0,4,0,0,raceblind
3704,0,4,0,0,raceblind
3705,0,4,0,0,raceblind
3706,0,4,0,0,raceblind
3707,0,4,0,0,raceblind
3708,0,4,0,0,raceblind
3709,0,4,0,0,raceblind
3710,0,4,0,0,raceblind
3711,0,4,0,0,raceblind
3712,0,4,0,0,raceblind
3713,0,4,0,0,raceblind
3714,0,4,0,0,raceblind
3715,0,4,0,0,raceblind
3716,0,4,0,0,raceblind
3717,0,4,0,0,raceblind
3718,0,4,0,0,raceblind
3719,0,4,0,0,raceblind
3720,0,4,0,0,raceblind
3721,0,4,0,0,raceblind
3722,0,4,0,0,raceblind
3723,0,4,0,0,raceblind
3724,0,4,0,0,raceblind
3725,0,4,0,0,raceblind
3726,0,4,0,0,raceblind
3727,0,4,0,0,raceblind
3728,0,4,0,0,raceblind
3729,0,4,0,0,raceblind
3730,0,4,0,0,raceblind
3731,0,4,0,0,raceblind
3732,0,4,0,0,raceblind
3733,0,4,0,0,raceblind
3734,0,4,0,0,raceblind
3735,0,4,0,0,raceblind
3736,0,4,0,0,raceblind
3737,0,4,0,0,raceblind
3738,0,4,0,0,raceblind
3739,0,4,0,0,raceblind
3740,0,4,0,0,raceblind
3741,0,4,0,0,raceblind
3742,0,4,0,0,raceblind
3743,0,4,0,0,raceblind
3744,0,4,0,0,raceblind
3745,0,4,0,0,raceblind
3746,0,4,0,0,raceblind
3747,0,4,0,0,raceblind
3748,0,4,0,0,raceblind
3749,0,4,0,0,raceblind
3750,0,4,0,0,raceblind
3751,0,4,0,0,raceblind
3752,0,4,0,0,raceblind
3753,0,4,0,0,raceblind
3754,0,4,0,0,raceblind
3755,0,4,0,0,raceblind
3756,0,4,0,0,raceblind
3757,0,4,0,0,raceblind
3758,0,4,0,0,raceblind
3759,0,4,0,0,raceblind
3760,0,4,0,0,raceblind
3761,0,4,0,0,raceblind
3762,0,4,0,0,raceblind
3763,0,4,0,0,raceblind
3764,0,4,0,0,raceblind
3765,0,4,0,0,raceblind
3766,0,4,0,0,raceblind
3767,0,4,0,0,raceblind
3768,0,4,0,0,raceblind
3769,0,4,0,0,raceblind
3770,0,4,0,0,raceblind
3771,0,4,0,0,raceblind
3772,0,4,0,0,raceblind
3773,0,4,0,0,raceblind
3774,0,4,0,0,raceblind
3775,0,4,0,0,raceblind
3776,0,4,0,0,raceblind
3777,0,4,0,0,raceblind
3778,0,4,0,0,raceblind
3779,0,4,0,0,raceblind
3780,0,4,0,0,raceblind
3781,0,4,0,0,raceblind
3782,0,4,0,0,raceblind
3783,0,4,0,0,raceblind
3784,0,4,0,0,raceblind
3785,0,4,0,0,raceblind
3786,0,4,0,0,raceblind
3787,0,4,0,0,raceblind
3788,0,4,0,0,raceblind
3789,0,4,0,0,raceblind
3790,0,4,0,0,raceblind
3791,0,4,0,0,raceblind
3792,0,4,0,0,raceblind
3793,0,4,0,0,raceblind
3794,0,4,0,0,raceblind
3795,0,4,0,0,raceblind
3796,0,4,0,0,raceblind
3797,0,4,0,0,raceblind
3798,0,4,0,0,raceblind
3799,0,4,0,0,raceblind
3800,0,4,0,0,raceblind
3801,0,4,0,0,raceblind
3802,0,4,0,0,raceblind
3803,0,4,0,0,raceblind
3804,0,4,0,0,raceblind
3805,0,4,0,0,raceblind
3806,0,4,0,0,raceblind
3807,0,4,0,0,raceblind
3808,0,4,0,0,raceblind
3809,0,4,0,0,raceblind
3810,0,4,0,0,raceblind
3811,0,4,0,0,raceblind
3812,0,4,0,0,raceblind
3813,0,4,0,0,raceblind
3814,0,4,0,0,raceblind
3815,0,4,0,0,raceblind
3816,0,4,0,0,raceblind
3817,0,4,0,0,raceblind
3818,0,4,0,0,raceblind
3819,0,4,0,0,raceblind
3820,0,4,0,0,raceblind
3821,0,4,0,0,raceblind
3822,0,4,0,0,raceblind
3823,0,4,0,0,raceblind
3824,0,4,0,0,raceblind
3825,0,4,0,0,raceblind
3826,0,4,0,0,raceblind
3827,0,4,0,0,raceblind
3828,0,4,0,0,raceblind
3829,0,4,0,0,raceblind
3830,0,4,0,0,raceblind
3831,0,4,0,0,raceblind
3832,0,4,0,0,raceblind
3833,0,4,0,0,raceblind
3834,0,4,0,0,raceblind
3835,0,4,0,0,raceblind
3836,0,4,0,0,raceblind
3837,0,4,0,0,raceblind
3838,0,4,0,0,raceblind
3839,0,4,0,0,raceblind
3840,0,4,0,0,raceblind
3841,0,4,0,0,raceblind
3842,0,4,0,0,raceblind
3843,0,4,0,0,raceblind
3844,0,4,0,0,raceblind
3845,0,4,0,0,raceblind
3846,0,4,0,0,raceblind
3847,0,4,0,0,raceblind
3848,0,4,0,0,raceblind
3849,0,4,0,0,raceblind
3850,0,4,0,0,raceblind
3851,0,4,0,0,raceblind
3852,0,4,0,0,raceblind
3853,0,4,0,0,raceblind
3854,0,4,0,0,raceblind
3855,0,4,0,0,raceblind
3856,0,4,0,0,raceblind
3857,0,4,0,0,raceblind
3858,0,4,0,0,raceblind
3859,0,4,0,0,raceblind
3860,0,4,0,0,raceblind
3861,0,4,0,0,raceblind
3862,0,4,0,0,raceblind
3863,0,4,0,0,raceblind
3864,0,4,0,0,raceblind
3865,0,4,0,0,raceblind
3866,0,4,0,0,raceblind
3867,0,4,0,0,raceblind
3868,0,4,0,0,raceblind
3869,0,4,0,0,raceblind
3870,0,4,0,0,raceblind
3871,0,4,0,0,raceblind
3872,0,4,0,0,raceblind
3873,0,4,0,0,raceblind
3874,0,4,0,0,raceblind
3875,0,4,0,0,raceblind
3876,0,4,0,0,raceblind
3877,0,4,0,0,raceblind
3878,0,4,0,0,raceblind
3879,0,4,0,0,raceblind
3880,0,4,0,0,raceblind
3881,0,4,0,0,raceblind
3882,0,4,0,0,raceblind
3883,0,4,0,0,raceblind
3884,0,4,0,0,raceblind
3885,0,4,0,0,raceblind
3886,0,4,0,0,raceblind
3887,0,4,0,0,raceblind
3888,0,4,0,0,raceblind
3889,0,4,0,0,raceblind
3890,0,4,0,0,raceblind
3891,0,4,0,0,raceblind
3892,0,4,0,0,raceblind
3893,0,4,0,0,raceblind
3894,0,4,0,0,raceblind
3895,0,4,0,0,raceblind
3896,0,4,0,0,raceblind
3897,0,4,0,0,raceblind
3898,0,4,0,0,raceblind
3899,0,4,0,0,raceblind
3900,0,4,0,0,raceblind
3901,0,4,0,0,raceblind
3902,0,4,0,0,raceblind
3903,0,4,0,0,raceblind
3904,0,4,0,0,raceblind
3905,0,4,0,0,raceblind
3906,0,4,0,0,raceblind
3907,0,4,0,0,raceblind
3908,0,4,0,0,raceblind
3909,0,4,0,0,raceblind
3910,0,4,0,0,raceblind
3911,0,4,0,0,raceblind
3912,0,4,0,0,raceblind
3913,0,4,0,0,raceblind
3914,0,4,0,0,raceblind
3915,0,4,0,0,raceblind
3916,0,4,0,0,raceblind
3917,0,4,0,0,raceblind
3918,0,4,0,0,raceblind
3919,0,4,0,0,raceblind
3920,0,4,0,0,raceblind
3921,0,4,0,0,raceblind
3922,0,4,0,0,raceblind
3923,0,4,0,0,raceblind
3924,0,4,0,0,raceblind
3925,0,4,0,0,raceblind
3926,0,4,0,0,raceblind
3927,0,4,0,0,raceblind
3928,0,4,0,0,raceblind
3929,0,4,0,0,raceblind
3930,0,4,0,0,raceblind
3931,0,4,0,0,raceblind
3932,0,4,0,0,raceblind
3933,0,4,0,0,raceblind
3934,0,4,0,0,raceblind
3935,0,4,0,0,raceblind
3936,0,4,0,0,raceblind
3937,0,4,0,0,raceblind
3938,0,4,0,0,raceblind
3939,0,4,0,0,raceblind
3940,0,4,0,0,raceblind
3941,0,4,0,0,raceblind
3942,0,4,0,0,raceblind
3943,0,4,0,0,raceblind
3944,0,4,0,0,raceblind
3945,0,4,0,0,raceblind
3946,0,4,0,0,raceblind
3947,0,4,0,0,raceblind
3948,0,4,0,0,raceblind
3949,0,4,0,0,raceblind
3950,0,4,0,0,raceblind
3951,0,4,0,0,raceblind
3952,0,4,0,0,raceblind
3953,0,4,0,0,raceblind
3954,0,4,0,0,raceblind
3955,0,4,0,0,raceblind
3956,0,4,0,0,raceblind
3957,0,4,0,0,raceblind
3958,0,4,0,0,raceblind
3959,0,4,0,0,raceblind
3960,0,4,0,0,raceblind
3961,0,4,0,0,raceblind
3962,0,4,0,0,raceblind
3963,0,4,0,0,raceblind
3964,0,4,0,0,raceblind
3965,0,4,0,0,raceblind
3966,0,4,0,0,raceblind
3967,0,4,0,0,raceblind
3968,0,4,0,0,raceblind
3969,0,4,0,0,raceblind
3970,0,4,0,0,raceblind
3971,0,4,0,0,raceblind
3972,0,4,0,0,raceblind
3973,0,4,0,0,raceblind
3974,0,4,0,0,raceblind
3975,0,4,0,0,raceblind
3976,0,4,0,0,raceblind
3977,0,4,0,0,raceblind
3978,0,4,0,0,raceblind
3979,0,4,0,0,raceblind
3980,0,4,0,0,raceblind
3981,0,4,0,0,raceblind
3982,0,4,0,0,raceblind
3983,0,4,0,0,raceblind
3984,0,4,0,0,raceblind
3985,0,4,0,0,raceblind
3986,0,4,0,0,raceblind
3987,0,4,0,0,raceblind
3988,0,4,0,0,raceblind
3989,0,4,0,0,raceblind
3990,0,4,0,0,raceblind
3991,0,4,0,0,raceblind
3992,0,4,0,0,raceblind
3993,0,4,0,0,raceblind
3994,0,4,0,0,raceblind
3995,0,4,0,0,raceblind
3996,0,4,0,0,raceblind
3997,0,4,0,0,raceblind
3998,0,4,0,0,raceblind
3999,0,4,0,0,raceblind
4000,0,4,0,0,raceblind
4001,0,4,0,0,raceblind
4002,0,4,0,0,raceblind
4003,0,4,0,0,raceblind
4004,0,4,0,0,raceblind
4005,0,4,0,0,raceblind
4006,0,4,0,0,raceblind
4007,0,4,0,0,raceblind
4008,0,4,0,0,raceblind
4009,0,4,0,0,raceblind
4010,0,4,0,0,raceblind
4011,0,4,0,0,raceblind
4012,0,4,0,0,raceblind
4013,0,4,0,0,raceblind
4014,0,4,0,0,raceblind
4015,0,4,0,0,raceblind
4016,0,4,0,0,raceblind
4017,0,4,0,0,raceblind
4018,0,4,0,0,raceblind
4019,0,4,0,0,raceblind
4020,0,4,0,0,raceblind
4021,0,4,0,0,raceblind
4022,0,4,0,0,raceblind
4023,0,4,0,0,raceblind
4024,0,4,0,0,raceblind
4025,0,4,0,0,raceblind
4026,0,4,0,0,raceblind
4027,0,4,0,0,raceblind
4028,0,4,0,0,raceblind
4029,0,4,0,0,raceblind
4030,0,4,0,0,raceblind
4031,0,4,0,0,raceblind
4032,0,4,0,0,raceblind
4033,0,4,0,0,raceblind
4034,0,4,0,0,raceblind
4035,0,4,0,0,raceblind
4036,0,4,0,0,raceblind
4037,0,4,0,0,raceblind
4038,0,4,0,0,raceblind
4039,0,4,0,0,raceblind
4040,0,4,0,0,raceblind
4041,0,4,0,0,raceblind
4042,0,4,0,0,raceblind
4043,0,4,0,0,raceblind
4044,0,4,0,0,raceblind
4045,0,4,0,0,raceblind
4046,0,4,0,0,raceblind
4047,0,4,0,0,raceblind
4048,0,4,0,0,raceblind
4049,0,4,0,0,raceblind
4050,0,4,0,0,raceblind
4051,0,4,0,0,raceblind
4052,0,4,0,0,raceblind
4053,0,4,0,0,raceblind
4054,0,4,0,0,raceblind
4055,0,4,0,0,raceblind
4056,0,4,0,0,raceblind
4057,0,4,0,0,raceblind
4058,0,4,0,0,raceblind
4059,0,4,0,0,raceblind
4060,0,4,0,0,raceblind
4061,0,4,0,0,raceblind
4062,0,4,0,0,raceblind
4063,0,4,0,0,raceblind
4064,0,4,0,0,raceblind
4065,0,4,0,0,raceblind
4066,0,4,0,0,raceblind
4067,0,4,0,0,raceblind
4068,0,4,0,0,raceblind
4069,0,4,0,0,raceblind
4070,0,4,0,0,raceblind
4071,0,4,0,0,raceblind
4072,0,4,0,0,raceblind
4073,0,4,0,0,raceblind
4074,0,4,0,0,raceblind
4075,0,4,0,0,raceblind
4076,0,4,0,0,raceblind
4077,0,4,0,0,raceblind
4078,0,4,0,0,raceblind
4079,0,4,0,0,raceblind
4080,0,4,0,0,raceblind
4081,0,4,0,0,raceblind
4082,0,4,0,0,raceblind
4083,0,4,0,0,raceblind
4084,0,4,0,0,raceblind
4085,0,4,0,0,raceblind
4086,0,4,0,0,raceblind
4087,0,4,0,0,raceblind
4088,0,4,0,0,raceblind
4089,0,4,0,0,raceblind
4090,0,4,0,0,raceblind
4091,0,4,0,0,raceblind
4092,0,4,0,0,raceblind
4093,0,4,0,0,raceblind
4094,0,4,0,0,raceblind
4095,0,4,0,0,raceblind
4096,0,4,0,0,raceblind
4097,0,4,0,0,raceblind
4098,0,4,0,0,raceblind
4099,0,4,0,0,raceblind
4100,0,4,0,0,raceblind
4101,0,4,0,0,raceblind
4102,0,4,0,0,raceblind
4103,0,4,0,0,raceblind
4104,0,4,0,0,raceblind
4105,0,4,0,0,raceblind
4106,0,4,0,0,raceblind
4107,0,4,0,0,raceblind
4108,0,4,0,0,raceblind
4109,0,4,0,0,raceblind
4110,0,4,0,0,raceblind
4111,0,4,0,0,raceblind
4112,0,4,0,0,raceblind
4113,0,4,0,0,raceblind
4114,0,4,0,0,raceblind
4115,0,4,0,0,raceblind
4116,0,4,0,0,raceblind
4117,0,4,0,0,raceblind
4118,0,4,0,0,raceblind
4119,0,4,0,0,raceblind
4120,0,4,0,0,raceblind
4121,0,4,0,0,raceblind
4122,0,4,0,0,raceblind
4123,0,4,0,0,raceblind
4124,0,4,0,0,raceblind
4125,0,4,0,0,raceblind
4126,0,4,0,0,raceblind
4127,0,4,0,0,raceblind
4128,0,4,0,0,raceblind
4129,0,4,0,0,raceblind
4130,0,4,0,0,raceblind
4131,0,4,0,0,raceblind
4132,0,4,0,0,raceblind
4133,0,4,0,0,raceblind
4134,0,4,0,0,raceblind
4135,0,4,0,0,raceblind
4136,0,4,0,0,raceblind
4137,0,4,0,0,raceblind
4138,0,4,0,0,raceblind
4139,0,4,0,0,raceblind
4140,0,4,0,0,raceblind
4141,0,4,0,0,raceblind
4142,0,4,0,0,raceblind
4143,0,4,0,0,raceblind
4144,0,4,0,0,raceblind
4145,0,4,0,0,raceblind
4146,0,4,0,0,raceblind
4147,0,4,0,0,raceblind
4148,0,4,0,0,raceblind
4149,0,4,0,0,raceblind
4150,0,4,0,0,raceblind
4151,0,4,0,0,raceblind
4152,0,4,0,0,raceblind
4153,0,4,0,0,raceblind
4154,0,4,0,0,raceblind
4155,0,4,0,0,raceblind
4156,0,4,0,0,raceblind
4157,0,4,0,0,raceblind
4158,0,4,0,0,raceblind
4159,0,4,0,0,raceblind
4160,0,4,0,0,raceblind
4161,0,4,0,0,raceblind
4162,0,4,0,0,raceblind
4163,0,4,0,0,raceblind
4164,0,4,0,0,raceblind
4165,0,4,0,0,raceblind
4166,0,4,0,0,raceblind
4167,0,4,0,0,raceblind
4168,0,4,0,0,raceblind
4169,0,4,0,0,raceblind
4170,0,4,0,0,raceblind
4171,0,4,0,0,raceblind
4172,0,4,0,0,raceblind
4173,0,4,0,0,raceblind
4174,0,4,0,0,raceblind
4175,0,4,0,0,raceblind
4176,0,4,0,0,raceblind
4177,0,4,0,0,raceblind
4178,0,4,0,0,raceblind
4179,0,4,0,0,raceblind
4180,0,4,0,0,raceblind
4181,0,4,0,0,raceblind
4182,0,4,0,0,raceblind
4183,0,4,0,0,raceblind
4184,0,4,0,0,raceblind
4185,0,4,0,0,raceblind
4186,0,4,0,0,raceblind
4187,0,4,0,0,raceblind
4188,0,4,0,0,raceblind
4189,0,4,0,0,raceblind
4190,0,4,0,0,raceblind
4191,0,4,0,0,raceblind
4192,0,4,0,0,raceblind
4193,0,4,0,0,raceblind
4194,0,4,0,0,raceblind
4195,0,4,0,0,raceblind
4196,0,4,0,0,raceblind
4197,0,4,0,0,raceblind
4198,0,4,0,0,raceblind
4199,0,4,0,0,raceblind
4200,0,4,0,0,raceblind
4201,0,4,0,0,raceblind
4202,0,4,0,0,raceblind
4203,0,4,0,0,raceblind
4204,0,4,0,0,raceblind
4205,0,4,0,0,raceblind
4206,0,4,0,0,raceblind
4207,0,4,0,0,raceblind
4208,0,4,0,0,raceblind
4209,0,4,0,0,raceblind
4210,0,4,0,0,raceblind
4211,0,4,0,0,raceblind
4212,0,4,0,0,raceblind
4213,0,4,0,0,raceblind
4214,0,4,0,0,raceblind
4215,0,4,0,0,raceblind
4216,0,4,0,0,raceblind
4217,0,4,0,0,raceblind
4218,0,4,0,0,raceblind
4219,0,4,0,0,raceblind
4220,0,4,0,0,raceblind
4221,0,4,0,0,raceblind
4222,0,4,0,0,raceblind
4223,0,4,0,0,raceblind
4224,0,4,0,0,raceblind
4225,0,4,0,0,raceblind
4226,0,4,0,0,raceblind
4227,0,4,0,0,raceblind
4228,0,4,0,0,raceblind
4229,0,4,0,0,raceblind
4230,0,4,0,0,raceblind
4231,0,4,0,0,raceblind
4232,0,4,0,0,raceblind
4233,0,4,0,0,raceblind
4234,0,4,0,0,raceblind
4235,0,4,0,0,raceblind
4236,0,4,0,0,raceblind
4237,0,4,0,0,raceblind
4238,0,4,0,0,raceblind
4239,0,4,0,0,raceblind
4240,0,4,0,0,raceblind
4241,0,4,0,0,raceblind
4242,0,4,0,0,raceblind
4243,0,4,0,0,raceblind
4244,0,4,0,0,raceblind
4245,0,4,0,0,raceblind
4246,0,4,0,0,raceblind
4247,0,4,0,0,raceblind
4248,0,4,0,0,raceblind
4249,0,4,0,0,raceblind
4250,0,4,0,0,raceblind
4251,0,4,0,0,raceblind
4252,0,4,0,0,raceblind
4253,0,4,0,0,raceblind
4254,0,4,0,0,raceblind
4255,0,4,0,0,raceblind
4256,0,4,0,0,raceblind
4257,0,4,0,0,raceblind
4258,0,4,0,0,raceblind
4259,0,4,0,0,raceblind
4260,0,4,0,0,raceblind
4261,0,4,0,0,raceblind
4262,0,4,0,0,raceblind
4263,0,4,0,0,raceblind
4264,0,4,0,0,raceblind
4265,0,4,0,0,raceblind
4266,0,4,0,0,raceblind
4267,0,4,0,0,raceblind
4268,0,4,0,0,raceblind
4269,0,4,0,0,raceblind
4270,0,4,0,0,raceblind
4271,0,4,0,0,raceblind
4272,0,4,0,0,raceblind
4273,0,4,0,0,raceblind
4274,0,4,0,0,raceblind
4275,0,4,0,0,raceblind
4276,0,4,0,0,raceblind
4277,0,4,0,0,raceblind
4278,0,4,0,0,raceblind
4279,0,4,0,0,raceblind
4280,0,4,0,0,raceblind
4281,0,4,0,0,raceblind
4282,0,4,0,0,raceblind
4283,0,4,0,0,raceblind
4284,0,4,0,0,raceblind
4285,0,4,0,0,raceblind
4286,0,4,0,0,raceblind
4287,0,4,0,0,raceblind
4288,0,4,0,0,raceblind
4289,0,4,0,0,raceblind
4290,0,4,0,0,raceblind
4291,0,4,0,0,raceblind
4292,0,4,0,0,raceblind
4293,0,4,0,0,raceblind
4294,0,4,0,0,raceblind
4295,0,4,0,0,raceblind
4296,0,4,0,0,raceblind
4297,0,4,0,0,raceblind
4298,0,4,0,0,raceblind
4299,0,4,0,0,raceblind
4300,0,4,0,0,raceblind
4301,0,4,0,0,raceblind
4302,0,4,0,0,raceblind
4303,0,4,0,0,raceblind
4304,0,4,0,0,raceblind
4305,0,4,0,0,raceblind
4306,0,4,0,0,raceblind
4307,0,4,0,0,raceblind
4308,0,4,0,0,raceblind
4309,0,4,0,0,raceblind
4310,0,4,0,0,raceblind
4311,0,4,0,0,raceblind
4312,0,4,0,0,raceblind
4313,0,4,0,0,raceblind
4314,0,4,0,0,raceblind
4315,0,4,0,0,raceblind
4316,0,4,0,0,raceblind
4317,0,4,0,0,raceblind
4318,0,4,0,0,raceblind
4319,0,4,0,0,raceblind
4320,0,4,0,0,raceblind
4321,0,4,0,0,raceblind
4322,0,4,0,0,raceblind
4323,0,4,0,0,raceblind
4324,0,4,0,0,raceblind
4325,0,4,0,0,raceblind
4326,0,4,0,0,raceblind
4327,0,4,0,0,raceblind
4328,0,4,0,0,raceblind
4329,0,4,0,0,raceblind
4330,0,4,0,0,raceblind
4331,0,4,0,0,raceblind
4332,0,4,0,0,raceblind
4333,0,4,0,0,raceblind
4334,0,4,0,0,raceblind
4335,0,4,0,0,raceblind
4336,0,4,0,0,raceblind
4337,0,4,0,0,raceblind
4338,0,4,0,0,raceblind
4339,0,4,0,0,raceblind
4340,0,4,0,0,raceblind
4341,0,4,0,0,raceblind
4342,0,4,0,0,raceblind
4343,0,4,0,0,raceblind
4344,0,4,0,0,raceblind
4345,0,4,0,0,raceblind
4346,0,4,0,0,raceblind
4347,0,4,0,0,raceblind
4348,0,4,0,0,raceblind
4349,0,4,0,0,raceblind
4350,0,4,0,0,raceblind
4351,0,4,0,0,raceblind
4352,0,4,0,0,raceblind
4353,0,4,0,0,raceblind
4354,0,4,0,0,raceblind
4355,0,4,0,0,raceblind
4356,0,4,0,0,raceblind
4357,0,4,0,0,raceblind
4358,0,4,0,0,raceblind
4359,0,4,0,0,raceblind
4360,0,4,0,0,raceblind
4361,0,4,0,0,raceblind
4362,0,4,0,0,raceblind
4363,0,4,0,0,raceblind
4364,0,4,0,0,raceblind
4365,0,4,0,0,raceblind
4366,0,4,0,0,raceblind
4367,0,4,0,0,raceblind
4368,0,4,0,0,raceblind
4369,0,4,0,0,raceblind
4370,0,4,0,0,raceblind
4371,0,4,0,0,raceblind
4372,0,4,0,0,raceblind
4373,0,4,0,0,raceblind
4374,0,4,0,0,raceblind
4375,0,4,0,0,raceblind
4376,0,4,0,0,raceblind
4377,0,4,0,0,raceblind
4378,0,4,0,0,raceblind
4379,0,4,0,0,raceblind
4380,0,4,0,0,raceblind
4381,0,4,0,0,raceblind
4382,0,4,0,0,raceblind
4383,0,4,0,0,raceblind
4384,0,4,0,0,raceblind
4385,0,4,0,0,raceblind
4386,0,4,0,0,raceblind
4387,0,4,0,0,raceblind
4388,0,4,0,0,raceblind
4389,0,4,0,0,raceblind
4390,0,4,0,0,raceblind
4391,0,4,0,0,raceblind
4392,0,4,0,0,raceblind
4393,0,4,0,0,raceblind
4394,0,4,0,0,raceblind
4395,0,4,0,0,raceblind
4396,0,4,0,0,raceblind
4397,0,4,0,0,raceblind
4398,0,4,0,0,raceblind
4399,0,4,0,0,raceblind
4400,0,4,0,0,raceblind
4401,0,4,0,0,raceblind
4402,0,4,0,0,raceblind
4403,0,4,0,0,raceblind
4404,0,4,0,0,raceblind
4405,0,4,0,0,raceblind
4406,0,4,0,0,raceblind
4407,0,4,0,0,raceblind
4408,0,4,0,0,raceblind
4409,0,4,0,0,raceblind
4410,0,4,0,0,raceblind
4411,0,4,0,0,raceblind
4412,0,4,0,0,raceblind
4413,0,4,0,0,raceblind
4414,0,4,0,0,raceblind
4415,0,4,0,0,raceblind
4416,0,4,0,0,raceblind
4417,0,4,0,0,raceblind
4418,0,4,0,0,raceblind
4419,0,4,0,0,raceblind
4420,0,4,0,0,raceblind
4421,0,4,0,0,raceblind
4422,0,4,0,0,raceblind
4423,0,4,0,0,raceblind
4424,0,4,0,0,raceblind
4425,0,4,0,0,raceblind
4426,0,4,0,0,raceblind
4427,0,4,0,0,raceblind
4428,0,4,0,0,raceblind
4429,0,4,0,0,raceblind
4430,0,4,0,0,raceblind
4431,0,4,0,0,raceblind
4432,0,4,0,0,raceblind
4433,0,4,0,0,raceblind
4434,0,4,0,0,raceblind
4435,0,4,0,0,raceblind
4436,0,4,0,0,raceblind
4437,0,4,0,0,raceblind
4438,0,4,0,0,raceblind
4439,0,4,0,0,raceblind
4440,0,4,0,0,raceblind
4441,0,4,0,0,raceblind
4442,0,4,0,0,raceblind
4443,0,4,0,0,raceblind
4444,0,4,0,0,raceblind
4445,0,4,0,0,raceblind
4446,0,4,0,0,raceblind
4447,0,4,0,0,raceblind
4448,0,4,0,0,raceblind
4449,0,4,0,0,raceblind
4450,0,4,0,0,raceblind
4451,0,4,0,0,raceblind
4452,0,4,0,0,raceblind
4453,0,4,0,0,raceblind
4454,0,4,0,0,raceblind
4455,0,4,0,0,raceblind
4456,0,4,0,0,raceblind
4457,0,4,0,0,raceblind
4458,0,4,0,0,raceblind
4459,0,4,0,0,raceblind
4460,0,4,0,0,raceblind
4461,0,4,0,0,raceblind
4462,0,4,0,0,raceblind
4463,0,4,0,0,raceblind
4464,0,4,0,0,raceblind
4465,0,4,0,0,raceblind
4466,0,4,0,0,raceblind
4467,0,4,0,0,raceblind
4468,0,4,0,0,raceblind
4469,0,4,0,0,raceblind
4470,0,4,0,0,raceblind
4471,0,4,0,0,raceblind
4472,0,4,0,0,raceblind
4473,0,4,0,0,raceblind
4474,0,4,0,0,raceblind
4475,0,4,0,0,raceblind
4476,0,4,0,0,raceblind
4477,0,4,0,0,raceblind
4478,0,4,0,0,raceblind
4479,0,4,0,0,raceblind
4480,0,4,0,0,raceblind
4481,0,4,0,0,raceblind
4482,0,4,0,0,raceblind
4483,0,4,0,0,raceblind
4484,0,4,0,0,raceblind
4485,0,4,0,0,raceblind
4486,0,4,0,0,raceblind
4487,0,4,0,0,raceblind
4488,0,4,0,0,raceblind
4489,0,4,0,0,raceblind
4490,0,4,0,0,raceblind
4491,0,4,0,0,raceblind
4492,0,4,0,0,raceblind
4493,0,4,0,0,raceblind
4494,0,4,0,0,raceblind
4495,0,4,0,0,raceblind
4496,0,4,0,0,raceblind
4497,0,4,0,0,raceblind
4498,0,4,0,0,raceblind
4499,0,4,0,0,raceblind
4500,0,4,0,0,raceblind
4501,0,4,0,0,raceblind
4502,0,4,0,0,raceblind
4503,0,4,0,0,raceblind
4504,0,4,0,0,raceblind
4505,0,4,0,0,raceblind
4506,0,4,0,0,raceblind
4507,0,4,0,0,raceblind
4508,0,4,0,0,raceblind
4509,0,4,0,0,raceblind
4510,0,4,0,0,raceblind
4511,0,4,0,0,raceblind
4512,0,4,0,0,raceblind
4513,0,4,0,0,raceblind
4514,0,4,0,0,raceblind
4515,0,4,0,0,raceblind
4516,0,4,0,0,raceblind
4517,0,4,0,0,raceblind
4518,0,4,0,0,raceblind
4519,0,4,0,0,raceblind
4520,0,4,0,0,raceblind
4521,0,4,0,0,raceblind
4522,0,4,0,0,raceblind
4523,0,4,0,0,raceblind
4524,0,4,0,0,raceblind
4525,0,4,0,0,raceblind
4526,0,4,0,0,raceblind
4527,0,4,0,0,raceblind
4528,0,4,0,0,raceblind
4529,0,4,0,0,raceblind
4530,0,4,0,0,raceblind
4531,0,4,0,0,raceblind
4532,0,4,0,0,raceblind
4533,0,4,0,0,raceblind
4534,0,4,0,0,raceblind
4535,0,4,0,0,raceblind
4536,0,4,0,0,raceblind
4537,0,4,0,0,raceblind
4538,0,4,0,0,raceblind
4539,0,4,0,0,raceblind
4540,0,4,0,0,raceblind
4541,0,4,0,0,raceblind
4542,0,4,0,0,raceblind
4543,0,4,0,0,raceblind
4544,0,4,0,0,raceblind
4545,0,4,0,0,raceblind
4546,0,4,0,0,raceblind
4547,0,4,0,0,raceblind
4548,0,4,0,0,raceblind
4549,0,4,0,0,raceblind
4550,0,4,0,0,raceblind
4551,0,4,0,0,raceblind
4552,0,4,0,0,raceblind
4553,0,4,0,0,raceblind
4554,0,4,0,0,raceblind
4555,0,4,0,0,raceblind
4556,0,4,0,0,raceblind
4557,0,4,0,0,raceblind
4558,0,4,0,0,raceblind
4559,0,4,0,0,raceblind
4560,0,4,0,0,raceblind
4561,0,4,0,0,raceblind
4562,0,4,0,0,raceblind
4563,0,4,0,0,raceblind
4564,0,4,0,0,raceblind
4565,0,4,0,0,raceblind
4566,0,4,0,0,raceblind
4567,0,4,0,0,raceblind
4568,0,4,0,0,raceblind
4569,0,4,0,0,raceblind
4570,0,4,0,0,raceblind
4571,0,4,0,0,raceblind
4572,0,4,0,0,raceblind
4573,0,4,0,0,raceblind
4574,0,4,0,0,raceblind
4575,0,4,0,0,raceblind
4576,0,4,0,0,raceblind
4577,0,4,0,0,raceblind
4578,0,4,0,0,raceblind
4579,0,4,0,0,raceblind
4580,0,4,0,0,raceblind
4581,0,4,0,0,raceblind
4582,0,4,0,0,raceblind
4583,0,4,0,0,raceblind
4584,0,4,0,0,raceblind
4585,0,4,0,0,raceblind
4586,0,4,0,0,raceblind
4587,0,4,0,0,raceblind
4588,0,4,0,0,raceblind
4589,0,4,0,0,raceblind
4590,0,4,0,0,raceblind
4591,0,4,0,0,raceblind
4592,0,4,0,0,raceblind
4593,0,4,0,0,raceblind
4594,0,4,0,0,raceblind
4595,0,4,0,0,raceblind
4596,0,4,0,0,raceblind
4597,0,4,0,0,raceblind
4598,0,4,0,0,raceblind
4599,0,4,0,0,raceblind
4600,0,4,0,0,raceblind
4601,0,4,0,0,raceblind
4602,0,4,0,0,raceblind
4603,0,4,0,0,raceblind
4604,0,4,0,0,raceblind
4605,0,4,0,0,raceblind
4606,0,4,0,0,raceblind
4607,0,4,0,0,raceblind
4608,0,4,0,0,raceblind
4609,0,4,0,0,raceblind
4610,0,4,0,0,raceblind
4611,0,4,0,0,raceblind
4612,0,4,0,0,raceblind
4613,0,4,0,0,raceblind
4614,0,4,0,0,raceblind
4615,0,4,0,0,raceblind
4616,0,4,0,0,raceblind
4617,0,4,0,0,raceblind
4618,0,4,0,0,raceblind
4619,0,4,0,0,raceblind
4620,0,4,0,0,raceblind
4621,0,4,0,0,raceblind
4622,0,4,0,0,raceblind
4623,0,4,0,0,raceblind
4624,0,4,0,0,raceblind
4625,0,4,0,0,raceblind
4626,0,4,0,0,raceblind
4627,0,4,0,0,raceblind
4628,0,4,0,0,raceblind
4629,0,4,0,0,raceblind
4630,0,4,0,0,raceblind
4631,0,4,0,0,raceblind
4632,0,4,0,0,raceblind
4633,0,4,0,0,raceblind
4634,0,4,0,0,raceblind
4635,0,4,0,0,raceblind
4636,0,4,0,0,raceblind
4637,0,4,0,0,raceblind
4638,0,4,0,0,raceblind
4639,0,4,0,0,raceblind
4640,0,4,0,0,raceblind
4641,0,4,0,0,raceblind
4642,0,4,0,0,raceblind
4643,0,4,0,0,raceblind
4644,0,4,0,0,raceblind
4645,0,4,0,0,raceblind
4646,0,4,0,0,raceblind
4647,0,4,0,0,raceblind
4648,0,4,0,0,raceblind
4649,0,4,0,0,raceblind
4650,0,4,0,0,raceblind
4651,0,4,0,0,raceblind
4652,0,4,0,0,raceblind
4653,0,4,0,0,raceblind
4654,0,4,0,0,raceblind
4655,0,4,0,0,raceblind
4656,0,4,0,0,raceblind
4657,0,4,0,0,raceblind
4658,0,4,0,0,raceblind
4659,0,4,0,0,raceblind
4660,0,4,0,0,raceblind
4661,0,4,0,0,raceblind
4662,0,4,0,0,raceblind
4663,0,4,0,0,raceblind
4664,0,4,0,0,raceblind
4665,0,4,0,0,raceblind
4666,0,4,0,0,raceblind
4667,0,4,0,0,raceblind
4668,0,4,0,0,raceblind
4669,0,4,0,0,raceblind
4670,0,4,0,0,raceblind
4671,0,4,0,0,raceblind
4672,0,4,0,0,raceblind
4673,0,4,0,0,raceblind
4674,0,4,0,0,raceblind
4675,0,4,0,0,raceblind
4676,0,4,0,0,raceblind
4677,0,4,0,0,raceblind
4678,0,4,0,0,raceblind
4679,0,4,0,0,raceblind
4680,0,4,0,0,raceblind
4681,0,4,0,0,raceblind
4682,0,4,0,0,raceblind
4683,0,4,0,0,raceblind
4684,0,4,0,0,raceblind
4685,0,4,0,0,raceblind
4686,0,4,0,0,raceblind
4687,0,4,0,0,raceblind
4688,0,4,0,0,raceblind
4689,0,4,0,0,raceblind
4690,0,4,0,0,raceblind
4691,0,4,0,0,raceblind
4692,0,4,0,0,raceblind
4693,0,4,0,0,raceblind
4694,0,4,0,0,raceblind
4695,0,4,0,0,raceblind
4696,0,4,0,0,raceblind
4697,0,4,0,0,raceblind
4698,0,4,0,0,raceblind
4699,0,4,0,0,raceblind
4700,0,4,0,0,raceblind
4701,0,4,0,0,raceblind
4702,0,4,0,0,raceblind
4703,0,4,0,0,raceblind
4704,0,4,0,0,raceblind
4705,0,4,0,0,raceblind
4706,0,4,0,0,raceblind
4707,0,4,0,0,raceblind
4708,0,4,0,0,raceblind
4709,0,4,0,0,raceblind
4710,0,4,0,0,raceblind
4711,0,4,0,0,raceblind
4712,0,4,0,0,raceblind
4713,0,4,0,0,raceblind
4714,0,4,0,0,raceblind
4715,0,4,0,0,raceblind
4716,0,4,0,0,raceblind
4717,0,4,0,0,raceblind
4718,0,4,0,0,raceblind
4719,0,4,0,0,raceblind
4720,0,4,0,0,raceblind
4721,0,4,0,0,raceblind
4722,0,4,0,0,raceblind
4723,0,4,0,0,raceblind
4724,0,4,0,0,raceblind
4725,0,4,0,0,raceblind
4726,0,4,0,0,raceblind
4727,0,4,0,0,raceblind
4728,0,4,0,0,raceblind
4729,0,4,0,0,raceblind
4730,0,4,0,0,raceblind
4731,0,4,0,0,raceblind
4732,0,4,0,0,raceblind
4733,0,4,0,0,raceblind
4734,0,4,0,0,raceblind
4735,0,4,0,0,raceblind
4736,0,4,0,0,raceblind
4737,0,4,0,0,raceblind
4738,0,4,0,0,raceblind
4739,0,4,0,0,raceblind
4740,0,4,0,0,raceblind
4741,0,4,0,0,raceblind
4742,0,4,0,0,raceblind
4743,0,4,0,0,raceblind
4744,0,4,0,0,raceblind
4745,0,4,0,0,raceblind
4746,0,4,0,0,raceblind
4747,0,4,0,0,raceblind
4748,0,4,0,0,raceblind
4749,0,4,0,0,raceblind
4750,0,4,0,0,raceblind
4751,0,4,0,0,raceblind
4752,0,4,0,0,raceblind
4753,0,4,0,0,raceblind
4754,0,4,0,0,raceblind
4755,0,4,0,0,raceblind
4756,0,4,0,0,raceblind
4757,0,4,0,0,raceblind
4758,0,4,0,0,raceblind
4759,0,4,0,0,raceblind
4760,0,4,0,0,raceblind
4761,0,4,0,0,raceblind
4762,0,4,0,0,raceblind
4763,0,4,0,0,raceblind
4764,0,4,0,0,raceblind
4765,0,4,0,0,raceblind
4766,0,4,0,0,raceblind
4767,0,4,0,0,raceblind
4768,0,4,0,0,raceblind
4769,0,4,0,0,raceblind
4770,0,4,0,0,raceblind
4771,0,4,0,0,raceblind
4772,0,4,0,0,raceblind
4773,0,4,0,0,raceblind
4774,0,4,0,0,raceblind
4775,0,4,0,0,raceblind
4776,0,4,0,0,raceblind
4777,0,4,0,0,raceblind
4778,0,4,0,0,raceblind
4779,0,4,0,0,raceblind
4780,0,4,0,0,raceblind
4781,0,4,0,0,raceblind
4782,0,4,0,0,raceblind
4783,0,4,0,0,raceblind
4784,0,4,0,0,raceblind
4785,0,4,0,0,raceblind
4786,0,4,0,0,raceblind
4787,0,4,0,0,raceblind
4788,0,4,0,0,raceblind
4789,0,4,0,0,raceblind
4790,0,4,0,0,raceblind
4791,0,4,0,0,raceblind
4792,0,4,0,0,raceblind
4793,0,4,0,0,raceblind
4794,0,4,0,0,raceblind
4795,0,4,0,0,raceblind
4796,0,4,0,0,raceblind
4797,0,4,0,0,raceblind
4798,0,4,0,0,raceblind
4799,0,4,0,0,raceblind
4800,0,4,0,0,raceblind
4801,0,4,0,0,raceblind
4802,0,4,0,0,raceblind
4803,0,4,0,0,raceblind
4804,0,4,0,0,raceblind
4805,0,4,0,0,raceblind
4806,0,4,0,0,raceblind
4807,0,4,0,0,raceblind
4808,0,4,0,0,raceblind
4809,0,4,0,0,raceblind
4810,0,4,0,0,raceblind
4811,0,4,0,0,raceblind
4812,0,4,0,0,raceblind
4813,0,4,0,0,raceblind
4814,0,4,0,0,raceblind
4815,0,4,0,0,raceblind
4816,0,4,0,0,raceblind
4817,0,4,0,0,raceblind
4818,0,4,0,0,raceblind
4819,0,4,0,0,raceblind
4820,0,4,0,0,raceblind
4821,0,4,0,0,raceblind
4822,0,4,0,0,raceblind
4823,0,4,0,0,raceblind
4824,0,4,0,0,raceblind
4825,0,4,0,0,raceblind
4826,0,4,0,0,raceblind
4827,0,4,0,0,raceblind
4828,0,4,0,0,raceblind
4829,0,4,0,0,raceblind
4830,0,4,0,0,raceblind
4831,0,4,0,0,raceblind
4832,0,4,0,0,raceblind
4833,0,4,0,0,raceblind
4834,0,4,0,0,raceblind
4835,0,4,0,0,raceblind
4836,0,4,0,0,raceblind
4837,0,4,0,0,raceblind
4838,0,4,0,0,raceblind
4839,0,4,0,0,raceblind
4840,0,4,0,0,raceblind
4841,0,4,0,0,raceblind
4842,0,4,0,0,raceblind
4843,0,4,0,0,raceblind
4844,0,4,0,0,raceblind
4845,0,4,0,0,raceblind
4846,0,4,0,0,raceblind
4847,0,4,0,0,raceblind
4848,0,4,0,0,raceblind
4849,0,4,0,0,raceblind
4850,0,4,0,0,raceblind
4851,0,4,0,0,raceblind
4852,0,4,0,0,raceblind
4853,0,4,0,0,raceblind
4854,0,4,0,0,raceblind
4855,0,4,0,0,raceblind
4856,0,4,0,0,raceblind
4857,0,4,0,0,raceblind
4858,0,4,0,0,raceblind
4859,0,4,0,0,raceblind
4860,0,4,0,0,raceblind
4861,0,4,0,0,raceblind
4862,0,4,0,0,raceblind
4863,0,4,0,0,raceblind
4864,0,4,0,0,raceblind
4865,0,4,0,0,raceblind
4866,0,4,0,0,raceblind
4867,0,4,0,0,raceblind
4868,0,4,0,0,raceblind
4869,0,4,0,0,raceblind
4870,0,4,0,0,raceblind
4871,0,4,0,0,raceblind
4872,0,4,0,0,raceblind
4873,0,4,0,0,raceblind
4874,0,4,0,0,raceblind
4875,0,4,0,0,raceblind
4876,0,4,0,0,raceblind
4877,0,4,0,0,raceblind
4878,0,4,0,0,raceblind
4879,0,4,0,0,raceblind
4880,0,4,0,0,raceblind
4881,0,4,0,0,raceblind
4882,0,4,0,0,raceblind
4883,0,4,0,0,raceblind
4884,0,4,0,0,raceblind
4885,0,4,0,0,raceblind
4886,0,4,0,0,raceblind
4887,0,4,0,0,raceblind
4888,0,4,0,0,raceblind
4889,0,4,0,0,raceblind
4890,0,4,0,0,raceblind
4891,0,4,0,0,raceblind
4892,0,4,0,0,raceblind
4893,0,4,0,0,raceblind
4894,0,4,0,0,raceblind
4895,0,4,0,0,raceblind
4896,0,4,0,0,raceblind
4897,0,4,0,0,raceblind
4898,0,4,0,0,raceblind
4899,0,4,0,0,raceblind
4900,0,4,0,0,raceblind
4901,0,4,0,0,raceblind
4902,0,4,0,0,raceblind
4903,0,4,0,0,raceblind
4904,0,4,0,0,raceblind
4905,0,4,0,0,raceblind
4906,0,4,0,0,raceblind
4907,0,4,0,0,raceblind
4908,0,4,0,0,raceblind
4909,0,4,0,0,raceblind
4910,0,4,0,0,raceblind
4911,0,4,0,0,raceblind
4912,0,4,0,0,raceblind
4913,0,4,0,0,raceblind
4914,0,4,0,0,raceblind
4915,0,4,0,0,raceblind
4916,0,4,0,0,raceblind
4917,0,4,0,0,raceblind
4918,0,4,0,0,raceblind
4919,0,4,0,0,raceblind
4920,0,4,0,0,raceblind
4921,0,4,0,0,raceblind
4922,0,4,0,0,raceblind
4923,0,4,0,0,raceblind
4924,0,4,0,0,raceblind
4925,0,4,0,0,raceblind
4926,0,4,0,0,raceblind
4927,0,4,0,0,raceblind
4928,0,4,0,0,raceblind
4929,0,4,0,0,raceblind
4930,0,4,0,0,raceblind
4931,0,4,0,0,raceblind
4932,0,4,0,0,raceblind
4933,0,4,0,0,raceblind
4934,0,4,0,0,raceblind
4935,0,4,0,0,raceblind
4936,0,4,0,0,raceblind
4937,0,4,0,0,raceblind
4938,0,4,0,0,raceblind
4939,0,4,0,0,raceblind
4940,0,4,0,0,raceblind
4941,0,4,0,0,raceblind
4942,0,4,0,0,raceblind
4943,0,4,0,0,raceblind
4944,0,4,0,0,raceblind
4945,0,4,0,0,raceblind
4946,0,4,0,0,raceblind
4947,0,4,0,0,raceblind
4948,0,4,0,0,raceblind
4949,0,4,0,0,raceblind
4950,0,4,0,0,raceblind
4951,0,4,0,0,raceblind
4952,0,4,0,0,raceblind
4953,0,4,0,0,raceblind
4954,0,4,0,0,raceblind
4955,0,4,0,0,raceblind
4956,0,4,0,0,raceblind
4957,0,4,0,0,raceblind
4958,0,4,0,0,raceblind
4959,0,4,0,0,raceblind
4960,0,4,0,0,raceblind
4961,0,4,0,0,raceblind
4962,0,4,0,0,raceblind
4963,0,4,0,0,raceblind
4964,0,4,0,0,raceblind
4965,0,4,0,0,raceblind
4966,0,4,0,0,raceblind
4967,0,4,0,0,raceblind
4968,0,4,0,0,raceblind
4969,0,4,0,0,raceblind
4970,0,4,0,0,raceblind
4971,0,4,0,0,raceblind
4972,0,4,0,0,raceblind
4973,0,4,0,0,raceblind
4974,0,4,0,0,raceblind
4975,0,4,0,0,raceblind
4976,0,4,0,0,raceblind
4977,0,4,0,0,raceblind
4978,0,4,0,0,raceblind
4979,0,4,0,0,raceblind
4980,0,4,0,0,raceblind
4981,0,4,0,0,raceblind
4982,0,4,0,0,raceblind
4983,0,4,0,0,raceblind
4984,0,4,0,0,raceblind
4985,0,4,0,0,raceblind
4986,0,4,0,0,raceblind
4987,0,4,0,0,raceblind
4988,0,4,0,0,raceblind
4989,0,4,0,0,raceblind
4990,0,4,0,0,raceblind
4991,0,4,0,0,raceblind
4992,0,4,0,0,raceblind
4993,0,4,0,0,raceblind
4994,0,4,0,0,raceblind
4995,0,4,0,0,raceblind
4996,0,4,0,0,raceblind
4997,0,4,0,0,raceblind
4998,0,4,0,0,raceblind
4999,0,4,0,0,raceblind
