"Label (Grouping)","01-28, Kent County, Delaware","01-29, Kent County, Delaware","01-30, Kent County, Delaware","01-31, Kent County, Delaware","01-32, Kent County, Delaware","01-33, Kent County, Delaware","01-34, Kent County, Delaware","02-28, Kent County, Delaware","02-29, Kent County, Delaware","02-30, Kent County, Delaware","02-31, Kent County, Delaware","02-32, Kent County, Delaware","02-33, Kent County, Delaware","02-34, Kent County, Delaware","03-28, Kent County, Delaware","03-29, Kent County, Delaware","03-30, Kent County, Delaware","03-31, Kent County, Delaware","03-32, Kent County, Delaware","03-33, Kent County, Delaware","03-34, Kent County, Delaware","04-28, Kent County, Delaware","04-29, Kent County, Delaware","04-30, Kent County, Delaware","04-31, Kent County, Delaware","04-32, Kent County, Delaware","04-33, Kent County, Delaware","04-34, Kent County, Delaware","05-28, Kent County, Delaware","05-29, Kent County, Delaware","05-30, Kent County, Delaware","05-31, Kent County, Delaware","05-32, Kent County, Delaware","05-33, Kent County, Delaware","05-34, Kent County, Delaware","06-28, Kent County, Delaware","06-29, Kent County, Delaware","06-30, Kent County, Delaware","06-31, Kent County, Delaware","06-32, Kent County, Delaware","06-33, Kent County, Delaware","06-34, Kent County, Delaware","07-28, Kent County, Delaware","07-29, Kent County, Delaware","07-30, Kent County, Delaware","07-31, Kent County, Delaware","07-32, Kent County, Delaware","07-33, Kent County, Delaware","07-34, Kent County, Delaware","08-28, Kent County, Delaware","08-32, Kent County, Delaware","08-33, Kent County, Delaware","08-34, Kent County, Delaware","09-08, Kent County, Delaware","09-28, Kent County, Delaware","09-32, Kent County, Delaware","09-34, Kent County, Delaware","10-08, Kent County, Delaware","10-28, Kent County, Delaware","10-32, Kent County, Delaware","10-34, Kent County, Delaware","11-08, Kent County, Delaware","11-28, Kent County, Delaware","12-08, Kent County, Delaware","12-28, Kent County, Delaware","13-28, Kent County, Delaware","14-28, Kent County, Delaware","01-01, New Castle County, Delaware","01-02, New Castle County, Delaware","01-03, New Castle County, Delaware","01-04, New Castle County, Delaware","01-05, New Castle County, Delaware","01-06, New Castle County, Delaware","01-07, New Castle County, Delaware","01-08, New Castle County, Delaware","01-09, New Castle County, Delaware","01-10, New Castle County, Delaware","01-11, New Castle County, Delaware","01-12, New Castle County, Delaware","01-13, New Castle County, Delaware","01-15, New Castle County, Delaware","01-16, New Castle County, Delaware","01-17, New Castle County, Delaware","01-18, New Castle County, Delaware","01-19, New Castle County, Delaware","01-21, New Castle County, Delaware","01-22, New Castle County, Delaware","01-23, New Castle County, Delaware","01-24, New Castle County, Delaware","01-25, New Castle County, Delaware","01-26, New Castle County, Delaware","01-27, New Castle County, Delaware","02-01, New Castle County, Delaware","02-02, New Castle County, Delaware","02-03, New Castle County, Delaware","02-04, New Castle County, Delaware","02-05, New Castle County, Delaware","02-06, New Castle County, Delaware","02-07, New Castle County, Delaware","02-08, New Castle County, Delaware","02-09, New Castle County, Delaware","02-10, New Castle County, Delaware","02-11, New Castle County, Delaware","02-12, New Castle County, Delaware","02-13, New Castle County, Delaware","02-15, New Castle County, Delaware","02-16, New Castle County, Delaware","02-17, New Castle County, Delaware","02-18, New Castle County, Delaware","02-19, New Castle County, Delaware","02-21, New Castle County, Delaware","02-22, New Castle County, Delaware","02-23, New Castle County, Delaware","02-24, New Castle County, Delaware","02-25, New Castle County, Delaware","02-26, New Castle County, Delaware","02-27, New Castle County, Delaware","03-01, New Castle County, Delaware","03-02, New Castle County, Delaware","03-03, New Castle County, Delaware","03-04, New Castle County, Delaware","03-05, New Castle County, Delaware","03-06, New Castle County, Delaware","03-07, New Castle County, Delaware","03-08, New Castle County, Delaware","03-09, New Castle County, Delaware","03-10, New Castle County, Delaware","03-11, New Castle County, Delaware","03-12, New Castle County, Delaware","03-13, New Castle County, Delaware","03-15, New Castle County, Delaware","03-16, New Castle County, Delaware","03-17, New Castle County, Delaware","03-18, New Castle County, Delaware","03-19, New Castle County, Delaware","03-21, New Castle County, Delaware","03-22, New Castle County, Delaware","03-23, New Castle County, Delaware","03-24, New Castle County, Delaware","03-25, New Castle County, Delaware","03-26, New Castle County, Delaware","03-27, New Castle County, Delaware","04-01, New Castle County, Delaware","04-02, New Castle County, Delaware","04-03, New Castle County, Delaware","04-04, New Castle County, Delaware","04-05, New Castle County, Delaware","04-06, New Castle County, Delaware","04-07, New Castle County, Delaware","04-08, New Castle County, Delaware","04-09, New Castle County, Delaware","04-10, New Castle County, Delaware","04-11, New Castle County, Delaware","04-12, New Castle County, Delaware","04-13, New Castle County, Delaware","04-15, New Castle County, Delaware","04-16, New Castle County, Delaware","04-17, New Castle County, Delaware","04-18, New Castle County, Delaware","04-19, New Castle County, Delaware","04-21, New Castle County, Delaware","04-22, New Castle County, Delaware","04-23, New Castle County, Delaware","04-24, New Castle County, Delaware","04-25, New Castle County, Delaware","04-26, New Castle County, Delaware","04-27, New Castle County, Delaware","05-01, New Castle County, Delaware","05-02, New Castle County, Delaware","05-03, New Castle County, Delaware","05-04, New Castle County, Delaware","05-05, New Castle County, Delaware","05-06, New Castle County, Delaware","05-07, New Castle County, Delaware","05-08, New Castle County, Delaware","05-09, New Castle County, Delaware","05-10, New Castle County, Delaware","05-12, New Castle County, Delaware","05-13, New Castle County, Delaware","05-15, New Castle County, Delaware","05-16, New Castle County, Delaware","05-17, New Castle County, Delaware","05-18, New Castle County, Delaware","05-19, New Castle County, Delaware","05-21, New Castle County, Delaware","05-22, New Castle County, Delaware","05-23, New Castle County, Delaware","05-24, New Castle County, Delaware","05-25, New Castle County, Delaware","05-26, New Castle County, Delaware","05-27, New Castle County, Delaware","06-01, New Castle County, Delaware","06-02, New Castle County, Delaware","06-03, New Castle County, Delaware","06-04, New Castle County, Delaware","06-05, New Castle County, Delaware","06-06, New Castle County, Delaware","06-07, New Castle County, Delaware","06-08, New Castle County, Delaware","06-09, New Castle County, Delaware","06-10, New Castle County, Delaware","06-12, New Castle County, Delaware","06-13, New Castle County, Delaware","06-15, New Castle County, Delaware","06-16, New Castle County, Delaware","06-17, New Castle County, Delaware","06-18, New Castle County, Delaware","06-19, New Castle County, Delaware","06-21, New Castle County, Delaware","06-22, New Castle County, Delaware","06-23, New Castle County, Delaware","06-24, New Castle County, Delaware","06-25, New Castle County, Delaware","06-26, New Castle County, Delaware","06-27, New Castle County, Delaware","07-01, New Castle County, Delaware","07-02, New Castle County, Delaware","07-03, New Castle County, Delaware","07-04, New Castle County, Delaware","07-05, New Castle County, Delaware","07-06, New Castle County, Delaware","07-07, New Castle County, Delaware","07-08, New Castle County, Delaware","07-09, New Castle County, Delaware","07-10, New Castle County, Delaware","07-12, New Castle County, Delaware","07-13, New Castle County, Delaware","07-15, New Castle County, Delaware","07-16, New Castle County, Delaware","07-17, New Castle County, Delaware","07-18, New Castle County, Delaware","07-19, New Castle County, Delaware","07-21, New Castle County, Delaware","07-22, New Castle County, Delaware","07-23, New Castle County, Delaware","07-24, New Castle County, Delaware","07-25, New Castle County, Delaware","07-26, New Castle County, Delaware","07-27, New Castle County, Delaware","08-01, New Castle County, Delaware","08-02, New Castle County, Delaware","08-03, New Castle County, Delaware","08-04, New Castle County, Delaware","08-05, New Castle County, Delaware","08-06, New Castle County, Delaware","08-07, New Castle County, Delaware","08-08, New Castle County, Delaware","08-09, New Castle County, Delaware","08-10, New Castle County, Delaware","08-12, New Castle County, Delaware","08-13, New Castle County, Delaware","08-15, New Castle County, Delaware","08-16, New Castle County, Delaware","08-17, New Castle County, Delaware","08-18, New Castle County, Delaware","08-19, New Castle County, Delaware","08-21, New Castle County, Delaware","08-22, New Castle County, Delaware","08-23, New Castle County, Delaware","08-24, New Castle County, Delaware","08-25, New Castle County, Delaware","08-26, New Castle County, Delaware","08-27, New Castle County, Delaware","09-01, New Castle County, Delaware","09-02, New Castle County, Delaware","09-03, New Castle County, Delaware","09-04, New Castle County, Delaware","09-05, New Castle County, Delaware","09-06, New Castle County, Delaware","09-07, New Castle County, Delaware","09-08, New Castle County, Delaware","09-09, New Castle County, Delaware","09-10, New Castle County, Delaware","09-12, New Castle County, Delaware","09-13, New Castle County, Delaware","09-15, New Castle County, Delaware","09-16, New Castle County, Delaware","09-17, New Castle County, Delaware","09-18, New Castle County, Delaware","09-19, New Castle County, Delaware","09-21, New Castle County, Delaware","09-22, New Castle County, Delaware","09-23, New Castle County, Delaware","09-24, New Castle County, Delaware","09-26, New Castle County, Delaware","09-27, New Castle County, Delaware","10-01, New Castle County, Delaware","10-02, New Castle County, Delaware","10-03, New Castle County, Delaware","10-04, New Castle County, Delaware","10-05, New Castle County, Delaware","10-06, New Castle County, Delaware","10-07, New Castle County, Delaware","10-08, New Castle County, Delaware","10-09, New Castle County, Delaware","10-10, New Castle County, Delaware","10-12, New Castle County, Delaware","10-13, New Castle County, Delaware","10-15, New Castle County, Delaware","10-16, New Castle County, Delaware","10-17, New Castle County, Delaware","10-18, New Castle County, Delaware","10-19, New Castle County, Delaware","10-21, New Castle County, Delaware","10-22, New Castle County, Delaware","10-24, New Castle County, Delaware","10-27, New Castle County, Delaware","11-01, New Castle County, Delaware","11-02, New Castle County, Delaware","11-04, New Castle County, Delaware","11-06, New Castle County, Delaware","11-09, New Castle County, Delaware","11-12, New Castle County, Delaware","11-13, New Castle County, Delaware","11-17, New Castle County, Delaware","11-19, New Castle County, Delaware","11-21, New Castle County, Delaware","11-22, New Castle County, Delaware","12-01, New Castle County, Delaware","12-02, New Castle County, Delaware","12-04, New Castle County, Delaware","12-06, New Castle County, Delaware","12-09, New Castle County, Delaware","12-12, New Castle County, Delaware","12-13, New Castle County, Delaware","12-19, New Castle County, Delaware","12-22, New Castle County, Delaware","13-01, New Castle County, Delaware","13-02, New Castle County, Delaware","13-04, New Castle County, Delaware","13-09, New Castle County, Delaware","13-12, New Castle County, Delaware","13-13, New Castle County, Delaware","14-01, New Castle County, Delaware","14-04, New Castle County, Delaware","14-12, New Castle County, Delaware","14-13, New Castle County, Delaware","15-04, New Castle County, Delaware","16-04, New Castle County, Delaware","01-14, Sussex County, Delaware","01-20, Sussex County, Delaware","01-35, Sussex County, Delaware","01-36, Sussex County, Delaware","01-37, Sussex County, Delaware","01-38, Sussex County, Delaware","01-39, Sussex County, Delaware","01-40, Sussex County, Delaware","01-41, Sussex County, Delaware","02-14, Sussex County, Delaware","02-20, Sussex County, Delaware","02-35, Sussex County, Delaware","02-36, Sussex County, Delaware","02-37, Sussex County, Delaware","02-38, Sussex County, Delaware","02-39, Sussex County, Delaware","02-40, Sussex County, Delaware","02-41, Sussex County, Delaware","03-14, Sussex County, Delaware","03-20, Sussex County, Delaware","03-35, Sussex County, Delaware","03-36, Sussex County, Delaware","03-37, Sussex County, Delaware","03-38, Sussex County, Delaware","03-39, Sussex County, Delaware","03-40, Sussex County, Delaware","03-41, Sussex County, Delaware","04-14, Sussex County, Delaware","04-20, Sussex County, Delaware","04-35, Sussex County, Delaware","04-36, Sussex County, Delaware","04-37, Sussex County, Delaware","04-38, Sussex County, Delaware","04-39, Sussex County, Delaware","04-40, Sussex County, Delaware","04-41, Sussex County, Delaware","05-14, Sussex County, Delaware","05-20, Sussex County, Delaware","05-35, Sussex County, Delaware","05-36, Sussex County, Delaware","05-37, Sussex County, Delaware","05-38, Sussex County, Delaware","05-39, Sussex County, Delaware","05-40, Sussex County, Delaware","05-41, Sussex County, Delaware","06-14, Sussex County, Delaware","06-20, Sussex County, Delaware","06-35, Sussex County, Delaware","06-36, Sussex County, Delaware","06-37, Sussex County, Delaware","06-38, Sussex County, Delaware","06-39, Sussex County, Delaware","06-40, Sussex County, Delaware","06-41, Sussex County, Delaware","07-14, Sussex County, Delaware","07-20, Sussex County, Delaware","07-35, Sussex County, Delaware","07-36, Sussex County, Delaware","07-37, Sussex County, Delaware","07-38, Sussex County, Delaware","07-39, Sussex County, Delaware","07-40, Sussex County, Delaware","07-41, Sussex County, Delaware","08-20, Sussex County, Delaware","08-36, Sussex County, Delaware","08-38, Sussex County, Delaware","08-40, Sussex County, Delaware","08-41, Sussex County, Delaware","09-20, Sussex County, Delaware","09-36, Sussex County, Delaware","10-20, Sussex County, Delaware","10-36, Sussex County, Delaware","11-36, Sussex County, Delaware"
"Total:","2,203","11,966","5,543","537","6,420","866","464","4,366","8,882","604","3,690","3,102","6,839","472","833","3,350","3,692","4,580","3,294","2,870","5,193","209","750","1,667","4,005","1,094","5,460","6,645","8,622","2,485","4,644","3,292","1,520","2,517","1,483","417","3,341","3,098","4,397","653","3,997","4,706","289","2,512","3,095","2,050","412","2,354","4,141","1,388","54","1,488","986","1,306","251","4,621","400","1,728","1,639","195","1,675","42","1,583","289","948","755","2,882","1,395","3,489","1,846","2,207","2,968","1,748","2,425","1,596","2,057","2,311","2,652","2,255","2,763","3,344","2,546","2,251","3,791","2,177","1,318","2,128","1,829","2,787","8,581","2,286","3,395","2,189","972","2,266","1,909","1,753","2,288","2,244","3,210","2,454","2,421","3,817","1,610","1,857","2,681","2,732","3,436","3,273","1,961","1,963","1,738","2,360","3,104","1,733","2,383","1,867","1,874","311","1,154","1,949","1,970","512","1,677","2,089","3,113","1,692","2,317","1,628","834","3,313","1,953","2,545","1,630","1,687","2,358","1,948","1,456","1,772","2,703","1,752","1,744","2,480","143","2,553","975","2,802","1,544","4,106","2,648","1,902","2,993","1,635","1,358","2,557","1,483","2,076","1,936","2,859","2,662","2,457","1,660","2,433","1,720","1,886","2,554","2,841","2,063","2,150","305","922","2,030","2,800","975","3,850","2,521","1,889","2,083","3,045","4,916","2,384","1,870","1,829","3,488","2,323","2,544","2,707","3,430","1,994","3,832","2,338","894","1,482","2,596","1,817","1,987","1,424","1,325","2,660","2,356","1,968","948","2,715","2,279","2,113","374","2,820","836","3,067","878","2,168","1,679","2,923","2,180","2,077","1,166","2,115","3,730","1,972","2,135","1,438","2,034","2,409","860","2,430","1,709","991","2,237","1,523","2,220","2,017","1,499","261","3,188","2,263","3,107","2,510","2,640","808","340","1,678","2,135","3,141","2,723","2,759","1,990","3,717","2,104","2,701","1,894","3,481","1,872","2,999","1,555","1,938","2,394","2,890","1,645","3,836","2,451","966","679","2,815","1,430","1,421","3,079","1,223","2,425","2,485","2,166","468","3,499","1,812","1,741","2,748","915","448","1,559","1,751","2,250","1,142","1,470","651","1,466","5,046","2,518","2,748","2,849","571","389","2,463","2,113","3,428","2,653","2,278","2,167","2,163","1,147","3,727","2,400","2,379","1,533","1,373","2,617","1,636","2,647","3,282","1,138","2,412","2,607","1,533","2,853","1,641","1,087","3,360","498","2,921","2,765","875","3,070","1,869","2,106","2,593","1,813","39","1,875","1,419","1,632","0","360","4,364","1,448","266","1,093","394","1,158","7","626","192","5,491","2,239","5,197","4,464","6,800","3,614","3,066","2,683","3,633","4,343","4,511","4,616","3,274","3,628","4,675","4,635","4,459","4,904","3,761","4,677","3,318","3,598","4,831","4,034","2,264","2,971","2,674","4,600","4,934","3,800","2,561","4,718","3,153","3,954","3,140","2,140","4,198","5,959","1,089","2,797","4,605","2,156","2,317","2,147","5,835","2,817","2,757","1,707","3,529","3,065","4,351","4,773","3,414","2,032","1,981","2,945","2,428","1,407","2,452","5,145","3,147","3,912","2,752","878","932","2,875","1,771","1,644","593","365","383","289","571"
"    Hispanic or Latino","209","651","300","20","958","68","53","322","647","27","268","260","555","22","47","188","134","275","251","222","445","31","36","55","240","127","526","458","600","140","325","208","147","175","77","36","185","160","363","119","333","270","19","79","134","195","38","482","375","127","0","191","81","57","23","667","18","151","74","19","62","5","175","9","78","84","305","85","199","505","75","335","150","145","62","70","69","161","88","806","223","554","877","658","371","100","48","158","483","621","367","187","110","56","309","54","314","106","55","287","130","94","264","79","405","120","499","305","149","393","264","67","160","307","100","252","177","94","18","239","52","222","25","63","131","155","65","95","99","483","238","278","259","320","102","210","88","49","213","142","154","125","142","15","308","60","304","92","404","447","102","154","95","31","513","106","535","98","382","724","185","52","156","355","201","115","231","146","602","51","420","189","152","31","268","148","56","84","909","386","608","363","228","1,440","115","69","316","776","116","303","217","25","132","1,125","118","248","110","61","167","65","74","39","501","174","125","31","432","286","193","22","79","112","272","176","214","78","1,017","1,295","111","254","59","124","123","19","75","94","236","126","170","744","244","293","7","161","120","599","166","203","81","21","146","362","229","231","150","70","343","171","284","89","1,144","414","563","233","228","424","350","89","249","390","89","99","135","59","362","940","109","338","106","83","28","179","50","58","684","56","34","256","190","327","65","77","18","311","1,965","125","204","282","75","41","454","94","492","277","108","177","71","284","385","262","662","81","214","230","55","516","105","61","151","249","23","114","45","246","741","126","302","137","89","239","40","64","112","90","28","554","70","72","0","24","290","36","56","58","45","45","1","21","43","269","194","376","950","4,031","122","198","226","470","225","449","489","365","563","194","404","347","309","249","318","1,130","256","297","129","276","414","855","325","191","580","741","166","100","691","175","197","111","458","99","199","648","19","87","139","740","95","120","294","534","345","87","1,113","193","170","45","127","297","82","122","219","554","155","714","96","481","157","396","331","55","151","6","39","44"
"    Not Hispanic or Latino:","1,994","11,315","5,243","517","5,462","798","411","4,044","8,235","577","3,422","2,842","6,284","450","786","3,162","3,558","4,305","3,043","2,648","4,748","178","714","1,612","3,765","967","4,934","6,187","8,022","2,345","4,319","3,084","1,373","2,342","1,406","381","3,156","2,938","4,034","534","3,664","4,436","270","2,433","2,961","1,855","374","1,872","3,766","1,261","54","1,297","905","1,249","228","3,954","382","1,577","1,565","176","1,613","37","1,408","280","870","671","2,577","1,310","3,290","1,341","2,132","2,633","1,598","2,280","1,534","1,987","2,242","2,491","2,167","1,957","3,121","1,992","1,374","3,133","1,806","1,218","2,080","1,671","2,304","7,960","1,919","3,208","2,079","916","1,957","1,855","1,439","2,182","2,189","2,923","2,324","2,327","3,553","1,531","1,452","2,561","2,233","3,131","3,124","1,568","1,699","1,671","2,200","2,797","1,633","2,131","1,690","1,780","293","915","1,897","1,748","487","1,614","1,958","2,958","1,627","2,222","1,529","351","3,075","1,675","2,286","1,310","1,585","2,148","1,860","1,407","1,559","2,561","1,598","1,619","2,338","128","2,245","915","2,498","1,452","3,702","2,201","1,800","2,839","1,540","1,327","2,044","1,377","1,541","1,838","2,477","1,938","2,272","1,608","2,277","1,365","1,685","2,439","2,610","1,917","1,548","254","502","1,841","2,648","944","3,582","2,373","1,833","1,999","2,136","4,530","1,776","1,507","1,601","2,048","2,208","2,475","2,391","2,654","1,878","3,529","2,121","869","1,350","1,471","1,699","1,739","1,314","1,264","2,493","2,291","1,894","909","2,214","2,105","1,988","343","2,388","550","2,874","856","2,089","1,567","2,651","2,004","1,863","1,088","1,098","2,435","1,861","1,881","1,379","1,910","2,286","841","2,355","1,615","755","2,111","1,353","1,476","1,773","1,206","254","3,027","2,143","2,508","2,344","2,437","727","319","1,532","1,773","2,912","2,492","2,609","1,920","3,374","1,933","2,417","1,805","2,337","1,458","2,436","1,322","1,710","1,970","2,540","1,556","3,587","2,061","877","580","2,680","1,371","1,059","2,139","1,114","2,087","2,379","2,083","440","3,320","1,762","1,683","2,064","859","414","1,303","1,561","1,923","1,077","1,393","633","1,155","3,081","2,393","2,544","2,567","496","348","2,009","2,019","2,936","2,376","2,170","1,990","2,092","863","3,342","2,138","1,717","1,452","1,159","2,387","1,581","2,131","3,177","1,077","2,261","2,358","1,510","2,739","1,596","841","2,619","372","2,619","2,628","786","2,831","1,829","2,042","2,481","1,723","11","1,321","1,349","1,560","0","336","4,074","1,412","210","1,035","349","1,113","6","605","149","5,222","2,045","4,821","3,514","2,769","3,492","2,868","2,457","3,163","4,118","4,062","4,127","2,909","3,065","4,481","4,231","4,112","4,595","3,512","4,359","2,188","3,342","4,534","3,905","1,988","2,557","1,819","4,275","4,743","3,220","1,820","4,552","3,053","3,263","2,965","1,943","4,087","5,501","990","2,598","3,957","2,137","2,230","2,008","5,095","2,722","2,637","1,413","2,995","2,720","4,264","3,660","3,221","1,862","1,936","2,818","2,131","1,325","2,330","4,926","2,593","3,757","2,038","782","451","2,718","1,375","1,313","538","214","377","250","527"
"        Population of one race:","1,894","10,702","4,918","503","5,049","734","383","3,772","7,744","540","3,168","2,617","5,866","420","732","2,977","3,359","3,996","2,828","2,473","4,386","165","668","1,548","3,565","900","4,618","5,718","7,554","2,214","4,008","2,826","1,271","2,183","1,328","337","2,977","2,787","3,762","477","3,443","4,147","250","2,320","2,806","1,702","344","1,741","3,453","1,159","54","1,221","830","1,185","206","3,641","364","1,455","1,489","153","1,495","32","1,330","273","818","639","2,426","1,260","3,193","1,297","2,069","2,502","1,491","2,182","1,485","1,854","2,176","2,352","2,075","1,837","2,919","1,852","1,292","2,979","1,759","1,176","2,020","1,615","2,116","7,555","1,818","3,083","1,983","871","1,887","1,760","1,372","2,132","2,115","2,788","2,145","2,265","3,322","1,435","1,398","2,438","2,137","3,032","3,034","1,493","1,632","1,588","2,148","2,616","1,531","2,009","1,589","1,729","273","867","1,821","1,645","470","1,569","1,877","2,796","1,559","2,098","1,461","336","2,936","1,641","2,143","1,244","1,515","2,075","1,807","1,331","1,445","2,456","1,520","1,546","2,254","127","2,132","872","2,393","1,373","3,513","2,084","1,678","2,762","1,460","1,283","1,943","1,354","1,463","1,756","2,365","1,828","2,176","1,577","2,135","1,273","1,601","2,356","2,497","1,805","1,457","245","477","1,772","2,560","903","3,405","2,282","1,773","1,936","1,991","4,267","1,697","1,442","1,534","1,955","2,111","2,388","2,296","2,502","1,777","3,370","1,998","830","1,298","1,399","1,651","1,652","1,233","1,219","2,394","2,235","1,837","873","2,117","1,991","1,909","314","2,281","519","2,749","821","2,044","1,497","2,549","1,909","1,745","1,044","1,030","2,332","1,786","1,812","1,323","1,822","2,204","802","2,286","1,543","716","2,005","1,306","1,399","1,702","1,150","247","2,897","2,042","2,378","2,254","2,326","691","311","1,457","1,706","2,795","2,389","2,461","1,875","3,190","1,813","2,312","1,717","2,211","1,363","2,307","1,282","1,610","1,843","2,404","1,480","3,400","1,896","842","545","2,556","1,309","1,019","1,996","1,061","1,984","2,284","2,026","416","3,222","1,681","1,632","1,964","801","400","1,236","1,469","1,841","1,043","1,329","598","1,073","2,946","2,308","2,459","2,408","475","326","1,905","1,964","2,788","2,231","2,107","1,916","2,009","821","3,119","2,057","1,644","1,407","1,115","2,274","1,500","2,021","3,057","1,029","2,173","2,302","1,452","2,616","1,546","799","2,523","346","2,505","2,533","723","2,759","1,774","1,959","2,362","1,655","11","1,241","1,294","1,530","0","325","3,860","1,373","202","995","338","1,077","6","594","144","5,037","1,969","4,600","3,326","2,604","3,387","2,740","2,300","3,010","3,959","3,936","3,914","2,784","2,986","4,345","4,021","3,901","4,354","3,359","4,190","2,066","3,200","4,364","3,815","1,880","2,419","1,708","4,114","4,553","3,039","1,691","4,333","2,954","3,084","2,831","1,851","3,947","5,331","928","2,472","3,756","2,100","2,125","1,913","4,806","2,665","2,534","1,330","2,826","2,551","4,194","3,446","3,073","1,782","1,888","2,745","2,010","1,288","2,231","4,750","2,459","3,563","1,947","731","433","2,626","1,325","1,239","509","185","370","232","508"
"            White alone","749","7,465","3,878","417","2,182","510","195","2,697","4,801","446","1,524","1,425","3,993","359","429","2,667","3,053","2,129","1,487","1,908","3,098","106","422","1,192","1,604","356","3,543","3,897","4,598","2,080","3,179","1,612","736","1,988","1,089","323","2,799","2,378","1,426","118","2,720","2,656","224","1,903","2,512","503","264","857","2,200","789","47","732","662","1,128","133","2,371","303","1,126","675","151","1,333","29","427","203","330","447","1,262","325","196","202","1,957","873","1,100","1,811","1,364","1,585","1,707","1,642","1,877","1,557","2,330","1,253","862","1,671","1,455","894","1,643","1,289","1,665","5,099","1,327","1,731","195","15","1,134","1,608","700","1,759","1,786","1,546","1,338","1,537","2,173","1,322","1,174","1,672","599","666","1,185","1,248","1,475","1,099","1,853","1,597","1,194","717","1,030","86","203","153","1,750","452","439","1,407","1,109","2,198","1,340","2,038","1,261","122","1,382","103","799","718","1,442","1,789","1,371","1,141","1,110","1,554","748","843","267","113","228","541","725","1,177","1,914","784","1,337","1,528","1,307","1,140","1,660","848","812","1,420","1,011","1,505","1,511","1,393","1,896","693","1,198","920","1,465","1,040","298","36","173","365","1,364","855","1,777","1,237","1,621","1,839","1,472","1,580","190","1,096","1,171","1,663","1,920","2,096","1,482","1,494","1,161","1,301","1,360","121","488","131","1,349","404","481","881","1,897","1,860","1,556","829","1,819","865","380","268","1,066","385","1,852","694","1,692","1,285","1,498","1,115","761","121","259","481","1,526","771","1,212","1,277","1,895","669","1,981","1,324","600","1,069","465","978","1,058","1,015","215","2,279","1,547","1,289","1,758","1,276","582","169","87","968","2,250","1,201","2,202","1,591","1,907","1,194","979","1,565","1,616","1,174","726","577","770","1,665","1,898","1,303","2,503","1,518","581","261","1,649","278","871","448","633","441","1,944","1,406","379","2,038","1,218","962","1,326","609","305","884","774","1,627","787","1,132","514","862","931","1,792","135","876","285","257","416","1,779","1,401","1,295","1,329","716","1,809","729","1,253","1,398","898","533","1,011","2,009","1,311","1,221","1,937","311","61","1,902","1,331","2,176","1,397","573","1,213","260","2,095","1,886","359","427","1,667","1,776","1,713","1,345","10","740","1,214","529","0","256","2,140","1,237","103","757","245","1,000","0","472","54","4,772","1,582","3,942","2,496","1,558","3,304","2,297","1,616","2,818","3,670","3,665","3,146","2,517","2,252","4,194","2,352","3,592","3,675","3,109","3,864","1,419","2,716","3,895","3,726","1,435","1,157","1,179","3,892","4,105","1,739","1,208","3,991","2,868","1,661","2,544","1,561","3,788","4,897","765","1,824","3,231","2,053","1,837","1,617","3,452","2,492","2,417","1,168","1,928","2,301","4,104","2,613","2,651","1,541","1,845","2,557","1,619","1,203","2,163","4,552","1,925","2,887","1,521","664","370","2,462","1,203","912","468","159","355","219","461"
"            Black or African American alone","1,080","2,933","911","76","2,570","204","130","1,007","2,561","85","1,430","1,111","1,561","40","282","224","259","1,590","1,257","487","1,155","49","215","341","1,791","479","945","1,491","2,660","94","750","1,114","422","171","172","8","121","357","2,082","332","629","1,257","13","278","247","1,143","69","832","943","341","7","451","127","44","56","963","44","304","767","1","136","2","824","66","442","169","1,035","912","2,960","1,062","75","1,424","325","243","99","212","161","511","89","213","521","560","399","1,085","284","142","44","120","357","1,842","312","670","1,757","833","718","71","612","143","175","1,081","708","152","1,069","41","179","619","1,512","2,040","561","197","88","64","147","675","117","1,093","460","1,615","60","699","48","1,132","20","95","685","529","120","43","106","193","1,112","1,498","1,264","457","25","179","68","90","271","236","452","607","1,959","8","1,847","301","1,564","155","1,015","1,215","207","858","133","29","218","416","627","286","1,273","261","519","64","132","484","308","620","562","726","1,130","206","300","1,127","1,028","27","1,343","844","62","20","482","2,110","1,485","308","307","238","109","71","495","792","233","1,012","572","692","782","1,254","224","1,178","716","266","379","215","122","12","254","903","1,408","23","1,111","112","243","16","215","133","718","585","890","902","759","1,815","204","641","61","462","243","110","128","94","92","666","807","342","376","79","8","211","123","993","319","847","76","124","1,346","704","139","1,011","183","139","1,036","549","1,107","43","559","144","1,525","683","761","115","355","109","773","290","205","228","502","994","142","1,507","394","1,467","221","283","28","1,143","147","71","519","173","92","327","600","172","102","60","32","157","1,817","315","2,291","1,310","185","56","1,423","87","1,232","723","703","745","42","58","1,640","616","705","437","61","152","32","448","329","699","2,102","111","48","310","23","211","1,211","77","272","125","334","2,327","33","95","444","38","1","410","15","931","0","57","1,073","46","92","191","82","19","1","17","90","139","350","580","748","972","47","370","606","121","130","188","661","202","690","84","1,476","227","495","182","199","591","378","359","34","371","1,217","470","97","343","1,251","447","231","21","1,348","190","238","70","280","148","601","366","15","228","266","1,206","110","50","139","850","208","29","771","360","181","8","143","351","61","36","125","498","578","370","53","60","110","97","296","35","20","8","10","45"
"            American Indian and Alaska Native alone","14","46","15","2","42","7","1","5","121","6","6","16","22","8","4","40","9","26","8","22","35","0","7","4","18","6","28","25","26","15","23","20","6","6","5","4","16","5","17","5","8","18","5","10","4","8","2","9","25","5","0","5","8","2","7","15","0","2","0","1","10","0","7","0","1","2","19","2","11","4","0","6","3","10","1","0","4","4","1","1","14","9","7","2","3","1","0","2","4","1","6","4","5","3","0","5","5","3","1","2","8","6","5","2","0","4","4","4","6","1","2","2","0","7","0","0","3","9","0","3","0","2","4","1","0","4","0","10","0","1","8","4","3","0","4","1","1","0","3","2","7","2","6","0","3","1","4","1","14","1","0","4","1","0","2","0","3","4","8","5","8","0","3","0","0","6","10","5","2","0","0","10","2","1","1","2","0","1","0","5","4","3","5","6","7","2","7","3","1","15","1","1","1","1","1","0","2","3","3","3","7","0","7","6","11","2","9","1","8","0","0","0","0","9","2","7","0","8","0","4","1","5","0","0","0","3","2","4","2","9","7","1","0","2","1","6","4","2","8","0","0","1","4","3","3","2","14","0","6","1","3","6","11","6","3","8","3","0","4","16","0","2","1","1","2","6","3","8","4","1","1","10","4","1","8","0","2","1","2","0","1","1","1","7","10","3","5","2","0","4","6","0","17","2","4","0","0","5","13","3","5","9","3","1","4","4","4","1","4","3","3","8","3","4","5","0","2","0","2","1","0","0","0","3","0","3","1","0","0","2","11","0","1","0","0","4","0","0","0","9","7","5","20","17","2","12","6","8","19","18","15","2","4","4","14","18","15","7","9","9","4","37","2","3","10","1","16","33","14","9","48","0","13","8","11","5","12","0","9","67","2","8","8","43","6","5","13","6","16","2","5","8","47","0","7","7","2","6","6","11","5","5","3","1","5","2","10","2","0","0","0","1"
"            Asian alone","16","188","71","8","218","9","52","45","209","3","131","42","236","9","15","33","22","226","59","39","80","6","19","3","118","56","79","250","230","13","36","52","99","13","41","0","23","31","210","22","66","195","8","118","32","39","8","32","238","14","0","26","25","7","7","253","5","19","39","0","5","1","62","3","41","16","91","17","7","16","35","194","60","108","17","35","291","172","102","56","38","25","19","187","10","136","327","198","80","610","156","667","9","15","25","72","41","219","143","150","80","560","52","66","40","129","12","290","1,270","33","61","412","146","330","215","192","82","7","10","9","20","46","7","58","79","55","93","6","94","3","388","18","65","64","42","102","362","93","58","658","311","86","8","6","37","27","80","28","536","67","133","333","14","103","48","86","16","44","69","51","126","118","91","88","83","802","456","17","12","3","1","245","149","13","253","172","87","69","28","537","7","30","45","42","69","217","311","201","366","1,004","51","7","23","8","63","50","27","65","108","151","146","25","26","201","97","12","88","20","641","104","127","67","312","191","79","9","9","10","47","391","37","78","58","21","165","111","16","249","20","58","247","43","18","389","358","74","159","185","23","18","7","18","392","163","54","134","206","64","200","106","24","32","18","14","67","47","144","65","112","58","48","54","384","20","2","27","19","57","96","327","5","20","295","591","89","17","1","14","88","34","151","131","46","41","172","184","4","211","5","8","37","91","126","181","56","439","145","23","187","31","22","421","38","95","146","338","768","11","4","277","69","111","117","2","79","8","117","507","20","3","68","82","195","261","0","75","59","70","0","8","622","88","6","37","9","52","1","103","0","100","26","44","46","25","19","49","49","39","111","54","65","32","25","47","142","40","150","47","95","31","92","53","46","55","12","56","82","48","26","6","51","38","45","74","31","71","120","10","28","81","26","32","18","80","52","39","6","20","13","50","34","39","5","16","33","19","11","17","43","18","67","40","3","0","36","19","9","4","1","3","0","0"
"            Native Hawaiian and Other Pacific Islander alone","0","8","2","0","6","0","0","1","2","0","2","0","7","0","0","3","1","0","0","2","0","0","0","0","5","0","1","5","1","2","0","6","0","4","0","0","1","0","3","0","3","1","0","1","0","1","0","0","6","0","0","0","2","0","0","17","0","1","5","0","0","0","1","0","0","4","3","2","0","0","0","0","0","0","0","0","0","0","1","0","1","0","0","0","0","0","0","0","0","0","0","0","0","0","0","0","0","0","3","2","2","0","5","0","0","1","0","0","0","0","0","1","0","1","3","0","0","0","0","0","0","0","0","0","0","1","0","0","0","5","3","1","0","0","0","0","0","1","0","2","0","0","0","0","0","0","1","0","3","2","0","0","0","0","0","0","3","0","1","0","0","1","0","1","0","0","0","2","0","0","0","3","0","0","0","0","0","0","0","3","0","1","2","0","0","0","0","1","1","0","1","0","0","0","0","0","0","0","0","0","0","0","2","0","3","0","0","1","0","0","0","0","0","0","0","1","0","0","0","0","0","0","0","0","0","0","1","0","1","2","2","1","0","1","1","0","1","0","1","0","0","2","0","0","0","3","0","1","1","0","0","0","0","2","0","0","1","0","0","0","0","0","0","2","0","4","0","0","3","0","0","0","1","0","0","0","0","2","0","1","0","0","0","1","0","2","0","0","0","0","0","2","0","0","0","1","0","3","0","1","0","1","0","0","0","1","0","0","0","0","0","0","0","0","2","1","2","1","0","0","0","0","1","4","0","0","0","0","0","0","1","0","0","0","0","1","0","0","0","0","1","2","1","5","2","1","1","0","1","1","0","2","0","2","0","1","1","1","2","1","0","1","5","0","0","1","0","2","0","2","0","2","0","1","0","2","0","1","1","0","0","2","0","0","0","3","2","1","0","0","1","1","3","6","0","3","0","3","0","0","1","0","0","0","0","0","0","0","0","1","0","0"
"            Some Other Race alone","35","62","41","0","31","4","5","17","50","0","75","23","47","4","2","10","15","25","17","15","18","4","5","8","29","3","22","50","39","10","20","22","8","1","21","2","17","16","24","0","17","20","0","10","11","8","1","11","41","10","0","7","6","4","3","22","12","3","3","0","11","0","9","1","4","1","16","2","19","13","2","5","3","10","4","22","13","23","5","10","15","5","5","34","7","3","6","6","10","3","17","11","17","5","10","4","14","8","7","7","9","10","18","4","5","13","10","32","12","14","6","10","2","6","2","7","14","12","0","3","3","13","0","8","4","9","6","1","0","12","43","17","12","5","2","4","5","6","3","4","2","8","14","0","17","2","19","12","31","15","1","39","5","11","15","4","2","2","3","6","12","1","13","7","12","8","4","15","15","0","3","22","17","7","31","27","3","7","9","32","11","4","4","6","6","2","1","11","15","38","13","9","4","5","14","20","7","4","7","6","6","7","9","16","10","9","7","0","5","7","10","12","21","9","13","4","3","18","9","5","12","0","8","2","12","11","5","17","11","10","12","11","6","15","12","16","13","16","1","0","17","13","10","11","19","6","27","5","19","2","9","7","27","0","9","8","3","3","8","14","8","0","20","14","2","4","12","11","16","9","3","11","16","7","22","2","0","8","5","7","2","5","5","5","16","12","24","9","0","1","23","5","12","30","15","15","13","3","26","8","14","6","2","17","7","9","19","7","2","9","1","11","6","9","13","0","17","14","8","1","6","6","9","4","0","13","5","0","0","2","13","2","0","10","2","1","4","2","0","17","3","27","15","27","13","11","22","24","28","10","27","29","15","14","37","23","18","13","21","15","10","19","2","16","23","1","27","22","9","19","12","25","17","14","10","11","22","4","9","11","4","18","4","25","5","20","2","21","13","9","22","14","5","13","5","11","11","6","24","7","25","11","8","2","13","4","12","0","5","3","3","1"
"        Population of two or more races:","100","613","325","14","413","64","28","272","491","37","254","225","418","30","54","185","199","309","215","175","362","13","46","64","200","67","316","469","468","131","311","258","102","159","78","44","179","151","272","57","221","289","20","113","155","153","30","131","313","102","0","76","75","64","22","313","18","122","76","23","118","5","78","7","52","32","151","50","97","44","63","131","107","98","49","133","66","139","92","120","202","140","82","154","47","42","60","56","188","405","101","125","96","45","70","95","67","50","74","135","179","62","231","96","54","123","96","99","90","75","67","83","52","181","102","122","101","51","20","48","76","103","17","45","81","162","68","124","68","15","139","34","143","66","70","73","53","76","114","105","78","73","84","1","113","43","105","79","189","117","122","77","80","44","101","23","78","82","112","110","96","31","142","92","84","83","113","112","91","9","25","69","88","41","177","91","60","63","145","263","79","65","67","93","97","87","95","152","101","159","123","39","52","72","48","87","81","45","99","56","57","36","97","114","79","29","107","31","125","35","45","70","102","95","118","44","68","103","75","69","56","88","82","39","69","72","39","106","47","77","71","56","7","130","101","130","90","111","36","8","75","67","117","103","148","45","184","120","105","88","126","95","129","40","100","127","136","76","187","165","35","35","124","62","40","143","53","103","95","57","24","98","81","51","100","58","14","67","92","82","34","64","35","82","135","85","85","159","21","22","104","55","148","145","63","74","83","42","223","81","73","45","44","113","81","110","120","48","88","56","58","123","50","42","96","26","114","95","63","72","55","83","119","68","0","80","55","30","0","11","214","39","8","40","11","36","0","11","5","185","76","221","188","165","105","128","157","153","159","126","213","125","79","136","210","211","241","153","169","122","142","170","90","108","138","111","161","190","181","129","219","99","179","134","92","140","170","62","126","201","37","105","95","289","57","103","83","169","169","70","214","148","80","48","73","121","37","99","176","134","194","91","51","18","92","50","74","29","29","7","18","19"
"            Population of two races:","94","583","303","13","368","62","25","245","450","36","240","202","388","30","48","174","188","273","203","159","329","12","43","61","192","61","296","424","427","129","293","236","96","152","58","41","175","147","248","52","203","269","14","106","147","138","27","121","280","93","0","69","73","61","21","299","17","104","75","20","110","5","67","7","50","31","141","46","89","39","58","111","98","93","48","127","66","121","89","109","189","132","81","140","43","38","57","45","185","398","97","115","79","41","65","89","58","47","73","129","174","61","213","94","50","113","82","96","86","74","63","80","51","170","98","117","97","49","15","41","74","89","16","43","71","150","68","119","64","13","133","34","136","66","69","67","45","71","111","96","75","67","73","1","91","42","95","73","173","109","117","77","72","43","97","23","72","78","106","101","92","31","131","88","80","77","111","97","84","7","24","66","80","41","160","84","57","62","134","237","64","61","64","85","87","84","90","141","97","141","118","39","45","66","45","79","72","38","94","56","55","35","91","107","70","28","101","30","101","35","44","70","100","87","115","39","65","86","65","67","50","74","81","38","62","68","36","103","45","75","64","50","7","122","99","112","85","102","31","8","68","59","109","90","127","43","168","115","98","88","117","93","116","39","82","119","132","68","184","151","33","32","117","56","32","137","45","87","85","57","24","93","81","49","92","52","11","59","87","76","32","62","35","79","123","82","78","143","16","19","97","55","135","135","55","67","79","37","210","78","68","42","43","112","80","105","112","43","68","53","58","113","49","40","88","24","95","90","54","65","55","78","118","68","0","70","52","28","0","9","203","36","8","38","6","33","0","10","5","172","74","202","177","153","98","125","137","152","152","120","198","119","78","128","196","204","235","147","161","118","133","148","87","103","131","101","154","171","165","120","199","96","159","131","90","132","155","55","118","192","34","100","94","279","53","100","82","152","158","68","201","141","74","46","71","120","33","89","159","122","184","89","44","14","88","49","69","29","29","7","17","18"
"                White; Black or African American","34","183","93","1","158","22","10","93","142","10","85","74","133","11","14","73","27","87","86","61","119","8","11","17","112","19","127","150","153","21","119","94","43","42","20","6","21","59","125","20","64","99","0","19","54","47","16","44","101","39","0","21","20","7","8","109","3","31","65","6","38","2","37","3","22","13","58","23","43","18","12","46","36","25","3","31","15","40","19","34","72","53","38","67","13","11","11","15","53","236","39","34","19","26","39","3","20","11","20","49","46","14","74","18","13","25","47","50","26","32","15","9","13","56","39","50","37","18","3","15","12","46","1","4","40","43","18","14","13","12","44","18","54","27","13","22","5","20","40","29","29","30","34","0","50","14","44","32","66","40","37","28","16","8","29","4","25","24","45","29","23","4","34","31","35","35","28","42","34","2","16","23","37","8","67","28","8","3","58","96","32","27","14","38","18","8","36","70","18","54","33","11","17","34","9","33","34","9","25","16","2","2","45","60","24","5","36","10","48","1","8","25","37","25","42","25","27","50","17","24","11","37","6","11","7","12","14","36","16","18","28","16","1","15","12","50","19","53","10","7","34","24","16","34","32","4","78","38","59","6","69","31","46","22","44","42","44","21","101","50","5","11","30","27","16","82","13","45","8","20","5","18","10","3","31","9","8","18","30","17","14","21","8","25","60","21","42","59","8","5","50","7","54","43","22","24","6","12","99","28","31","15","14","23","11","38","16","23","29","9","5","15","10","17","22","0","34","21","22","29","13","11","23","9","0","21","4","18","0","2","71","7","3","10","1","1","0","1","0","45","19","60","63","61","20","38","47","46","40","22","63","23","27","24","89","57","94","27","53","38","41","34","18","42","76","26","36","44","78","47","55","10","69","43","35","47","34","22","40","30","4","22","20","95","11","20","33","52","46","11","89","44","22","5","6","34","9","26","46","54","69","39","9","5","14","15","25","14","8","1","6","4"
"                White; American Indian and Alaska Native","22","163","121","7","47","16","1","56","99","16","43","46","86","9","17","51","109","24","39","27","92","0","11","17","14","8","55","78","117","52","87","39","13","71","10","17","82","48","24","7","60","52","5","28","57","39","5","15","47","21","0","12","18","31","9","37","9","39","1","10","39","2","5","1","10","7","48","0","6","2","9","17","20","32","22","39","21","19","28","41","53","27","20","21","17","5","13","5","53","25","20","19","5","0","8","10","12","4","16","13","30","11","57","18","11","31","9","10","22","14","25","4","8","32","13","3","16","1","0","8","11","7","2","18","15","40","11","55","17","1","29","0","27","11","11","20","2","15","25","16","11","9","7","0","7","11","3","11","39","21","26","14","26","4","19","8","18","21","17","39","13","8","15","19","13","17","27","13","7","2","2","3","10","14","25","13","5","12","23","31","1","10","22","15","22","12","5","13","24","27","22","7","2","5","7","11","9","5","34","13","17","9","8","11","3","15","19","5","10","14","1","10","26","12","13","2","13","8","16","10","11","27","22","10","7","15","13","20","8","19","8","20","1","27","16","17","21","16","1","0","5","7","13","15","32","10","28","17","6","18","20","31","11","2","14","34","28","24","10","28","13","4","31","4","5","11","13","19","17","12","8","43","21","10","26","11","1","18","22","15","4","10","7","26","17","17","2","19","3","1","8","7","36","32","6","8","12","9","28","19","21","10","12","31","16","26","27","0","4","10","8","33","2","17","17","4","31","14","6","2","8","25","35","26","0","24","8","4","0","1","38","6","1","5","0","5","0","3","2","36","23","86","26","49","31","55","32","47","34","41","47","52","13","54","48","79","47","30","43","42","45","46","28","44","15","31","45","46","40","42","62","26","39","35","30","44","52","14","24","83","8","43","31","70","9","39","30","51","46","23","53","54","19","10","28","31","5","34","40","29","59","16","10","8","28","8","13","7","11","3","2","3"
"                White; Asian","6","83","27","3","32","7","3","25","57","4","43","17","75","1","3","12","15","21","19","36","30","0","10","2","7","8","54","56","37","13","33","14","18","6","13","5","10","13","29","1","24","46","4","34","9","1","3","22","37","5","0","5","21","6","0","59","4","1","2","0","11","0","1","0","5","0","12","3","2","6","15","6","11","10","5","20","10","31","23","11","10","13","3","11","1","8","19","12","27","36","4","31","2","1","1","37","1","18","15","13","47","12","12","21","5","14","0","7","7","8","5","26","17","27","27","19","18","3","2","2","26","12","8","7","8","13","11","9","15","0","18","1","14","3","10","8","30","21","26","30","18","19","0","0","3","10","9","5","26","8","22","12","11","16","19","5","5","8","13","10","24","9","39","27","9","8","24","12","14","1","2","8","8","8","30","15","16","17","15","34","0","8","3","3","11","42","21","7","31","16","21","5","7","2","15","18","2","12","18","11","13","7","8","14","9","1","8","2","9","19","17","13","20","15","26","0","0","3","18","12","12","6","14","0","24","17","0","9","9","11","15","0","3","31","41","16","24","13","0","1","0","7","36","12","22","14","19","12","14","25","12","4","16","3","1","6","17","11","23","25","6","2","16","1","2","4","6","3","24","8","3","12","26","23","15","10","0","8","7","15","7","6","3","12","2","14","0","32","1","6","2","27","4","21","9","6","33","4","27","20","2","7","4","22","31","17","20","1","0","19","13","14","15","4","18","3","9","29","4","10","11","28","31","22","0","5","13","3","0","1","45","7","2","7","0","5","0","3","0","28","4","12","26","8","7","8","14","8","29","14","20","15","13","9","13","10","29","19","22","6","14","15","12","5","7","13","20","19","11","9","24","19","7","19","7","12","26","2","6","8","6","7","6","15","12","18","4","13","4","9","18","6","6","1","11","15","6","6","27","3","13","7","4","0","11","3","6","0","1","2","2","0"
"                White; Native Hawaiian and Other Pacific Islander","0","7","4","0","1","0","0","1","1","0","0","1","4","1","1","0","3","0","0","0","14","0","0","0","3","0","1","4","6","0","0","3","0","0","0","3","0","2","0","0","4","0","0","0","1","0","1","4","0","0","0","1","1","0","0","1","0","1","0","0","1","0","0","0","0","0","0","0","0","0","0","1","0","2","0","4","0","1","0","0","2","0","0","0","0","0","1","0","1","0","1","0","0","0","0","0","0","0","0","1","0","0","7","0","0","0","0","2","0","0","0","1","1","1","3","1","1","0","1","0","0","0","0","0","0","3","0","0","0","0","0","0","0","1","0","0","0","2","2","0","0","0","0","0","0","0","0","0","1","0","1","0","0","0","0","0","0","2","0","0","0","0","2","0","2","0","0","0","0","0","0","0","5","0","0","3","0","0","3","0","3","0","0","0","0","0","0","0","0","0","3","0","2","0","0","0","0","0","0","0","1","0","1","0","1","0","0","0","0","0","0","1","0","0","0","2","0","1","1","0","2","0","3","3","0","0","0","0","0","0","0","1","0","3","0","1","1","3","0","0","0","0","0","1","2","0","0","0","0","0","1","0","0","0","0","0","0","2","0","5","3","0","1","0","0","1","1","1","0","0","0","0","0","0","0","0","0","1","1","0","0","1","0","2","0","0","3","0","0","0","1","0","1","0","0","0","2","1","1","0","1","0","0","0","0","0","0","0","0","0","0","1","0","0","0","0","1","0","0","0","2","1","1","0","0","0","0","0","0","0","1","0","0","0","0","0","0","0","2","2","0","3","6","0","0","0","7","1","3","2","1","2","0","0","0","4","2","0","0","0","7","1","2","2","0","1","0","0","1","1","0","1","0","2","0","0","0","0","1","2","1","0","1","4","0","0","0","1","0","1","3","3","0","4","0","1","1","0","0","0","3","0","0","0","3","0","0","0","0","0","0","0"
"                White; Some Other Race","8","71","39","2","37","6","2","39","70","3","34","25","39","4","7","30","24","60","26","11","42","3","10","12","19","2","37","59","44","39","47","41","8","22","2","9","50","18","25","8","28","39","2","22","25","15","1","13","40","13","0","4","1","13","3","52","0","10","5","3","14","1","3","2","3","6","5","7","2","1","20","12","17","16","14","18","15","16","14","18","39","24","11","20","10","6","9","8","38","51","13","10","3","0","8","33","14","8","17","20","29","13","27","27","16","23","3","2","9","11","12","35","11","24","11","14","13","1","3","0","25","11","4","10","4","17","20","39","17","0","16","0","12","12","35","13","7","10","4","16","9","5","5","0","3","5","6","11","18","21","18","8","13","12","24","2","11","17","9","16","24","6","26","3","17","3","17","8","2","0","3","10","9","9","11","10","23","30","24","18","3","12","12","20","22","17","19","29","16","5","32","5","4","0","10","3","6","10","9","14","17","15","13","12","7","0","8","6","20","1","14","14","10","26","19","2","4","6","4","7","11","0","30","11","18","23","5","18","3","11","7","12","1","22","29","15","11","9","12","0","14","14","32","16","34","14","16","23","3","35","3","11","9","3","3","31","40","7","28","24","3","9","24","1","4","7","2","7","33","9","7","14","21","11","12","17","0","7","5","23","6","23","15","6","12","18","2","11","2","4","8","14","20","11","12","11","23","3","24","8","8","5","7","32","19","8","29","5","9","13","26","33","19","0","11","9","10","19","0","12","18","9","18","11","0","14","27","1","0","5","23","14","1","13","1","21","0","2","0","47","24","36","34","13","38","15","24","40","34","34","45","26","19","38","17","35","42","59","37","15","19","44","27","5","25","16","44","43","24","17","56","29","20","25","10","24","30","11","28","41","15","19","25","52","19","17","14","18","53","22","17","19","14","26","21","33","8","22","44","31","28","22","13","1","26","20","11","8","8","1","7","11"
"                Black or African American; American Indian and Alaska Native","11","31","9","0","50","4","3","14","50","2","23","17","22","0","4","3","5","23","18","5","7","0","0","12","23","14","13","30","15","2","4","14","8","4","0","0","2","6","21","4","9","16","1","1","0","19","0","13","19","3","0","10","11","3","1","14","0","11","2","0","3","0","10","1","4","1","8","9","24","8","0","9","3","3","1","12","1","4","0","4","8","13","4","6","0","3","0","5","6","45","8","8","32","6","7","0","2","1","1","18","10","5","19","4","3","17","8","6","8","2","5","2","0","6","2","14","5","20","0","10","0","9","0","0","0","9","4","1","1","0","14","12","13","4","0","1","0","0","10","3","3","3","20","1","20","1","17","5","8","7","4","11","2","0","4","1","1","4","5","0","0","0","10","8","2","5","7","12","9","0","0","8","3","0","6","4","1","0","4","33","20","0","9","3","7","0","2","12","4","16","6","6","8","12","3","5","6","2","0","1","0","1","11","6","21","1","10","0","9","0","3","6","6","5","7","3","12","10","4","12","0","0","4","0","1","1","0","6","3","16","1","0","1","13","0","8","9","5","1","0","9","6","2","0","3","0","9","10","8","3","4","5","3","3","4","3","0","0","17","4","1","5","9","18","2","20","5","3","1","2","0","1","0","0","4","3","0","0","8","2","0","0","0","4","11","4","17","9","1","1","19","0","9","10","4","8","0","4","12","0","1","4","4","4","0","12","1","11","14","0","4","13","2","2","10","5","3","0","8","8","0","1","3","0","0","0","0","1","0","0","13","2","1","2","1","0","0","0","1","8","2","0","11","11","2","5","5","5","9","6","17","0","3","0","13","5","8","2","1","12","2","8","0","1","6","9","3","13","7","3","2","4","7","3","8","1","8","3","15","20","0","4","7","32","2","2","1","12","0","0","12","7","11","0","4","1","2","0","0","3","5","0","7","0","2","3","9","0","0","0","0","0"
"                Black or African American; Asian","2","13","1","0","11","0","0","5","6","0","0","10","7","1","0","2","2","8","6","6","12","1","0","0","2","4","3","23","30","1","0","5","3","2","7","0","2","0","6","7","4","7","0","0","1","6","0","4","21","2","0","4","0","0","0","3","0","0","0","1","2","0","0","0","2","3","1","1","2","0","0","5","8","2","2","2","1","3","3","1","1","0","3","1","1","0","1","0","3","3","6","7","2","1","0","3","3","0","3","11","2","3","6","0","1","0","0","10","0","1","1","2","0","16","2","9","4","0","4","0","0","0","1","4","1","7","2","0","0","0","5","0","8","0","0","0","1","2","2","2","1","0","2","0","0","1","9","0","7","8","3","0","0","0","0","2","1","0","5","3","2","3","1","0","2","6","3","4","10","0","0","11","2","0","16","2","0","0","1","10","0","0","1","2","1","0","1","0","0","0","0","2","2","5","1","3","9","0","5","1","0","0","4","3","2","4","6","2","2","0","1","0","0","0","0","1","8","0","0","2","0","4","1","2","1","0","0","8","1","0","3","0","0","5","0","0","0","2","4","0","0","0","5","6","0","1","7","4","5","0","4","4","0","2","5","3","2","0","0","3","1","1","2","2","0","1","0","0","0","5","1","0","0","0","3","0","0","0","6","0","0","0","1","2","4","0","4","3","0","0","5","0","1","4","1","6","1","1","3","1","0","0","2","0","3","3","10","1","3","1","0","2","0","0","2","1","2","3","6","1","0","1","2","0","0","0","0","1","0","0","1","0","0","0","0","1","0","0","0","5","0","0","0","6","0","0","3","2","1","0","0","1","1","1","4","6","4","2","3","4","0","0","0","2","2","0","0","1","0","0","0","4","2","0","0","1","0","0","0","0","0","0","1","2","0","3","0","0","5","0","0","5","1","0","1","0","0","0","1","0","0","0","1","0","1","0","0","0","0","0","0","0"
"                Black or African American; Native Hawaiian and Other Pacific Islander","0","4","0","0","3","0","0","0","1","0","1","2","5","0","0","1","0","0","0","1","3","0","0","0","0","0","0","0","4","0","0","0","0","2","1","1","0","0","3","0","0","1","0","1","0","2","0","0","2","1","0","1","0","0","0","0","0","1","0","0","0","0","0","0","1","0","0","0","0","0","0","4","0","0","0","0","2","2","0","0","0","0","0","3","0","0","1","0","0","0","0","1","0","0","0","0","0","0","0","0","0","0","0","0","0","0","1","0","0","0","0","0","1","1","0","3","0","0","0","0","0","0","0","0","0","1","0","0","0","0","0","0","1","1","0","0","0","0","0","0","0","1","0","0","3","0","0","1","0","0","0","1","1","0","0","0","0","1","0","0","0","0","0","0","0","0","0","0","3","1","0","0","0","0","0","1","0","0","0","0","2","1","0","0","0","0","0","2","0","0","0","0","0","1","0","0","1","0","0","0","3","0","0","0","0","0","3","0","0","0","0","0","0","0","0","4","0","0","0","0","0","0","0","0","0","0","0","0","0","0","0","0","0","0","0","0","0","0","0","0","0","1","0","1","2","0","0","0","1","0","0","0","0","0","1","0","0","0","0","3","0","0","1","0","0","1","0","0","0","0","0","0","2","0","0","0","0","2","0","0","0","0","1","0","0","0","0","2","0","0","0","0","0","2","0","0","0","0","0","1","0","0","0","0","0","0","0","0","2","0","0","0","0","0","1","0","1","0","0","1","0","0","0","0","0","0","0","0","0","0","0","0","0","0","0","0","0","0","0","0","0","0","2","4","0","0","0","2","0","0","0","0","0","0","1","0","0","0","0","0","0","0","0","0","0","0","0","1","0","0","0","0","5","0","0","0","0","0","0","1","0","0","0","0","0","0","0","0","1","0","0","0","0","0","0","0","0","0","0","0","0","0","0","0","1","0","3","0","0","0","0","0"
"                Black or African American; Some Other Race","7","20","4","0","29","1","6","10","13","0","11","4","15","2","0","2","0","45","7","11","6","0","0","0","11","4","5","20","16","1","0","22","3","0","4","0","6","0","14","5","7","6","1","0","0","7","0","5","12","8","0","9","0","0","0","18","1","8","0","0","0","0","11","0","2","1","9","1","10","3","0","11","2","2","1","0","1","3","0","0","1","2","0","8","1","3","2","0","4","0","6","3","15","5","1","2","6","1","1","4","9","0","8","3","1","3","14","8","4","6","0","1","0","7","1","4","2","4","0","5","0","3","0","0","3","12","2","0","0","0","7","0","7","6","0","3","0","1","0","0","2","0","3","0","5","0","3","7","7","4","4","3","1","2","2","1","6","1","11","4","5","1","3","0","0","1","0","6","5","1","0","1","5","1","2","4","3","0","5","15","3","3","3","1","6","3","4","7","4","12","1","3","1","5","0","6","5","0","2","0","0","1","1","1","3","1","8","4","2","0","0","0","1","4","8","0","1","8","4","0","3","0","1","1","2","0","4","5","2","0","2","0","0","2","0","4","0","1","3","0","4","0","4","4","0","0","7","9","1","1","3","7","26","4","7","0","1","3","0","9","0","0","3","3","3","9","5","7","1","1","0","1","0","1","0","2","2","2","5","2","0","1","0","1","14","7","4","6","1","2","2","0","7","12","1","4","2","3","14","1","3","1","0","0","0","0","7","2","3","0","2","1","1","0","6","2","0","2","8","2","1","2","3","0","0","5","0","0","0","0","8","0","0","0","0","0","0","0","0","1","0","5","8","0","0","3","3","0","2","0","1","0","1","1","10","6","9","3","1","1","5","0","0","2","0","4","5","1","3","1","0","1","10","3","0","1","2","1","4","7","0","4","1","9","0","0","0","4","1","1","9","2","0","0","0","4","1","0","0","1","7","4","0","0","2","0","2","0","1","0","0","0"
"                American Indian and Alaska Native; Asian","0","0","1","0","0","0","0","0","1","0","0","0","0","0","0","0","2","0","0","0","0","0","0","0","0","0","0","0","2","0","0","0","0","2","0","0","1","0","0","0","0","2","0","0","0","0","0","0","0","0","0","1","0","0","0","1","0","0","0","0","0","0","0","0","0","0","0","2","0","1","0","0","0","1","0","0","0","2","0","0","0","0","0","0","0","0","0","0","0","0","0","1","1","0","1","0","0","0","0","0","1","1","1","0","0","0","0","0","3","0","0","0","0","0","0","0","0","0","0","0","0","0","0","0","0","2","0","0","0","0","0","1","0","0","0","0","0","0","2","0","1","0","1","0","0","0","1","1","1","0","1","0","1","0","0","0","0","0","0","0","0","0","0","0","0","0","2","0","0","0","1","0","1","0","1","2","1","0","0","0","0","0","0","0","0","0","0","1","0","4","0","0","0","0","0","0","0","0","0","0","0","0","0","0","0","0","1","0","0","0","0","0","0","0","0","0","0","0","0","0","0","0","0","0","2","0","0","0","0","0","0","1","0","0","0","0","0","0","0","0","1","0","0","0","0","0","0","2","0","0","0","0","0","0","2","0","0","0","0","0","1","0","0","0","0","1","0","1","0","0","0","1","1","1","1","0","0","0","1","0","0","0","0","0","0","0","1","0","0","0","0","0","0","0","0","0","0","0","1","0","1","0","0","0","0","0","0","0","2","0","0","0","0","0","1","0","2","1","0","0","0","0","0","0","0","0","0","0","0","0","2","0","0","0","0","0","0","0","0","0","0","0","0","0","0","1","0","0","0","0","0","0","0","0","1","0","0","0","0","0","0","0","0","0","0","0","0","1","0","0","0","2","0","0","0","1","0","0","0","0","0","1","0","0","0","0","0","0","0","0","0","0","0","0","0","1","1","1","0","0","0","1","0","0","0","0","0","0","0","0","0","0"
"                American Indian and Alaska Native; Native Hawaiian and Other Pacific Islander","0","0","0","0","0","0","0","0","0","0","0","0","0","0","0","0","0","0","0","0","0","0","0","0","0","0","0","0","0","0","0","0","0","0","0","0","0","0","0","0","0","0","0","0","0","0","0","0","0","0","0","0","0","0","0","0","0","0","0","0","0","0","0","0","0","0","0","0","0","0","0","0","0","0","0","0","0","0","0","0","0","0","0","0","0","0","0","0","0","0","0","0","0","0","0","0","0","0","0","0","0","0","0","0","0","0","0","0","0","0","0","0","0","0","0","0","0","0","0","0","0","0","0","0","0","0","0","0","0","0","0","0","0","0","0","0","0","0","0","0","0","0","0","0","0","0","0","0","0","0","0","0","0","0","0","0","0","0","0","0","0","0","0","0","0","0","0","0","0","0","0","0","0","0","0","0","0","0","0","0","0","0","0","0","0","0","0","0","0","0","0","0","0","0","0","0","0","0","0","0","0","0","0","0","0","0","0","0","0","0","0","0","0","0","0","0","0","0","0","0","0","0","0","0","0","0","0","0","0","0","0","0","0","0","0","0","0","0","0","0","0","0","0","0","0","0","0","0","0","0","0","0","0","0","0","0","0","0","0","0","0","0","0","0","0","0","0","0","0","0","0","0","0","0","0","0","0","0","0","0","0","0","0","0","0","0","0","0","0","0","0","0","0","0","0","0","0","0","0","0","0","0","0","0","0","0","0","0","0","0","0","0","0","0","0","0","0","0","0","0","0","0","0","0","0","0","0","0","0","0","0","0","0","0","0","0","0","0","0","0","0","0","0","0","0","0","0","0","0","0","0","0","0","1","0","0","0","0","0","0","0","0","0","0","0","0","0","0","0","0","0","0","0","0","0","0","0","0","0","0","0","0","0","0","0","0","0","0","0","0","0","0","0","0","0","0","0","0","0","0","0","0","0","0","0","0","0","0","0","0","0","0"
"                American Indian and Alaska Native; Some Other Race","0","0","0","0","0","0","0","0","7","0","0","1","0","0","0","0","0","1","0","0","1","0","0","0","0","0","0","0","0","0","2","0","0","0","0","0","0","0","0","0","1","0","0","0","0","0","0","0","1","0","0","0","0","0","0","0","0","0","0","0","0","0","0","0","0","0","0","0","0","0","0","0","0","0","0","0","0","0","1","0","0","0","0","0","0","0","0","0","0","0","0","0","0","0","0","0","0","0","0","0","0","2","0","0","0","0","0","1","0","0","0","0","0","0","0","0","0","0","0","1","0","1","0","0","0","0","0","0","1","0","0","0","0","0","0","0","0","0","0","0","0","0","0","0","0","0","1","0","0","0","1","0","0","0","0","0","0","0","0","0","0","0","0","0","0","0","0","0","0","0","0","1","0","0","0","0","0","0","0","0","0","0","0","1","0","0","0","0","0","0","0","0","0","2","0","0","0","0","0","0","0","0","0","0","0","0","0","0","0","0","0","0","0","0","0","0","0","0","0","0","0","0","0","0","0","0","0","0","2","0","0","0","0","0","0","0","0","0","0","0","1","0","0","0","0","0","0","0","0","0","0","0","0","0","0","0","0","0","0","0","0","0","0","0","0","0","0","1","0","0","0","0","0","0","0","0","0","0","0","0","0","0","0","0","3","0","0","0","0","0","0","0","0","0","0","0","0","0","0","0","0","0","0","0","0","0","0","0","0","0","0","0","0","0","0","0","0","0","0","0","1","0","2","0","0","0","0","0","0","0","0","0","0","0","1","0","0","0","0","0","0","0","0","1","0","0","0","0","0","0","1","0","0","0","0","1","0","1","0","0","0","0","0","0","0","0","0","0","0","0","0","0","0","0","0","1","0","0","0","0","0","0","0","0","0","0","0","1","0","0","0","0","0","0","0","0","0","0","1","0","0","0","0","0","0","0","0","0","0","0","0","0"
"                Asian; Native Hawaiian and Other Pacific Islander","2","2","0","0","0","4","0","0","0","0","0","3","2","0","0","0","0","4","1","1","3","0","1","1","0","2","1","2","1","0","1","2","0","0","1","0","1","0","1","0","2","1","1","0","0","0","0","1","0","0","0","1","1","0","0","2","0","0","0","0","1","0","0","0","0","0","0","0","0","0","0","0","0","0","0","1","0","0","0","0","0","0","0","3","0","2","0","0","0","2","0","1","0","0","0","1","0","4","0","0","0","0","2","0","0","0","0","0","0","0","0","0","0","0","0","0","0","0","2","0","0","0","0","0","0","0","0","0","0","0","0","2","0","0","0","0","0","0","0","0","1","0","0","0","0","0","2","0","0","0","0","0","0","1","0","0","5","0","1","0","0","0","1","0","0","2","0","0","0","0","0","1","0","0","2","1","0","0","1","0","0","0","0","0","0","2","1","0","0","0","0","0","0","0","0","0","0","0","1","0","0","0","0","0","0","0","2","0","0","0","0","1","0","0","0","0","0","0","0","0","0","0","0","0","0","0","0","1","0","0","0","0","0","1","1","0","0","0","0","0","0","0","1","0","0","0","2","0","1","0","1","0","0","0","1","0","0","0","3","0","0","0","0","0","0","0","0","0","1","0","0","2","0","0","0","0","0","0","2","0","0","0","0","1","0","0","2","1","0","0","0","0","0","0","0","0","0","0","0","0","0","0","0","0","0","1","2","0","0","1","0","1","0","0","0","0","1","0","0","0","1","0","0","0","0","0","0","0","0","0","0","0","0","1","0","0","0","0","0","0","0","0","0","0","0","0","0","0","0","0","0","0","0","0","0","1","0","2","0","0","0","0","0","0","0","0","0","2","1","0","0","0","0","0","0","0","0","2","0","0","0","0","2","0","0","1","0","0","0","0","0","0","0","0","0","0","0","0","0","0","0","0","0","0","0","0","0","0","0","0","0","0"
"                Asian; Some Other Race","2","6","4","0","0","2","0","2","3","1","0","2","0","1","2","0","1","0","0","0","0","0","0","0","0","0","0","2","2","0","0","1","0","1","0","0","0","0","0","0","0","0","0","1","0","2","1","0","0","1","0","0","0","0","0","0","0","2","0","0","1","0","0","0","1","0","0","0","0","0","2","0","1","0","0","0","0","0","1","0","3","0","2","0","0","0","0","0","0","0","0","0","0","2","0","0","0","0","0","0","0","0","0","3","0","0","0","0","7","0","0","0","0","0","0","0","1","2","0","0","0","0","0","0","0","3","0","1","0","0","0","0","0","1","0","0","0","0","0","0","0","0","1","0","0","0","0","0","0","0","0","0","1","0","0","0","0","0","0","0","1","0","0","0","0","0","3","0","0","0","0","0","0","1","0","1","0","0","0","0","0","0","0","2","0","0","1","0","0","7","0","0","2","0","0","0","0","0","0","0","2","0","0","0","0","1","0","1","1","0","0","0","0","0","0","0","0","0","1","0","0","0","0","0","0","0","0","0","1","0","0","0","0","1","0","1","0","0","0","0","0","0","0","1","0","0","2","0","0","0","0","0","5","0","0","0","0","0","2","0","0","0","0","0","0","0","0","0","0","0","0","1","0","0","0","0","0","3","0","2","1","0","0","0","0","1","1","1","0","0","2","0","3","0","0","0","0","0","1","0","0","0","0","0","0","0","0","0","2","0","0","0","0","0","0","0","1","1","0","0","0","0","0","0","0","1","0","0","0","0","1","0","0","0","2","0","0","1","0","0","2","0","1","0","0","0","2","1","0","1","3","0","1","0","0","0","0","2","1","0","0","0","0","0","0","1","1","0","0","0","0","0","0","1","0","0","3","0","0","0","0","0","0","0","0","0","0","0","2","1","0","1","1","0","0","0","0","0","0","1","0","0","0","0","0","0","0","0","0","0","0","0"
"                Native Hawaiian and Other Pacific Islander; Some Other Race","0","0","0","0","0","0","0","0","0","0","0","0","0","0","0","0","0","0","1","0","0","0","0","0","1","0","0","0","0","0","0","1","0","0","0","0","0","1","0","0","0","0","0","0","0","0","0","0","0","0","0","0","0","1","0","3","0","0","0","0","0","0","0","0","0","0","0","0","0","0","0","0","0","0","0","0","0","0","0","0","0","0","0","0","0","0","0","0","0","0","0","0","0","0","0","0","0","0","0","0","0","0","0","0","0","0","0","0","0","0","0","0","0","0","0","0","0","0","0","0","0","0","0","0","0","0","0","0","0","0","0","0","0","0","0","0","0","0","0","0","0","0","0","0","0","0","0","0","0","0","0","0","0","0","0","0","0","0","0","0","0","0","0","0","0","0","0","0","0","0","0","0","0","0","0","0","0","0","0","0","0","0","0","0","0","0","0","0","0","0","0","0","0","0","0","0","0","0","0","0","0","0","0","0","0","0","0","0","0","0","0","0","0","0","0","0","0","0","0","0","0","0","0","0","0","0","0","0","0","0","0","0","0","2","0","0","0","0","0","0","0","0","0","0","0","0","0","0","0","0","0","0","0","0","0","0","0","0","0","0","0","0","0","0","0","0","0","0","0","0","0","0","0","0","0","0","0","0","0","0","0","0","0","0","0","0","0","0","0","0","0","0","0","0","0","0","0","0","0","0","0","0","0","0","0","0","0","0","0","0","0","0","0","0","0","0","0","0","0","0","0","0","0","0","0","0","0","0","0","0","0","0","0","0","0","0","0","0","0","0","0","0","0","0","0","0","0","0","0","0","0","0","0","0","0","0","0","0","0","0","0","0","0","0","0","0","0","0","0","0","0","0","0","0","0","0","0","0","0","0","0","0","0","0","0","0","0","0","0","0","0","0","0","0","0","0","0","0","0","0","0","0","0","0","0","0","0","0","0","0","0","0"
"            Population of three races:","6","28","21","1","42","0","3","26","38","1","14","23","26","0","6","11","11","36","11","16","28","0","3","2","6","6","17","45","41","2","18","21","6","7","20","3","4","4","23","5","15","16","6","7","5","15","3","10","32","7","0","4","2","3","1","13","1","18","1","2","8","0","11","0","2","1","8","2","8","5","5","20","9","5","1","5","0","18","3","10","12","8","1","14","4","2","2","10","3","7","4","9","17","4","5","5","8","1","1","6","4","1","18","2","4","8","11","3","4","0","3","3","1","10","4","5","4","2","5","7","2","14","1","2","10","9","0","5","4","2","6","0","7","0","1","6","8","5","3","9","3","6","9","0","21","1","10","6","15","8","5","0","8","1","4","0","5","4","6","9","4","0","11","3","2","5","1","15","5","2","0","3","6","0","17","7","2","1","10","26","13","2","3","8","10","2","4","11","4","17","5","0","6","6","3","7","8","7","3","0","2","1","6","5","8","1","4","1","22","0","1","0","2","6","3","4","3","16","9","1","5","12","1","1","7","4","3","3","2","2","7","6","0","8","2","15","5","7","5","0","6","7","7","13","18","2","16","4","5","0","7","2","11","1","17","8","4","7","3","11","1","3","6","5","8","4","8","16","8","0","0","5","0","2","7","5","2","7","5","5","2","2","0","3","11","2","7","12","5","3","4","0","13","10","8","7","3","5","12","3","5","3","1","1","1","5","5","5","19","3","0","9","1","2","8","2","18","5","7","7","0","5","1","0","0","10","3","2","0","2","10","1","0","0","5","3","0","0","0","12","1","19","11","12","7","3","19","1","6","6","15","6","1","6","13","7","5","6","7","4","9","21","2","5","7","7","6","18","16","9","19","2","17","3","2","7","14","7","8","9","2","5","1","9","4","3","1","17","10","0","12","7","6","2","2","0","4","8","16","12","10","2","3","4","4","0","5","0","0","0","1","1"
"                White; Black or African American; American Indian and Alaska Native","3","11","11","1","38","0","1","17","26","0","8","8","15","0","2","7","9","17","10","9","16","0","2","1","4","5","5","30","22","2","13","4","3","2","15","2","1","1","13","3","11","3","6","2","2","12","1","4","17","1","0","2","1","3","1","1","0","14","1","1","4","0","7","0","2","0","7","1","5","5","3","14","5","5","0","1","0","6","0","4","0","5","0","12","2","0","2","9","0","1","2","3","13","3","4","2","0","1","1","1","1","1","15","1","2","8","5","2","0","0","3","2","0","4","3","4","2","2","3","4","2","8","0","0","5","0","0","3","4","1","4","0","4","0","0","2","2","5","3","5","0","4","5","0","19","0","9","0","12","8","2","0","0","0","3","0","5","1","4","6","4","0","9","1","0","1","1","7","1","2","0","1","3","0","12","0","2","0","5","17","10","0","0","6","1","0","2","10","4","8","2","0","6","0","2","6","6","3","0","0","1","0","5","2","2","0","4","0","11","0","0","0","1","6","2","3","1","14","6","1","1","2","0","0","2","1","1","1","2","1","4","3","0","5","0","7","2","6","3","0","1","1","7","10","9","0","4","4","3","0","2","2","9","1","11","4","2","5","2","6","1","1","3","3","8","4","6","10","5","0","0","3","0","0","2","5","0","7","4","2","0","1","0","2","7","0","4","8","5","2","3","0","11","2","5","3","2","2","12","0","3","0","0","0","0","0","4","2","14","2","0","8","0","1","3","1","11","1","7","0","0","2","1","0","0","5","3","1","0","0","3","0","0","0","4","1","0","0","0","11","1","12","5","9","2","2","18","0","1","5","11","5","0","3","9","4","3","2","3","1","6","12","1","3","7","6","0","6","10","8","10","0","5","2","2","4","13","4","6","7","0","4","1","6","3","3","1","10","7","0","5","4","6","0","1","0","2","5","7","5","6","0","2","2","1","0","5","0","0","0","1","0"
"                White; Black or African American; Asian","2","5","8","0","0","0","0","4","1","1","1","5","6","0","3","2","0","8","0","6","0","0","0","0","1","1","4","2","6","0","0","12","0","4","0","0","1","0","5","0","2","6","0","0","0","2","0","2","5","3","0","1","0","0","0","2","0","2","0","0","1","0","0","0","0","1","0","0","0","0","0","4","0","0","0","2","0","0","0","1","2","0","0","0","0","0","0","0","1","0","2","0","4","0","0","0","1","0","0","3","2","0","0","0","1","0","4","0","0","0","0","0","0","1","0","0","2","0","0","0","0","5","0","0","1","4","0","1","0","1","0","0","1","0","0","3","0","0","0","2","0","0","2","0","0","1","0","4","0","0","0","0","0","0","0","0","0","1","2","1","0","0","2","2","2","0","0","6","3","0","0","0","1","0","3","1","0","1","0","2","0","0","2","0","7","0","2","1","0","4","3","0","0","1","0","1","0","0","2","0","1","0","0","2","0","0","0","0","8","0","0","0","0","0","0","0","2","1","1","0","0","6","0","0","2","1","2","2","0","1","1","1","0","0","0","4","2","0","1","0","1","1","0","0","4","0","2","0","0","0","1","0","1","0","2","1","2","0","0","0","0","1","3","1","0","0","1","0","1","0","0","0","0","2","0","0","2","0","1","1","2","0","0","0","2","1","2","2","0","0","1","0","0","8","1","2","1","0","0","0","2","3","1","1","0","2","0","3","0","0","0","0","0","1","0","1","2","1","0","0","0","0","0","0","0","2","0","0","0","0","2","0","0","0","0","0","0","0","0","0","0","0","1","1","2","0","1","0","0","0","1","0","0","0","0","0","0","0","2","2","0","2","0","1","0","0","1","7","3","0","1","0","0","0","0","3","0","0","0","0","0","0","0","1","0","0","0","3","1","0","0","0","0","0","0","0","0","0","4","0","0","0","1","0","0","0","0","0","0","0","0","0"
"                White; Black or African American; Native Hawaiian and Other Pacific Islander","0","0","0","0","0","0","0","1","0","0","0","0","0","0","0","0","0","1","0","1","2","0","0","0","0","0","0","0","1","0","1","0","0","0","0","0","0","0","0","0","0","0","0","0","0","0","0","0","0","0","0","1","0","0","0","0","0","0","0","0","1","0","0","0","0","0","0","0","0","0","0","0","0","0","0","0","0","0","0","1","0","0","0","0","1","0","0","0","0","0","0","0","0","0","0","0","0","0","0","0","0","0","0","0","0","0","0","0","0","0","0","0","0","0","0","0","0","0","0","0","0","0","0","0","0","0","0","0","0","0","0","0","0","0","0","0","0","0","0","0","0","0","0","0","0","0","0","0","0","0","0","0","0","0","0","0","0","0","0","0","0","0","0","0","0","0","0","1","0","0","0","0","0","0","0","0","0","0","0","0","0","0","1","0","0","0","0","0","0","0","0","0","0","0","0","0","0","0","0","0","0","0","0","0","0","0","0","0","0","0","0","0","0","0","0","1","0","1","0","0","0","0","0","0","0","0","0","0","0","0","0","0","0","0","0","0","0","0","0","0","0","0","0","0","0","0","0","0","0","0","0","0","0","0","0","0","0","0","0","0","0","0","0","0","0","0","0","0","0","0","0","0","0","0","0","0","0","0","0","0","0","0","0","0","0","0","0","0","0","0","0","0","0","0","0","0","0","0","0","0","0","0","0","0","0","0","0","0","0","0","0","0","0","0","0","0","0","0","0","0","0","0","0","0","0","0","0","0","0","0","0","0","0","0","0","0","0","0","0","0","0","0","0","0","0","0","0","0","0","0","0","0","0","0","0","0","0","0","0","0","0","0","0","0","0","1","0","0","0","0","0","0","0","0","0","0","0","0","0","0","0","0","0","0","0","0","0","1","0","0","0","0","0","0","0","0","0","0","2","0","0","0","0","0","0","0","0","0","0","0","0","0"
"                White; Black or African American; Some Other Race","0","5","0","0","2","0","0","0","0","0","1","1","2","0","0","1","1","3","1","0","7","0","1","0","1","0","3","4","2","0","0","3","1","1","3","1","0","1","0","0","0","5","0","0","1","0","1","4","1","1","0","0","0","0","0","2","1","0","0","0","0","0","1","0","0","0","0","0","0","0","0","0","2","0","0","2","0","1","0","0","7","2","0","0","1","0","0","0","0","0","0","3","0","1","0","1","0","0","0","0","0","0","1","0","0","0","0","0","0","0","0","1","1","3","0","0","0","0","0","3","0","0","0","0","3","1","0","0","0","0","0","0","1","0","0","1","3","0","0","0","2","0","0","0","0","0","1","1","0","0","0","0","1","0","1","0","0","0","0","0","0","0","0","0","0","0","0","1","0","0","0","0","0","0","0","1","0","0","1","2","3","0","0","0","2","0","0","0","0","2","0","0","0","0","0","0","0","1","1","0","0","0","0","0","3","1","0","0","1","0","0","0","0","0","0","0","0","0","0","0","0","0","0","0","0","0","0","0","0","0","0","0","0","3","0","1","1","0","0","0","0","4","0","0","3","0","0","0","0","0","1","0","0","0","3","0","0","0","1","0","0","0","0","0","0","0","0","1","1","0","0","1","0","0","1","0","0","0","0","0","0","1","0","0","0","1","0","2","0","0","0","0","2","0","1","1","0","1","0","2","0","0","0","0","0","0","0","0","2","0","0","1","0","0","5","0","3","1","0","2","0","0","0","0","0","1","0","0","0","0","4","0","0","0","0","0","0","0","0","1","0","0","3","0","0","1","0","0","3","1","1","1","1","0","2","1","0","0","0","0","0","5","0","0","0","0","0","0","2","0","1","0","1","0","0","0","0","0","2","0","0","0","0","0","0","0","0","0","1","0","1","1","0","0","0","0","0","0","0","2","1","2","0","0","0","0","0","0","0","0","0","0"
"                White; American Indian and Alaska Native; Asian","1","5","0","0","0","0","1","2","5","0","3","1","0","0","0","0","1","0","0","0","0","0","0","0","0","0","5","0","2","0","2","0","0","0","0","0","0","0","1","1","0","2","0","0","0","0","0","0","2","0","0","0","0","0","0","3","0","1","0","0","0","0","3","0","0","0","0","0","0","0","1","0","0","0","1","0","0","4","0","0","0","0","0","0","0","0","0","0","0","0","0","0","0","0","0","0","1","0","0","2","0","0","1","1","0","0","2","1","2","0","0","0","0","0","0","0","0","0","0","0","0","1","0","0","0","1","0","0","0","0","0","0","0","0","1","0","0","0","0","2","1","0","1","0","0","0","0","0","1","0","2","0","0","0","0","0","0","0","0","0","0","0","0","0","0","4","0","0","0","0","0","2","0","0","0","0","0","0","2","0","0","0","0","2","0","0","0","0","0","2","0","0","0","1","0","0","0","1","0","0","0","0","1","0","0","0","0","0","0","0","0","0","0","0","0","0","0","0","0","0","2","0","0","0","0","0","0","0","0","0","1","0","0","0","0","1","0","0","0","0","0","0","0","0","0","1","8","0","0","0","0","0","0","0","0","3","0","0","0","4","0","1","0","0","0","0","0","2","0","0","0","1","0","0","0","0","0","0","0","1","0","0","0","0","0","0","0","0","0","0","0","0","0","0","0","0","0","0","0","0","0","0","0","0","0","1","0","0","0","0","0","0","0","0","0","0","0","0","0","3","0","3","0","0","0","1","0","0","0","0","0","0","0","0","0","0","0","0","0","0","0","7","0","0","0","0","0","0","0","0","0","0","0","1","0","0","0","2","0","0","0","0","0","1","0","0","0","1","0","0","2","0","1","1","0","0","0","0","0","2","0","0","0","0","0","0","0","3","1","0","0","0","0","1","0","0","0","3","1","2","0","0","0","2","3","0","0","0","0","0","0","1"
"                White; American Indian and Alaska Native; Native Hawaiian and Other Pacific Islander","0","0","0","0","0","0","0","0","0","0","0","0","0","0","0","0","0","0","0","0","1","0","0","0","0","0","0","0","0","0","0","2","0","0","0","0","0","0","0","0","0","0","0","0","0","0","0","0","0","0","0","0","0","0","0","0","0","0","0","0","0","0","0","0","0","0","0","0","0","0","0","0","0","0","0","0","0","0","0","0","0","0","0","0","0","0","0","0","0","0","0","0","0","0","0","0","0","0","0","0","0","0","0","0","0","0","0","0","0","0","0","0","0","0","0","0","0","0","0","0","0","0","0","0","0","0","0","0","0","0","0","0","1","0","0","0","0","0","0","0","0","0","0","0","1","0","0","0","0","0","0","0","1","0","0","0","0","0","0","0","0","0","0","0","0","0","0","0","1","0","0","0","0","0","0","0","0","0","0","0","0","0","0","0","0","0","0","0","0","0","0","0","0","0","0","0","1","0","0","0","0","0","0","0","0","0","0","0","0","0","0","0","1","0","0","0","0","0","0","0","0","1","0","0","0","0","0","0","0","0","0","0","0","0","0","0","0","0","0","0","4","0","0","0","0","0","0","0","0","0","0","0","0","0","0","0","0","0","0","0","0","0","0","0","0","0","0","1","0","0","0","0","0","0","0","0","0","0","0","0","0","0","0","0","0","0","0","0","0","0","0","0","0","0","0","0","0","0","0","0","0","0","0","0","0","0","0","0","0","0","0","0","0","0","0","0","0","1","0","0","0","0","0","0","0","0","0","0","0","0","0","0","0","0","0","0","0","0","0","0","0","0","0","0","0","0","0","0","0","0","2","0","0","0","0","2","0","0","0","0","0","0","1","0","0","0","0","1","0","0","1","0","1","0","0","0","0","0","0","0","0","0","0","0","0","0","0","0","0","0","0","1","0","0","0","0","1","0","0","2","0","0","0","0","0","0","0","0","0","0","0","0"
"                White; American Indian and Alaska Native; Some Other Race","0","0","0","0","1","0","0","2","0","0","0","0","1","0","1","0","0","0","0","0","1","0","0","0","0","0","0","1","0","0","1","0","0","0","1","0","1","2","1","0","2","0","0","0","1","0","0","0","0","0","0","0","0","0","0","0","0","1","0","0","0","0","0","0","0","0","0","0","0","0","0","0","0","0","0","0","0","0","1","2","3","0","0","0","0","1","0","0","0","1","0","0","0","0","0","0","0","0","0","0","0","0","0","0","0","0","0","0","0","0","0","0","0","0","0","0","0","0","0","0","0","0","0","0","0","0","0","0","0","0","0","0","0","0","0","0","0","0","0","0","0","0","0","0","0","0","0","0","0","0","0","0","1","0","0","0","0","0","0","0","0","0","0","0","0","0","0","0","0","0","0","0","0","0","0","4","0","0","0","0","0","0","0","0","0","0","0","0","0","0","0","0","0","0","0","0","0","0","0","0","0","0","0","0","0","0","0","0","0","0","0","0","0","0","0","0","0","0","0","0","0","3","0","0","0","0","0","0","0","0","0","0","0","0","0","0","0","0","0","0","0","0","0","0","0","0","0","0","0","0","0","0","0","0","0","0","0","0","0","1","0","0","0","0","0","0","0","0","1","0","0","0","0","0","0","0","0","0","0","0","0","0","0","0","0","0","0","0","0","0","0","0","0","0","0","1","0","0","0","0","0","0","0","0","0","0","0","0","0","0","0","0","0","0","0","0","0","0","0","0","0","0","0","0","0","0","0","0","0","0","1","0","0","0","0","0","0","0","0","0","0","0","1","1","1","0","0","0","1","0","0","0","0","0","1","0","0","2","0","0","1","2","0","0","0","0","0","2","0","0","3","1","4","0","0","0","0","0","0","0","0","0","0","0","0","0","0","0","0","0","0","1","0","1","0","0","0","0","0","0","0","0","0","0","0","0","0","0","0","0","0","0"
"                White; Asian; Native Hawaiian and Other Pacific Islander","0","2","0","0","1","0","1","0","4","0","0","4","2","0","0","1","0","0","0","0","1","0","0","1","0","0","0","4","2","0","1","0","0","0","0","0","0","0","0","0","0","0","0","2","1","0","0","0","6","1","0","0","1","0","0","4","0","0","0","0","2","0","0","0","0","0","1","1","0","0","0","1","1","0","0","0","0","3","0","0","0","0","0","1","0","1","0","0","0","3","0","0","0","0","0","1","2","0","0","0","1","0","1","0","0","0","0","0","2","0","0","0","0","0","0","0","0","0","0","0","0","0","0","0","1","2","0","1","0","0","1","0","0","0","0","0","3","0","0","0","0","0","0","0","1","0","0","0","2","0","0","0","4","0","0","0","0","0","0","1","0","0","0","0","0","0","0","0","0","0","0","0","0","0","0","0","0","0","0","3","0","1","0","0","0","0","0","0","0","0","0","0","0","0","1","0","0","0","0","0","0","0","0","1","2","0","0","1","1","0","0","0","0","0","1","0","0","0","1","0","1","0","0","0","0","2","0","0","0","0","0","1","0","0","0","2","0","0","0","0","0","1","0","2","1","0","1","0","0","0","2","0","0","0","0","0","0","0","0","0","0","0","0","1","0","0","0","1","0","0","0","0","0","0","4","0","0","0","0","1","0","0","0","0","2","0","0","0","0","1","0","0","0","0","0","0","0","1","0","1","0","0","0","0","0","2","0","0","0","0","0","0","0","0","0","0","1","0","0","1","0","0","0","0","0","0","0","0","0","1","0","0","0","0","0","1","0","0","0","0","0","0","1","0","0","0","0","1","0","0","0","0","0","0","1","0","0","0","2","0","2","0","0","0","0","0","4","0","1","1","1","0","0","0","0","0","0","3","0","0","0","1","0","0","1","0","0","0","0","0","6","0","0","0","1","0","1","0","2","0","3","0","0","0","0","0","0","0","0","0","0","0"
"                White; Asian; Some Other Race","0","0","0","0","0","0","0","0","1","0","1","0","0","0","0","0","0","0","0","0","0","0","0","0","0","0","0","0","1","0","0","0","2","0","0","0","0","0","0","1","0","0","0","0","0","0","1","0","0","0","0","0","0","0","0","0","0","0","0","1","0","0","0","0","0","0","0","0","1","0","0","0","1","0","0","0","0","0","2","0","0","0","0","0","0","0","0","0","0","1","0","1","0","0","0","0","2","0","0","0","0","0","0","0","0","0","0","0","0","0","0","0","0","0","0","0","0","0","0","0","0","0","1","1","0","0","0","0","0","0","0","0","0","0","0","0","0","0","0","0","0","0","0","0","0","0","0","1","0","0","0","0","0","0","0","0","0","0","0","1","0","0","0","0","0","0","0","0","0","0","0","0","0","0","0","0","0","0","0","0","0","0","0","0","0","2","0","0","0","0","0","0","0","0","0","0","0","0","0","0","0","0","0","0","0","0","0","0","0","0","0","0","0","0","0","0","0","0","0","0","0","0","0","0","2","0","0","0","0","0","0","0","0","0","1","0","0","0","0","0","0","0","0","0","0","1","0","0","0","0","0","0","1","0","0","0","0","0","0","0","0","0","0","0","0","0","0","0","0","0","0","0","0","0","0","0","0","0","0","0","0","0","0","0","0","0","0","0","0","0","0","0","0","0","0","0","0","0","0","0","0","0","0","0","0","0","1","0","0","0","0","0","0","0","0","0","0","1","0","0","0","0","0","0","0","0","0","0","0","0","0","0","0","0","0","0","0","0","0","0","0","0","0","1","2","0","0","0","1","0","0","0","0","2","0","0","0","0","0","0","0","0","0","0","0","0","1","1","0","0","0","0","0","0","0","0","1","0","0","0","0","0","0","2","0","0","0","0","0","0","0","0","0","0","0","0","0","0","0","0","0","0","0","0","0","0","0","0","0","0","0","0"
"                White; Native Hawaiian and Other Pacific Islander; Some Other Race","0","0","0","0","0","0","0","0","0","0","0","0","0","0","0","0","0","0","0","0","0","0","0","0","0","0","0","1","0","0","0","0","0","0","0","0","0","0","0","0","0","0","0","0","0","0","0","0","0","0","0","0","0","0","0","0","0","0","0","0","0","0","0","0","0","0","0","0","0","0","0","0","0","0","0","0","0","0","0","0","0","0","0","1","0","0","0","1","0","0","0","0","0","0","1","0","0","0","0","0","0","0","0","0","0","0","0","0","0","0","0","0","0","0","0","0","0","0","0","0","0","0","0","0","0","0","0","0","0","0","0","0","0","0","0","0","0","0","0","0","0","0","0","0","0","0","0","0","0","0","1","0","0","0","0","0","0","2","0","0","0","0","0","0","0","0","0","0","0","0","0","0","0","0","0","0","0","0","0","0","0","1","0","0","0","0","0","0","0","0","0","0","0","0","0","0","1","0","0","0","0","0","0","0","1","0","0","0","0","0","0","0","0","0","0","0","0","0","0","0","0","0","0","0","0","0","0","0","0","0","1","0","0","0","0","0","0","0","0","0","0","0","0","0","0","0","0","0","0","0","0","0","0","0","0","0","0","0","0","0","0","0","0","0","0","0","0","0","0","0","0","0","0","0","0","0","0","0","0","0","0","0","0","0","0","0","0","0","0","0","0","0","0","0","0","0","0","0","0","0","0","0","0","0","0","0","0","0","0","0","0","0","0","0","0","0","1","0","0","0","0","0","0","0","0","0","0","0","0","0","0","0","0","0","0","0","0","0","0","0","0","0","0","0","0","0","0","0","0","0","0","0","0","0","0","0","0","0","0","0","0","0","0","0","0","0","0","0","0","0","0","0","0","0","0","0","0","0","0","0","0","0","0","0","0","0","0","0","0","0","0","0","0","0","0","0","0","0","0","0","0","0","0","0","0","0","0","0","0","0","0","0"
"                Black or African American; American Indian and Alaska Native; Asian","0","0","2","0","0","0","0","0","1","0","0","1","0","0","0","0","0","7","0","0","0","0","0","0","0","0","0","3","1","0","0","0","0","0","0","0","0","0","2","0","0","0","0","1","0","1","0","0","0","1","0","0","0","0","0","0","0","0","0","0","0","0","0","0","0","0","0","0","0","0","1","0","0","0","0","0","0","4","0","2","0","1","0","0","0","0","0","0","0","1","0","2","0","0","0","1","2","0","0","0","0","0","0","0","0","0","0","0","0","0","0","0","0","0","1","0","0","0","2","0","0","0","0","0","0","0","0","0","0","0","1","0","0","0","0","0","0","0","0","0","0","0","0","0","0","0","0","0","0","0","0","0","1","0","0","0","0","0","0","0","0","0","0","0","0","0","0","0","0","0","0","0","1","0","2","1","0","0","0","0","0","0","0","0","0","0","0","0","0","1","0","0","0","1","0","0","0","2","0","0","0","0","0","0","0","0","0","0","0","0","1","0","0","0","0","0","0","0","1","0","0","0","1","1","0","0","0","0","0","0","0","1","0","0","1","0","0","0","0","0","0","0","0","0","0","0","0","0","2","0","0","0","0","0","0","0","0","0","0","0","0","0","0","0","0","0","0","0","0","0","0","0","0","0","0","0","0","0","0","0","0","0","0","0","0","0","0","0","0","0","0","0","0","0","0","0","0","0","0","0","0","0","0","0","0","0","0","0","0","0","0","0","0","0","0","0","0","0","0","1","0","0","0","0","0","0","0","0","0","0","0","1","0","0","0","0","0","0","0","0","0","0","0","0","0","0","0","0","0","0","0","0","0","0","0","0","2","0","0","0","0","0","0","0","0","0","0","0","0","0","0","1","0","0","0","0","0","0","0","0","2","0","0","0","0","0","0","0","0","0","0","0","0","0","0","0","0","0","0","1","0","0","0","0","0","0","0","0","0","0","0","0"
"                Black or African American; American Indian and Alaska Native; Native Hawaiian and Other Pacific Islander","0","0","0","0","0","0","0","0","0","0","0","0","0","0","0","0","0","0","0","0","0","0","0","0","0","0","0","0","0","0","0","0","0","0","0","0","0","0","0","0","0","0","0","0","0","0","0","0","1","0","0","0","0","0","0","0","0","0","0","0","0","0","0","0","0","0","0","0","0","0","0","1","0","0","0","0","0","0","0","0","0","0","0","0","0","0","0","0","1","0","0","0","0","0","0","0","0","0","0","0","0","0","0","0","0","0","0","0","0","0","0","0","0","0","0","0","0","0","0","0","0","0","0","0","0","0","0","0","0","0","0","0","0","0","0","0","0","0","0","0","0","0","0","0","0","0","0","0","0","0","0","0","0","0","0","0","0","0","0","0","0","0","0","0","0","0","0","0","0","0","0","0","0","0","0","0","0","0","0","0","0","0","0","0","0","0","0","0","0","0","0","0","0","3","0","0","0","0","0","0","0","0","0","0","0","0","0","0","1","0","0","0","0","0","0","0","0","0","0","0","0","0","0","0","1","0","0","0","0","0","0","0","0","0","0","0","0","1","0","0","0","0","0","1","0","0","1","0","0","0","1","0","0","0","1","0","0","0","0","0","0","0","0","0","0","0","0","1","0","0","0","0","0","0","0","0","0","0","0","0","0","0","0","1","0","0","0","0","0","0","0","0","0","0","1","0","0","1","0","0","0","0","0","0","0","0","0","0","3","0","0","0","0","0","0","0","0","0","0","0","0","0","0","0","0","0","0","0","0","1","0","0","0","0","1","0","0","0","0","0","0","0","0","0","0","0","0","0","0","0","0","0","0","0","0","0","0","0","0","0","0","0","0","0","0","0","0","0","0","0","0","0","5","0","0","0","0","0","0","0","0","0","0","0","0","0","0","0","0","0","0","0","0","0","0","0","0","0","0","0","0","0","0","0","0","0","0","0","0","0","0","0"
"                Black or African American; American Indian and Alaska Native; Some Other Race","0","0","0","0","0","0","0","0","0","0","0","0","0","0","0","0","0","0","0","0","0","0","0","0","0","0","0","0","0","0","0","0","0","0","0","0","0","0","0","0","0","0","0","0","0","0","0","0","0","0","0","0","0","0","0","0","0","0","0","0","0","0","0","0","0","0","0","0","0","0","0","0","0","0","0","0","0","0","0","0","0","0","0","0","0","0","0","0","1","0","0","0","0","0","0","0","0","0","0","0","0","0","0","0","0","0","0","0","0","0","0","0","0","1","0","1","0","0","0","0","0","0","0","0","0","1","0","0","0","0","0","0","0","0","0","0","0","0","0","0","0","0","1","0","0","0","0","0","0","0","0","0","0","1","0","0","0","0","0","0","0","0","0","0","0","0","0","0","0","0","0","0","1","0","0","0","0","0","0","0","0","0","0","0","0","0","0","0","0","0","0","0","0","0","0","0","0","0","0","0","0","0","0","0","0","0","0","0","0","0","0","0","0","0","0","0","0","0","0","0","0","0","0","0","0","0","0","0","0","0","0","0","0","0","0","0","0","0","0","0","0","0","0","0","1","0","0","0","0","0","0","0","0","0","0","0","0","2","0","0","0","0","0","0","0","0","1","0","0","0","0","0","0","0","0","0","0","0","0","0","0","0","0","0","0","0","0","0","0","0","0","0","0","0","0","0","0","0","0","0","0","0","0","0","0","0","0","0","0","1","0","0","1","0","0","0","0","0","0","0","0","0","0","0","0","0","0","0","0","0","0","0","0","0","0","1","0","0","0","0","0","0","0","0","0","0","0","0","0","0","0","0","0","0","0","0","0","0","0","0","0","0","0","0","0","0","0","0","0","0","0","0","0","0","0","0","0","0","0","0","0","0","0","0","0","0","0","0","0","0","0","0","0","0","0","0","0","0","0","0","0","0","0","0","0","0","0","0","0","0","0","0"
"                Black or African American; Asian; Native Hawaiian and Other Pacific Islander","0","0","0","0","0","0","0","0","0","0","0","2","0","0","0","0","0","0","0","0","0","0","0","0","0","0","0","0","4","0","0","0","0","0","1","0","1","0","1","0","0","0","0","2","0","0","0","0","0","0","0","0","0","0","0","0","0","0","0","0","0","0","0","0","0","0","0","0","2","0","0","0","0","0","0","0","0","0","0","0","0","0","0","0","0","0","0","0","0","0","0","0","0","0","0","0","0","0","0","0","0","0","0","0","0","0","0","0","0","0","0","0","0","0","0","0","0","0","0","0","0","0","0","0","0","0","0","0","0","0","0","0","0","0","0","0","0","0","0","0","0","0","0","0","0","0","0","0","0","0","0","0","0","0","0","0","0","0","0","0","0","0","0","0","0","0","0","0","0","0","0","0","0","0","0","0","0","0","0","0","0","0","0","0","0","0","0","0","0","0","0","0","0","0","0","0","0","0","0","0","0","0","0","0","0","0","0","0","0","0","0","0","0","0","0","0","0","0","0","0","0","0","0","0","0","0","0","0","0","0","0","0","0","0","0","0","0","0","0","0","0","0","0","0","0","0","0","0","0","0","0","0","0","0","0","0","0","0","0","0","0","0","0","0","0","0","0","0","0","0","0","0","0","0","0","0","0","0","0","0","0","0","0","0","0","0","0","0","0","0","0","0","0","0","0","0","0","0","0","0","0","0","0","0","1","0","0","0","0","0","0","0","0","0","0","0","0","0","0","0","0","0","0","0","0","0","0","0","0","0","0","0","0","0","0","0","0","0","0","0","0","0","0","0","0","0","0","0","0","0","0","0","0","0","0","0","0","0","0","0","0","0","0","0","0","0","0","0","0","0","0","0","0","0","0","0","0","0","0","0","0","0","0","0","0","0","0","0","0","0","0","0","0","0","0","0","0","0","0","0","0","0","0","0","0","0","0","0","0","0","0","0"
"                Black or African American; Asian; Some Other Race","0","0","0","0","0","0","0","0","0","0","0","0","0","0","0","0","0","0","0","0","0","0","0","0","0","0","0","0","0","0","0","0","0","0","0","0","0","0","0","0","0","0","0","0","0","0","0","0","0","0","0","0","0","0","0","0","0","0","0","0","0","0","0","0","0","0","0","0","0","0","0","0","0","0","0","0","0","0","0","0","0","0","0","0","0","0","0","0","0","0","0","0","0","0","0","0","0","0","0","0","0","0","0","0","1","0","0","0","0","0","0","0","0","0","0","0","0","0","0","0","0","0","0","1","0","0","0","0","0","0","0","0","0","0","0","0","0","0","0","0","0","2","0","0","0","0","0","0","0","0","0","0","0","0","0","0","0","0","0","0","0","0","0","0","0","0","0","0","0","0","0","0","0","0","0","0","0","0","0","1","0","0","0","0","0","0","0","0","0","0","0","0","0","0","0","0","0","0","0","0","0","0","0","0","0","0","0","0","0","0","0","0","0","0","0","0","0","0","0","0","1","0","0","0","0","0","0","0","0","0","0","0","0","0","0","0","0","0","1","0","0","0","0","0","0","0","0","0","0","0","0","0","0","0","0","0","0","0","0","0","0","0","0","0","0","0","0","0","0","0","0","0","0","0","0","0","0","0","0","0","0","0","0","0","0","0","0","0","0","0","0","0","0","0","0","0","0","0","0","0","0","0","0","0","0","0","0","0","0","0","0","0","0","0","0","0","0","0","0","0","0","0","0","0","0","0","0","1","0","0","0","0","0","0","0","0","0","0","0","0","0","0","0","0","0","0","0","0","0","0","0","0","0","0","0","0","0","0","0","0","0","0","0","0","0","0","0","0","0","0","0","0","0","0","0","0","0","0","0","0","0","0","0","0","0","0","0","0","0","0","0","0","0","0","0","0","0","0","0","0","0","0","0","0","0","0","0","0","0","0","0","0"
"                Black or African American; Native Hawaiian and Other Pacific Islander; Some Other Race","0","0","0","0","0","0","0","0","0","0","0","0","0","0","0","0","0","0","0","0","0","0","0","0","0","0","0","0","0","0","0","0","0","0","0","0","0","0","0","0","0","0","0","0","0","0","0","0","0","0","0","0","0","0","0","0","0","0","0","0","0","0","0","0","0","0","0","0","0","0","0","0","0","0","0","0","0","0","0","0","0","0","0","0","0","0","0","0","0","0","0","0","0","0","0","0","0","0","0","0","0","0","0","0","0","0","0","0","0","0","0","0","0","0","0","0","0","0","0","0","0","0","0","0","0","0","0","0","0","0","0","0","0","0","0","0","0","0","0","0","0","0","0","0","0","0","0","0","0","0","0","0","0","0","0","0","0","0","0","0","0","0","0","0","0","0","0","0","0","0","0","0","0","0","0","0","0","0","0","0","0","0","0","0","0","0","0","0","0","0","0","0","0","0","0","0","0","0","0","0","0","0","0","0","0","0","0","0","0","0","0","0","0","0","0","0","0","0","0","0","0","0","0","0","0","0","0","0","0","0","0","0","0","0","0","0","0","0","0","0","0","0","0","0","0","0","0","0","0","0","0","0","0","0","0","0","0","0","0","0","0","0","0","0","0","0","0","0","0","0","0","0","0","0","0","0","0","0","0","0","0","0","0","0","0","0","0","0","0","0","0","0","0","0","0","0","0","0","0","0","0","0","0","0","0","0","0","0","0","0","0","0","0","0","0","0","0","0","0","0","0","0","0","0","0","0","0","0","0","0","0","0","0","0","0","0","0","0","0","0","0","0","0","0","0","0","0","0","0","0","0","0","0","0","0","0","0","0","0","0","0","0","0","0","0","0","0","0","0","0","0","0","0","0","0","0","0","0","0","0","0","0","0","0","0","0","0","0","0","0","0","0","0","0","0","0","0","0","0","0","0","0","0","0","0","0","0","0","0","0","0","0"
"                American Indian and Alaska Native; Asian; Native Hawaiian and Other Pacific Islander","0","0","0","0","0","0","0","0","0","0","0","0","0","0","0","0","0","0","0","0","0","0","0","0","0","0","0","0","0","0","0","0","0","0","0","0","0","0","0","0","0","0","0","0","0","0","0","0","0","0","0","0","0","0","0","0","0","0","0","0","0","0","0","0","0","0","0","0","0","0","0","0","0","0","0","0","0","0","0","0","0","0","0","0","0","0","0","0","0","0","0","0","0","0","0","0","0","0","0","0","0","0","0","0","0","0","0","0","0","0","0","0","0","0","0","0","0","0","0","0","0","0","0","0","0","0","0","0","0","0","0","0","0","0","0","0","0","0","0","0","0","0","0","0","0","0","0","0","0","0","0","0","0","0","0","0","0","0","0","0","0","0","0","0","0","0","0","0","0","0","0","0","0","0","0","0","0","0","0","0","0","0","0","0","0","0","0","0","0","0","0","0","0","0","0","0","0","0","0","0","0","0","0","0","0","0","0","0","0","0","0","0","0","0","0","0","0","0","0","0","0","0","0","0","0","0","0","0","0","0","0","0","0","0","0","0","0","0","0","0","0","0","0","0","0","0","0","0","0","0","0","0","0","0","0","0","0","0","0","0","0","0","0","0","0","0","0","0","0","0","0","0","0","0","0","0","0","0","0","0","0","0","0","0","0","0","0","0","0","0","0","0","0","0","0","0","0","0","0","0","0","0","0","0","0","0","0","0","0","0","0","0","0","0","0","0","0","0","0","0","0","0","0","0","0","0","0","0","0","0","0","0","0","0","0","0","0","0","0","0","0","0","0","0","0","0","0","0","0","0","0","0","0","0","0","0","0","0","0","0","0","0","0","0","0","0","0","0","0","0","0","0","0","0","0","0","0","0","0","0","0","0","0","0","0","0","0","0","0","0","0","0","0","0","0","0","0","0","0","0","0","0","0","0","0","0","0","0","0","0","0","0"
"                American Indian and Alaska Native; Asian; Some Other Race","0","0","0","0","0","0","0","0","0","0","0","0","0","0","0","0","0","0","0","0","0","0","0","0","0","0","0","0","0","0","0","0","0","0","0","0","0","0","0","0","0","0","0","0","0","0","0","0","0","0","0","0","0","0","0","0","0","0","0","0","0","0","0","0","0","0","0","0","0","0","0","0","0","0","0","0","0","0","0","0","0","0","0","0","0","0","0","0","0","0","0","0","0","0","0","0","0","0","0","0","0","0","0","0","0","0","0","0","0","0","0","0","0","0","0","0","0","0","0","0","0","0","0","0","0","0","0","0","0","0","0","0","0","0","0","0","0","0","0","0","0","0","0","0","0","0","0","0","0","0","0","0","0","0","0","0","0","0","0","0","0","0","0","0","0","0","0","0","0","0","0","0","0","0","0","0","0","0","0","0","0","0","0","0","0","0","0","0","0","0","0","0","0","0","0","0","0","0","0","0","0","0","0","0","0","0","0","0","0","0","0","0","0","0","0","0","0","0","0","0","0","0","0","0","0","0","0","0","0","0","0","0","0","0","0","0","0","0","0","0","0","0","0","0","0","0","0","0","0","0","0","0","0","0","0","0","0","0","0","0","0","0","0","0","0","0","0","0","0","0","0","0","0","0","0","0","0","0","0","0","0","0","0","0","0","0","1","0","0","0","0","0","0","0","0","0","0","0","0","0","0","0","0","0","0","0","0","0","0","0","0","0","0","0","0","0","0","0","0","0","0","0","0","0","0","0","0","0","0","0","0","0","0","0","0","0","0","0","0","0","0","0","0","0","0","0","0","0","0","0","0","0","0","0","0","0","0","0","0","0","0","0","0","0","0","0","0","0","0","0","0","0","0","0","0","0","0","0","0","0","0","0","0","0","0","0","0","0","0","0","0","0","0","0","0","0","0","0","0","0","0","0","0","0","0","0","0","0","0","0","0","0"
"                American Indian and Alaska Native; Native Hawaiian and Other Pacific Islander; Some Other Race","0","0","0","0","0","0","0","0","0","0","0","0","0","0","0","0","0","0","0","0","0","0","0","0","0","0","0","0","0","0","0","0","0","0","0","0","0","0","0","0","0","0","0","0","0","0","0","0","0","0","0","0","0","0","0","0","0","0","0","0","0","0","0","0","0","0","0","0","0","0","0","0","0","0","0","0","0","0","0","0","0","0","0","0","0","0","0","0","0","0","0","0","0","0","0","0","0","0","0","0","0","0","0","0","0","0","0","0","0","0","0","0","0","0","0","0","0","0","0","0","0","0","0","0","0","0","0","0","0","0","0","0","0","0","0","0","0","0","0","0","0","0","0","0","0","0","0","0","0","0","0","0","0","0","0","0","0","0","0","0","0","0","0","0","0","0","0","0","0","0","0","0","0","0","0","0","0","0","0","0","0","0","0","0","0","0","0","0","0","0","0","0","0","0","0","0","0","0","0","0","0","0","0","0","0","0","0","0","0","0","0","0","0","0","0","0","0","0","0","0","0","0","0","0","0","0","0","0","0","0","0","0","0","0","0","0","0","0","0","0","0","0","0","0","0","0","0","0","0","0","0","0","0","0","0","0","0","0","0","0","0","0","0","0","0","0","0","0","0","0","0","0","0","0","0","0","0","0","0","0","0","0","0","0","0","0","0","0","0","0","0","0","0","0","0","0","0","0","0","0","0","0","0","0","0","0","0","0","0","0","0","0","0","0","0","0","0","0","0","0","0","0","0","0","0","0","0","0","0","0","0","0","0","0","0","0","0","0","0","0","0","0","0","0","0","0","0","0","0","0","0","0","0","0","0","0","0","0","0","0","0","0","0","0","0","0","0","0","0","0","0","0","0","0","0","0","0","0","0","0","0","0","0","0","0","0","0","0","0","0","0","0","0","0","0","0","0","0","0","0","0","0","0","0","0","0","0","0","0","0","0","0"
"                Asian; Native Hawaiian and Other Pacific Islander; Some Other Race","0","0","0","0","0","0","0","0","0","0","0","1","0","0","0","0","0","0","0","0","0","0","0","0","0","0","0","0","0","0","0","0","0","0","0","0","0","0","0","0","0","0","0","0","0","0","0","0","0","0","0","0","0","0","0","1","0","0","0","0","0","0","0","0","0","0","0","0","0","0","0","0","0","0","0","0","0","0","0","0","0","0","1","0","0","0","0","0","0","0","0","0","0","0","0","0","0","0","0","0","0","0","0","0","0","0","0","0","0","0","0","0","0","1","0","0","0","0","0","0","0","0","0","0","0","0","0","0","0","0","0","0","0","0","0","0","0","0","0","0","0","0","0","0","0","0","0","0","0","0","0","0","0","0","0","0","0","0","0","0","0","0","0","0","0","0","0","0","0","0","0","0","0","0","0","0","0","0","2","1","0","0","0","0","0","0","0","0","0","0","0","0","0","0","0","0","0","0","0","0","0","1","0","0","0","0","0","0","0","0","0","0","0","0","0","0","0","0","0","0","0","0","0","0","0","0","0","0","0","0","0","0","0","0","0","0","0","0","0","0","0","0","0","0","0","0","0","0","0","0","0","0","0","0","0","0","0","0","0","0","0","0","0","0","0","0","0","0","0","0","0","0","0","0","0","0","0","0","0","0","0","0","0","0","0","0","0","0","0","0","0","0","0","0","0","0","0","0","0","0","0","0","0","0","0","0","0","0","0","0","0","0","0","0","0","0","0","0","0","0","0","0","0","0","0","1","0","0","0","0","0","0","0","0","0","0","0","0","0","0","0","0","0","0","0","0","0","0","0","0","0","0","0","0","0","0","0","0","0","1","0","0","0","0","0","0","0","0","0","0","0","0","0","0","0","0","0","0","0","0","0","0","0","0","0","0","0","0","0","0","0","0","0","0","0","0","0","0","0","0","0","0","0","0","0","0","0","0","0","0","0","0"
"            Population of four races:","0","2","1","0","3","2","0","0","2","0","0","0","3","0","0","0","0","0","1","0","4","1","0","1","2","0","3","0","0","0","0","1","0","0","0","0","0","0","1","0","3","3","0","0","3","0","0","0","1","2","0","3","0","0","0","1","0","0","0","1","0","0","0","0","0","0","2","2","0","0","0","0","0","0","0","1","0","0","0","1","1","0","0","0","0","2","1","0","0","0","0","1","0","0","0","1","1","2","0","0","1","0","0","0","0","2","2","0","0","1","1","0","0","1","0","0","0","0","0","0","0","0","0","0","0","3","0","0","0","0","0","0","0","0","0","0","0","0","0","0","0","0","2","0","1","0","0","0","0","0","0","0","0","0","0","0","1","0","0","0","0","0","0","1","0","1","1","0","2","0","1","0","2","0","0","0","1","0","1","0","2","2","0","0","0","1","1","0","0","1","0","0","1","0","0","1","1","0","2","0","0","0","0","2","1","0","2","0","1","0","0","0","0","1","0","1","0","1","1","1","1","2","0","0","0","0","0","0","0","0","0","0","0","0","0","2","0","2","0","0","1","1","0","0","3","0","0","1","2","0","2","0","2","0","0","0","0","1","0","3","1","0","1","1","0","1","0","0","2","0","0","0","0","0","1","0","1","1","0","1","0","0","0","0","1","1","0","4","0","0","3","0","0","0","0","0","1","0","0","0","0","0","0","0","0","0","3","0","1","0","0","1","0","0","0","0","1","0","2","0","0","0","0","0","0","0","0","0","0","0","1","0","0","2","0","0","0","1","0","1","0","0","0","0","0","0","1","0","1","0","0","0","0","2","1","0","1","0","1","0","0","1","1","0","0","3","1","1","0","0","1","1","2","0","0","1","1","0","0","0","0","0","0","1","0","0","0","0","1","0","1","0","0","0","0","1","0","2","1","0","0","0","3","0","0","1","0","0","0","0","0","0"
"                White; Black or African American; American Indian and Alaska Native; Asian","0","2","1","0","0","2","0","0","2","0","0","0","1","0","0","0","0","0","1","0","1","0","0","0","1","0","1","0","0","0","0","1","0","0","0","0","0","0","0","0","2","1","0","0","0","0","0","0","0","0","0","0","0","0","0","1","0","0","0","1","0","0","0","0","0","0","0","2","0","0","0","0","0","0","0","0","0","0","0","0","0","0","0","0","0","2","0","0","0","0","0","0","0","0","0","1","0","0","0","0","0","0","0","0","0","0","2","0","0","0","0","0","0","0","0","0","0","0","0","0","0","0","0","0","0","1","0","0","0","0","0","0","0","0","0","0","0","0","0","0","0","0","1","0","0","0","0","0","0","0","0","0","0","0","0","0","1","0","0","0","0","0","0","0","0","0","1","0","1","0","0","0","1","0","0","0","1","0","0","0","2","1","0","0","0","1","0","0","0","1","0","0","0","0","0","1","1","0","2","0","0","0","0","0","0","0","2","0","0","0","0","0","0","1","0","0","0","0","1","1","1","2","0","0","0","0","0","0","0","0","0","0","0","0","0","0","0","2","0","0","1","0","0","0","2","0","0","0","2","0","0","0","0","0","0","0","0","0","0","0","0","0","0","1","0","1","0","0","1","0","0","0","0","0","1","0","1","0","0","1","0","0","0","0","1","0","0","3","0","0","1","0","0","0","0","0","0","0","0","0","0","0","0","0","0","0","0","0","1","0","0","0","0","0","0","0","0","0","0","0","0","0","0","0","0","0","0","0","0","0","0","0","0","2","0","0","0","1","0","0","0","0","0","0","0","0","1","0","0","0","0","0","0","2","0","0","1","0","1","0","0","0","1","0","0","1","0","1","0","0","0","1","0","0","0","0","0","0","0","0","0","0","0","1","0","0","0","0","1","0","0","0","0","0","0","1","0","2","0","0","0","0","3","0","0","1","0","0","0","0","0","0"
"                White; Black or African American; American Indian and Alaska Native; Native Hawaiian and Other Pacific Islander","0","0","0","0","0","0","0","0","0","0","0","0","0","0","0","0","0","0","0","0","0","1","0","0","0","0","0","0","0","0","0","0","0","0","0","0","0","0","0","0","0","1","0","0","0","0","0","0","0","0","0","0","0","0","0","0","0","0","0","0","0","0","0","0","0","0","2","0","0","0","0","0","0","0","0","0","0","0","0","0","0","0","0","0","0","0","0","0","0","0","0","0","0","0","0","0","0","0","0","0","0","0","0","0","0","0","0","0","0","0","0","0","0","0","0","0","0","0","0","0","0","0","0","0","0","0","0","0","0","0","0","0","0","0","0","0","0","0","0","0","0","0","1","0","0","0","0","0","0","0","0","0","0","0","0","0","0","0","0","0","0","0","0","0","0","0","0","0","0","0","0","0","0","0","0","0","0","0","0","0","0","0","0","0","0","0","0","0","0","0","0","0","0","0","0","0","0","0","0","0","0","0","0","0","0","0","0","0","0","0","0","0","0","0","0","0","0","0","0","0","0","0","0","0","0","0","0","0","0","0","0","0","0","0","0","0","0","0","0","0","0","0","0","0","0","0","0","0","0","0","0","0","0","0","0","0","0","0","0","0","0","0","0","0","0","0","0","0","0","0","0","0","0","0","0","0","0","0","0","0","0","0","0","0","0","0","0","1","0","0","0","0","0","0","0","0","1","0","0","0","0","0","0","0","0","0","0","0","0","0","0","0","0","0","0","0","1","0","0","0","0","0","0","0","0","0","0","0","0","0","0","0","0","0","0","0","0","0","0","0","0","0","0","0","0","0","0","0","0","0","0","0","0","0","0","0","0","0","0","0","0","0","0","0","0","0","0","0","0","0","0","0","0","0","0","0","0","0","0","0","0","0","0","0","0","0","0","0","0","0","0","0","0","0","0","0","0","0","0","0","0","0","0","0","0","0","0","0","0","0","0","0"
"                White; Black or African American; American Indian and Alaska Native; Some Other Race","0","0","0","0","3","0","0","0","0","0","0","0","0","0","0","0","0","0","0","0","1","0","0","0","0","0","2","0","0","0","0","0","0","0","0","0","0","0","0","0","0","0","0","0","1","0","0","0","0","2","0","3","0","0","0","0","0","0","0","0","0","0","0","0","0","0","0","0","0","0","0","0","0","0","0","1","0","0","0","1","1","0","0","0","0","0","1","0","0","0","0","1","0","0","0","0","0","0","0","0","1","0","0","0","0","0","0","0","0","0","1","0","0","1","0","0","0","0","0","0","0","0","0","0","0","1","0","0","0","0","0","0","0","0","0","0","0","0","0","0","0","0","0","0","1","0","0","0","0","0","0","0","0","0","0","0","0","0","0","0","0","0","0","0","0","0","0","0","0","0","0","0","1","0","0","0","0","0","0","0","0","1","0","0","0","0","0","0","0","0","0","0","1","0","0","0","0","0","0","0","0","0","0","0","0","0","0","0","1","0","0","0","0","0","0","0","0","1","0","0","0","0","0","0","0","0","0","0","0","0","0","0","0","0","0","2","0","0","0","0","0","0","0","0","1","0","0","1","0","0","0","0","2","0","0","0","0","0","0","2","0","0","0","0","0","0","0","0","1","0","0","0","0","0","0","0","0","1","0","0","0","0","0","0","0","0","0","0","0","0","0","0","0","0","0","0","0","0","0","0","0","0","0","0","0","0","3","0","0","0","0","0","0","0","0","0","0","0","0","0","0","0","0","0","0","0","0","0","0","0","1","0","0","0","0","0","0","0","0","0","0","0","0","0","0","0","0","0","0","0","0","0","0","0","0","0","0","0","0","0","0","0","0","0","0","0","0","0","0","0","0","0","0","0","0","0","0","0","0","0","0","0","0","0","0","0","0","0","0","0","0","0","0","0","0","0","0","0","0","0","0","0","0","0","0","0","0","0","0","0","0","0"
"                White; Black or African American; Asian; Native Hawaiian and Other Pacific Islander","0","0","0","0","0","0","0","0","0","0","0","0","0","0","0","0","0","0","0","0","1","0","0","1","0","0","0","0","0","0","0","0","0","0","0","0","0","0","0","0","1","0","0","0","2","0","0","0","0","0","0","0","0","0","0","0","0","0","0","0","0","0","0","0","0","0","0","0","0","0","0","0","0","0","0","0","0","0","0","0","0","0","0","0","0","0","0","0","0","0","0","0","0","0","0","0","0","0","0","0","0","0","0","0","0","0","0","0","0","0","0","0","0","0","0","0","0","0","0","0","0","0","0","0","0","0","0","0","0","0","0","0","0","0","0","0","0","0","0","0","0","0","0","0","0","0","0","0","0","0","0","0","0","0","0","0","0","0","0","0","0","0","0","0","0","0","0","0","0","0","0","0","0","0","0","0","0","0","0","0","0","0","0","0","0","0","0","0","0","0","0","0","0","0","0","0","0","0","0","0","0","0","0","0","0","0","0","0","0","0","0","0","0","0","0","0","0","0","0","0","0","0","0","0","0","0","0","0","0","0","0","0","0","0","0","0","0","0","0","0","0","0","0","0","0","0","0","0","0","0","0","0","0","0","0","0","0","0","0","0","0","0","0","0","0","0","0","0","0","0","0","0","0","0","0","0","0","0","0","0","0","0","0","0","0","0","0","0","0","0","0","0","0","0","0","0","0","0","0","0","0","0","0","0","0","0","0","0","0","0","0","0","0","0","0","0","0","0","0","0","0","0","0","0","0","0","0","0","0","0","0","0","0","0","0","0","0","0","0","0","0","0","0","0","0","0","0","0","0","0","0","0","0","0","0","0","0","0","0","0","0","0","0","0","0","0","0","0","0","0","0","0","0","0","0","1","0","0","0","0","0","0","0","0","0","0","0","0","0","0","0","0","0","0","0","0","0","0","0","0","0","0","0","0","0","0","0","0","0","0","0","0"
"                White; Black or African American; Asian; Some Other Race","0","0","0","0","0","0","0","0","0","0","0","0","0","0","0","0","0","0","0","0","0","0","0","0","1","0","0","0","0","0","0","0","0","0","0","0","0","0","0","0","0","0","0","0","0","0","0","0","0","0","0","0","0","0","0","0","0","0","0","0","0","0","0","0","0","0","0","0","0","0","0","0","0","0","0","0","0","0","0","0","0","0","0","0","0","0","0","0","0","0","0","0","0","0","0","0","1","2","0","0","0","0","0","0","0","2","0","0","0","1","0","0","0","0","0","0","0","0","0","0","0","0","0","0","0","1","0","0","0","0","0","0","0","0","0","0","0","0","0","0","0","0","0","0","0","0","0","0","0","0","0","0","0","0","0","0","0","0","0","0","0","0","0","0","0","1","0","0","0","0","0","0","0","0","0","0","0","0","0","0","0","0","0","0","0","0","0","0","0","0","0","0","0","0","0","0","0","0","0","0","0","0","0","2","1","0","0","0","0","0","0","0","0","0","0","0","0","0","0","0","0","0","0","0","0","0","0","0","0","0","0","0","0","0","0","0","0","0","0","0","0","0","0","0","0","0","0","0","0","0","2","0","0","0","0","0","0","0","0","1","0","0","0","0","0","0","0","0","0","0","0","0","0","0","0","0","0","0","0","0","0","0","0","0","0","0","0","0","0","0","2","0","0","0","0","0","0","0","0","0","0","0","0","0","0","0","0","0","0","0","0","0","0","0","0","0","0","0","0","0","0","0","0","0","0","0","0","0","0","0","0","0","0","0","0","0","0","0","0","0","0","0","0","0","0","0","0","0","0","0","0","0","0","0","0","0","0","0","0","0","0","0","0","0","0","0","0","0","0","0","0","0","0","0","0","0","0","0","0","0","0","0","0","0","0","0","0","0","0","0","0","0","0","0","0","0","0","0","0","0","0","0","0","0","0","0","0","0","0","0","0","0"
"                White; Black or African American; Native Hawaiian and Other Pacific Islander; Some Other Race","0","0","0","0","0","0","0","0","0","0","0","0","0","0","0","0","0","0","0","0","1","0","0","0","0","0","0","0","0","0","0","0","0","0","0","0","0","0","1","0","0","0","0","0","0","0","0","0","0","0","0","0","0","0","0","0","0","0","0","0","0","0","0","0","0","0","0","0","0","0","0","0","0","0","0","0","0","0","0","0","0","0","0","0","0","0","0","0","0","0","0","0","0","0","0","0","0","0","0","0","0","0","0","0","0","0","0","0","0","0","0","0","0","0","0","0","0","0","0","0","0","0","0","0","0","0","0","0","0","0","0","0","0","0","0","0","0","0","0","0","0","0","0","0","0","0","0","0","0","0","0","0","0","0","0","0","0","0","0","0","0","0","0","0","0","0","0","0","0","0","0","0","0","0","0","0","0","0","0","0","0","0","0","0","0","0","0","0","0","0","0","0","0","0","0","0","0","0","0","0","0","0","0","0","0","0","0","0","0","0","0","0","0","0","0","0","0","0","0","0","0","0","0","0","0","0","0","0","0","0","0","0","0","0","0","0","0","0","0","0","0","0","0","0","0","0","0","0","0","0","0","0","0","0","0","0","0","0","0","0","0","0","0","0","0","0","0","0","0","0","0","0","0","0","0","0","0","0","0","0","0","0","0","0","0","0","0","0","0","0","0","0","0","0","0","0","0","0","0","0","0","0","0","0","0","0","0","0","0","0","0","0","0","0","0","0","0","0","0","0","0","0","0","0","0","0","0","0","0","0","0","0","0","0","0","0","0","0","0","0","0","0","0","0","0","0","0","0","0","0","0","0","0","0","0","0","0","0","0","0","0","0","0","0","0","0","0","0","0","0","1","0","0","0","0","0","1","0","0","0","0","0","0","0","0","0","0","0","0","0","1","0","0","0","0","0","0","0","0","0","0","0","0","0","0","0","0","0","0","0","0","0"
"                White; American Indian and Alaska Native; Asian; Native Hawaiian and Other Pacific Islander","0","0","0","0","0","0","0","0","0","0","0","0","0","0","0","0","0","0","0","0","0","0","0","0","0","0","0","0","0","0","0","0","0","0","0","0","0","0","0","0","0","1","0","0","0","0","0","0","0","0","0","0","0","0","0","0","0","0","0","0","0","0","0","0","0","0","0","0","0","0","0","0","0","0","0","0","0","0","0","0","0","0","0","0","0","0","0","0","0","0","0","0","0","0","0","0","0","0","0","0","0","0","0","0","0","0","0","0","0","0","0","0","0","0","0","0","0","0","0","0","0","0","0","0","0","0","0","0","0","0","0","0","0","0","0","0","0","0","0","0","0","0","0","0","0","0","0","0","0","0","0","0","0","0","0","0","0","0","0","0","0","0","0","0","0","0","0","0","0","0","0","0","0","0","0","0","0","0","1","0","0","0","0","0","0","0","1","0","0","0","0","0","0","0","0","0","0","0","0","0","0","0","0","0","0","0","0","0","0","0","0","0","0","0","0","1","0","0","0","0","0","0","0","0","0","0","0","0","0","0","0","0","0","0","0","0","0","0","0","0","0","0","0","0","0","0","0","0","0","0","0","0","0","0","0","0","0","0","0","0","1","0","1","0","0","0","0","0","0","0","0","0","0","0","0","0","0","0","0","0","0","0","0","0","0","0","0","0","0","0","0","0","0","0","0","0","0","0","0","0","0","0","0","0","0","0","0","0","0","0","0","0","0","0","0","0","0","0","2","0","0","0","0","0","0","0","0","0","0","0","0","0","0","0","0","0","0","0","0","0","0","0","0","0","0","0","0","0","0","0","0","0","0","0","0","0","0","0","0","0","0","1","0","0","0","0","0","0","0","0","0","0","0","0","0","0","0","0","0","0","0","0","0","0","0","0","0","0","0","0","0","0","0","0","0","0","0","0","0","0","0","0","0","0","0","0","0","0","0","0","0","0"
"                White; American Indian and Alaska Native; Asian; Some Other Race","0","0","0","0","0","0","0","0","0","0","0","0","0","0","0","0","0","0","0","0","0","0","0","0","0","0","0","0","0","0","0","0","0","0","0","0","0","0","0","0","0","0","0","0","0","0","0","0","0","0","0","0","0","0","0","0","0","0","0","0","0","0","0","0","0","0","0","0","0","0","0","0","0","0","0","0","0","0","0","0","0","0","0","0","0","0","0","0","0","0","0","0","0","0","0","0","0","0","0","0","0","0","0","0","0","0","0","0","0","0","0","0","0","0","0","0","0","0","0","0","0","0","0","0","0","0","0","0","0","0","0","0","0","0","0","0","0","0","0","0","0","0","0","0","0","0","0","0","0","0","0","0","0","0","0","0","0","0","0","0","0","0","0","0","0","0","0","0","0","0","0","0","0","0","0","0","0","0","0","0","0","0","0","0","0","0","0","0","0","0","0","0","0","0","0","0","0","0","0","0","0","0","0","0","0","0","0","0","0","0","0","0","0","0","0","0","0","0","0","0","0","0","0","0","0","0","0","0","0","0","0","0","0","0","0","0","0","0","0","0","0","0","0","0","0","0","0","0","0","0","0","0","0","0","0","0","0","0","0","0","0","0","0","0","0","0","0","0","0","0","0","0","0","0","0","0","0","0","0","0","0","0","0","0","0","0","0","0","0","0","0","0","0","0","0","0","0","0","0","0","0","0","0","0","0","0","0","0","0","0","0","0","0","0","0","0","0","0","0","0","0","0","0","0","0","0","0","0","0","0","0","0","0","0","0","0","0","0","0","0","0","0","0","0","0","0","0","0","0","0","0","0","0","0","0","0","0","0","0","0","0","0","0","0","0","0","0","0","0","0","0","0","0","0","0","0","0","0","0","0","0","0","0","0","0","0","0","0","0","0","0","0","0","0","0","0","0","0","0","0","0","0","0","0","0","0","0","0","0","0","0","0"
"                White; American Indian and Alaska Native; Native Hawaiian and Other Pacific Islander; Some Other Race","0","0","0","0","0","0","0","0","0","0","0","0","0","0","0","0","0","0","0","0","0","0","0","0","0","0","0","0","0","0","0","0","0","0","0","0","0","0","0","0","0","0","0","0","0","0","0","0","0","0","0","0","0","0","0","0","0","0","0","0","0","0","0","0","0","0","0","0","0","0","0","0","0","0","0","0","0","0","0","0","0","0","0","0","0","0","0","0","0","0","0","0","0","0","0","0","0","0","0","0","0","0","0","0","0","0","0","0","0","0","0","0","0","0","0","0","0","0","0","0","0","0","0","0","0","0","0","0","0","0","0","0","0","0","0","0","0","0","0","0","0","0","0","0","0","0","0","0","0","0","0","0","0","0","0","0","0","0","0","0","0","0","0","0","0","0","0","0","0","0","0","0","0","0","0","0","0","0","0","0","0","0","0","0","0","0","0","0","0","0","0","0","0","0","0","0","0","0","0","0","0","0","0","0","0","0","0","0","0","0","0","0","0","0","0","0","0","0","0","0","0","0","0","0","0","0","0","0","0","0","0","0","0","0","0","0","0","0","0","0","0","0","0","0","0","0","0","0","0","0","0","0","0","0","0","0","0","0","0","0","0","0","0","0","0","0","0","0","0","0","0","0","0","0","0","0","0","0","0","0","0","0","0","0","0","0","0","0","0","0","0","0","0","0","0","0","0","0","0","0","0","0","0","0","0","0","0","0","0","0","0","0","0","0","0","0","0","0","0","0","0","0","0","0","0","0","0","0","0","0","0","0","0","0","0","0","0","0","0","0","0","0","0","0","0","0","0","0","0","0","0","0","0","0","0","0","0","0","0","0","0","0","0","0","0","0","0","0","0","0","0","0","0","0","0","0","0","0","0","0","0","0","0","0","0","0","0","0","0","0","0","0","0","0","0","0","0","0","0","0","0","0","0","0","0","0","0","0","0","0","0","0"
"                White; Asian; Native Hawaiian and Other Pacific Islander; Some Other Race","0","0","0","0","0","0","0","0","0","0","0","0","0","0","0","0","0","0","0","0","0","0","0","0","0","0","0","0","0","0","0","0","0","0","0","0","0","0","0","0","0","0","0","0","0","0","0","0","0","0","0","0","0","0","0","0","0","0","0","0","0","0","0","0","0","0","0","0","0","0","0","0","0","0","0","0","0","0","0","0","0","0","0","0","0","0","0","0","0","0","0","0","0","0","0","0","0","0","0","0","0","0","0","0","0","0","0","0","0","0","0","0","0","0","0","0","0","0","0","0","0","0","0","0","0","0","0","0","0","0","0","0","0","0","0","0","0","0","0","0","0","0","0","0","0","0","0","0","0","0","0","0","0","0","0","0","0","0","0","0","0","0","0","0","0","0","0","0","0","0","0","0","0","0","0","0","0","0","0","0","0","0","0","0","0","0","0","0","0","0","0","0","0","0","0","0","0","0","0","0","0","0","0","0","0","0","0","0","0","0","0","0","0","0","0","0","0","0","0","0","0","0","0","0","0","0","0","0","0","0","0","0","0","0","0","0","0","0","0","0","0","0","0","0","0","0","0","0","0","0","0","0","0","0","0","0","0","0","0","0","0","0","0","0","0","0","0","0","0","0","0","0","0","0","0","0","0","0","0","0","0","0","0","0","0","0","0","0","0","0","0","0","0","0","0","0","0","0","0","0","0","0","0","0","0","0","0","0","0","0","0","0","0","0","0","0","0","0","0","0","0","0","0","0","0","0","0","0","0","0","0","0","0","0","0","0","0","0","0","0","0","0","0","0","0","0","0","0","0","0","0","0","0","0","0","0","0","0","0","0","0","0","0","0","0","0","0","0","0","0","0","0","0","0","0","0","0","0","0","0","0","0","0","0","0","0","0","0","0","0","0","0","0","0","0","0","0","0","0","0","0","0","0","0","0","0","0","0","0","0","0","0"
"                Black or African American; American Indian and Alaska Native; Asian; Native Hawaiian and Other Pacific Islander","0","0","0","0","0","0","0","0","0","0","0","0","0","0","0","0","0","0","0","0","0","0","0","0","0","0","0","0","0","0","0","0","0","0","0","0","0","0","0","0","0","0","0","0","0","0","0","0","0","0","0","0","0","0","0","0","0","0","0","0","0","0","0","0","0","0","0","0","0","0","0","0","0","0","0","0","0","0","0","0","0","0","0","0","0","0","0","0","0","0","0","0","0","0","0","0","0","0","0","0","0","0","0","0","0","0","0","0","0","0","0","0","0","0","0","0","0","0","0","0","0","0","0","0","0","0","0","0","0","0","0","0","0","0","0","0","0","0","0","0","0","0","0","0","0","0","0","0","0","0","0","0","0","0","0","0","0","0","0","0","0","0","0","0","0","0","0","0","0","0","0","0","0","0","0","0","0","0","0","0","0","0","0","0","0","0","0","0","0","0","0","0","0","0","0","0","0","0","0","0","0","0","0","0","0","0","0","0","0","0","0","0","0","0","0","0","0","0","0","0","0","0","0","0","0","0","0","0","0","0","0","0","0","0","0","0","0","0","0","0","0","0","0","0","0","0","0","0","0","0","0","0","0","0","0","0","0","0","0","0","0","0","0","0","0","0","0","0","0","0","0","0","0","0","0","0","0","0","0","0","0","0","0","0","0","0","0","0","0","0","0","0","0","0","0","0","0","0","0","0","0","0","0","0","0","0","0","0","0","0","0","0","0","0","0","0","0","0","0","0","0","0","0","0","0","0","0","0","0","0","0","0","0","0","0","0","0","0","0","0","0","0","0","0","0","0","0","0","0","0","0","0","0","0","0","0","0","0","0","0","0","0","0","0","0","0","0","0","0","0","0","0","0","0","0","0","0","0","0","0","0","0","0","0","0","0","0","0","0","0","0","0","0","0","0","0","0","0","0","0","0","0","0","0","0","0","0","0","0","0","0","0"
"                Black or African American; American Indian and Alaska Native; Asian; Some Other Race","0","0","0","0","0","0","0","0","0","0","0","0","0","0","0","0","0","0","0","0","0","0","0","0","0","0","0","0","0","0","0","0","0","0","0","0","0","0","0","0","0","0","0","0","0","0","0","0","0","0","0","0","0","0","0","0","0","0","0","0","0","0","0","0","0","0","0","0","0","0","0","0","0","0","0","0","0","0","0","0","0","0","0","0","0","0","0","0","0","0","0","0","0","0","0","0","0","0","0","0","0","0","0","0","0","0","0","0","0","0","0","0","0","0","0","0","0","0","0","0","0","0","0","0","0","0","0","0","0","0","0","0","0","0","0","0","0","0","0","0","0","0","0","0","0","0","0","0","0","0","0","0","0","0","0","0","0","0","0","0","0","0","0","0","0","0","0","0","0","0","0","0","0","0","0","0","0","0","0","0","0","0","0","0","0","0","0","0","0","0","0","0","0","0","0","0","0","0","0","0","0","0","0","0","0","0","0","0","0","0","0","0","0","0","0","0","0","0","0","0","0","0","0","0","0","0","0","0","0","0","0","0","0","0","0","0","0","0","0","0","0","0","0","0","0","0","0","0","0","0","0","0","0","0","0","0","0","0","0","0","0","0","0","0","0","0","0","0","0","0","0","0","0","0","0","0","0","0","0","0","0","0","0","0","0","0","0","0","0","0","0","0","0","0","0","0","0","0","0","0","0","0","0","0","0","0","0","0","0","0","0","0","0","0","0","0","0","0","0","0","0","0","0","0","0","0","0","0","0","0","0","0","0","0","0","0","0","0","0","0","0","0","0","0","0","0","0","0","0","0","0","0","0","0","0","0","0","0","0","0","0","0","0","0","0","0","0","0","0","0","0","0","0","0","0","0","0","0","0","0","0","0","0","0","0","0","0","0","0","0","0","0","0","0","0","0","0","0","0","0","0","0","0","0","0","0","0","0","0","0","0","0"
"                Black or African American; American Indian and Alaska Native; Native Hawaiian and Other Pacific Islander; Some Other Race","0","0","0","0","0","0","0","0","0","0","0","0","0","0","0","0","0","0","0","0","0","0","0","0","0","0","0","0","0","0","0","0","0","0","0","0","0","0","0","0","0","0","0","0","0","0","0","0","0","0","0","0","0","0","0","0","0","0","0","0","0","0","0","0","0","0","0","0","0","0","0","0","0","0","0","0","0","0","0","0","0","0","0","0","0","0","0","0","0","0","0","0","0","0","0","0","0","0","0","0","0","0","0","0","0","0","0","0","0","0","0","0","0","0","0","0","0","0","0","0","0","0","0","0","0","0","0","0","0","0","0","0","0","0","0","0","0","0","0","0","0","0","0","0","0","0","0","0","0","0","0","0","0","0","0","0","0","0","0","0","0","0","0","0","0","0","0","0","0","0","0","0","0","0","0","0","0","0","0","0","0","0","0","0","0","0","0","0","0","0","0","0","0","0","0","0","0","0","0","0","0","0","0","0","0","0","0","0","0","0","0","0","0","0","0","0","0","0","0","0","0","0","0","0","0","0","0","0","0","0","0","0","0","0","0","0","0","0","0","0","0","0","0","0","0","0","0","0","0","0","0","0","0","0","0","0","0","0","0","0","0","0","0","0","0","0","0","0","0","0","0","0","0","0","0","0","0","0","0","0","0","0","0","0","0","0","0","0","0","0","0","0","0","0","0","0","0","0","0","0","0","0","0","0","0","0","0","0","0","0","0","0","0","0","0","0","0","0","0","0","0","0","0","0","0","0","0","0","0","0","0","0","0","0","0","0","0","0","0","0","0","0","0","0","0","0","0","0","0","0","0","0","0","0","0","0","0","0","0","0","0","0","0","0","0","0","0","0","0","0","0","0","0","0","0","0","0","0","0","0","0","0","0","0","0","0","0","0","0","0","0","0","0","0","0","0","0","0","0","0","0","0","0","0","0","0","0","0","0","0","0","0"
"                Black or African American; Asian; Native Hawaiian and Other Pacific Islander; Some Other Race","0","0","0","0","0","0","0","0","0","0","0","0","2","0","0","0","0","0","0","0","0","0","0","0","0","0","0","0","0","0","0","0","0","0","0","0","0","0","0","0","0","0","0","0","0","0","0","0","1","0","0","0","0","0","0","0","0","0","0","0","0","0","0","0","0","0","0","0","0","0","0","0","0","0","0","0","0","0","0","0","0","0","0","0","0","0","0","0","0","0","0","0","0","0","0","0","0","0","0","0","0","0","0","0","0","0","0","0","0","0","0","0","0","0","0","0","0","0","0","0","0","0","0","0","0","0","0","0","0","0","0","0","0","0","0","0","0","0","0","0","0","0","0","0","0","0","0","0","0","0","0","0","0","0","0","0","0","0","0","0","0","0","0","1","0","0","0","0","1","0","0","0","0","0","0","0","0","0","0","0","0","0","0","0","0","0","0","0","0","0","0","0","0","0","0","0","0","0","0","0","0","0","0","0","0","0","0","0","0","0","0","0","0","0","0","0","0","0","0","0","0","0","0","0","0","0","0","0","0","0","0","0","0","0","0","0","0","0","0","0","0","0","0","0","0","0","0","0","0","0","0","0","0","0","0","0","0","0","0","0","0","0","0","0","0","0","0","0","0","0","0","0","0","0","0","0","0","0","0","0","0","0","0","0","0","1","0","0","0","0","0","0","0","0","0","0","0","0","0","0","0","0","0","0","0","0","0","0","0","0","0","1","0","0","0","0","0","0","0","0","0","0","0","0","0","0","0","0","0","0","0","0","0","0","0","0","0","0","0","1","0","0","0","0","0","0","0","0","1","0","0","0","0","0","1","0","0","0","0","0","0","0","0","0","0","2","1","0","0","0","0","0","2","0","0","0","0","0","0","0","0","0","0","0","0","0","0","0","0","0","0","0","0","0","0","0","0","0","1","0","0","0","0","0","0","0","0","0","0","0","0","0"
"                American Indian and Alaska Native; Asian; Native Hawaiian and Other Pacific Islander; Some Other Race","0","0","0","0","0","0","0","0","0","0","0","0","0","0","0","0","0","0","0","0","0","0","0","0","0","0","0","0","0","0","0","0","0","0","0","0","0","0","0","0","0","0","0","0","0","0","0","0","0","0","0","0","0","0","0","0","0","0","0","0","0","0","0","0","0","0","0","0","0","0","0","0","0","0","0","0","0","0","0","0","0","0","0","0","0","0","0","0","0","0","0","0","0","0","0","0","0","0","0","0","0","0","0","0","0","0","0","0","0","0","0","0","0","0","0","0","0","0","0","0","0","0","0","0","0","0","0","0","0","0","0","0","0","0","0","0","0","0","0","0","0","0","0","0","0","0","0","0","0","0","0","0","0","0","0","0","0","0","0","0","0","0","0","0","0","0","0","0","0","0","1","0","0","0","0","0","0","0","0","0","0","0","0","0","0","0","0","0","0","0","0","0","0","0","0","0","0","0","0","0","0","0","0","0","0","0","0","0","0","0","0","0","0","0","0","0","0","0","0","0","0","0","0","0","0","0","0","0","0","0","0","0","0","0","0","0","0","0","0","0","0","1","0","0","0","0","0","0","0","0","0","0","0","0","0","0","0","1","0","0","0","0","0","0","0","0","0","0","0","0","0","0","0","0","0","0","0","0","0","0","0","0","0","0","0","0","0","0","0","0","0","0","0","0","0","0","0","0","0","0","0","0","0","0","0","0","0","0","0","0","0","0","0","0","0","0","0","0","0","0","0","0","0","0","0","0","0","0","0","0","0","0","0","0","0","0","0","0","0","0","0","0","0","0","0","0","0","0","0","0","0","0","0","0","0","0","0","0","0","0","0","0","0","0","0","0","0","0","0","0","0","0","0","0","0","0","0","0","0","0","0","0","0","0","0","0","0","0","0","0","0","0","0","0","0","0","0","0","0","0","0","0","0","0","0","0","0","0","0","0","0","0"
"            Population of five races:","0","0","0","0","0","0","0","1","1","0","0","0","1","0","0","0","0","0","0","0","1","0","0","0","0","0","0","0","0","0","0","0","0","0","0","0","0","0","0","0","0","1","0","0","0","0","0","0","0","0","0","0","0","0","0","0","0","0","0","0","0","0","0","0","0","0","0","0","0","0","0","0","0","0","0","0","0","0","0","0","0","0","0","0","0","0","0","1","0","0","0","0","0","0","0","0","0","0","0","0","0","0","0","0","0","0","1","0","0","0","0","0","0","0","0","0","0","0","0","0","0","0","0","0","0","0","0","0","0","0","0","0","0","0","0","0","0","0","0","0","0","0","0","0","0","0","0","0","1","0","0","0","0","0","0","0","0","0","0","0","0","0","0","0","2","0","0","0","0","0","0","0","0","0","0","0","0","0","0","0","0","0","0","0","0","0","0","0","0","0","0","0","0","0","0","0","0","0","0","0","0","0","0","0","0","0","0","0","1","0","0","0","0","1","0","0","0","0","0","0","0","0","0","0","0","0","0","0","0","0","0","0","0","0","0","1","0","0","0","0","0","0","1","0","0","0","0","0","0","0","0","0","0","0","0","0","0","0","0","0","0","0","0","0","0","0","0","0","0","0","0","0","0","0","0","1","0","0","0","0","0","0","0","0","0","0","0","0","0","0","0","0","0","0","0","0","0","0","1","0","0","0","0","0","0","0","0","0","0","0","0","0","0","0","0","0","0","0","0","0","0","0","0","0","0","0","0","0","0","0","0","2","0","0","0","0","0","0","0","0","1","0","0","0","0","0","0","0","0","0","0","0","0","0","0","0","0","0","0","0","0","0","0","0","0","0","0","0","0","0","0","0","1","0","0","0","0","0","0","0","0","0","0","0","0","0","0","0","0","0","0","0","0","0","0","0","0","0","0","0","0","0","1","0","0","0","0","0","0","0","0","0"
"                White; Black or African American; American Indian and Alaska Native; Asian; Native Hawaiian and Other Pacific Islander","0","0","0","0","0","0","0","0","0","0","0","0","0","0","0","0","0","0","0","0","0","0","0","0","0","0","0","0","0","0","0","0","0","0","0","0","0","0","0","0","0","1","0","0","0","0","0","0","0","0","0","0","0","0","0","0","0","0","0","0","0","0","0","0","0","0","0","0","0","0","0","0","0","0","0","0","0","0","0","0","0","0","0","0","0","0","0","0","0","0","0","0","0","0","0","0","0","0","0","0","0","0","0","0","0","0","0","0","0","0","0","0","0","0","0","0","0","0","0","0","0","0","0","0","0","0","0","0","0","0","0","0","0","0","0","0","0","0","0","0","0","0","0","0","0","0","0","0","1","0","0","0","0","0","0","0","0","0","0","0","0","0","0","0","0","0","0","0","0","0","0","0","0","0","0","0","0","0","0","0","0","0","0","0","0","0","0","0","0","0","0","0","0","0","0","0","0","0","0","0","0","0","0","0","0","0","0","0","1","0","0","0","0","0","0","0","0","0","0","0","0","0","0","0","0","0","0","0","0","0","0","0","0","0","0","1","0","0","0","0","0","0","1","0","0","0","0","0","0","0","0","0","0","0","0","0","0","0","0","0","0","0","0","0","0","0","0","0","0","0","0","0","0","0","0","1","0","0","0","0","0","0","0","0","0","0","0","0","0","0","0","0","0","0","0","0","0","0","0","0","0","0","0","0","0","0","0","0","0","0","0","0","0","0","0","0","0","0","0","0","0","0","0","0","0","0","0","0","0","0","0","2","0","0","0","0","0","0","0","0","0","0","0","0","0","0","0","0","0","0","0","0","0","0","0","0","0","0","0","0","0","0","0","0","0","0","0","0","0","0","0","0","0","0","0","0","0","0","0","0","0","0","0","0","0","0","0","0","0","0","0","0","0","0","0","0","0","0","0","0","0","0","0","0","0","0","0","0","0","0","0","0"
"                White; Black or African American; American Indian and Alaska Native; Asian; Some Other Race","0","0","0","0","0","0","0","1","1","0","0","0","1","0","0","0","0","0","0","0","0","0","0","0","0","0","0","0","0","0","0","0","0","0","0","0","0","0","0","0","0","0","0","0","0","0","0","0","0","0","0","0","0","0","0","0","0","0","0","0","0","0","0","0","0","0","0","0","0","0","0","0","0","0","0","0","0","0","0","0","0","0","0","0","0","0","0","0","0","0","0","0","0","0","0","0","0","0","0","0","0","0","0","0","0","0","0","0","0","0","0","0","0","0","0","0","0","0","0","0","0","0","0","0","0","0","0","0","0","0","0","0","0","0","0","0","0","0","0","0","0","0","0","0","0","0","0","0","0","0","0","0","0","0","0","0","0","0","0","0","0","0","0","0","0","0","0","0","0","0","0","0","0","0","0","0","0","0","0","0","0","0","0","0","0","0","0","0","0","0","0","0","0","0","0","0","0","0","0","0","0","0","0","0","0","0","0","0","0","0","0","0","0","0","0","0","0","0","0","0","0","0","0","0","0","0","0","0","0","0","0","0","0","0","0","0","0","0","0","0","0","0","0","0","0","0","0","0","0","0","0","0","0","0","0","0","0","0","0","0","0","0","0","0","0","0","0","0","0","0","0","0","0","0","0","0","0","0","0","0","0","0","0","0","0","0","0","0","0","0","0","0","0","0","0","0","0","0","0","0","0","0","0","0","0","0","0","0","0","0","0","0","0","0","0","0","0","0","0","0","0","0","0","0","0","0","0","0","0","0","0","0","0","0","0","0","0","0","0","0","1","0","0","0","0","0","0","0","0","0","0","0","0","0","0","0","0","0","0","0","0","0","0","0","0","0","0","0","0","0","0","0","1","0","0","0","0","0","0","0","0","0","0","0","0","0","0","0","0","0","0","0","0","0","0","0","0","0","0","0","0","0","1","0","0","0","0","0","0","0","0","0"
"                White; Black or African American; American Indian and Alaska Native; Native Hawaiian and Other Pacific Islander; Some Other Race","0","0","0","0","0","0","0","0","0","0","0","0","0","0","0","0","0","0","0","0","0","0","0","0","0","0","0","0","0","0","0","0","0","0","0","0","0","0","0","0","0","0","0","0","0","0","0","0","0","0","0","0","0","0","0","0","0","0","0","0","0","0","0","0","0","0","0","0","0","0","0","0","0","0","0","0","0","0","0","0","0","0","0","0","0","0","0","0","0","0","0","0","0","0","0","0","0","0","0","0","0","0","0","0","0","0","0","0","0","0","0","0","0","0","0","0","0","0","0","0","0","0","0","0","0","0","0","0","0","0","0","0","0","0","0","0","0","0","0","0","0","0","0","0","0","0","0","0","0","0","0","0","0","0","0","0","0","0","0","0","0","0","0","0","0","0","0","0","0","0","0","0","0","0","0","0","0","0","0","0","0","0","0","0","0","0","0","0","0","0","0","0","0","0","0","0","0","0","0","0","0","0","0","0","0","0","0","0","0","0","0","0","0","0","0","0","0","0","0","0","0","0","0","0","0","0","0","0","0","0","0","0","0","0","0","0","0","0","0","0","0","0","0","0","0","0","0","0","0","0","0","0","0","0","0","0","0","0","0","0","0","0","0","0","0","0","0","0","0","0","0","0","0","0","0","0","0","0","0","0","0","0","0","0","0","0","0","0","0","0","0","0","0","0","0","0","0","0","0","0","0","0","0","0","0","0","0","0","0","0","0","0","0","0","0","0","0","0","0","0","0","0","0","0","0","0","0","0","0","0","0","0","0","0","0","0","0","0","0","0","0","0","0","0","0","0","0","0","0","0","0","0","0","0","0","0","0","0","0","0","0","0","0","0","0","0","0","0","0","0","0","0","0","0","0","0","0","0","0","0","0","0","0","0","0","0","0","0","0","0","0","0","0","0","0","0","0","0","0","0","0","0","0","0","0","0","0","0","0","0","0","0"
"                White; Black or African American; Asian; Native Hawaiian and Other Pacific Islander; Some Other Race","0","0","0","0","0","0","0","0","0","0","0","0","0","0","0","0","0","0","0","0","1","0","0","0","0","0","0","0","0","0","0","0","0","0","0","0","0","0","0","0","0","0","0","0","0","0","0","0","0","0","0","0","0","0","0","0","0","0","0","0","0","0","0","0","0","0","0","0","0","0","0","0","0","0","0","0","0","0","0","0","0","0","0","0","0","0","0","1","0","0","0","0","0","0","0","0","0","0","0","0","0","0","0","0","0","0","1","0","0","0","0","0","0","0","0","0","0","0","0","0","0","0","0","0","0","0","0","0","0","0","0","0","0","0","0","0","0","0","0","0","0","0","0","0","0","0","0","0","0","0","0","0","0","0","0","0","0","0","0","0","0","0","0","0","2","0","0","0","0","0","0","0","0","0","0","0","0","0","0","0","0","0","0","0","0","0","0","0","0","0","0","0","0","0","0","0","0","0","0","0","0","0","0","0","0","0","0","0","0","0","0","0","0","1","0","0","0","0","0","0","0","0","0","0","0","0","0","0","0","0","0","0","0","0","0","0","0","0","0","0","0","0","0","0","0","0","0","0","0","0","0","0","0","0","0","0","0","0","0","0","0","0","0","0","0","0","0","0","0","0","0","0","0","0","0","0","0","0","0","0","0","0","0","0","0","0","0","0","0","0","0","0","0","0","0","0","0","0","1","0","0","0","0","0","0","0","0","0","0","0","0","0","0","0","0","0","0","0","0","0","0","0","0","0","0","0","0","0","0","0","0","0","0","0","0","0","0","0","0","0","0","0","0","0","0","0","0","0","0","0","0","0","0","0","0","0","0","0","0","0","0","0","0","0","0","0","0","0","0","0","0","0","0","0","0","0","0","0","0","0","0","0","0","0","0","0","0","0","0","0","0","0","0","0","0","0","0","0","0","0","0","0","0","0","0","0","0","0","0","0","0","0"
"                White; American Indian and Alaska Native; Asian; Native Hawaiian and Other Pacific Islander; Some Other Race","0","0","0","0","0","0","0","0","0","0","0","0","0","0","0","0","0","0","0","0","0","0","0","0","0","0","0","0","0","0","0","0","0","0","0","0","0","0","0","0","0","0","0","0","0","0","0","0","0","0","0","0","0","0","0","0","0","0","0","0","0","0","0","0","0","0","0","0","0","0","0","0","0","0","0","0","0","0","0","0","0","0","0","0","0","0","0","0","0","0","0","0","0","0","0","0","0","0","0","0","0","0","0","0","0","0","0","0","0","0","0","0","0","0","0","0","0","0","0","0","0","0","0","0","0","0","0","0","0","0","0","0","0","0","0","0","0","0","0","0","0","0","0","0","0","0","0","0","0","0","0","0","0","0","0","0","0","0","0","0","0","0","0","0","0","0","0","0","0","0","0","0","0","0","0","0","0","0","0","0","0","0","0","0","0","0","0","0","0","0","0","0","0","0","0","0","0","0","0","0","0","0","0","0","0","0","0","0","0","0","0","0","0","0","0","0","0","0","0","0","0","0","0","0","0","0","0","0","0","0","0","0","0","0","0","0","0","0","0","0","0","0","0","0","0","0","0","0","0","0","0","0","0","0","0","0","0","0","0","0","0","0","0","0","0","0","0","0","0","0","0","0","0","0","0","0","0","0","0","0","0","0","0","0","0","0","0","0","0","0","0","0","0","0","0","0","0","0","0","0","0","0","0","0","0","0","0","0","0","0","0","0","0","0","0","0","0","0","0","0","0","0","0","0","0","0","0","0","0","0","0","0","0","0","0","0","0","0","0","0","0","0","0","0","0","0","0","0","0","0","0","0","0","0","0","0","0","0","0","0","0","0","0","0","0","0","0","0","0","0","0","0","0","0","0","0","0","0","0","0","0","0","0","0","0","0","0","0","0","0","0","0","0","0","0","0","0","0","0","0","0","0","0","0","0","0","0","0","0","0","0","0"
"                Black or African American; American Indian and Alaska Native; Asian; Native Hawaiian and Other Pacific Islander; Some Other Race","0","0","0","0","0","0","0","0","0","0","0","0","0","0","0","0","0","0","0","0","0","0","0","0","0","0","0","0","0","0","0","0","0","0","0","0","0","0","0","0","0","0","0","0","0","0","0","0","0","0","0","0","0","0","0","0","0","0","0","0","0","0","0","0","0","0","0","0","0","0","0","0","0","0","0","0","0","0","0","0","0","0","0","0","0","0","0","0","0","0","0","0","0","0","0","0","0","0","0","0","0","0","0","0","0","0","0","0","0","0","0","0","0","0","0","0","0","0","0","0","0","0","0","0","0","0","0","0","0","0","0","0","0","0","0","0","0","0","0","0","0","0","0","0","0","0","0","0","0","0","0","0","0","0","0","0","0","0","0","0","0","0","0","0","0","0","0","0","0","0","0","0","0","0","0","0","0","0","0","0","0","0","0","0","0","0","0","0","0","0","0","0","0","0","0","0","0","0","0","0","0","0","0","0","0","0","0","0","0","0","0","0","0","0","0","0","0","0","0","0","0","0","0","0","0","0","0","0","0","0","0","0","0","0","0","0","0","0","0","0","0","0","0","0","0","0","0","0","0","0","0","0","0","0","0","0","0","0","0","0","0","0","0","0","0","0","0","0","0","0","0","0","0","0","0","0","0","0","0","0","0","0","0","0","0","0","0","0","0","0","0","0","0","0","0","0","0","0","0","0","0","0","0","0","0","0","0","0","0","0","0","0","0","0","0","0","0","0","0","0","0","0","0","0","0","0","0","0","0","0","0","0","0","0","0","0","0","0","0","0","0","0","0","0","0","0","0","0","0","0","0","0","0","0","0","0","0","0","0","0","0","0","0","0","0","0","0","0","0","0","0","0","0","0","0","0","0","0","0","0","0","0","0","0","0","0","0","0","0","0","0","0","0","0","0","0","0","0","0","0","0","0","0","0","0","0","0","0","0","0","0","0"
"            Population of six races:","0","0","0","0","0","0","0","0","0","0","0","0","0","0","0","0","0","0","0","0","0","0","0","0","0","0","0","0","0","0","0","0","0","0","0","0","0","0","0","0","0","0","0","0","0","0","0","0","0","0","0","0","0","0","0","0","0","0","0","0","0","0","0","0","0","0","0","0","0","0","0","0","0","0","0","0","0","0","0","0","0","0","0","0","0","0","0","0","0","0","0","0","0","0","0","0","0","0","0","0","0","0","0","0","0","0","0","0","0","0","0","0","0","0","0","0","0","0","0","0","0","0","0","0","0","0","0","0","0","0","0","0","0","0","0","0","0","0","0","0","0","0","0","0","0","0","0","0","0","0","0","0","0","0","0","0","0","0","0","0","0","0","0","0","0","0","0","0","0","0","0","0","0","0","0","0","0","0","0","0","0","0","0","0","0","0","0","0","0","0","0","0","0","0","0","0","0","0","0","0","0","0","0","0","0","0","0","0","0","0","0","0","0","0","0","0","0","0","0","0","0","0","0","0","0","0","0","0","0","0","0","0","0","0","0","0","0","0","0","0","0","0","0","0","0","0","0","0","0","0","0","0","0","0","1","0","0","0","0","0","0","0","0","0","0","1","0","0","0","0","0","0","0","0","0","0","0","0","0","0","0","0","0","0","0","0","0","0","0","0","0","0","0","0","0","0","0","0","0","0","0","0","0","0","0","0","0","0","0","0","0","0","0","0","0","0","0","0","0","0","0","0","0","0","0","0","0","0","0","0","0","0","0","0","0","0","0","0","0","0","0","0","0","0","0","0","0","0","0","0","0","0","0","0","0","0","0","0","0","0","0","0","0","0","0","0","0","0","0","0","0","0","0","0","0","0","0","0","0","0","1","0","0","0","0","0","0","0","0","2","0","0","0","0","0","0","0","0","0","0","0","0","0","0","0","0","0","0","0","0","0","0"
"                White; Black or African American; American Indian and Alaska Native; Asian; Native Hawaiian and Other Pacific Islander; Some Other Race","0","0","0","0","0","0","0","0","0","0","0","0","0","0","0","0","0","0","0","0","0","0","0","0","0","0","0","0","0","0","0","0","0","0","0","0","0","0","0","0","0","0","0","0","0","0","0","0","0","0","0","0","0","0","0","0","0","0","0","0","0","0","0","0","0","0","0","0","0","0","0","0","0","0","0","0","0","0","0","0","0","0","0","0","0","0","0","0","0","0","0","0","0","0","0","0","0","0","0","0","0","0","0","0","0","0","0","0","0","0","0","0","0","0","0","0","0","0","0","0","0","0","0","0","0","0","0","0","0","0","0","0","0","0","0","0","0","0","0","0","0","0","0","0","0","0","0","0","0","0","0","0","0","0","0","0","0","0","0","0","0","0","0","0","0","0","0","0","0","0","0","0","0","0","0","0","0","0","0","0","0","0","0","0","0","0","0","0","0","0","0","0","0","0","0","0","0","0","0","0","0","0","0","0","0","0","0","0","0","0","0","0","0","0","0","0","0","0","0","0","0","0","0","0","0","0","0","0","0","0","0","0","0","0","0","0","0","0","0","0","0","0","0","0","0","0","0","0","0","0","0","0","0","0","1","0","0","0","0","0","0","0","0","0","0","1","0","0","0","0","0","0","0","0","0","0","0","0","0","0","0","0","0","0","0","0","0","0","0","0","0","0","0","0","0","0","0","0","0","0","0","0","0","0","0","0","0","0","0","0","0","0","0","0","0","0","0","0","0","0","0","0","0","0","0","0","0","0","0","0","0","0","0","0","0","0","0","0","0","0","0","0","0","0","0","0","0","0","0","0","0","0","0","0","0","0","0","0","0","0","0","0","0","0","0","0","0","0","0","0","0","0","0","0","0","0","0","0","0","0","1","0","0","0","0","0","0","0","0","2","0","0","0","0","0","0","0","0","0","0","0","0","0","0","0","0","0","0","0","0","0","0"