"Label (Grouping)","01-28, Kent County, Delaware","01-29, Kent County, Delaware","01-30, Kent County, Delaware","01-31, Kent County, Delaware","01-32, Kent County, Delaware","01-33, Kent County, Delaware","01-34, Kent County, Delaware","02-28, Kent County, Delaware","02-29, Kent County, Delaware","02-30, Kent County, Delaware","02-31, Kent County, Delaware","02-32, Kent County, Delaware","02-33, Kent County, Delaware","02-34, Kent County, Delaware","03-28, Kent County, Delaware","03-29, Kent County, Delaware","03-30, Kent County, Delaware","03-31, Kent County, Delaware","03-32, Kent County, Delaware","03-33, Kent County, Delaware","03-34, Kent County, Delaware","04-28, Kent County, Delaware","04-29, Kent County, Delaware","04-30, Kent County, Delaware","04-31, Kent County, Delaware","04-32, Kent County, Delaware","04-33, Kent County, Delaware","04-34, Kent County, Delaware","05-28, Kent County, Delaware","05-29, Kent County, Delaware","05-30, Kent County, Delaware","05-31, Kent County, Delaware","05-32, Kent County, Delaware","05-33, Kent County, Delaware","05-34, Kent County, Delaware","06-28, Kent County, Delaware","06-29, Kent County, Delaware","06-30, Kent County, Delaware","06-31, Kent County, Delaware","06-32, Kent County, Delaware","06-33, Kent County, Delaware","06-34, Kent County, Delaware","07-28, Kent County, Delaware","07-29, Kent County, Delaware","07-30, Kent County, Delaware","07-31, Kent County, Delaware","07-32, Kent County, Delaware","07-33, Kent County, Delaware","07-34, Kent County, Delaware","08-28, Kent County, Delaware","08-32, Kent County, Delaware","08-33, Kent County, Delaware","08-34, Kent County, Delaware","09-08, Kent County, Delaware","09-28, Kent County, Delaware","09-32, Kent County, Delaware","09-34, Kent County, Delaware","10-08, Kent County, Delaware","10-28, Kent County, Delaware","10-32, Kent County, Delaware","10-34, Kent County, Delaware","11-08, Kent County, Delaware","11-28, Kent County, Delaware","12-08, Kent County, Delaware","12-28, Kent County, Delaware","13-28, Kent County, Delaware","14-28, Kent County, Delaware","01-01, New Castle County, Delaware","01-02, New Castle County, Delaware","01-03, New Castle County, Delaware","01-04, New Castle County, Delaware","01-05, New Castle County, Delaware","01-06, New Castle County, Delaware","01-07, New Castle County, Delaware","01-08, New Castle County, Delaware","01-09, New Castle County, Delaware","01-10, New Castle County, Delaware","01-11, New Castle County, Delaware","01-12, New Castle County, Delaware","01-13, New Castle County, Delaware","01-15, New Castle County, Delaware","01-16, New Castle County, Delaware","01-17, New Castle County, Delaware","01-18, New Castle County, Delaware","01-19, New Castle County, Delaware","01-21, New Castle County, Delaware","01-22, New Castle County, Delaware","01-23, New Castle County, Delaware","01-24, New Castle County, Delaware","01-25, New Castle County, Delaware","01-26, New Castle County, Delaware","01-27, New Castle County, Delaware","02-01, New Castle County, Delaware","02-02, New Castle County, Delaware","02-03, New Castle County, Delaware","02-04, New Castle County, Delaware","02-05, New Castle County, Delaware","02-06, New Castle County, Delaware","02-07, New Castle County, Delaware","02-08, New Castle County, Delaware","02-09, New Castle County, Delaware","02-10, New Castle County, Delaware","02-11, New Castle County, Delaware","02-12, New Castle County, Delaware","02-13, New Castle County, Delaware","02-15, New Castle County, Delaware","02-16, New Castle County, Delaware","02-17, New Castle County, Delaware","02-18, New Castle County, Delaware","02-19, New Castle County, Delaware","02-21, New Castle County, Delaware","02-22, New Castle County, Delaware","02-23, New Castle County, Delaware","02-24, New Castle County, Delaware","02-25, New Castle County, Delaware","02-26, New Castle County, Delaware","02-27, New Castle County, Delaware","03-01, New Castle County, Delaware","03-02, New Castle County, Delaware","03-03, New Castle County, Delaware","03-04, New Castle County, Delaware","03-05, New Castle County, Delaware","03-06, New Castle County, Delaware","03-07, New Castle County, Delaware","03-08, New Castle County, Delaware","03-09, New Castle County, Delaware","03-10, New Castle County, Delaware","03-11, New Castle County, Delaware","03-12, New Castle County, Delaware","03-13, New Castle County, Delaware","03-15, New Castle County, Delaware","03-16, New Castle County, Delaware","03-17, New Castle County, Delaware","03-18, New Castle County, Delaware","03-19, New Castle County, Delaware","03-21, New Castle County, Delaware","03-22, New Castle County, Delaware","03-23, New Castle County, Delaware","03-24, New Castle County, Delaware","03-25, New Castle County, Delaware","03-26, New Castle County, Delaware","03-27, New Castle County, Delaware","04-01, New Castle County, Delaware","04-02, New Castle County, Delaware","04-03, New Castle County, Delaware","04-04, New Castle County, Delaware","04-05, New Castle County, Delaware","04-06, New Castle County, Delaware","04-07, New Castle County, Delaware","04-08, New Castle County, Delaware","04-09, New Castle County, Delaware","04-10, New Castle County, Delaware","04-11, New Castle County, Delaware","04-12, New Castle County, Delaware","04-13, New Castle County, Delaware","04-15, New Castle County, Delaware","04-16, New Castle County, Delaware","04-17, New Castle County, Delaware","04-18, New Castle County, Delaware","04-19, New Castle County, Delaware","04-21, New Castle County, Delaware","04-22, New Castle County, Delaware","04-23, New Castle County, Delaware","04-24, New Castle County, Delaware","04-25, New Castle County, Delaware","04-26, New Castle County, Delaware","04-27, New Castle County, Delaware","05-01, New Castle County, Delaware","05-02, New Castle County, Delaware","05-03, New Castle County, Delaware","05-04, New Castle County, Delaware","05-05, New Castle County, Delaware","05-06, New Castle County, Delaware","05-07, New Castle County, Delaware","05-08, New Castle County, Delaware","05-09, New Castle County, Delaware","05-10, New Castle County, Delaware","05-12, New Castle County, Delaware","05-13, New Castle County, Delaware","05-15, New Castle County, Delaware","05-16, New Castle County, Delaware","05-17, New Castle County, Delaware","05-18, New Castle County, Delaware","05-19, New Castle County, Delaware","05-21, New Castle County, Delaware","05-22, New Castle County, Delaware","05-23, New Castle County, Delaware","05-24, New Castle County, Delaware","05-25, New Castle County, Delaware","05-26, New Castle County, Delaware","05-27, New Castle County, Delaware","06-01, New Castle County, Delaware","06-02, New Castle County, Delaware","06-03, New Castle County, Delaware","06-04, New Castle County, Delaware","06-05, New Castle County, Delaware","06-06, New Castle County, Delaware","06-07, New Castle County, Delaware","06-08, New Castle County, Delaware","06-09, New Castle County, Delaware","06-10, New Castle County, Delaware","06-12, New Castle County, Delaware","06-13, New Castle County, Delaware","06-15, New Castle County, Delaware","06-16, New Castle County, Delaware","06-17, New Castle County, Delaware","06-18, New Castle County, Delaware","06-19, New Castle County, Delaware","06-21, New Castle County, Delaware","06-22, New Castle County, Delaware","06-23, New Castle County, Delaware","06-24, New Castle County, Delaware","06-25, New Castle County, Delaware","06-26, New Castle County, Delaware","06-27, New Castle County, Delaware","07-01, New Castle County, Delaware","07-02, New Castle County, Delaware","07-03, New Castle County, Delaware","07-04, New Castle County, Delaware","07-05, New Castle County, Delaware","07-06, New Castle County, Delaware","07-07, New Castle County, Delaware","07-08, New Castle County, Delaware","07-09, New Castle County, Delaware","07-10, New Castle County, Delaware","07-12, New Castle County, Delaware","07-13, New Castle County, Delaware","07-15, New Castle County, Delaware","07-16, New Castle County, Delaware","07-17, New Castle County, Delaware","07-18, New Castle County, Delaware","07-19, New Castle County, Delaware","07-21, New Castle County, Delaware","07-22, New Castle County, Delaware","07-23, New Castle County, Delaware","07-24, New Castle County, Delaware","07-25, New Castle County, Delaware","07-26, New Castle County, Delaware","07-27, New Castle County, Delaware","08-01, New Castle County, Delaware","08-02, New Castle County, Delaware","08-03, New Castle County, Delaware","08-04, New Castle County, Delaware","08-05, New Castle County, Delaware","08-06, New Castle County, Delaware","08-07, New Castle County, Delaware","08-08, New Castle County, Delaware","08-09, New Castle County, Delaware","08-10, New Castle County, Delaware","08-12, New Castle County, Delaware","08-13, New Castle County, Delaware","08-15, New Castle County, Delaware","08-16, New Castle County, Delaware","08-17, New Castle County, Delaware","08-18, New Castle County, Delaware","08-19, New Castle County, Delaware","08-21, New Castle County, Delaware","08-22, New Castle County, Delaware","08-23, New Castle County, Delaware","08-24, New Castle County, Delaware","08-25, New Castle County, Delaware","08-26, New Castle County, Delaware","08-27, New Castle County, Delaware","09-01, New Castle County, Delaware","09-02, New Castle County, Delaware","09-03, New Castle County, Delaware","09-04, New Castle County, Delaware","09-05, New Castle County, Delaware","09-06, New Castle County, Delaware","09-07, New Castle County, Delaware","09-08, New Castle County, Delaware","09-09, New Castle County, Delaware","09-10, New Castle County, Delaware","09-12, New Castle County, Delaware","09-13, New Castle County, Delaware","09-15, New Castle County, Delaware","09-16, New Castle County, Delaware","09-17, New Castle County, Delaware","09-18, New Castle County, Delaware","09-19, New Castle County, Delaware","09-21, New Castle County, Delaware","09-22, New Castle County, Delaware","09-23, New Castle County, Delaware","09-24, New Castle County, Delaware","09-26, New Castle County, Delaware","09-27, New Castle County, Delaware","10-01, New Castle County, Delaware","10-02, New Castle County, Delaware","10-03, New Castle County, Delaware","10-04, New Castle County, Delaware","10-05, New Castle County, Delaware","10-06, New Castle County, Delaware","10-07, New Castle County, Delaware","10-08, New Castle County, Delaware","10-09, New Castle County, Delaware","10-10, New Castle County, Delaware","10-12, New Castle County, Delaware","10-13, New Castle County, Delaware","10-15, New Castle County, Delaware","10-16, New Castle County, Delaware","10-17, New Castle County, Delaware","10-18, New Castle County, Delaware","10-19, New Castle County, Delaware","10-21, New Castle County, Delaware","10-22, New Castle County, Delaware","10-24, New Castle County, Delaware","10-27, New Castle County, Delaware","11-01, New Castle County, Delaware","11-02, New Castle County, Delaware","11-04, New Castle County, Delaware","11-06, New Castle County, Delaware","11-09, New Castle County, Delaware","11-12, New Castle County, Delaware","11-13, New Castle County, Delaware","11-17, New Castle County, Delaware","11-19, New Castle County, Delaware","11-21, New Castle County, Delaware","11-22, New Castle County, Delaware","12-01, New Castle County, Delaware","12-02, New Castle County, Delaware","12-04, New Castle County, Delaware","12-06, New Castle County, Delaware","12-09, New Castle County, Delaware","12-12, New Castle County, Delaware","12-13, New Castle County, Delaware","12-19, New Castle County, Delaware","12-22, New Castle County, Delaware","13-01, New Castle County, Delaware","13-02, New Castle County, Delaware","13-04, New Castle County, Delaware","13-09, New Castle County, Delaware","13-12, New Castle County, Delaware","13-13, New Castle County, Delaware","14-01, New Castle County, Delaware","14-04, New Castle County, Delaware","14-12, New Castle County, Delaware","14-13, New Castle County, Delaware","15-04, New Castle County, Delaware","16-04, New Castle County, Delaware","01-14, Sussex County, Delaware","01-20, Sussex County, Delaware","01-35, Sussex County, Delaware","01-36, Sussex County, Delaware","01-37, Sussex County, Delaware","01-38, Sussex County, Delaware","01-39, Sussex County, Delaware","01-40, Sussex County, Delaware","01-41, Sussex County, Delaware","02-14, Sussex County, Delaware","02-20, Sussex County, Delaware","02-35, Sussex County, Delaware","02-36, Sussex County, Delaware","02-37, Sussex County, Delaware","02-38, Sussex County, Delaware","02-39, Sussex County, Delaware","02-40, Sussex County, Delaware","02-41, Sussex County, Delaware","03-14, Sussex County, Delaware","03-20, Sussex County, Delaware","03-35, Sussex County, Delaware","03-36, Sussex County, Delaware","03-37, Sussex County, Delaware","03-38, Sussex County, Delaware","03-39, Sussex County, Delaware","03-40, Sussex County, Delaware","03-41, Sussex County, Delaware","04-14, Sussex County, Delaware","04-20, Sussex County, Delaware","04-35, Sussex County, Delaware","04-36, Sussex County, Delaware","04-37, Sussex County, Delaware","04-38, Sussex County, Delaware","04-39, Sussex County, Delaware","04-40, Sussex County, Delaware","04-41, Sussex County, Delaware","05-14, Sussex County, Delaware","05-20, Sussex County, Delaware","05-35, Sussex County, Delaware","05-36, Sussex County, Delaware","05-37, Sussex County, Delaware","05-38, Sussex County, Delaware","05-39, Sussex County, Delaware","05-40, Sussex County, Delaware","05-41, Sussex County, Delaware","06-14, Sussex County, Delaware","06-20, Sussex County, Delaware","06-35, Sussex County, Delaware","06-36, Sussex County, Delaware","06-37, Sussex County, Delaware","06-38, Sussex County, Delaware","06-39, Sussex County, Delaware","06-40, Sussex County, Delaware","06-41, Sussex County, Delaware","07-14, Sussex County, Delaware","07-20, Sussex County, Delaware","07-35, Sussex County, Delaware","07-36, Sussex County, Delaware","07-37, Sussex County, Delaware","07-38, Sussex County, Delaware","07-39, Sussex County, Delaware","07-40, Sussex County, Delaware","07-41, Sussex County, Delaware","08-20, Sussex County, Delaware","08-36, Sussex County, Delaware","08-38, Sussex County, Delaware","08-40, Sussex County, Delaware","08-41, Sussex County, Delaware","09-20, Sussex County, Delaware","09-36, Sussex County, Delaware","10-20, Sussex County, Delaware","10-36, Sussex County, Delaware","11-36, Sussex County, Delaware"
"Total:","2,203","11,966","5,543","537","6,420","866","464","4,366","8,882","604","3,690","3,102","6,839","472","833","3,350","3,692","4,580","3,294","2,870","5,193","209","750","1,667","4,005","1,094","5,460","6,645","8,622","2,485","4,644","3,292","1,520","2,517","1,483","417","3,341","3,098","4,397","653","3,997","4,706","289","2,512","3,095","2,050","412","2,354","4,141","1,388","54","1,488","986","1,306","251","4,621","400","1,728","1,639","195","1,675","42","1,583","289","948","755","2,882","1,395","3,489","1,846","2,207","2,968","1,748","2,425","1,596","2,057","2,311","2,652","2,255","2,763","3,344","2,546","2,251","3,791","2,177","1,318","2,128","1,829","2,787","8,581","2,286","3,395","2,189","972","2,266","1,909","1,753","2,288","2,244","3,210","2,454","2,421","3,817","1,610","1,857","2,681","2,732","3,436","3,273","1,961","1,963","1,738","2,360","3,104","1,733","2,383","1,867","1,874","311","1,154","1,949","1,970","512","1,677","2,089","3,113","1,692","2,317","1,628","834","3,313","1,953","2,545","1,630","1,687","2,358","1,948","1,456","1,772","2,703","1,752","1,744","2,480","143","2,553","975","2,802","1,544","4,106","2,648","1,902","2,993","1,635","1,358","2,557","1,483","2,076","1,936","2,859","2,662","2,457","1,660","2,433","1,720","1,886","2,554","2,841","2,063","2,150","305","922","2,030","2,800","975","3,850","2,521","1,889","2,083","3,045","4,916","2,384","1,870","1,829","3,488","2,323","2,544","2,707","3,430","1,994","3,832","2,338","894","1,482","2,596","1,817","1,987","1,424","1,325","2,660","2,356","1,968","948","2,715","2,279","2,113","374","2,820","836","3,067","878","2,168","1,679","2,923","2,180","2,077","1,166","2,115","3,730","1,972","2,135","1,438","2,034","2,409","860","2,430","1,709","991","2,237","1,523","2,220","2,017","1,499","261","3,188","2,263","3,107","2,510","2,640","808","340","1,678","2,135","3,141","2,723","2,759","1,990","3,717","2,104","2,701","1,894","3,481","1,872","2,999","1,555","1,938","2,394","2,890","1,645","3,836","2,451","966","679","2,815","1,430","1,421","3,079","1,223","2,425","2,485","2,166","468","3,499","1,812","1,741","2,748","915","448","1,559","1,751","2,250","1,142","1,470","651","1,466","5,046","2,518","2,748","2,849","571","389","2,463","2,113","3,428","2,653","2,278","2,167","2,163","1,147","3,727","2,400","2,379","1,533","1,373","2,617","1,636","2,647","3,282","1,138","2,412","2,607","1,533","2,853","1,641","1,087","3,360","498","2,921","2,765","875","3,070","1,869","2,106","2,593","1,813","39","1,875","1,419","1,632","0","360","4,364","1,448","266","1,093","394","1,158","7","626","192","5,491","2,239","5,197","4,464","6,800","3,614","3,066","2,683","3,633","4,343","4,511","4,616","3,274","3,628","4,675","4,635","4,459","4,904","3,761","4,677","3,318","3,598","4,831","4,034","2,264","2,971","2,674","4,600","4,934","3,800","2,561","4,718","3,153","3,954","3,140","2,140","4,198","5,959","1,089","2,797","4,605","2,156","2,317","2,147","5,835","2,817","2,757","1,707","3,529","3,065","4,351","4,773","3,414","2,032","1,981","2,945","2,428","1,407","2,452","5,145","3,147","3,912","2,752","878","932","2,875","1,771","1,644","593","365","383","289","571"
"    Population of one race:","2,051","11,116","5,096","522","5,731","770","420","3,981","8,207","556","3,334","2,781","6,199","429","759","3,105","3,427","4,162","2,957","2,638","4,652","185","689","1,593","3,731","976","4,953","6,004","7,920","2,307","4,227","2,973","1,366","2,308","1,361","366","3,065","2,876","3,979","558","3,682","4,296","264","2,368","2,872","1,829","380","2,118","3,688","1,232","54","1,353","881","1,218","225","4,077","374","1,552","1,554","167","1,535","36","1,451","278","879","696","2,655","1,321","3,325","1,671","2,104","2,731","1,602","2,267","1,521","1,881","2,211","2,429","2,128","2,422","3,063","2,268","1,963","3,418","2,014","1,242","2,035","1,713","2,438","8,079","2,100","3,151","2,069","921","2,104","1,784","1,593","2,179","2,127","3,003","2,205","2,322","3,508","1,468","1,675","2,498","2,495","3,252","3,124","1,760","1,796","1,617","2,211","2,786","1,571","2,192","1,721","1,803","277","1,054","1,845","1,825","477","1,599","1,965","2,888","1,583","2,151","1,513","702","3,089","1,847","2,338","1,465","1,551","2,200","1,852","1,358","1,568","2,546","1,610","1,624","2,352","138","2,356","916","2,641","1,421","3,796","2,441","1,727","2,873","1,526","1,298","2,216","1,432","1,850","1,807","2,651","2,255","2,272","1,599","2,212","1,479","1,716","2,433","2,644","1,902","1,908","283","834","1,916","2,655","914","3,572","2,371","1,791","1,969","2,619","4,479","2,097","1,709","1,703","2,895","2,173","2,418","2,476","3,040","1,841","3,561","2,146","840","1,388","2,285","1,712","1,823","1,288","1,243","2,496","2,266","1,871","890","2,479","2,097","1,996","331","2,588","737","2,858","832","2,077","1,556","2,727","2,013","1,894","1,109","1,706","3,346","1,845","2,001","1,360","1,907","2,258","812","2,324","1,594","886","2,081","1,422","1,944","1,835","1,336","248","2,977","2,093","2,773","2,343","2,449","734","325","1,576","1,955","2,907","2,530","2,545","1,910","3,403","1,923","2,530","1,747","3,051","1,586","2,742","1,468","1,771","2,062","2,618","1,511","3,585","2,149","904","598","2,632","1,340","1,226","2,674","1,105","2,224","2,337","2,064","430","3,346","1,697","1,652","2,502","834","422","1,428","1,603","2,072","1,086","1,356","606","1,293","4,575","2,381","2,623","2,609","534","362","2,230","2,012","3,139","2,442","2,167","2,043","2,044","1,023","3,418","2,251","2,123","1,460","1,249","2,401","1,517","2,403","3,111","1,069","2,309","2,476","1,459","2,665","1,572","967","3,095","423","2,706","2,588","791","2,946","1,794","1,980","2,420","1,684","28","1,628","1,324","1,578","0","335","4,040","1,389","243","1,024","358","1,097","6","601","182","5,179","2,091","4,871","4,035","5,916","3,448","2,888","2,460","3,292","4,069","4,215","4,276","3,059","3,402","4,445","4,314","4,139","4,526","3,522","4,376","2,999","3,378","4,598","3,873","2,093","2,673","2,290","4,280","4,662","3,487","2,236","4,424","2,999","3,629","2,944","1,961","3,997","5,630","995","2,602","4,096","2,108","2,182","2,020","5,350","2,723","2,598","1,519","3,194","2,772","4,230","4,270","3,195","1,898","1,916","2,812","2,220","1,345","2,319","4,839","2,829","3,663","2,481","813","826","2,711","1,631","1,510","544","310","374","256","539"
"        White alone","782","7,592","3,948","423","2,328","531","210","2,773","4,922","455","1,581","1,454","4,118","364","434","2,729","3,075","2,190","1,526","1,957","3,211","115","430","1,208","1,632","375","3,671","4,007","4,707","2,117","3,266","1,643","762","2,035","1,107","334","2,831","2,417","1,477","149","2,792","2,702","225","1,923","2,523","520","267","909","2,296","820","47","753","680","1,148","140","2,559","313","1,181","677","152","1,354","31","466","208","344","457","1,312","338","225","260","1,973","928","1,132","1,833","1,379","1,593","1,729","1,680","1,897","1,725","2,413","1,364","1,022","1,791","1,505","920","1,651","1,352","1,738","5,376","1,394","1,762","206","16","1,180","1,618","725","1,787","1,789","1,601","1,356","1,561","2,245","1,339","1,231","1,696","678","729","1,207","1,334","1,522","1,113","1,875","1,629","1,210","767","1,059","94","203","202","1,760","473","442","1,424","1,130","2,243","1,353","2,061","1,267","206","1,423","136","855","760","1,457","1,819","1,383","1,152","1,132","1,585","780","870","286","117","277","561","779","1,196","1,968","847","1,352","1,562","1,339","1,149","1,734","884","898","1,436","1,052","1,597","1,545","1,404","1,923","746","1,236","944","1,495","1,069","385","48","293","390","1,388","859","1,839","1,289","1,629","1,864","1,613","1,633","287","1,156","1,206","1,860","1,957","2,109","1,544","1,620","1,182","1,358","1,406","122","504","246","1,388","435","488","888","1,942","1,879","1,580","837","1,931","888","394","273","1,121","453","1,898","701","1,715","1,309","1,551","1,118","798","141","369","646","1,549","818","1,229","1,299","1,919","671","2,002","1,342","637","1,093","488","1,084","1,097","1,047","216","2,313","1,570","1,382","1,811","1,325","597","169","109","1,022","2,286","1,244","2,245","1,599","1,965","1,238","1,017","1,580","1,792","1,219","859","642","793","1,722","1,973","1,314","2,610","1,595","591","269","1,680","290","930","606","643","495","1,959","1,409","390","2,109","1,222","972","1,446","620","311","928","824","1,689","819","1,146","520","912","1,128","1,821","165","934","306","264","444","1,810","1,458","1,348","1,353","733","1,819","770","1,343","1,436","976","545","1,062","2,083","1,321","1,308","1,951","320","70","1,960","1,335","2,195","1,411","600","1,316","270","2,152","1,913","378","511","1,681","1,790","1,745","1,365","16","800","1,234","539","0","263","2,209","1,247","116","779","248","1,009","0","475","55","4,813","1,614","4,006","2,631","2,056","3,318","2,342","1,672","2,871","3,711","3,721","3,249","2,572","2,338","4,231","2,418","3,686","3,726","3,154","3,916","1,557","2,749","3,954","3,753","1,488","1,197","1,292","3,955","4,151","1,823","1,321","4,031","2,894","1,767","2,582","1,591","3,814","4,974","786","1,846","3,309","2,057","1,851","1,649","3,572","2,510","2,441","1,216","2,041","2,353","4,121","2,756","2,671","1,565","1,859","2,582","1,676","1,222","2,189","4,586","2,011","2,922","1,615","683","426","2,494","1,229","948","476","195","356","226","470"
"        Black or African American alone","1,131","3,018","932","76","2,641","209","144","1,034","2,624","86","1,460","1,133","1,608","40","288","227","265","1,614","1,274","501","1,177","55","215","347","1,820","487","982","1,543","2,715","98","768","1,149","435","181","175","14","122","359","2,145","339","655","1,290","19","289","256","1,195","71","868","999","363","7","457","133","45","56","1,001","44","310","772","2","137","4","849","66","444","179","1,056","929","3,000","1,114","78","1,454","332","252","99","212","165","523","93","222","547","589","427","1,103","288","147","45","124","370","1,899","335","681","1,797","846","750","71","630","150","176","1,110","720","156","1,098","41","183","621","1,546","2,084","576","211","93","64","153","699","126","1,104","485","1,642","61","737","50","1,169","22","96","708","545","122","43","110","238","1,124","1,512","1,292","462","31","189","68","94","290","243","461","616","1,996","8","1,891","306","1,610","158","1,048","1,257","217","871","134","31","231","425","633","296","1,302","271","540","64","139","502","328","634","569","755","1,178","216","321","1,134","1,046","27","1,369","857","64","20","505","2,155","1,512","324","315","246","115","73","501","837","246","1,054","600","697","809","1,332","232","1,206","736","269","396","221","122","15","277","921","1,426","27","1,141","124","253","17","215","142","739","601","914","919","815","1,932","216","661","63","473","250","112","128","97","107","666","818","353","385","85","8","218","131","1,015","324","865","80","124","1,370","757","152","1,036","193","139","1,072","564","1,131","46","611","161","1,546","706","772","122","358","112","791","307","208","243","511","1,004","148","1,578","408","1,500","226","286","29","1,163","150","72","574","177","96","342","616","182","102","60","32","159","1,868","322","2,361","1,348","201","61","1,458","93","1,288","741","712","756","47","69","1,679","627","752","441","61","158","32","470","341","716","2,166","115","48","312","24","224","1,253","77","282","132","351","2,394","35","96","450","38","8","421","18","939","0","58","1,091","48","97","191","82","21","1","17","90","148","357","606","765","983","47","376","627","121","131","203","695","213","696","87","1,504","229","503","188","208","602","390","362","34","381","1,233","475","105","343","1,261","469","233","23","1,370","198","245","73","285","148","611","379","16","229","267","1,227","111","53","142","864","224","30","787","365","184","8","144","356","63","38","125","498","590","373","53","60","113","97","305","38","20","9","15","46"
"        American Indian and Alaska Native alone","17","55","18","3","59","7","1","13","128","7","11","23","34","8","8","46","16","36","10","36","47","1","8","6","19","7","31","40","28","22","27","25","6","16","5","5","25","8","17","6","14","20","5","12","13","10","2","13","32","5","0","16","14","2","7","26","0","3","0","3","15","0","9","0","5","2","36","5","11","14","0","15","5","19","1","3","4","6","2","18","14","13","60","12","12","5","0","2","16","3","11","7","13","3","6","6","14","3","1","2","10","7","7","4","3","7","21","8","12","19","6","2","0","14","1","5","5","13","0","9","1","6","4","1","0","5","0","14","19","15","15","27","12","1","6","6","1","0","5","4","7","8","6","3","8","1","8","1","18","10","2","4","6","0","12","4","16","5","14","22","16","0","7","8","0","6","14","6","16","3","2","10","3","1","8","3","1","1","28","15","14","6","13","66","9","2","15","17","2","18","6","3","1","22","1","3","2","3","4","3","8","1","19","6","12","2","15","8","8","0","0","0","1","11","6","7","14","25","0","10","3","5","0","0","1","5","6","7","4","14","13","5","0","2","1","19","7","2","9","0","0","19","10","3","3","10","15","0","16","1","36","15","28","9","6","19","5","1","4","27","3","2","2","1","7","23","8","8","7","1","1","10","4","1","30","0","2","14","8","12","1","2","1","29","63","9","6","12","0","4","18","6","19","11","5","0","0","17","16","4","26","10","7","6","4","19","5","1","4","4","5","9","4","7","11","3","6","0","2","1","0","3","4","3","0","17","1","4","0","3","13","0","1","0","0","6","0","2","1","16","19","14","49","225","6","19","22","19","19","40","27","19","29","19","32","31","22","15","20","52","7","53","4","54","14","29","19","39","58","35","58","2","23","12","14","9","31","7","14","90","2","13","15","72","20","6","19","25","33","3","47","14","63","0","9","19","5","16","9","19","10","41","11","18","9","12","24","10","10","0","0","3"
"        Asian alone","16","189","71","8","220","10","52","50","215","3","132","42","240","9","15","33","22","226","64","39","85","6","19","3","118","57","79","250","230","14","37","54","101","13","41","1","24","31","210","22","67","195","9","119","32","39","8","32","243","14","0","27","25","8","9","262","5","19","39","0","5","1","62","3","42","16","97","17","7","16","35","194","60","109","17","35","291","172","104","58","38","25","19","190","11","136","327","198","80","612","156","667","13","15","25","72","42","219","143","152","80","560","54","67","40","131","13","291","1,273","37","63","412","146","331","216","192","83","7","10","9","24","46","8","58","79","55","94","6","95","3","388","18","70","64","42","102","362","93","58","662","311","86","8","7","37","27","81","31","536","68","136","334","15","103","48","86","21","44","74","53","126","119","93","88","83","802","456","17","16","3","1","245","151","13","253","173","87","69","28","540","7","30","47","44","69","218","312","201","366","1,007","53","7","23","8","64","53","28","67","108","151","146","25","26","203","97","12","88","20","641","104","127","69","312","191","79","9","9","11","49","393","37","80","60","21","166","112","16","249","20","58","248","43","18","389","358","74","161","185","23","18","7","18","393","163","54","134","207","64","200","107","24","32","18","14","67","47","145","65","112","62","48","54","384","22","3","27","19","57","96","330","5","20","295","591","89","20","1","14","91","34","151","131","47","42","173","186","4","214","5","8","38","91","127","183","59","441","146","23","189","31","22","421","40","95","146","338","768","11","4","277","69","111","118","2","84","8","117","507","20","3","68","82","195","261","0","75","59","71","0","8","622","88","6","37","12","53","1","103","0","100","26","44","48","27","19","49","50","40","112","54","68","32","29","47","143","40","150","48","95","31","92","60","47","56","12","56","83","48","27","6","51","40","48","74","31","72","121","10","28","82","26","32","18","81","52","39","6","26","14","50","34","39","5","17","35","19","11","18","43","18","67","40","3","0","36","19","11","4","6","5","0","0"
"        Native Hawaiian and Other Pacific Islander alone","1","8","3","0","7","0","0","2","2","0","2","2","7","0","0","6","1","0","0","2","0","0","0","0","5","0","1","7","1","2","0","6","0","4","0","0","1","0","3","0","3","1","0","1","0","1","0","0","6","0","0","1","2","0","0","21","0","2","5","0","0","0","1","0","0","5","3","2","1","3","0","0","1","0","0","0","0","0","1","0","1","4","0","0","0","0","0","3","0","0","0","0","0","0","0","0","0","0","3","2","2","0","5","0","0","1","1","0","0","0","1","1","0","1","3","0","0","0","0","0","0","2","0","0","0","1","0","0","0","5","3","1","0","0","0","0","0","1","0","2","0","0","0","0","0","0","1","1","3","2","0","0","0","0","0","0","3","0","1","0","0","1","0","1","0","0","0","2","0","0","0","3","0","0","0","0","0","0","0","3","0","1","2","0","0","0","0","3","1","0","1","0","0","0","0","0","0","0","0","0","0","0","2","0","3","0","0","1","1","0","0","2","0","0","0","1","4","0","0","0","0","0","0","0","0","0","1","0","1","2","3","1","0","1","1","0","1","0","1","0","0","2","1","0","0","3","0","1","1","0","2","0","0","2","1","0","1","0","1","0","0","0","0","2","0","6","0","0","3","0","0","2","1","0","0","0","0","2","0","1","0","0","0","1","1","2","0","0","0","1","6","2","0","0","0","1","0","6","0","1","0","1","0","0","0","1","0","0","0","0","0","0","0","0","2","1","3","1","0","0","0","0","1","4","0","0","0","0","0","0","1","0","0","0","0","1","0","0","0","1","1","4","1","23","2","1","2","0","2","1","0","2","0","2","0","3","1","1","2","7","0","1","5","0","1","1","0","2","2","2","0","2","0","1","0","2","0","1","1","0","0","2","0","1","0","3","3","1","0","0","1","1","7","6","0","4","0","3","0","0","2","0","0","0","0","0","0","0","0","1","0","0"
"        Some Other Race alone","104","254","124","12","476","13","13","109","316","5","148","127","192","8","14","64","48","96","83","103","132","8","17","29","137","50","189","157","239","54","129","96","62","59","33","12","62","61","127","42","151","88","6","24","48","64","32","296","112","30","0","99","27","15","13","208","12","37","61","10","24","0","64","1","44","37","151","30","81","264","18","140","72","54","25","38","22","48","31","399","50","273","435","322","198","34","12","34","234","189","204","34","40","41","143","17","182","20","15","136","37","38","99","17","218","42","236","140","56","159","111","25","37","112","15","124","89","47","3","97","10","129","1","20","48","39","14","27","22","235","136","153","109","178","15","84","38","18","83","50","51","44","56","3","143","21","162","34","223","257","20","102","32","15","191","33","279","26","208","312","45","11","50","134","69","47","110","53","313","13","217","134","67","14","103","49","10","15","445","133","277","192","120","679","23","16","104","362","44","124","80","11","51","677","27","126","34","16","46","12","15","12","224","79","64","17","223","131","57","10","20","34","124","92","97","32","495","732","31","119","28","50","29","8","27","38","119","66","91","433","89","155","6","54","32","283","39","72","24","14","90","137","65","84","50","25","144","56","165","13","586","159","291","95","132","152","136","19","67","158","54","30","55","21","138","434","27","164","46","38","5","42","25","16","363","17","12","128","64","154","13","17","6","150","1,342","41","87","101","22","24","266","10","247","159","38","112","32","138","191","152","347","42","79","59","14","267","46","21","65","120","2","38","15","134","429","64","146","35","40","37","10","9","25","13","4","315","12","25","0","3","104","6","23","17","16","7","4","4","36","101","74","197","541","2,602","56","101","87","241","94","196","237","221","310","59","217","150","124","116","135","750","140","168","30","114","216","437","118","79","316","403","51","38","421","77","80","27","219","43","102","236","7","55","71","397","30","56","133","237","148","26","645","105","74","26","42","146","44","55","76","283","72","412","63","322","59","274","222","16","79","3","15","20"
"    Population of two or more races:","152","850","447","15","689","96","44","385","675","48","356","321","640","43","74","245","265","418","337","232","541","24","61","74","274","118","507","641","702","178","417","319","154","209","122","51","276","222","418","95","315","410","25","144","223","221","32","236","453","156","0","135","105","88","26","544","26","176","85","28","140","6","132","11","69","59","227","74","164","175","103","237","146","158","75","176","100","223","127","341","281","278","288","373","163","76","93","116","349","502","186","244","120","51","162","125","160","109","117","207","249","99","309","142","182","183","237","184","149","201","167","121","149","318","162","191","146","71","34","100","104","145","35","78","124","225","109","166","115","132","224","106","207","165","136","158","96","98","204","157","142","120","128","5","197","59","161","123","310","207","175","120","109","60","341","51","226","129","208","407","185","61","221","241","170","121","197","161","242","22","88","114","145","61","278","150","98","114","426","437","287","161","126","593","150","126","231","390","153","271","192","54","94","311","105","164","136","82","164","90","97","58","236","182","117","43","232","99","209","46","91","123","196","167","183","57","409","384","127","134","78","127","151","48","106","115","105","156","101","276","182","163","13","211","170","334","167","191","74","15","102","180","234","193","214","80","314","181","171","147","430","286","257","87","167","332","272","134","251","302","62","81","183","90","195","405","118","201","148","102","38","153","115","89","246","81","26","131","148","178","56","114","45","173","471","137","125","240","37","27","233","101","289","211","111","124","119","124","309","149","256","73","124","216","119","244","171","69","103","131","74","188","69","120","265","75","215","177","84","124","75","126","173","129","11","247","95","54","0","25","324","59","23","69","36","61","1","25","10","312","148","326","429","884","166","178","223","341","274","296","340","215","226","230","321","320","378","239","301","319","220","233","161","171","298","384","320","272","313","325","294","154","325","196","179","201","329","94","195","509","48","135","127","485","94","159","188","335","293","121","503","219","134","65","133","208","62","133","306","318","249","271","65","106","164","140","134","49","55","9","33","32"
"        Population of two races:","139","789","407","13","614","93","40","355","614","47","331","289","582","42","63","228","244","367","307","212","498","23","57","69","261","102","472","572","631","175","387","286","147","200","99","46","269","212","376","80","289","381","19","136","206","191","28","222","410","145","0","125","101","83","25","512","23","157","83","24","129","5","111","11","66","55","213","68","151","165","98","206","134","150","70","169","96","203","121","322","266","256","270","348","156","68","88","98","337","484","181","225","97","47","150","118","151","104","110","198","241","88","274","137","176","163","205","176","140","199","160","117","139","299","155","178","136","69","29","84","101","125","32","76","111","204","99","161","106","130","211","106","198","163","130","143","85","88","192","142","131","109","110","5","170","58","146","114","278","194","163","118","97","56","330","45","209","117","198","384","181","60","208","234","166","114","191","134","231","18","86","110","133","59","250","134","90","109","404","401","272","152","116","574","134","121","225","374","139","249","179","54","87","294","101","153","127","64","157","86","89","57","212","174","105","40","224","95","177","45","89","119","192","155","176","51","401","336","113","126","68","104","148","47","97","107","101","152","88","259","174","155","13","197","164","309","161","174","66","15","91","162","221","177","188","77","288","176","159","147","402","269","231","82","142","320","256","118","243","275","55","78","175","79","183","381","107","182","130","99","38","127","113","82","230","74","22","121","140","172","51","111","43","161","447","130","112","219","30","23","221","98","273","190","93","107","113","117","288","141","242","68","123","199","114","231","159","63","83","122","73","178","67","115","242","73","190","170","73","109","73","118","170","126","10","234","90","51","0","22","304","55","20","66","28","56","1","23","10","293","139","299","402","863","151","174","200","337","265","287","317","205","221","219","299","311","367","220","292","313","205","209","155","164","290","373","311","250","294","303","273","146","297","185","177","193","311","85","187","499","43","128","123","467","88","151","186","312","280","112","482","210","125","59","123","205","58","121","286","301","233","269","57","101","156","138","124","48","53","9","31","31"
"            White; Black or African American","35","192","94","1","181","23","10","97","148","13","89","78","146","11","17","76","34","93","96","63","125","8","11","18","112","20","139","166","171","24","128","95","44","43","24","7","21","63","132","23","66","108","0","19","57","51","16","45","113","39","0","31","20","7","8","122","5","36","65","6","38","2","41","5","23","13","60","28","45","23","15","52","37","28","3","34","15","48","19","44","82","64","42","77","14","19","15","21","56","242","42","41","23","27","41","3","23","14","20","51","51","15","80","22","15","26","51","54","30","37","16","10","17","57","41","55","39","19","5","17","13","47","2","4","41","46","18","18","15","13","47","24","58","27","13","23","6","20","40","35","31","36","38","0","58","14","46","32","69","44","38","29","16","8","31","4","29","25","47","32","29","4","36","31","35","38","30","43","40","2","16","24","37","8","67","32","10","3","64","103","43","27","14","42","18","8","40","74","19","59","38","13","18","51","10","34","38","12","25","16","2","2","49","60","25","6","39","11","49","1","11","28","47","25","49","26","37","56","18","28","11","37","9","11","9","13","18","38","19","27","33","17","1","18","12","55","21","53","14","7","36","31","18","36","38","6","80","39","65","6","84","33","53","27","55","44","45","25","101","58","6","11","32","30","18","87","20","47","9","21","5","19","11","5","35","10","8","19","31","18","14","23","8","26","64","23","43","60","10","5","64","9","56","46","23","26","7","15","103","31","32","15","14","23","11","39","16","27","31","9","6","19","10","19","27","0","35","23","26","34","13","13","24","9","0","27","5","20","0","2","75","9","4","13","2","1","0","1","0","50","19","68","70","70","21","40","51","46","42","22","65","25","32","26","94","60","99","32","53","40","41","36","21","42","78","26","40","46","79","50","56","11","72","47","35","47","34","22","44","34","5","29","20","107","15","20","34","54","48","12","92","44","22","5","6","38","10","26","46","57","69","40","9","5","14","15","25","14","8","1","6","4"
"            White; American Indian and Alaska Native","22","179","127","7","49","17","1","63","99","18","53","46","93","11","19","54","124","28","41","28","98","0","11","17","15","9","59","81","121","60","98","42","13","73","10","17","86","50","30","7","61","52","5","29","58","39","5","17","50","23","0","12","18","31","9","47","9","39","1","10","39","2","5","1","10","7","48","0","6","2","10","17","20","32","22","41","21","20","28","45","53","29","29","27","17","5","13","5","57","31","20","23","5","0","8","11","16","4","16","18","30","12","57","18","11","31","15","15","23","23","26","4","8","36","13","4","18","1","0","8","13","8","2","19","15","41","13","56","17","1","31","1","27","11","11","20","2","15","32","16","16","10","7","0","10","11","3","11","41","21","27","16","27","4","21","8","18","22","17","41","13","8","15","21","16","17","28","14","10","2","2","3","10","16","25","15","5","13","25","34","1","16","23","23","22","12","8","17","25","33","23","7","2","5","8","11","9","6","34","13","21","9","8","13","4","15","22","10","10","15","1","10","27","16","13","2","14","8","16","11","11","28","24","10","7","17","13","20","9","20","8","22","1","27","17","18","21","17","2","0","8","7","19","15","32","13","29","17","6","18","38","31","11","2","14","37","31","24","10","37","14","4","31","4","5","19","16","20","17","12","8","43","22","10","27","11","1","20","22","15","4","10","7","26","20","17","3","19","3","1","11","8","39","32","7","9","12","13","29","20","21","10","12","31","16","27","27","0","4","10","8","33","2","22","17","6","32","14","6","2","8","25","36","26","0","28","8","4","0","1","38","7","2","5","0","5","0","3","2","38","23","90","34","68","36","56","33","47","37","41","53","55","13","54","51","82","49","30","44","50","45","47","31","44","16","31","45","47","42","46","63","28","42","37","30","45","56","14","26","87","8","45","31","71","9","40","31","56","46","26","53","55","19","10","28","34","5","36","42","35","59","20","10","9","31","8","13","7","11","3","2","3"
"            White; Asian","6","83","27","3","32","8","3","26","61","4","43","21","78","1","3","12","18","24","19","38","30","0","10","2","7","8","56","56","39","13","33","14","22","6","14","5","10","13","29","1","26","46","4","35","9","3","3","22","37","5","0","5","21","6","0","59","4","2","2","0","11","0","1","0","5","0","13","3","2","6","16","6","12","10","5","20","10","31","23","11","10","13","8","11","1","8","19","12","28","36","4","31","2","1","1","38","2","18","15","13","47","12","12","21","5","14","0","7","8","8","5","26","17","29","27","19","20","3","2","2","26","12","8","7","8","14","11","9","15","0","19","2","14","3","10","8","30","21","26","30","18","19","0","1","3","10","9","7","26","8","22","12","11","16","19","5","5","13","13","10","24","10","39","28","11","8","26","13","14","1","2","8","9","9","32","16","17","17","15","34","1","9","4","5","11","42","21","7","32","16","21","5","9","3","15","18","2","12","18","12","16","8","8","14","9","2","8","2","9","19","17","13","20","18","26","0","0","4","19","15","12","6","14","0","24","17","0","9","10","11","18","1","3","32","42","16","24","13","0","1","0","7","36","13","24","14","19","12","14","25","14","4","16","3","1","6","17","11","23","25","6","2","16","1","2","8","7","4","25","8","3","12","26","23","15","10","3","8","7","16","7","6","3","12","2","14","0","33","1","6","2","27","5","23","13","6","33","6","27","20","2","7","4","22","31","17","20","1","0","20","13","14","17","4","23","3","13","29","4","10","11","28","31","22","0","5","13","3","0","1","46","7","2","9","0","5","0","3","0","29","4","14","27","8","7","8","14","8","29","14","20","15","13","9","13","11","29","19","24","6","14","15","12","5","7","13","20","20","11","10","25","19","7","19","7","12","26","2","6","8","6","7","6","15","12","18","4","14","4","10","18","6","6","1","11","15","6","6","28","3","13","7","4","0","12","3","6","0","1","2","2","0"
"            White; Native Hawaiian and Other Pacific Islander","0","8","4","0","2","0","0","1","1","0","0","1","4","1","1","0","3","0","0","0","14","0","0","1","3","0","1","4","6","0","0","3","0","0","0","3","0","2","0","0","4","0","0","0","1","0","1","4","0","0","0","1","1","0","0","1","0","1","0","0","1","0","0","0","0","0","0","0","0","0","0","1","1","2","0","4","0","1","0","0","2","0","0","0","0","0","1","0","1","0","1","0","0","0","0","0","0","0","0","1","2","0","7","0","0","0","0","2","0","0","0","1","2","1","3","1","1","0","1","0","0","0","0","0","0","3","0","0","0","0","0","0","0","1","0","0","0","2","2","0","0","0","0","0","0","0","0","0","1","0","1","0","0","0","0","0","0","2","0","0","0","0","2","0","2","0","0","0","0","0","0","0","5","0","0","3","0","0","3","0","3","0","0","0","0","0","0","0","0","0","3","0","2","0","0","0","0","0","0","0","1","0","1","0","1","0","0","0","0","0","0","1","0","0","0","3","0","1","1","0","2","0","3","3","0","0","0","0","0","0","0","1","0","3","0","1","1","4","0","0","0","0","0","1","2","0","0","0","0","1","1","0","0","1","0","0","1","2","2","5","3","0","1","0","0","1","1","1","0","0","0","0","0","0","0","0","0","1","1","0","0","1","0","2","0","0","3","0","0","0","1","0","2","0","0","0","2","1","1","0","1","0","0","0","0","0","0","0","0","0","0","1","0","0","2","0","1","0","0","0","2","1","1","0","0","0","0","0","0","0","1","0","0","0","0","0","0","0","2","2","0","3","6","0","0","0","7","1","3","2","1","2","0","0","0","4","2","0","0","1","7","2","2","2","0","1","0","0","1","1","0","1","0","2","0","0","2","0","1","2","1","0","1","4","0","0","0","1","0","1","3","3","0","4","0","1","1","0","0","0","3","0","0","0","3","0","0","0","0","0","0","0"
"            White; Some Other Race","46","225","126","2","227","26","16","116","195","7","91","93","167","11","11","74","48","124","103","43","171","11","19","18","59","36","171","162","182","73","108","80","51","62","35","12","135","64","116","24","92","128","7","47","72","51","1","91","141","51","0","30","26","34","7","226","1","55","12","6","29","1","37","4","11","20","64","19","42","77","55","84","47","63","32","52","43","82","43","205","100","113","151","201","113","24","36","50","167","119","87","91","13","2","83","60","79","61","49","73","79","38","80","64","138","61","101","54","51","117","106","70","94","138","63","57","41","14","15","36","47","34","19","40","37","60","47","65","55","113","75","50","52","101","96","85","44","24","75","54","54","38","21","2","53","17","45","40","106","84","55","41","35","25","239","20","133","47","88","283","88","34","93","134","92","34","82","38","117","6","61","41","48","23","84","37","52","75","274","112","167","89","50","476","67","54","142","237","48","94","77","16","29","142","64","59","33","30","68","43","41","36","118","55","25","6","106","64","93","10","53","59","80","76","66","3","283","198","40","47","29","26","82","19","49","59","61","56","41","161","101","109","7","77","85","160","84","69","27","7","26","85","131","83","85","42","110","79","46","93","233","180","98","33","43","216","147","48","83","122","21","48","69","18","146","181","41","72","69","49","20","43","47","42","130","37","8","64","42","117","24","68","22","72","301","61","20","70","11","8","100","48","135","47","38","38","55","72","79","53","156","26","85","117","53","120","67","11","13","80","39","80","35","46","130","53","93","96","9","41","36","46","63","69","8","153","61","20","0","14","115","30","9","30","21","44","1","14","4","155","82","109","219","649","83","57","72","219","141","196","145","97","150","124","98","129","161","122","161","163","86","96","86","62","165","287","181","116","137","177","126","72","141","68","94","74","174","36","86","338","22","34","48","206","50","65","106","152","169","58","280","78","61","38","63","99","32","51","165","194","73","193","25","86","84","97","56","24","28","3","21","23"
"            Black or African American; American Indian and Alaska Native","11","31","9","0","54","4","3","16","50","2","30","17","25","2","5","3","7","30","19","14","8","0","0","12","24","14","14","30","15","2","4","15","9","6","2","0","3","8","22","4","13","17","1","3","0","22","0","16","21","3","0","11","11","3","1","16","0","11","2","0","3","0","10","1","5","1","8","10","28","8","0","9","4","5","1","12","1","4","0","6","8","13","6","8","2","3","0","5","6","46","9","11","33","7","7","0","3","2","1","18","10","5","19","4","3","17","8","6","10","2","6","2","0","7","2","15","5","21","0","10","0","9","0","0","0","9","4","1","1","0","14","12","13","4","0","1","0","0","11","3","3","3","20","1","20","1","17","5","9","7","4","11","2","0","4","2","2","4","5","0","0","0","10","8","2","5","7","12","9","0","1","8","3","0","7","4","1","0","4","34","20","0","9","4","7","0","2","13","4","16","6","6","8","14","3","5","13","2","1","1","2","1","11","6","22","3","10","0","9","0","3","6","6","5","7","4","12","14","5","12","0","1","7","1","1","1","0","7","3","17","1","0","1","15","1","8","9","5","1","0","9","6","2","1","3","0","9","10","14","3","5","6","3","3","4","3","1","0","18","4","1","5","9","18","3","23","6","3","4","2","0","1","0","0","8","3","0","0","9","2","0","0","1","4","11","6","17","9","1","1","19","0","9","10","4","8","0","5","20","0","1","5","4","4","0","12","1","11","14","0","4","13","2","2","10","6","3","0","8","10","0","1","3","0","0","1","0","1","0","1","13","2","1","4","1","0","0","0","1","8","3","0","13","11","2","5","5","5","9","6","18","1","3","0","13","5","10","2","2","12","2","8","1","1","6","9","5","13","7","3","2","4","8","4","8","3","8","3","15","20","0","4","7","35","2","2","1","12","0","0","12","7","12","0","5","1","2","0","0","4","5","0","7","0","3","5","9","0","0","0","0","0"
"            Black or African American; Asian","2","13","2","0","11","0","0","5","9","0","0","10","9","1","0","3","2","8","6","9","12","1","0","0","2","4","4","23","31","1","1","5","4","2","7","0","2","1","6","9","4","7","0","0","1","6","0","5","21","2","0","5","0","0","0","5","0","0","0","1","2","0","0","0","3","3","1","1","2","0","0","5","8","2","2","2","1","3","3","1","2","0","3","1","1","0","1","0","3","3","6","7","4","1","0","3","3","0","3","11","2","3","6","0","1","0","0","10","0","1","1","2","0","16","2","9","4","0","4","0","0","0","1","4","1","7","2","0","0","0","5","0","8","0","0","0","1","2","2","2","1","0","2","0","0","2","9","0","7","9","3","0","0","0","0","2","1","0","5","3","2","3","1","0","2","6","3","4","10","0","0","15","2","0","16","2","0","0","1","10","0","0","1","2","1","0","1","0","0","0","0","2","2","5","1","3","9","0","5","1","0","0","4","3","2","4","7","2","2","0","1","0","0","0","0","1","8","0","1","2","0","4","1","2","1","0","0","8","1","0","3","0","0","5","0","0","0","3","5","0","0","0","5","6","0","1","7","4","5","0","4","4","0","2","6","3","2","0","0","3","1","1","2","3","0","1","0","0","0","5","1","0","0","0","3","0","0","0","6","0","0","0","1","2","4","0","4","3","0","0","5","0","1","4","1","6","1","1","3","1","0","0","2","0","3","3","10","1","3","1","0","2","0","0","2","1","2","3","6","1","0","1","2","0","0","0","0","1","0","0","1","0","0","0","0","1","0","0","0","5","0","1","0","6","0","0","3","2","1","0","1","1","1","1","4","6","4","2","3","4","0","0","0","2","2","0","0","1","0","0","0","4","2","0","0","2","0","0","0","0","0","0","1","2","0","3","0","0","5","0","0","5","1","0","1","0","0","1","1","0","0","0","1","0","1","0","0","0","0","0","0","0"
"            Black or African American; Native Hawaiian and Other Pacific Islander","0","4","0","0","3","0","0","0","1","0","1","2","5","0","0","1","0","0","0","1","3","0","0","0","0","0","0","0","4","0","0","0","0","2","1","1","0","0","4","1","0","1","0","1","0","2","0","0","2","1","0","1","0","0","0","2","0","1","0","0","0","0","0","0","1","0","0","0","0","0","0","4","0","0","0","0","2","2","0","0","0","0","0","3","0","0","1","0","0","0","0","1","0","0","0","0","0","0","0","0","0","0","0","0","0","0","1","0","0","0","0","0","1","1","1","3","0","0","0","0","0","1","0","0","0","1","0","0","0","0","0","0","1","1","0","0","0","0","0","0","0","1","0","0","3","0","0","1","0","0","0","1","1","0","0","0","0","1","0","0","0","0","0","0","0","0","0","0","3","1","0","0","0","0","0","1","0","0","0","0","2","1","0","0","0","0","0","2","0","0","0","0","0","1","0","0","1","0","0","0","3","0","0","0","0","0","3","0","0","0","0","0","0","0","0","4","0","0","0","0","0","0","0","0","0","0","0","0","0","0","0","0","0","0","0","0","0","0","0","0","0","1","0","1","2","0","0","0","1","0","0","0","0","0","1","0","0","0","0","3","0","0","1","0","0","1","0","0","0","0","0","0","2","0","0","0","0","2","0","0","0","0","1","0","0","0","0","2","0","0","0","0","0","2","0","0","0","0","0","1","0","0","0","0","0","0","0","0","2","0","0","0","0","0","1","0","1","0","0","1","0","0","0","0","0","0","0","0","0","0","0","0","0","0","0","0","0","0","0","0","0","0","2","4","0","0","0","2","0","0","0","0","0","0","1","0","0","0","0","0","0","0","0","0","0","0","0","1","0","0","0","0","5","0","0","0","0","0","0","1","0","0","0","0","0","0","0","0","1","0","0","0","0","0","0","0","0","0","0","0","0","0","0","0","1","0","3","0","0","0","0","0"
"            Black or African American; Some Other Race","13","42","12","0","49","7","6","19","30","2","24","13","50","3","4","5","1","55","18","15","32","2","5","0","35","9","26","43","48","2","10","27","4","2","4","0","10","6","30","10","16","18","1","1","5","14","1","14","22","18","0","24","1","1","0","24","4","9","1","0","4","0","15","0","7","3","19","5","26","42","0","25","4","7","2","1","3","9","3","10","6","19","11","17","6","7","2","0","17","1","11","17","16","7","9","2","20","1","2","13","19","0","10","5","1","13","23","25","7","11","0","2","0","14","2","14","5","8","0","10","0","7","0","1","5","16","3","9","2","1","16","13","25","13","0","5","2","3","2","1","5","2","19","1","18","3","12","17","15","21","8","8","3","2","12","4","14","3","20","11","20","1","8","12","6","4","8","10","28","4","3","9","18","1","15","19","3","1","14","68","31","10","14","13","6","3","7","21","7","17","11","5","14","39","0","21","21","2","5","0","0","1","10","23","16","3","18","4","3","0","2","0","11","13","14","8","41","44","11","6","3","0","7","1","4","0","9","13","2","13","5","4","0","11","6","46","1","9","17","0","9","21","6","14","1","1","21","13","6","1","18","9","40","11","15","6","5","5","0","16","2","2","8","5","5","41","15","23","2","1","1","4","4","1","8","3","2","4","13","2","1","1","0","8","32","7","14","18","4","2","16","5","21","24","7","11","2","3","22","12","16","3","2","2","0","9","15","12","11","1","3","15","1","17","27","4","2","3","14","10","1","3","6","0","2","16","2","0","0","2","12","0","2","2","1","0","0","0","1","6","5","13","24","6","0","6","9","2","3","3","6","7","4","1","21","10","13","3","3","24","10","4","2","4","3","5","13","3","7","8","0","4","15","6","2","1","2","4","7","8","1","5","2","23","0","2","6","19","3","1","16","11","2","1","1","16","1","0","2","4","8","8","1","0","7","0","11","3","3","0","0","1"
"            American Indian and Alaska Native; Asian","0","0","1","0","0","0","0","0","1","0","0","0","0","0","0","0","2","0","0","0","0","0","0","0","0","0","0","0","2","0","0","0","0","2","0","0","1","0","0","0","0","2","0","0","0","0","0","0","0","0","0","1","0","0","0","1","0","0","0","0","0","0","0","0","0","0","0","2","0","1","0","0","0","1","0","0","0","2","0","0","0","0","0","0","0","0","0","0","0","0","0","1","1","0","1","0","0","0","0","0","1","1","1","0","0","0","0","0","3","0","0","0","0","0","0","0","0","0","0","0","0","0","0","0","0","2","0","0","0","0","0","1","0","0","0","0","0","0","2","0","1","0","1","0","0","0","1","1","1","0","1","0","1","0","0","0","0","0","0","0","0","0","0","0","0","0","2","0","0","0","1","0","1","0","1","2","1","0","0","0","0","0","0","0","0","0","0","1","0","4","0","0","0","0","0","0","0","0","0","0","0","0","0","0","0","0","1","0","0","0","0","0","0","0","0","0","0","0","0","0","0","0","0","0","2","0","0","0","0","0","0","1","0","0","0","0","0","0","0","0","1","0","0","0","0","0","0","2","0","0","0","0","0","0","2","0","0","0","0","0","1","0","0","0","0","1","0","1","0","0","0","1","1","1","1","0","0","0","1","0","0","0","0","0","0","0","1","0","0","0","0","0","0","0","0","0","0","0","1","2","1","0","0","0","0","0","0","0","2","0","0","0","0","0","1","0","2","1","0","0","0","0","0","0","0","0","0","0","0","0","2","0","0","0","0","0","0","0","0","0","0","0","0","0","2","1","2","0","0","0","0","0","0","0","1","0","0","3","0","0","0","0","0","0","0","0","1","1","1","0","1","2","0","0","1","1","0","0","0","1","0","1","0","0","0","0","0","0","0","0","0","0","0","0","0","1","1","1","1","0","0","1","0","0","0","0","0","0","0","0","0","0"
"            American Indian and Alaska Native; Native Hawaiian and Other Pacific Islander","0","0","0","0","0","0","0","0","0","0","0","0","0","0","0","0","0","0","0","0","0","0","0","0","0","0","0","0","0","0","0","0","0","0","0","0","0","0","0","0","0","0","0","0","0","0","0","0","0","0","0","0","0","0","0","0","0","0","0","0","0","0","0","0","0","0","0","0","0","0","0","0","0","0","0","0","0","0","0","0","0","0","0","0","0","0","0","0","0","0","0","0","0","0","0","0","0","0","0","0","0","0","0","0","0","0","0","0","0","0","0","0","0","0","0","0","0","0","0","0","0","0","0","0","0","0","0","0","0","0","0","0","0","0","0","0","0","0","0","0","0","0","0","0","0","0","0","0","0","0","0","0","0","0","0","0","0","0","0","0","0","0","0","0","0","0","0","0","0","0","0","0","0","0","0","0","0","0","0","0","0","0","0","0","0","0","0","0","0","0","0","0","0","0","0","0","0","0","0","0","0","0","0","0","0","0","0","0","0","0","0","0","0","0","0","0","0","0","0","0","0","0","0","0","0","0","0","0","0","0","0","0","0","0","0","0","0","0","0","0","0","0","0","0","0","0","0","0","0","0","0","0","0","0","0","0","0","0","0","0","0","0","0","0","0","0","0","0","0","0","0","0","0","0","0","0","0","0","0","0","0","0","0","0","0","0","0","0","0","0","0","0","0","0","0","0","0","0","0","0","0","0","0","0","0","0","0","0","0","0","0","0","0","0","0","0","0","0","0","0","0","0","0","0","0","0","0","0","0","0","0","0","0","0","0","0","0","0","0","0","0","0","1","0","0","0","0","0","0","1","0","1","0","1","0","0","0","1","0","0","0","0","0","0","0","0","0","0","1","0","0","0","0","0","0","0","0","0","0","0","0","0","0","1","0","0","0","0","0","0","0","0","0","0","0","0","0","0","0","2","3","0","0","0","0","0","0","0","0","0","0","0"
"            American Indian and Alaska Native; Some Other Race","0","0","0","0","3","0","0","6","13","0","0","3","2","0","1","0","4","1","3","0","1","1","0","0","1","0","1","2","6","0","4","0","0","1","0","0","0","1","1","0","1","1","0","0","2","0","0","4","2","2","0","3","1","0","0","0","0","1","0","0","0","0","0","0","0","6","0","0","0","6","0","0","0","0","3","2","0","1","1","0","0","4","7","0","0","0","0","5","2","3","1","1","0","0","0","0","4","0","0","0","0","2","0","0","2","1","2","1","1","0","0","0","0","0","0","1","1","1","0","1","2","3","0","0","4","0","0","0","1","2","4","1","0","0","0","1","0","0","0","1","0","0","0","0","5","0","2","0","3","0","1","0","0","0","0","0","2","0","1","4","4","0","1","0","0","0","1","0","0","2","0","1","0","0","0","0","0","0","3","5","3","0","1","5","0","0","1","1","3","1","0","0","1","30","0","2","0","0","0","0","1","0","2","0","0","0","7","1","0","0","1","1","1","1","1","0","6","4","1","4","0","0","0","0","0","0","0","0","2","8","5","0","0","5","0","3","0","0","0","0","2","3","2","4","1","0","3","0","1","0","4","2","1","0","0","5","1","1","1","2","0","5","2","0","3","17","1","10","3","0","0","1","0","0","1","0","0","0","4","0","0","2","0","7","12","1","1","3","0","0","1","1","2","2","0","3","0","1","1","1","9","1","0","0","0","0","0","0","0","0","0","0","0","5","1","0","1","0","0","0","1","0","4","0","0","3","0","0","0","1","0","0","0","0","1","0","0","1","0","0","0","1","5","37","0","1","2","4","0","1","3","0","2","3","3","3","0","2","1","11","0","1","0","2","13","0","5","0","4","7","0","1","3","1","0","7","4","0","2","0","0","3","5","0","0","0","4","4","2","3","6","0","1","0","8","0","0","0","1","1","0","0","0","1","0","9","1","0","2","0","0","0"
"            Asian; Native Hawaiian and Other Pacific Islander","2","2","0","0","0","5","0","0","0","0","0","3","2","0","0","0","0","4","1","1","3","0","1","1","0","2","1","2","1","0","1","2","0","0","1","0","1","0","1","0","2","1","1","0","0","0","0","1","0","0","0","1","1","0","0","2","0","0","0","0","1","0","0","0","0","0","0","0","0","0","0","0","0","0","0","1","0","0","0","0","0","0","0","3","0","2","0","0","0","2","0","1","0","0","0","1","0","4","0","0","0","0","2","0","0","0","0","0","0","0","0","0","0","0","0","0","0","0","2","0","0","0","0","0","0","0","0","0","0","0","0","2","0","0","0","0","0","0","0","0","1","0","0","0","0","0","2","0","0","0","0","0","0","1","0","0","5","0","1","0","0","0","1","0","0","2","0","0","0","0","0","1","0","0","2","1","0","0","1","0","0","0","0","0","0","2","1","0","0","0","0","0","0","0","0","0","0","0","1","0","0","0","0","0","0","0","2","0","0","0","0","1","0","0","0","0","0","0","0","0","0","0","0","0","0","0","0","1","0","0","0","0","0","1","1","0","0","0","0","0","0","0","1","0","0","0","2","0","1","0","1","0","0","0","1","0","0","0","3","0","0","0","0","0","0","0","0","0","1","0","0","2","0","0","0","0","0","0","2","0","0","0","0","1","0","0","2","1","0","0","0","0","0","0","0","0","0","0","0","0","0","0","0","0","0","1","2","0","0","1","0","1","0","0","0","0","1","0","0","0","1","0","0","0","0","0","0","0","0","0","0","0","0","1","0","0","0","0","0","0","0","0","0","0","0","0","0","0","0","0","0","0","0","0","0","1","0","2","0","0","0","0","0","0","0","0","0","2","1","0","0","0","0","0","0","0","0","2","0","0","0","0","2","0","0","1","0","0","0","0","0","0","0","0","0","0","0","0","0","0","0","0","0","0","0","0","0","0","0","0","0","0"
"            Asian; Some Other Race","2","10","4","0","2","2","1","3","6","1","0","2","1","1","2","0","1","0","0","0","0","0","0","0","1","0","0","3","4","0","0","1","0","1","0","1","0","1","5","1","4","0","0","1","1","3","1","0","1","1","0","0","1","0","0","4","0","2","0","0","1","0","2","0","1","2","0","0","0","0","2","3","1","0","0","0","0","0","1","0","3","0","13","0","1","0","0","0","0","0","0","0","0","2","0","0","0","0","4","0","0","0","0","3","0","0","0","0","7","0","0","0","0","0","1","0","2","2","0","0","0","0","0","0","0","5","1","1","0","0","0","0","0","2","0","0","0","0","0","0","0","0","1","0","0","0","0","0","0","0","3","0","1","0","0","0","0","0","1","0","1","0","0","0","0","0","4","0","0","0","0","0","0","1","1","2","1","0","0","1","0","0","0","4","2","0","1","1","1","9","0","0","2","3","0","0","0","0","0","0","2","0","1","0","0","1","0","1","1","0","0","0","0","0","0","0","0","2","1","1","0","2","0","0","0","0","0","0","1","1","0","0","0","1","0","2","0","0","0","0","0","1","1","3","0","0","5","0","0","0","0","0","9","0","0","0","2","2","2","0","0","0","4","0","0","0","0","0","0","1","0","1","0","0","0","0","0","3","2","2","1","0","0","1","1","1","3","1","0","0","2","0","3","0","0","0","1","0","2","0","2","1","0","0","0","3","1","0","2","0","0","0","0","0","1","0","2","1","0","0","0","0","0","0","0","1","1","0","0","0","1","0","0","2","2","0","0","1","0","0","2","0","1","2","0","0","2","1","0","1","5","0","2","0","0","0","0","2","1","2","0","0","0","0","0","1","1","0","2","1","0","0","2","1","0","0","5","0","0","0","0","0","0","0","0","0","0","0","2","1","2","1","1","0","0","0","0","0","0","1","0","0","0","0","0","1","0","0","0","0","0","0"
"            Native Hawaiian and Other Pacific Islander; Some Other Race","0","0","1","0","1","1","0","3","0","0","0","0","0","0","0","0","0","0","1","0","1","0","0","0","2","0","0","0","1","0","0","2","0","0","1","0","0","3","0","0","0","0","0","0","0","0","0","3","0","0","0","0","0","1","0","3","0","0","0","1","0","0","0","0","0","0","0","0","0","0","0","0","0","0","0","0","0","0","0","0","0","1","0","0","1","0","0","0","0","1","0","0","0","0","0","0","1","0","0","0","0","0","0","0","0","0","4","2","0","0","0","0","0","0","0","0","0","0","0","0","0","4","0","1","0","0","0","2","0","0","0","0","0","0","0","0","0","1","0","0","1","0","1","0","0","0","0","0","0","0","0","0","0","0","4","0","0","0","0","0","0","0","2","0","0","0","0","0","0","0","0","0","0","1","0","0","0","0","0","0","1","0","0","0","0","0","1","0","0","0","0","0","0","1","0","0","1","0","0","0","0","0","0","0","1","0","1","0","1","0","0","0","0","1","0","0","0","5","0","0","0","0","1","0","0","0","0","0","0","1","0","0","0","2","0","0","0","1","0","0","0","0","0","0","0","0","3","0","0","0","0","0","0","0","0","0","4","0","0","0","0","0","0","0","1","1","0","1","0","0","0","0","0","0","2","0","0","0","0","0","0","0","0","0","0","0","1","0","0","0","0","0","0","0","0","0","0","0","0","0","1","0","0","0","0","0","0","0","1","0","0","0","0","0","0","0","2","0","0","0","0","0","0","0","0","0","0","2","0","0","0","0","0","0","0","0","0","0","0","0","1","0","0","2","0","0","0","0","0","0","0","1","1","0","0","0","0","0","0","0","0","0","0","0","0","0","0","0","1","0","0","0","0","0","0","1","0","2","0","0","0","0","0","3","0","0","0","0","0","0","0","0","0","0","0","0","0","0","0","0","0","0","0","0","0","0","0","0","0","0","0","0"
"        Population of three races:","12","48","35","2","72","1","4","28","55","1","24","28","47","1","11","17","19","43","29","19","33","0","4","3","11","16","31","67","59","3","28","29","7","7","23","4","7","9","39","14","21","23","6","8","10","27","4","14","39","8","0","5","3","4","1","24","3","19","2","3","10","1","21","0","3","4","12","3","13","9","5","30","12","8","5","6","4","19","6","14","14","22","11","23","5","6","3","16","11","16","4","15","22","4","10","6","8","3","7","9","7","2","35","5","6","16","23","7","9","0","6","4","10","14","6","12","10","2","5","15","3","18","3","2","13","18","10","5","9","2","10","0","9","2","6","15","10","9","12","15","11","10","13","0","25","1","14","9","30","13","11","2","11","3","9","6","13","8","9","21","4","1","13","6","2","6","3","23","9","3","0","4","8","2","24","16","6","4","19","34","13","7","10","19","16","4","5","16","14","21","10","0","6","16","4","10","8","18","5","4","5","1","21","6","10","3","6","4","30","1","2","4","4","9","6","5","8","46","13","7","8","19","3","1","9","8","4","3","13","16","8","8","0","14","6","22","6","15","8","0","8","16","11","16","23","3","26","4","10","0","22","15","20","5","24","12","15","15","8","23","6","3","7","9","9","13","11","19","16","2","0","24","2","7","15","6","3","9","8","5","4","3","2","10","22","3","10","17","7","4","9","2","13","21","9","17","5","6","20","5","14","4","1","17","3","13","8","6","19","9","0","9","2","3","23","2","24","7","9","12","2","7","2","1","1","13","5","3","0","3","19","2","3","1","8","4","0","1","0","18","8","27","25","21","13","3","22","4","8","9","22","8","5","8","18","9","9","17","8","5","12","23","4","7","7","8","8","21","19","21","20","7","24","11","2","7","17","9","8","10","3","6","2","17","6","7","2","22","11","3","20","8","9","4","10","1","4","8","18","17","13","2","4","5","6","1","9","1","2","0","2","1"
"            White; Black or African American; American Indian and Alaska Native","3","15","11","1","38","0","1","17","29","0","13","9","18","0","2","8","11","19","12","10","16","0","2","1","7","5","6","34","25","2","17","7","3","2","18","2","1","4","15","3","13","3","6","3","5","13","2","8","17","1","0","2","1","3","1","1","1","14","1","1","4","0","9","0","2","2","8","1","6","5","3","17","5","5","0","1","0","7","1","4","0","5","1","17","2","0","2","9","0","1","2","3","13","3","6","2","0","1","1","1","3","1","16","1","2","10","5","3","1","0","3","2","0","7","3","5","3","2","3","7","2","8","0","0","6","1","0","3","6","1","4","0","4","0","2","2","3","6","5","5","0","5","7","0","21","0","9","0","16","10","2","0","0","0","4","3","7","1","4","10","4","0","9","1","0","1","3","9","1","3","0","1","3","0","14","0","2","0","12","18","10","0","2","7","1","0","3","10","4","8","4","0","6","0","2","6","6","3","1","3","1","0","12","2","2","0","4","0","11","0","0","0","1","6","4","3","1","19","6","3","1","5","0","0","2","2","1","1","2","1","4","3","0","5","0","7","2","7","3","0","1","1","7","10","9","0","6","4","4","0","5","6","10","4","11","4","3","7","3","6","1","1","3","3","8","4","7","12","5","0","0","9","0","0","9","5","0","7","4","2","0","1","0","2","7","0","4","9","6","2","3","0","11","4","5","4","2","2","17","1","5","0","0","1","0","0","4","2","14","2","0","8","0","1","6","1","11","3","7","0","0","2","1","1","0","5","4","1","0","0","3","0","0","0","4","1","0","0","0","15","6","12","11","9","2","2","18","0","1","8","11","6","1","3","13","4","3","2","3","2","6","12","1","3","7","7","1","7","10","9","11","2","7","2","2","4","13","4","6","7","0","4","1","6","3","4","1","10","7","1","6","4","6","2","1","0","2","5","7","5","6","0","3","2","1","1","7","1","0","0","1","0"
"            White; Black or African American; Asian","2","5","8","0","2","0","0","4","4","1","5","7","8","0","3","2","2","9","2","6","0","0","0","0","1","1","5","3","6","0","1","12","0","4","0","0","1","0","5","0","2","6","0","0","0","2","0","2","5","3","0","1","0","0","0","2","0","2","0","0","1","1","0","0","0","1","0","0","1","0","0","4","0","0","0","2","0","0","0","1","2","0","0","0","0","0","0","1","1","0","2","0","4","0","0","0","1","0","2","3","2","0","0","0","3","0","5","0","1","0","1","0","0","1","0","1","2","0","0","1","0","5","0","0","1","5","0","1","0","1","0","0","1","0","1","3","0","0","0","2","0","0","2","0","0","1","0","4","0","0","0","0","0","0","0","0","0","1","4","1","0","0","2","2","2","0","0","6","3","0","0","0","1","0","5","2","0","1","0","2","0","0","2","0","8","0","2","2","0","4","4","0","0","2","0","2","0","0","2","0","1","0","1","2","1","0","1","2","9","0","0","0","0","0","0","0","2","1","1","0","0","6","0","0","2","1","2","2","0","1","1","1","0","0","0","4","2","0","1","0","1","1","1","0","4","0","2","0","0","0","1","0","1","0","2","1","2","0","0","1","0","1","3","1","0","0","1","0","1","0","0","0","0","2","0","0","2","0","2","1","2","0","0","0","4","2","2","2","0","0","2","0","0","8","1","2","1","0","0","0","2","4","1","1","0","2","0","3","0","0","0","0","0","1","0","1","3","1","0","1","0","0","0","0","0","2","0","0","0","0","2","0","0","0","0","0","0","0","0","0","0","0","1","2","2","0","1","0","0","0","1","0","0","2","0","0","0","0","2","2","0","2","0","1","0","0","1","7","3","0","1","0","1","1","0","3","0","0","0","0","0","0","0","1","0","0","0","3","1","0","1","0","0","0","0","0","0","0","4","0","0","0","1","0","0","0","0","0","0","0","0","0"
"            White; Black or African American; Native Hawaiian and Other Pacific Islander","0","0","0","0","0","0","0","1","0","0","0","0","0","0","0","0","0","1","0","1","2","0","0","0","1","0","0","0","1","0","1","0","0","0","0","0","0","0","0","0","0","0","0","0","0","2","0","0","0","0","0","1","0","0","0","0","0","0","0","0","1","0","0","0","0","0","0","0","0","0","0","0","0","0","0","0","0","0","0","1","0","0","0","0","1","0","0","0","0","0","0","0","0","0","0","0","0","0","0","0","0","0","0","0","0","0","0","0","0","0","1","0","0","0","0","0","0","0","0","1","0","0","0","0","0","0","0","0","0","0","0","0","0","0","0","0","0","0","0","0","0","0","0","0","0","0","0","0","0","0","0","0","0","0","0","0","0","0","0","0","0","0","0","0","0","0","0","1","0","0","0","0","0","0","0","0","0","0","0","0","0","0","1","0","0","0","0","0","0","0","0","0","0","0","0","0","0","0","0","0","0","0","0","0","0","0","0","0","0","0","0","0","0","0","0","1","0","1","0","0","0","0","0","0","0","0","0","0","0","0","0","0","0","0","0","0","0","0","0","0","0","0","0","0","0","0","0","0","0","0","0","0","0","0","0","0","0","0","0","0","0","0","0","0","0","0","0","1","0","0","0","0","0","0","0","0","0","0","0","0","0","0","0","0","0","0","0","0","0","0","0","0","0","0","0","0","0","0","0","0","0","0","0","0","0","0","0","0","0","0","0","0","0","0","0","0","0","0","0","0","0","0","0","0","0","0","0","0","0","0","0","0","0","0","0","0","0","0","0","0","0","0","0","0","0","0","0","0","0","0","0","0","0","0","0","0","0","0","0","0","0","0","0","0","0","1","0","0","0","0","0","0","0","0","0","0","0","0","0","0","0","0","0","0","0","0","0","1","0","0","0","0","0","0","0","0","0","0","2","0","0","0","0","0","0","0","0","0","0","0","0","0"
"            White; Black or African American; Some Other Race","2","14","8","1","28","0","0","1","7","0","2","2","14","1","5","3","1","3","15","0","8","0","2","0","1","9","11","15","7","0","5","5","2","1","3","1","2","3","8","3","2","12","0","0","1","4","1","4","5","1","0","1","0","0","0","4","2","0","1","0","0","0","5","0","1","0","3","1","2","3","0","3","3","1","0","2","3","1","1","2","7","12","9","3","1","0","0","0","0","0","0","4","4","1","0","1","0","1","2","0","0","0","11","2","0","2","6","3","2","0","0","1","8","3","0","4","4","0","0","5","0","4","2","0","3","6","10","0","0","0","0","0","1","1","1","5","4","2","0","0","9","3","2","0","1","0","1","2","6","1","1","1","3","0","4","0","0","0","0","3","0","0","2","0","0","0","0","4","3","0","0","0","0","2","2","6","1","0","2","8","3","0","0","1","5","0","0","3","5","3","0","0","0","3","1","2","0","3","1","1","0","0","0","0","3","1","0","1","4","1","1","0","1","0","0","1","3","15","3","3","2","0","0","0","0","2","1","0","4","1","0","1","0","7","4","7","1","0","1","0","2","8","2","1","3","0","4","0","3","0","3","1","3","0","9","3","2","5","2","5","2","0","0","3","1","3","0","1","5","1","0","3","1","1","1","0","0","2","1","0","2","2","2","4","4","1","1","4","0","0","3","0","2","7","2","4","0","2","2","2","6","0","0","4","0","5","0","0","2","0","0","1","0","1","15","0","5","1","1","6","0","1","0","0","0","3","0","1","0","0","6","0","3","1","0","0","0","0","0","1","2","5","6","1","5","1","0","0","4","1","3","1","1","0","2","1","0","1","0","0","1","7","2","2","0","0","0","2","3","2","1","1","4","0","0","0","1","2","2","0","1","1","1","4","0","2","1","1","1","1","1","1","0","0","2","1","0","0","0","5","1","2","0","0","0","0","0","0","0","0","0","0"
"            White; American Indian and Alaska Native; Asian","1","5","0","0","0","0","1","2","5","0","3","1","0","0","0","0","1","0","0","0","0","0","0","0","0","0","5","0","2","0","2","0","0","0","0","0","0","0","1","1","0","2","0","0","0","0","0","0","2","0","0","0","0","0","0","3","0","1","0","0","0","0","3","0","0","0","0","0","0","0","1","0","0","0","1","0","0","4","1","0","0","1","0","0","0","0","0","0","1","0","0","0","0","0","0","0","1","0","0","2","0","0","1","1","0","0","2","1","2","0","0","0","0","1","0","0","0","0","0","0","0","1","0","0","0","1","0","0","0","0","0","0","0","0","1","1","0","0","0","2","1","0","1","0","0","0","1","0","1","0","2","0","0","0","0","0","2","1","0","0","0","0","0","0","0","4","0","0","0","0","0","2","0","0","0","0","0","0","2","0","0","0","1","2","0","0","0","0","0","2","0","0","0","1","0","0","0","1","1","0","0","0","1","0","0","0","0","0","0","0","0","0","0","0","0","0","0","0","1","0","2","0","0","0","0","1","0","0","0","0","1","0","0","0","0","1","0","0","0","0","0","0","0","0","0","1","8","0","1","0","0","0","0","0","0","3","0","0","0","4","0","1","0","0","0","2","0","2","0","0","0","2","0","0","0","0","0","0","0","1","0","0","0","0","2","0","1","0","0","0","0","1","0","0","0","1","0","0","0","0","0","0","0","0","0","1","0","0","0","0","0","0","0","0","2","0","0","0","0","3","0","3","0","0","0","1","0","0","0","0","0","0","0","0","0","0","0","0","0","0","0","7","1","0","0","0","0","0","0","0","0","1","0","1","1","0","0","2","0","0","0","0","0","1","0","0","0","1","0","0","2","0","1","1","0","0","0","0","0","2","0","0","0","0","0","0","0","3","1","0","0","0","0","1","0","0","0","3","1","2","0","0","0","2","3","0","0","0","0","0","0","1"
"            White; American Indian and Alaska Native; Native Hawaiian and Other Pacific Islander","0","0","0","0","0","0","0","0","0","0","0","0","0","0","0","0","0","0","0","0","1","0","0","0","0","0","0","0","0","0","0","2","0","0","0","0","0","0","0","0","0","0","0","0","0","0","0","0","0","0","0","0","0","0","0","0","0","0","0","0","0","0","0","0","0","0","0","0","0","0","0","0","0","0","0","0","0","0","0","0","0","0","0","0","0","0","0","0","0","0","0","1","0","0","0","0","0","0","0","0","0","0","0","0","0","0","0","0","0","0","0","0","0","0","0","0","0","0","0","0","0","0","0","0","0","0","0","0","0","0","0","0","1","0","0","0","0","0","0","0","0","0","0","0","1","0","0","0","0","0","0","0","1","0","0","0","0","0","0","0","0","0","0","0","0","0","0","0","1","0","0","0","0","0","0","0","0","0","0","0","0","0","0","0","0","0","0","0","0","0","0","0","0","0","0","0","1","0","0","0","0","0","0","0","0","0","0","0","0","0","0","0","1","0","0","0","0","0","0","0","0","1","0","0","1","0","0","0","0","0","0","0","0","0","0","0","0","0","0","0","4","0","0","0","0","0","0","0","0","0","0","0","0","0","0","0","0","0","0","0","0","0","0","0","0","0","0","1","0","0","0","0","0","0","0","0","0","0","0","0","0","0","0","0","0","0","0","0","0","0","0","0","0","0","0","0","0","0","0","0","0","0","0","0","0","0","1","0","0","0","0","0","0","0","0","0","0","1","0","0","0","0","0","0","0","0","0","0","0","0","0","0","0","0","0","0","0","0","0","0","0","0","0","0","0","0","0","0","0","0","2","0","0","0","0","2","0","0","0","0","0","0","1","0","0","0","0","1","0","0","1","0","1","0","0","0","0","0","0","0","0","0","0","0","0","0","0","0","0","0","0","1","0","0","0","0","1","0","0","2","0","0","0","0","0","0","0","0","0","0","0","0"
"            White; American Indian and Alaska Native; Some Other Race","1","7","1","0","2","0","0","3","2","0","0","1","2","0","1","2","2","4","0","0","5","0","0","0","0","0","1","7","6","1","1","1","0","0","1","1","2","2","6","2","3","0","0","0","3","4","0","0","3","1","0","0","0","1","0","7","0","1","0","0","1","0","0","0","0","1","0","0","0","1","0","4","1","2","4","1","1","0","1","2","4","3","0","1","0","4","0","5","6","10","0","1","1","0","1","1","0","1","2","1","1","1","6","1","0","3","5","0","0","0","1","0","2","0","0","1","0","0","0","0","1","0","0","0","1","2","0","0","3","0","2","0","2","1","0","3","0","0","4","6","1","0","0","0","1","0","0","2","0","1","0","0","2","2","1","2","3","3","1","5","0","0","0","2","0","1","0","0","0","0","0","0","0","0","0","7","3","1","1","0","0","0","4","7","2","0","0","0","2","3","2","0","0","6","0","0","0","9","0","0","0","0","6","1","0","1","1","0","2","0","0","2","0","1","0","0","1","9","0","1","0","7","2","0","1","0","0","0","4","11","0","1","0","1","0","1","0","3","1","0","0","3","0","0","5","1","2","0","0","0","10","8","4","0","0","1","5","1","3","6","0","0","1","1","0","1","1","0","1","1","0","7","0","4","1","1","1","0","0","0","0","0","0","2","3","0","0","0","0","0","1","1","0","1","0","3","2","0","0","1","0","0","0","7","2","3","0","0","0","4","0","0","0","0","0","0","0","0","1","0","0","1","1","0","0","1","0","0","0","0","1","0","0","0","2","1","0","1","0","1","0","0","5","7","2","0","2","1","2","0","4","0","2","0","1","1","3","12","1","0","3","2","0","0","0","0","1","2","2","7","3","2","5","6","0","0","1","0","0","1","0","0","0","4","2","1","0","3","0","0","5","1","3","1","4","0","0","0","2","2","3","0","0","0","2","0","2","0","0","0","0","0"
"            White; Asian; Native Hawaiian and Other Pacific Islander","0","2","0","0","1","0","1","0","5","0","0","4","2","0","0","1","0","0","0","0","1","0","0","1","0","0","0","4","2","0","1","0","0","0","0","0","0","0","0","0","0","0","0","2","1","0","0","0","6","1","0","0","1","0","0","4","0","0","0","1","2","0","0","0","0","0","1","1","0","0","0","1","1","0","0","0","0","3","0","0","0","0","0","1","1","1","0","0","0","3","0","0","0","0","0","1","2","0","0","0","1","0","1","0","0","0","0","0","2","0","0","0","0","0","0","0","0","0","0","0","0","0","0","0","1","2","0","1","0","0","1","0","0","0","0","0","3","0","0","0","0","0","0","0","1","0","0","0","2","0","0","0","4","0","0","1","0","0","0","1","0","0","0","0","0","0","0","0","0","0","0","0","0","0","0","0","0","0","0","3","0","1","0","0","0","0","0","0","0","0","0","0","0","0","1","0","0","0","0","0","0","0","0","1","2","0","0","1","1","0","0","0","0","0","1","0","0","0","1","0","1","0","0","0","0","2","0","0","0","0","0","1","0","0","0","2","0","0","0","0","0","1","0","2","1","0","1","0","0","0","2","0","0","0","0","0","0","0","0","0","0","0","0","1","0","0","0","1","0","0","0","0","0","0","4","0","0","0","0","1","0","0","0","1","2","0","0","0","0","1","0","0","0","1","0","0","0","1","0","1","0","0","0","0","0","2","0","0","0","0","0","0","0","0","0","0","3","0","0","1","0","0","0","0","0","0","0","0","0","2","0","0","0","0","0","1","0","0","0","0","0","0","1","0","0","0","0","1","0","0","0","0","0","0","1","0","0","0","2","0","2","0","0","0","0","0","4","0","1","1","1","0","0","0","0","0","0","3","0","0","0","1","0","0","1","0","0","0","0","0","6","0","0","0","1","0","1","0","2","0","3","0","0","0","0","0","0","0","0","0","0","0"
"            White; Asian; Some Other Race","0","0","1","0","0","0","1","0","1","0","1","0","3","0","0","0","1","0","0","1","0","0","0","0","0","0","1","0","2","0","0","2","2","0","0","0","0","0","1","1","0","0","0","0","0","0","1","0","0","0","0","0","1","0","0","0","0","0","0","1","1","0","0","0","0","0","0","0","1","0","0","0","2","0","0","0","0","0","2","2","0","0","0","0","0","1","1","0","0","1","0","1","0","0","2","0","2","0","0","2","0","0","0","0","0","0","0","0","0","0","0","1","0","0","2","0","0","0","0","1","0","0","1","1","0","0","0","0","0","0","2","0","0","0","0","0","0","1","3","0","0","0","0","0","0","0","2","1","3","0","0","0","0","0","0","0","0","0","0","1","0","0","0","1","0","0","0","0","0","0","0","1","1","0","0","0","0","2","0","1","0","5","0","2","0","2","0","0","3","0","0","0","0","0","0","0","0","0","0","0","2","0","1","0","1","0","0","0","1","0","0","0","1","0","0","0","1","1","0","0","0","0","0","0","2","0","0","0","0","0","1","0","0","1","1","0","1","3","0","0","0","0","1","0","0","1","2","0","0","0","0","0","1","0","1","0","0","0","0","0","3","0","0","0","0","0","0","0","3","0","0","2","0","0","0","0","0","0","1","0","0","0","0","0","0","0","1","0","0","0","0","0","0","0","0","1","0","0","1","0","0","0","0","3","0","0","1","0","0","2","0","0","1","0","0","0","1","1","0","0","0","0","0","0","1","0","1","0","0","0","0","0","0","0","1","0","0","0","0","1","0","0","0","2","2","0","0","2","1","0","1","0","1","2","0","1","1","0","0","0","0","0","0","0","0","0","1","1","0","2","0","1","0","1","0","0","2","0","0","0","0","0","0","2","0","0","0","0","1","1","1","1","0","0","2","0","0","0","0","0","0","0","0","1","0","0","0","0","2","0","1","0"
"            White; Native Hawaiian and Other Pacific Islander; Some Other Race","0","0","0","0","0","0","0","0","0","0","0","0","0","0","0","0","0","0","0","0","0","0","0","0","0","0","0","1","0","0","0","0","0","0","0","0","0","0","0","0","0","0","0","0","0","0","0","0","0","0","0","0","0","0","0","0","0","0","0","0","0","0","0","0","0","0","0","0","0","0","0","0","0","0","0","0","0","0","0","0","0","0","0","1","0","0","0","1","0","0","0","0","0","0","1","0","0","0","0","0","0","0","0","0","0","0","0","0","0","0","0","0","0","0","0","0","0","0","0","0","0","0","0","0","0","0","0","0","0","0","0","0","0","0","0","0","0","0","0","0","0","0","0","0","0","0","0","0","0","0","1","0","0","0","0","0","1","2","0","0","0","0","0","0","0","0","0","2","0","0","0","0","0","0","0","0","0","0","0","0","0","1","0","0","0","0","0","0","0","0","0","0","0","0","0","0","1","0","0","0","0","0","0","0","1","0","0","0","0","0","0","0","0","2","0","0","0","0","0","0","0","0","0","0","0","0","0","0","0","2","1","0","0","0","0","0","0","1","0","0","0","0","0","0","0","0","0","0","0","0","0","0","1","1","0","0","0","0","0","1","0","0","0","0","0","0","1","0","1","0","0","1","0","0","0","0","0","0","0","0","0","0","0","0","0","0","0","0","0","0","0","0","0","0","0","0","0","0","0","0","1","0","0","0","0","0","0","0","0","0","0","0","0","0","0","0","1","0","0","0","0","0","0","0","0","0","0","0","0","0","0","0","0","0","0","0","0","0","0","0","0","0","0","0","0","0","0","0","0","0","0","0","0","0","0","0","0","0","0","0","0","0","0","0","0","0","0","0","0","0","0","0","0","0","0","0","0","0","0","0","0","0","0","0","0","0","0","0","0","0","0","0","0","0","0","0","0","0","0","0","0","0","0","0","0","0","0","0","0","0","0","0"
"            Black or African American; American Indian and Alaska Native; Asian","0","0","2","0","0","0","0","0","1","0","0","1","0","0","0","1","0","7","0","0","0","0","0","1","0","0","0","3","1","0","0","0","0","0","0","0","0","0","2","4","1","0","0","1","0","2","0","0","0","1","0","0","0","0","0","2","0","0","0","0","0","0","1","0","0","0","0","0","0","0","1","0","0","0","0","0","0","4","0","2","0","1","0","0","0","0","0","0","0","1","0","2","0","0","0","1","2","0","0","0","0","0","0","0","0","0","0","0","0","0","0","0","0","0","1","0","0","0","2","0","0","0","0","0","0","0","0","0","0","0","1","0","0","0","0","0","0","0","0","0","0","0","0","0","0","0","0","0","0","0","0","0","1","0","0","0","0","0","0","0","0","0","0","0","0","0","0","0","0","0","0","0","1","0","2","1","0","0","0","0","0","0","0","0","0","0","0","0","0","1","0","0","0","1","0","0","0","2","0","0","0","0","0","0","0","0","0","0","0","0","1","0","0","0","0","0","0","0","1","0","0","0","1","1","0","0","0","0","0","0","0","1","0","0","1","0","0","0","0","0","0","0","0","0","0","0","0","0","2","0","0","0","0","0","0","0","0","0","0","0","0","0","0","0","0","0","0","0","0","0","0","0","0","0","0","0","0","0","0","0","0","0","0","0","0","0","0","0","0","0","0","0","0","0","0","0","0","0","0","0","0","0","0","0","0","0","0","0","0","0","0","0","0","0","0","0","0","0","0","1","0","0","0","0","0","0","0","0","0","0","0","1","0","0","0","0","0","0","0","0","0","0","0","0","0","0","0","0","0","0","0","0","0","0","0","0","2","0","0","0","0","0","0","0","0","0","0","0","0","0","0","1","0","0","0","0","0","0","0","0","2","0","0","0","0","0","0","0","0","0","0","0","0","0","0","0","0","0","0","1","0","0","0","0","0","0","0","0","0","0","0","0"
"            Black or African American; American Indian and Alaska Native; Native Hawaiian and Other Pacific Islander","0","0","0","0","0","0","0","0","0","0","0","0","0","0","0","0","0","0","0","0","0","0","0","0","0","0","0","0","0","0","0","0","0","0","0","0","0","0","0","0","0","0","0","0","0","0","0","0","1","0","0","0","0","0","0","0","0","0","0","0","0","0","0","0","0","0","0","0","0","0","0","1","0","0","0","0","0","0","0","0","0","0","0","0","0","0","0","0","1","0","0","0","0","0","0","0","0","0","0","0","0","0","0","0","0","0","0","0","0","0","0","0","0","0","0","0","0","0","0","0","0","0","0","0","0","0","0","0","0","0","0","0","0","0","0","0","0","0","0","0","0","0","0","0","0","0","0","0","0","0","0","0","0","0","0","0","0","0","0","0","0","0","0","0","0","0","0","0","0","0","0","0","0","0","0","0","0","0","0","0","0","0","0","0","0","0","0","0","0","0","0","0","0","3","0","0","0","0","0","0","0","0","0","0","0","0","0","0","1","0","0","0","0","0","0","0","0","0","0","0","1","0","0","0","1","0","0","0","0","0","0","0","0","0","0","0","0","1","0","0","0","0","0","1","0","0","1","0","0","0","1","0","0","0","1","0","0","0","0","0","0","0","0","0","0","0","0","1","0","0","0","0","0","0","0","0","0","0","0","0","0","0","0","1","0","0","0","0","0","0","0","0","0","0","1","1","0","1","0","0","0","0","0","0","0","0","0","0","3","0","0","0","0","0","0","0","0","0","0","0","0","0","0","0","0","0","0","0","0","1","0","0","0","0","1","0","0","0","0","0","0","0","0","0","0","0","0","0","0","0","0","0","0","0","0","0","0","0","0","0","0","0","0","0","0","0","0","0","0","0","0","0","5","0","0","0","0","0","0","0","0","0","0","0","0","0","0","0","0","0","0","0","0","0","0","0","0","0","0","0","0","0","0","0","0","0","0","0","0","0","0","0"
"            Black or African American; American Indian and Alaska Native; Some Other Race","3","0","4","0","1","1","0","0","1","0","0","0","0","0","0","0","0","0","0","1","0","0","0","0","1","1","0","0","1","0","0","0","0","0","0","0","0","0","0","0","0","0","0","0","0","0","0","0","0","0","0","0","0","0","0","0","0","0","0","0","0","0","3","0","0","0","0","0","0","0","0","0","0","0","0","0","0","0","0","0","1","0","0","0","0","0","0","0","1","0","0","3","0","0","0","0","0","0","0","0","0","0","0","0","0","1","0","0","1","0","0","0","0","1","0","1","1","0","0","0","0","0","0","0","1","1","0","0","0","0","0","0","0","0","1","1","0","0","0","0","0","0","1","0","0","0","1","0","0","0","5","1","0","1","0","0","0","0","0","0","0","1","0","0","0","0","0","0","1","0","0","0","2","0","1","0","0","0","0","0","0","0","0","0","0","2","0","1","0","0","0","0","0","0","0","0","0","0","0","0","0","0","0","0","0","1","0","0","0","0","0","2","0","0","1","0","0","0","0","0","0","0","0","0","0","0","0","0","3","0","0","0","0","0","0","0","0","0","1","0","0","2","0","2","1","0","0","0","0","0","0","0","0","0","0","0","3","2","0","0","0","0","0","0","0","2","1","0","0","0","0","0","1","0","0","0","0","0","0","0","0","0","0","0","0","0","0","2","1","1","0","0","0","0","0","1","0","0","0","0","0","0","0","1","0","0","1","1","0","1","0","0","1","0","0","0","0","0","0","0","0","0","0","0","0","0","0","0","0","0","6","0","0","0","0","1","0","0","0","0","0","0","0","0","0","0","0","0","0","0","0","0","0","0","0","0","0","0","0","0","0","0","0","0","0","0","0","0","0","0","0","0","0","0","0","0","0","0","0","0","0","0","0","0","0","0","0","1","0","0","0","0","0","0","0","0","0","0","0","0","0","0","0","0","0","0","0","0","0","0","0","0"
"            Black or African American; Asian; Native Hawaiian and Other Pacific Islander","0","0","0","0","0","0","0","0","0","0","0","2","0","0","0","0","1","0","0","0","0","0","0","0","0","0","2","0","6","0","0","0","0","0","1","0","1","0","1","0","0","0","0","2","0","0","0","0","0","0","0","0","0","0","0","0","0","1","0","0","0","0","0","0","0","0","0","0","2","0","0","0","0","0","0","0","0","0","0","0","0","0","0","0","0","0","0","0","0","0","0","0","0","0","0","0","0","0","0","0","0","0","0","0","0","0","0","0","0","0","0","0","0","0","0","0","0","0","0","0","0","0","0","0","0","0","0","0","0","0","0","0","0","0","0","0","0","0","0","0","0","0","0","0","0","0","0","0","0","0","0","0","0","0","0","0","0","0","0","0","0","0","0","0","0","0","0","0","0","0","0","0","0","0","0","0","0","0","0","0","0","0","0","0","0","0","0","0","0","0","0","0","0","0","0","0","0","0","0","0","0","0","0","0","0","0","0","0","0","0","0","0","0","0","0","0","0","0","0","0","0","0","0","0","0","0","0","0","0","0","0","0","0","0","0","0","0","0","0","0","0","0","0","0","0","0","0","0","0","0","0","0","0","0","0","0","0","0","0","0","0","0","0","0","0","0","0","0","0","0","0","0","0","0","0","0","0","0","0","0","0","0","0","0","0","0","0","0","0","0","0","0","0","0","0","0","0","0","0","0","0","0","0","0","1","0","0","0","0","0","0","0","0","0","0","0","0","0","0","0","1","0","0","0","0","0","0","0","0","0","0","1","0","0","0","0","0","0","0","0","0","3","0","0","0","0","1","0","0","0","0","0","0","0","0","0","0","0","0","0","0","0","0","0","0","0","0","0","0","0","0","0","0","0","0","0","0","0","0","0","0","0","0","0","0","0","0","0","0","0","0","0","0","0","0","0","0","0","0","0","0","0","0","0","0","0","0","0","0","0","0","0"
"            Black or African American; Asian; Some Other Race","0","0","0","0","0","0","0","0","0","0","0","0","0","0","0","0","0","0","0","0","0","0","0","0","0","0","0","0","0","0","0","0","0","0","0","0","0","0","0","0","0","0","0","0","0","0","0","0","0","0","0","0","0","0","0","0","0","0","0","0","0","0","0","0","0","0","0","0","0","0","0","0","0","0","0","0","0","0","0","0","0","0","0","0","0","0","0","0","0","0","0","0","0","0","0","0","0","0","0","0","0","0","0","0","1","0","0","0","0","0","0","0","0","0","0","0","0","0","0","0","0","0","0","1","0","0","0","0","0","0","0","0","0","0","0","0","0","0","0","0","0","2","0","0","0","0","0","0","0","0","0","0","0","0","0","0","0","0","0","0","0","0","0","0","0","0","0","1","0","0","0","0","0","0","0","0","0","0","0","1","0","0","0","0","0","0","0","0","0","0","0","0","0","0","0","0","0","0","0","0","0","0","0","0","0","0","0","0","0","0","0","0","0","0","0","0","0","0","0","0","1","0","0","0","0","0","0","0","0","0","0","0","0","0","0","0","0","0","1","0","0","0","0","0","0","0","0","0","0","0","0","0","0","0","0","0","0","0","0","0","0","0","0","0","0","0","0","0","0","0","0","0","0","0","0","0","0","0","0","0","0","0","0","0","0","0","0","0","0","0","0","0","0","0","0","0","0","0","0","0","0","0","0","0","0","0","1","0","0","0","0","0","0","0","0","0","0","0","0","0","0","0","0","0","0","0","0","1","0","0","0","0","0","0","0","0","0","0","0","0","0","0","0","0","0","0","0","0","0","0","0","0","0","0","0","0","0","0","0","0","0","0","0","0","0","0","0","0","0","0","0","0","0","0","0","0","0","0","0","0","0","0","0","0","0","0","0","0","0","0","0","0","0","0","0","0","0","0","0","0","0","0","0","0","0","0","0","0","0","0","0","0"
"            Black or African American; Native Hawaiian and Other Pacific Islander; Some Other Race","0","0","0","0","0","0","0","0","0","0","0","0","0","0","0","0","0","0","0","0","0","0","0","0","0","0","0","0","0","0","0","0","0","0","0","0","0","0","0","0","0","0","0","0","0","0","0","0","0","0","0","0","0","0","0","0","0","0","0","0","0","0","0","0","0","0","0","0","1","0","0","0","0","0","0","0","0","0","0","0","0","0","0","0","0","0","0","0","0","0","0","0","0","0","0","0","0","0","0","0","0","0","0","0","0","0","0","0","0","0","0","0","0","0","0","0","0","0","0","0","0","0","0","0","0","0","0","0","0","0","0","0","0","0","0","0","0","0","0","0","0","0","0","0","0","0","0","0","0","0","0","0","0","0","0","0","0","0","0","0","0","0","0","0","0","0","0","0","0","0","0","0","0","0","0","0","0","0","0","0","0","0","0","0","0","0","0","0","0","0","0","0","0","0","0","0","0","0","0","0","1","0","0","0","0","0","0","0","0","0","0","0","0","0","0","0","0","0","0","0","0","0","0","0","0","0","0","0","0","0","0","0","0","0","0","0","0","0","0","0","0","0","0","0","0","0","0","0","0","0","0","0","0","0","0","0","0","0","0","0","0","0","0","0","0","0","0","0","0","0","0","0","0","0","0","0","0","0","0","0","0","0","0","0","0","0","0","0","0","0","0","0","0","0","0","0","0","0","0","0","0","0","0","0","0","0","0","0","0","0","0","0","0","0","0","0","0","0","0","0","0","0","0","0","0","0","0","0","0","0","0","0","0","0","0","0","0","0","0","0","0","0","0","0","0","0","0","0","0","0","0","0","0","0","0","0","0","0","0","0","0","0","0","0","0","0","0","0","0","0","0","0","0","0","0","0","0","0","0","0","0","0","0","0","0","0","0","0","0","0","0","0","0","0","0","0","0","0","0","0","0","0","0","0","0","0","0","0","0","0","0","0"
"            American Indian and Alaska Native; Asian; Native Hawaiian and Other Pacific Islander","0","0","0","0","0","0","0","0","0","0","0","0","0","0","0","0","0","0","0","0","0","0","0","0","0","0","0","0","0","0","0","0","0","0","0","0","0","0","0","0","0","0","0","0","0","0","0","0","0","0","0","0","0","0","0","0","0","0","0","0","0","0","0","0","0","0","0","0","0","0","0","0","0","0","0","0","0","0","0","0","0","0","0","0","0","0","0","0","0","0","0","0","0","0","0","0","0","0","0","0","0","0","0","0","0","0","0","0","0","0","0","0","0","0","0","0","0","0","0","0","0","0","0","0","0","0","0","0","0","0","0","0","0","0","0","0","0","0","0","0","0","0","0","0","0","0","0","0","1","1","0","0","0","0","0","0","0","0","0","0","0","0","0","0","0","0","0","0","0","0","0","0","0","0","0","0","0","0","0","0","0","0","0","0","0","0","0","0","0","0","0","0","0","0","0","0","0","0","0","0","0","0","0","0","0","0","0","0","0","0","0","0","0","0","0","0","0","0","0","0","0","0","0","0","0","0","0","0","0","0","0","0","0","0","0","0","0","0","0","0","0","0","0","0","0","0","0","0","0","0","0","0","0","0","0","0","0","0","0","0","0","0","0","0","0","1","0","0","0","0","0","0","0","0","0","0","0","0","0","0","0","0","0","0","0","0","0","0","0","0","0","0","0","0","0","0","0","0","0","0","0","0","0","0","0","0","0","0","0","0","0","0","0","0","0","0","0","0","0","0","1","0","0","0","0","0","0","0","0","0","0","0","0","0","0","0","0","0","0","0","0","0","0","0","0","0","0","0","0","0","0","0","0","0","0","0","0","0","0","0","0","0","0","0","0","0","0","0","0","0","0","0","0","0","0","0","0","0","0","0","0","0","0","0","0","0","0","0","0","0","0","0","0","0","0","0","0","0","0","0","0","0","0","0","0","0","0","0","0","0","0","0"
"            American Indian and Alaska Native; Asian; Some Other Race","0","0","0","0","0","0","0","0","0","0","0","0","0","0","0","0","0","0","0","0","0","0","0","0","0","0","0","0","0","0","0","0","0","0","0","0","0","0","0","0","0","0","0","0","0","0","0","0","0","0","0","0","0","0","0","0","0","0","0","0","0","0","0","0","0","0","0","0","0","0","0","0","0","0","0","0","0","0","0","0","0","0","0","0","0","0","0","0","1","0","0","0","0","0","0","0","0","0","0","0","0","0","0","0","0","0","0","0","0","0","0","0","0","0","0","0","0","0","0","0","0","0","0","0","0","0","0","0","0","0","0","0","0","0","0","0","0","0","0","0","0","0","0","0","0","0","0","0","1","0","0","0","0","0","0","0","0","0","0","0","0","0","0","0","0","0","0","0","0","0","0","0","0","0","0","0","0","0","0","0","0","0","0","0","0","0","0","0","0","0","0","0","0","0","0","0","0","0","0","0","0","0","0","0","0","0","0","0","1","0","0","0","0","0","0","0","0","0","0","0","0","0","0","0","0","0","0","0","0","0","0","0","0","0","0","0","0","0","0","0","0","0","0","0","0","0","0","0","0","0","0","0","0","0","0","0","0","0","0","0","0","0","0","0","0","0","0","0","0","0","0","0","0","0","0","0","0","0","0","0","0","0","0","0","0","0","1","0","0","0","0","0","0","0","0","0","0","0","0","0","0","0","0","0","0","0","0","0","0","0","0","0","0","0","0","0","0","0","0","0","0","0","0","0","0","0","0","0","0","0","0","0","0","0","0","0","0","0","0","0","0","0","0","0","0","0","0","0","0","0","0","0","0","0","0","0","0","0","0","0","0","0","0","0","0","0","0","0","0","0","0","0","0","0","0","0","0","0","0","0","0","0","0","0","0","0","0","0","0","0","0","0","0","0","0","0","0","0","0","0","0","0","0","0","0","0","0","0","0","0","0","0"
"            American Indian and Alaska Native; Native Hawaiian and Other Pacific Islander; Some Other Race","0","0","0","0","0","0","0","0","0","0","0","0","0","0","0","0","0","0","0","0","0","0","0","0","0","0","0","0","0","0","0","0","0","0","0","0","0","0","0","0","0","0","0","0","0","0","0","0","0","0","0","0","0","0","0","0","0","0","0","0","0","0","0","0","0","0","0","0","0","0","0","0","0","0","0","0","0","0","0","0","0","0","0","0","0","0","0","0","0","0","0","0","0","0","0","0","0","0","0","0","0","0","0","0","0","0","0","0","0","0","0","0","0","0","0","0","0","0","0","0","0","0","0","0","0","0","0","0","0","0","0","0","0","0","0","0","0","0","0","0","0","0","0","0","0","0","0","0","0","0","0","0","0","0","0","0","0","0","0","0","0","0","0","0","0","0","0","0","0","0","0","0","0","0","0","0","0","0","0","0","0","0","0","0","0","0","0","0","0","0","0","0","0","0","0","0","0","0","0","0","0","0","0","0","0","0","0","0","0","0","0","0","0","0","0","0","0","0","0","0","0","0","0","0","0","0","0","0","0","0","0","0","0","0","0","0","0","0","0","0","0","0","0","0","0","0","0","0","0","0","0","0","0","0","0","0","0","0","0","0","0","0","0","0","0","0","0","0","0","0","0","0","0","0","0","0","0","0","0","0","0","0","0","0","0","0","0","0","0","0","0","0","0","0","0","0","0","0","0","0","0","0","0","0","0","0","0","0","0","0","0","0","0","0","0","0","0","0","0","0","0","0","0","0","0","0","0","0","0","0","0","0","0","0","0","0","0","0","0","0","0","0","0","0","0","0","0","0","0","0","0","0","0","0","0","0","0","0","0","0","0","0","0","0","0","0","0","0","0","0","0","0","0","0","0","0","0","0","0","0","0","0","0","0","0","0","0","0","0","0","0","0","0","0","0","0","0","0","0","0","0","0","0","0","0","0","0","0","0","0","0","0"
"            Asian; Native Hawaiian and Other Pacific Islander; Some Other Race","0","0","0","0","0","0","0","0","0","0","0","1","0","0","0","0","0","0","0","0","0","0","0","0","0","0","0","0","0","0","0","0","0","0","0","0","0","0","0","0","0","0","0","0","0","0","0","0","0","0","0","0","0","0","0","1","0","0","0","0","0","0","0","0","0","0","0","0","0","0","0","0","0","0","0","0","0","0","0","0","0","0","1","0","0","0","0","0","0","0","0","0","0","0","0","0","0","0","0","0","0","0","0","0","0","0","0","0","0","0","0","0","0","1","0","0","0","0","0","0","0","0","0","0","0","0","0","0","0","0","0","0","0","0","0","0","0","0","0","0","0","0","0","0","0","0","0","0","0","0","0","0","0","0","0","0","0","0","0","0","0","0","0","0","0","0","0","0","0","0","0","0","0","0","0","0","0","0","2","1","0","0","0","0","0","0","0","0","0","0","0","0","0","0","0","0","0","0","0","0","0","1","0","0","0","0","0","0","0","0","0","0","0","0","0","0","0","0","0","0","0","0","0","0","0","0","0","0","0","0","0","0","0","0","0","0","0","0","0","0","0","0","0","0","0","0","0","0","0","0","0","0","0","0","0","0","0","0","0","0","0","0","0","0","0","0","0","0","0","0","0","0","0","0","0","0","0","0","0","0","0","0","0","0","0","0","0","0","0","0","0","0","0","0","0","0","0","0","0","0","0","0","0","0","0","0","0","0","0","0","0","0","0","0","0","0","0","0","0","0","0","0","0","0","0","1","0","0","0","0","1","0","0","0","0","0","0","0","0","0","0","0","0","0","0","0","0","0","0","0","0","0","0","0","0","0","0","0","0","1","0","0","0","0","0","0","0","0","0","0","0","0","0","0","0","0","0","0","0","0","0","0","0","0","0","0","0","0","0","0","0","0","0","0","0","0","0","0","0","0","0","0","0","0","0","0","0","0","0","0","0","0"
"        Population of four races:","1","13","5","0","3","2","0","1","5","0","1","4","10","0","0","0","2","8","1","1","9","1","0","2","2","0","4","2","10","0","2","4","0","2","0","1","0","1","3","1","5","5","0","0","7","3","0","0","3","3","0","5","1","1","0","8","0","0","0","1","1","0","0","0","0","0","2","2","0","1","0","0","0","0","0","1","0","1","0","5","1","0","7","2","2","2","1","1","0","2","1","3","1","0","2","1","1","2","0","0","1","9","0","0","0","4","8","1","0","2","1","0","0","5","1","1","0","0","0","1","0","2","0","0","0","3","0","0","0","0","3","0","0","0","0","0","1","1","0","0","0","1","5","0","2","0","1","0","1","0","1","0","1","1","2","0","4","4","1","2","0","0","0","1","0","1","3","4","2","1","2","0","4","0","4","0","2","1","3","1","2","2","0","0","0","1","1","0","0","1","3","0","1","1","0","1","1","0","2","0","3","0","3","2","1","0","2","0","1","0","0","0","0","2","1","1","0","2","1","1","2","4","0","0","0","0","0","1","0","1","0","0","0","0","0","2","0","2","0","0","3","2","1","0","3","0","0","1","2","0","6","2","6","0","0","0","0","1","0","4","1","0","1","2","3","10","0","0","2","1","0","1","0","0","1","0","1","1","0","1","0","0","0","2","2","4","3","4","0","0","3","1","1","0","9","0","1","1","0","3","0","1","0","0","2","0","3","0","1","0","1","1","0","2","0","0","1","0","2","2","0","1","1","1","0","0","0","0","0","0","1","0","0","2","0","0","0","1","0","1","0","0","2","0","2","1","1","0","1","0","1","2","0","3","4","0","2","2","1","1","3","1","1","0","1","3","1","1","0","1","1","1","3","0","0","1","1","0","0","0","1","1","2","1","0","1","0","1","2","3","1","1","0","2","0","2","0","4","2","0","3","0","3","0","2","1","1","0","0","0","0","0"
"            White; Black or African American; American Indian and Alaska Native; Asian","0","2","2","0","0","2","0","0","2","0","0","0","4","0","0","0","0","0","1","0","1","0","0","0","1","0","2","2","8","0","0","2","0","0","0","0","0","0","2","0","2","1","0","0","0","0","0","0","0","0","0","0","0","0","0","1","0","0","0","1","0","0","0","0","0","0","0","2","0","1","0","0","0","0","0","0","0","0","0","0","0","0","0","1","0","2","0","0","0","0","0","0","0","0","0","1","0","0","0","0","0","0","0","0","0","0","2","0","0","0","0","0","0","0","1","0","0","0","0","0","0","0","0","0","0","1","0","0","0","0","0","0","0","0","0","0","0","0","0","0","0","0","1","0","0","0","0","0","0","0","0","0","1","1","0","0","1","0","0","0","0","0","0","0","0","0","1","0","1","0","0","0","3","0","0","0","1","0","0","0","2","1","0","0","0","1","0","0","0","1","0","0","0","0","0","1","1","0","2","0","0","0","0","0","0","0","2","0","0","0","0","0","0","1","0","0","0","0","1","1","1","2","0","0","0","0","0","0","0","0","0","0","0","0","0","0","0","2","0","0","1","0","0","0","2","0","0","0","2","0","1","0","0","0","0","0","0","0","0","0","0","0","0","1","0","1","0","0","1","1","0","0","0","0","1","0","1","0","0","1","0","0","0","0","1","0","0","3","0","0","1","0","0","0","0","0","0","0","0","0","0","0","0","0","0","0","0","0","1","0","0","0","0","0","0","0","0","0","0","0","0","0","0","0","0","0","0","0","0","0","0","0","0","2","0","0","0","1","0","0","0","0","0","0","0","1","1","0","0","0","0","0","0","2","0","0","1","1","1","0","0","0","1","0","0","1","0","1","0","0","0","1","0","0","0","0","0","0","0","0","0","0","0","1","0","0","0","0","1","0","0","0","0","2","0","1","0","2","0","0","1","0","3","0","2","1","0","0","0","0","0","0"
"            White; Black or African American; American Indian and Alaska Native; Native Hawaiian and Other Pacific Islander","0","0","0","0","0","0","0","0","0","0","0","0","0","0","0","0","0","0","0","0","0","1","0","0","0","0","0","0","0","0","0","0","0","0","0","0","0","0","0","0","0","1","0","0","0","0","0","0","0","0","0","0","0","0","0","0","0","0","0","0","0","0","0","0","0","0","2","0","0","0","0","0","0","0","0","0","0","0","0","0","0","0","0","0","0","0","0","0","0","0","0","0","0","0","0","0","0","0","0","0","0","0","0","0","0","0","0","0","0","0","0","0","0","0","0","0","0","0","0","0","0","0","0","0","0","0","0","0","0","0","0","0","0","0","0","0","0","0","0","0","0","0","1","0","0","0","0","0","0","0","0","0","0","0","0","0","0","0","0","0","0","0","0","0","0","0","0","0","0","0","0","0","0","0","0","0","0","0","0","0","0","0","0","0","0","0","0","0","0","0","0","0","0","0","0","0","0","0","0","0","0","0","0","0","0","0","0","0","0","0","0","0","0","0","0","0","0","0","0","0","0","0","0","0","0","0","0","0","0","0","0","0","0","0","0","0","0","0","0","0","0","0","0","0","0","0","0","0","0","0","0","0","0","0","0","0","0","0","0","0","0","0","0","0","0","0","0","0","0","0","0","0","0","0","0","0","0","0","0","0","0","0","0","0","0","0","0","1","0","0","0","0","0","0","0","0","1","0","0","0","0","0","0","0","0","0","0","0","0","0","0","0","0","0","0","0","1","0","0","0","0","0","0","0","0","0","0","0","0","0","0","0","0","0","0","0","0","0","0","0","0","0","0","0","0","0","0","0","0","0","0","0","0","0","0","0","0","0","0","0","0","0","0","0","0","0","0","0","0","0","0","0","0","0","0","0","0","0","0","0","0","0","0","0","0","0","0","0","0","0","0","0","0","0","0","0","0","0","0","0","0","0","0","0","0","0","0","0","0","0","0","0"
"            White; Black or African American; American Indian and Alaska Native; Some Other Race","1","10","2","0","3","0","0","1","3","0","1","3","4","0","0","0","2","8","0","1","6","0","0","0","0","0","2","0","1","0","2","1","0","0","0","0","0","0","0","1","2","1","0","0","3","1","0","0","2","3","0","3","1","1","0","6","0","0","0","0","0","0","0","0","0","0","0","0","0","0","0","0","0","0","0","1","0","1","0","5","1","0","7","1","2","0","1","1","0","2","1","1","1","0","2","0","0","0","0","0","1","9","0","0","0","2","6","0","0","1","1","0","0","3","0","1","0","0","0","1","0","2","0","0","0","1","0","0","0","0","2","0","0","0","0","0","1","1","0","0","0","0","3","0","2","0","1","0","1","0","1","0","0","0","2","0","3","2","0","1","0","0","0","0","0","0","2","4","0","1","1","0","1","0","4","0","1","1","2","1","0","1","0","0","0","0","0","0","0","0","0","0","1","1","0","0","0","0","0","0","3","0","2","0","0","0","0","0","1","0","0","0","0","1","1","0","0","2","0","0","1","2","0","0","0","0","0","0","0","1","0","0","0","0","0","2","0","0","0","0","2","1","1","0","1","0","0","1","0","0","0","2","5","0","0","0","0","0","0","3","0","0","0","1","3","9","0","0","1","0","0","1","0","0","0","0","0","1","0","0","0","0","0","2","1","2","3","0","0","0","0","0","1","0","9","0","0","0","0","2","0","0","0","0","2","0","3","0","0","0","0","0","0","2","0","0","0","0","0","2","0","1","1","1","0","0","0","0","0","0","1","0","0","0","0","0","0","0","0","0","0","0","2","0","2","0","0","0","0","0","1","1","0","1","0","0","0","1","0","1","3","0","0","0","0","0","0","0","0","1","0","0","0","0","0","0","0","0","0","0","0","1","0","0","0","1","0","0","0","3","0","0","0","0","0","1","0","0","0","0","0","0","0","0","0","0","1","0","0","0","0","0"
"            White; Black or African American; Asian; Native Hawaiian and Other Pacific Islander","0","0","0","0","0","0","0","0","0","0","0","0","0","0","0","0","0","0","0","0","1","0","0","1","0","0","0","0","0","0","0","1","0","0","0","0","0","1","0","0","1","0","0","0","2","0","0","0","0","0","0","0","0","0","0","1","0","0","0","0","0","0","0","0","0","0","0","0","0","0","0","0","0","0","0","0","0","0","0","0","0","0","0","0","0","0","0","0","0","0","0","0","0","0","0","0","0","0","0","0","0","0","0","0","0","0","0","0","0","0","0","0","0","0","0","0","0","0","0","0","0","0","0","0","0","0","0","0","0","0","0","0","0","0","0","0","0","0","0","0","0","0","0","0","0","0","0","0","0","0","0","0","0","0","0","0","0","0","0","1","0","0","0","0","0","0","0","0","0","0","0","0","0","0","0","0","0","0","0","0","0","0","0","0","0","0","0","0","0","0","2","0","0","0","0","0","0","0","0","0","0","0","0","0","0","0","0","0","0","0","0","0","0","0","0","0","0","0","0","0","0","0","0","0","0","0","0","0","0","0","0","0","0","0","0","0","0","0","0","0","0","0","0","0","0","0","0","0","0","0","2","0","0","0","0","0","0","0","0","0","0","0","0","0","0","0","0","0","0","0","0","0","0","0","0","0","0","0","0","0","0","0","0","0","0","1","0","0","0","0","0","1","0","0","0","0","0","1","0","0","0","0","0","0","0","0","0","0","0","0","1","0","0","0","0","0","0","0","0","0","0","0","0","0","0","0","0","0","0","0","0","0","0","0","0","0","0","0","0","0","0","0","0","0","0","0","0","0","0","0","0","0","0","0","0","0","0","0","0","0","0","0","0","0","0","0","0","0","0","0","0","0","0","0","0","1","0","0","0","0","0","0","0","0","0","0","0","0","0","0","0","0","0","0","0","0","0","0","0","0","0","0","0","0","0","0","0","0","0","0","0","0"
"            White; Black or African American; Asian; Some Other Race","0","0","0","0","0","0","0","0","0","0","0","1","0","0","0","0","0","0","0","0","0","0","0","0","1","0","0","0","0","0","0","0","0","0","0","0","0","0","0","0","0","0","0","0","0","1","0","0","0","0","0","2","0","0","0","0","0","0","0","0","0","0","0","0","0","0","0","0","0","0","0","0","0","0","0","0","0","0","0","0","0","0","0","0","0","0","0","0","0","0","0","1","0","0","0","0","1","2","0","0","0","0","0","0","0","2","0","0","0","1","0","0","0","0","0","0","0","0","0","0","0","0","0","0","0","1","0","0","0","0","1","0","0","0","0","0","0","0","0","0","0","0","0","0","0","0","0","0","0","0","0","0","0","0","0","0","0","0","0","0","0","0","0","0","0","1","0","0","0","0","0","0","0","0","0","0","0","0","0","0","0","0","0","0","0","0","0","0","0","0","0","0","0","0","0","0","0","0","0","0","0","0","0","2","1","0","0","0","0","0","0","0","0","0","0","0","0","0","0","0","0","0","0","0","0","0","0","1","0","0","0","0","0","0","0","0","0","0","0","0","0","0","0","0","0","0","0","0","0","0","2","0","0","0","0","0","0","0","0","1","0","0","0","0","0","0","0","0","0","0","0","0","0","0","0","0","0","0","0","0","0","0","0","0","0","0","0","0","0","0","2","0","0","0","0","0","0","0","0","0","0","0","0","0","0","0","0","0","0","0","0","0","0","0","0","0","0","0","0","0","0","0","0","0","0","0","0","0","0","0","0","0","0","0","0","0","0","0","0","0","0","0","0","0","0","0","0","0","0","0","0","0","0","0","0","0","0","0","0","0","0","0","0","0","0","0","0","0","0","0","0","0","0","0","0","0","0","0","0","0","0","0","0","0","0","0","0","0","0","0","0","0","0","0","0","0","0","0","0","0","0","0","0","0","0","0","0","0","0","0","0","0"
"            White; Black or African American; Native Hawaiian and Other Pacific Islander; Some Other Race","0","0","0","0","0","0","0","0","0","0","0","0","0","0","0","0","0","0","0","0","1","0","0","1","0","0","0","0","1","0","0","0","0","0","0","0","0","0","1","0","0","0","0","0","2","1","0","0","0","0","0","0","0","0","0","0","0","0","0","0","1","0","0","0","0","0","0","0","0","0","0","0","0","0","0","0","0","0","0","0","0","0","0","0","0","0","0","0","0","0","0","1","0","0","0","0","0","0","0","0","0","0","0","0","0","0","0","0","0","0","0","0","0","0","0","0","0","0","0","0","0","0","0","0","0","0","0","0","0","0","0","0","0","0","0","0","0","0","0","0","0","0","0","0","0","0","0","0","0","0","0","0","0","0","0","0","0","0","0","0","0","0","0","0","0","0","0","0","0","0","0","0","0","0","0","0","0","0","0","0","0","0","0","0","0","0","0","0","0","0","0","0","0","0","0","0","0","0","0","0","0","0","0","0","0","0","0","0","0","0","0","0","0","0","0","0","0","0","0","0","0","0","0","0","0","0","0","0","0","0","0","0","0","0","0","0","0","0","0","0","0","0","0","0","0","0","0","0","0","0","1","0","0","0","0","0","0","0","0","0","0","0","0","0","0","0","0","0","0","0","0","0","0","0","0","0","0","0","0","0","0","0","0","0","0","0","0","0","0","0","0","0","0","0","0","0","0","0","0","0","0","0","0","0","0","0","0","0","0","0","0","0","0","0","0","0","0","0","0","0","0","0","0","0","0","0","0","0","0","0","0","0","0","0","0","0","0","0","0","0","0","0","0","0","0","0","0","0","0","0","0","0","0","0","0","0","1","0","0","0","0","0","0","0","0","0","0","0","0","0","1","0","0","0","0","0","1","0","0","0","0","0","1","0","0","0","0","1","0","0","1","0","0","0","0","0","0","0","0","0","0","0","0","0","0","0","0","0","0","0","0","0"
"            White; American Indian and Alaska Native; Asian; Native Hawaiian and Other Pacific Islander","0","0","0","0","0","0","0","0","0","0","0","0","0","0","0","0","0","0","0","0","0","0","0","0","0","0","0","0","0","0","0","0","0","1","0","0","0","0","0","0","0","1","0","0","0","0","0","0","0","0","0","0","0","0","0","0","0","0","0","0","0","0","0","0","0","0","0","0","0","0","0","0","0","0","0","0","0","0","0","0","0","0","0","0","0","0","0","0","0","0","0","0","0","0","0","0","0","0","0","0","0","0","0","0","0","0","0","0","0","0","0","0","0","0","0","0","0","0","0","0","0","0","0","0","0","0","0","0","0","0","0","0","0","0","0","0","0","0","0","0","0","0","0","0","0","0","0","0","0","0","0","0","0","0","0","0","0","0","0","0","0","0","0","0","0","0","0","0","0","0","0","0","0","0","0","0","0","0","1","0","0","0","0","0","0","0","1","0","0","0","0","0","0","0","0","0","0","0","0","0","0","0","0","0","0","0","0","0","0","0","0","0","0","0","0","1","0","0","0","0","0","0","0","0","0","0","0","0","0","0","0","0","0","0","0","0","0","0","0","0","0","0","0","0","0","0","0","0","0","0","0","0","0","0","0","0","0","0","0","0","1","0","1","0","0","0","0","0","0","0","0","0","0","0","0","0","0","0","0","0","0","0","0","0","0","0","0","0","0","0","0","0","0","0","0","0","0","0","0","0","0","0","0","0","0","0","0","0","0","0","0","0","0","0","0","0","0","0","2","0","0","0","0","0","0","0","0","0","0","0","0","0","0","0","0","0","0","0","0","0","0","0","0","0","0","0","0","0","0","0","0","0","0","0","0","0","0","0","0","0","0","1","0","0","0","0","0","0","0","0","0","0","0","0","0","0","0","0","0","0","0","0","0","0","0","0","0","0","0","0","0","0","0","0","0","0","0","0","0","0","0","0","0","0","0","0","0","0","0","0","0","0"
"            White; American Indian and Alaska Native; Asian; Some Other Race","0","1","0","0","0","0","0","0","0","0","0","0","0","0","0","0","0","0","0","0","0","0","0","0","0","0","0","0","0","0","0","0","0","0","0","0","0","0","0","0","0","1","0","0","0","0","0","0","0","0","0","0","0","0","0","0","0","0","0","0","0","0","0","0","0","0","0","0","0","0","0","0","0","0","0","0","0","0","0","0","0","0","0","0","0","0","0","0","0","0","0","0","0","0","0","0","0","0","0","0","0","0","0","0","0","0","0","0","0","0","0","0","0","1","0","0","0","0","0","0","0","0","0","0","0","0","0","0","0","0","0","0","0","0","0","0","0","0","0","0","0","0","0","0","0","0","0","0","0","0","0","0","0","0","0","0","0","2","1","0","0","0","0","0","0","0","0","0","0","0","0","0","0","0","0","0","0","0","0","0","0","0","0","0","0","0","0","0","0","0","1","0","0","0","0","0","0","0","0","0","0","0","0","0","0","0","0","0","0","0","0","0","0","0","0","0","0","0","0","0","0","0","0","0","0","0","0","0","0","0","0","0","0","0","0","0","0","0","0","0","0","0","0","0","0","0","0","0","0","0","0","0","0","0","0","0","0","0","0","0","0","0","0","0","0","0","0","0","0","0","0","0","0","0","0","0","0","0","0","0","0","0","0","0","0","0","0","0","0","0","0","0","0","0","0","0","0","0","0","1","0","1","0","0","0","0","0","0","0","0","0","0","0","0","0","0","0","0","0","0","0","0","0","0","0","0","0","0","0","0","0","0","0","0","0","0","0","0","0","0","0","0","0","0","0","0","0","0","0","0","0","0","0","0","0","0","0","0","0","0","0","0","0","0","0","0","0","0","0","0","0","0","0","0","0","0","0","0","0","0","0","0","0","0","0","0","0","0","0","0","0","0","0","0","0","0","0","0","0","0","0","0","0","0","0","0","0","0","0","0","0","0"
"            White; American Indian and Alaska Native; Native Hawaiian and Other Pacific Islander; Some Other Race","0","0","0","0","0","0","0","0","0","0","0","0","0","0","0","0","0","0","0","0","0","0","0","0","0","0","0","0","0","0","0","0","0","0","0","0","0","0","0","0","0","0","0","0","0","0","0","0","0","0","0","0","0","0","0","0","0","0","0","0","0","0","0","0","0","0","0","0","0","0","0","0","0","0","0","0","0","0","0","0","0","0","0","0","0","0","0","0","0","0","0","0","0","0","0","0","0","0","0","0","0","0","0","0","0","0","0","0","0","0","0","0","0","0","0","0","0","0","0","0","0","0","0","0","0","0","0","0","0","0","0","0","0","0","0","0","0","0","0","0","0","0","0","0","0","0","0","0","0","0","0","0","0","0","0","0","0","0","0","0","0","0","0","0","0","0","0","0","0","0","0","0","0","0","0","0","0","0","0","0","0","0","0","0","0","0","0","0","0","0","0","0","0","0","0","0","0","0","0","0","0","0","0","0","0","0","0","0","0","0","0","0","0","0","0","0","0","0","0","0","0","0","0","0","0","0","0","0","0","0","0","0","0","0","0","0","0","0","0","0","0","0","0","0","0","0","0","0","0","0","0","0","0","0","0","0","0","0","0","0","0","0","0","0","0","0","0","0","0","0","0","0","0","0","0","0","0","0","0","0","0","0","0","0","0","0","0","0","0","0","0","0","0","0","0","0","0","0","0","0","0","0","0","0","0","0","0","0","0","0","0","0","0","0","0","0","0","0","0","0","0","0","0","0","0","0","0","0","0","0","0","0","0","0","0","0","0","0","0","0","0","0","0","0","0","0","0","0","0","0","0","0","0","0","0","0","0","0","0","0","0","0","0","0","0","0","0","0","0","0","0","0","0","0","0","0","0","0","0","0","0","0","0","0","0","0","0","0","0","0","0","0","0","0","0","0","0","0","0","0","0","0","0","0","0","0","0","0","0","0","0","0"
"            White; Asian; Native Hawaiian and Other Pacific Islander; Some Other Race","0","0","0","0","0","0","0","0","0","0","0","0","0","0","0","0","0","0","0","0","0","0","0","0","0","0","0","0","0","0","0","0","0","1","0","1","0","0","0","0","0","0","0","0","0","0","0","0","0","0","0","0","0","0","0","0","0","0","0","0","0","0","0","0","0","0","0","0","0","0","0","0","0","0","0","0","0","0","0","0","0","0","0","0","0","0","0","0","0","0","0","0","0","0","0","0","0","0","0","0","0","0","0","0","0","0","0","0","0","0","0","0","0","1","0","0","0","0","0","0","0","0","0","0","0","0","0","0","0","0","0","0","0","0","0","0","0","0","0","0","0","0","0","0","0","0","0","0","0","0","0","0","0","0","0","0","0","0","0","0","0","0","0","0","0","0","0","0","0","0","0","0","0","0","0","0","0","0","0","0","0","0","0","0","0","0","0","0","0","0","0","0","0","0","0","0","0","0","0","0","0","0","1","0","0","0","0","0","0","0","0","0","0","0","0","0","0","0","0","0","0","0","0","0","0","0","0","0","0","0","0","0","0","0","0","0","0","0","0","0","0","0","0","0","0","0","0","0","0","0","0","0","0","0","0","0","0","0","0","0","0","0","0","0","0","0","0","0","0","0","0","0","0","0","0","0","0","0","0","0","0","0","0","0","0","0","0","0","0","0","0","0","0","0","0","0","0","0","0","0","0","0","0","0","0","0","0","0","0","0","0","0","0","0","0","0","0","0","0","0","0","0","0","0","0","0","0","0","0","0","0","0","0","0","0","0","0","0","0","0","0","0","0","0","0","0","0","0","0","0","0","1","0","0","1","0","0","0","0","0","0","0","0","0","1","0","0","0","0","0","0","0","0","0","0","0","0","0","0","0","1","0","1","0","0","0","0","0","0","0","0","0","0","0","0","0","0","2","0","0","2","0","0","0","0","0","0","0","0","0","0","0"
"            Black or African American; American Indian and Alaska Native; Asian; Native Hawaiian and Other Pacific Islander","0","0","0","0","0","0","0","0","0","0","0","0","0","0","0","0","0","0","0","0","0","0","0","0","0","0","0","0","0","0","0","0","0","0","0","0","0","0","0","0","0","0","0","0","0","0","0","0","0","0","0","0","0","0","0","0","0","0","0","0","0","0","0","0","0","0","0","0","0","0","0","0","0","0","0","0","0","0","0","0","0","0","0","0","0","0","0","0","0","0","0","0","0","0","0","0","0","0","0","0","0","0","0","0","0","0","0","0","0","0","0","0","0","0","0","0","0","0","0","0","0","0","0","0","0","0","0","0","0","0","0","0","0","0","0","0","0","0","0","0","0","0","0","0","0","0","0","0","0","0","0","0","0","0","0","0","0","0","0","0","0","0","0","0","0","0","0","0","0","0","0","0","0","0","0","0","0","0","0","0","0","0","0","0","0","0","0","0","0","0","0","0","0","0","0","0","0","0","0","0","0","0","0","0","0","0","0","0","0","0","0","0","0","0","0","0","0","0","0","0","0","0","0","0","0","0","0","0","0","0","0","0","0","0","0","0","0","0","0","0","0","0","0","0","0","0","0","0","0","0","0","0","0","0","0","0","0","0","0","0","0","0","0","0","0","0","0","0","0","0","0","0","0","0","0","0","0","0","0","0","0","0","0","0","0","0","0","0","0","0","0","0","0","0","0","0","0","0","0","0","0","0","0","0","0","0","0","0","0","0","0","0","0","0","0","0","0","0","0","0","0","0","0","0","0","0","0","0","0","0","0","0","0","0","0","0","0","0","0","0","0","0","0","0","0","0","0","0","0","0","0","0","0","0","2","0","0","0","0","0","0","0","0","0","0","0","0","0","0","0","0","0","0","0","0","0","0","0","0","0","0","0","0","0","0","0","0","0","0","0","0","1","0","0","0","0","0","0","1","0","0","0","0","0","0","0","0","0","0","0","0","0"
"            Black or African American; American Indian and Alaska Native; Asian; Some Other Race","0","0","0","0","0","0","0","0","0","0","0","0","0","0","0","0","0","0","0","0","0","0","0","0","0","0","0","0","0","0","0","0","0","0","0","0","0","0","0","0","0","0","0","0","0","0","0","0","0","0","0","0","0","0","0","0","0","0","0","0","0","0","0","0","0","0","0","0","0","0","0","0","0","0","0","0","0","0","0","0","0","0","0","0","0","0","0","0","0","0","0","0","0","0","0","0","0","0","0","0","0","0","0","0","0","0","0","1","0","0","0","0","0","0","0","0","0","0","0","0","0","0","0","0","0","0","0","0","0","0","0","0","0","0","0","0","0","0","0","0","0","1","0","0","0","0","0","0","0","0","0","0","0","0","0","0","0","0","0","0","0","0","0","0","0","0","0","0","0","0","0","0","0","0","0","0","0","0","0","0","0","0","0","0","0","0","0","0","0","0","0","0","0","0","0","0","0","0","0","0","0","0","0","0","0","0","0","0","0","0","0","0","0","0","0","0","0","0","0","0","0","0","0","0","0","0","0","0","0","0","0","0","0","0","0","0","0","0","0","0","0","0","0","0","0","0","0","0","0","0","0","0","1","0","0","0","0","0","0","0","0","0","0","0","0","0","0","0","0","0","0","0","0","0","0","0","0","0","0","0","0","0","0","0","0","0","0","0","0","0","0","0","0","0","0","0","0","0","0","0","0","0","0","0","0","0","0","0","0","0","0","0","0","0","0","0","0","0","0","0","0","0","0","0","0","0","0","0","0","0","0","0","0","0","0","0","0","0","0","0","0","0","0","0","0","0","0","0","0","0","0","0","0","0","0","0","0","0","0","0","0","0","0","0","0","0","0","0","0","0","0","0","1","0","0","0","0","0","0","0","0","0","0","0","0","0","0","0","0","0","0","0","0","0","0","0","0","0","0","0","0","0","0","0","0","0","0","0","0","0","0","0"
"            Black or African American; American Indian and Alaska Native; Native Hawaiian and Other Pacific Islander; Some Other Race","0","0","0","0","0","0","0","0","0","0","0","0","0","0","0","0","0","0","0","0","0","0","0","0","0","0","0","0","0","0","0","0","0","0","0","0","0","0","0","0","0","0","0","0","0","0","0","0","0","0","0","0","0","0","0","0","0","0","0","0","0","0","0","0","0","0","0","0","0","0","0","0","0","0","0","0","0","0","0","0","0","0","0","0","0","0","0","0","0","0","0","0","0","0","0","0","0","0","0","0","0","0","0","0","0","0","0","0","0","0","0","0","0","0","0","0","0","0","0","0","0","0","0","0","0","0","0","0","0","0","0","0","0","0","0","0","0","0","0","0","0","0","0","0","0","0","0","0","0","0","0","0","0","0","0","0","0","0","0","0","0","0","0","0","0","0","0","0","0","0","0","0","0","0","0","0","0","0","0","0","0","0","0","0","0","0","0","0","0","0","0","0","0","0","0","0","0","0","0","0","0","0","0","0","0","0","0","0","0","0","0","0","0","0","0","0","0","0","0","0","0","0","0","0","0","0","0","0","0","0","0","0","0","0","0","0","0","0","0","0","0","0","0","0","0","0","0","0","0","0","0","0","0","0","0","0","0","0","0","0","0","0","0","0","0","0","0","0","0","0","0","0","0","0","0","0","0","0","0","0","0","0","0","0","0","0","0","0","0","0","0","0","0","0","0","0","0","0","0","0","0","0","0","0","0","0","0","0","0","0","0","0","0","0","0","0","0","0","0","0","0","0","0","0","0","0","0","0","0","0","0","0","0","0","0","0","0","0","0","0","0","0","0","0","0","0","0","0","0","0","0","0","0","0","0","0","0","0","0","0","0","0","0","0","0","0","0","0","0","0","0","0","0","0","0","0","0","0","0","0","0","0","0","0","0","0","0","0","0","0","0","0","0","0","0","0","0","0","0","0","0","0","0","0","0","0","0","0","0","0","0","0"
"            Black or African American; Asian; Native Hawaiian and Other Pacific Islander; Some Other Race","0","0","1","0","0","0","0","0","0","0","0","0","2","0","0","0","0","0","0","0","0","0","0","0","0","0","0","0","0","0","0","0","0","0","0","0","0","0","0","0","0","0","0","0","0","0","0","0","1","0","0","0","0","0","0","0","0","0","0","0","0","0","0","0","0","0","0","0","0","0","0","0","0","0","0","0","0","0","0","0","0","0","0","0","0","0","0","0","0","0","0","0","0","0","0","0","0","0","0","0","0","0","0","0","0","0","0","0","0","0","0","0","0","0","0","0","0","0","0","0","0","0","0","0","0","0","0","0","0","0","0","0","0","0","0","0","0","0","0","0","0","0","0","0","0","0","0","0","0","0","0","0","0","0","0","0","0","0","0","0","0","0","0","1","0","0","0","0","1","0","0","0","0","0","0","0","0","0","0","0","0","0","0","0","0","0","0","0","0","0","0","0","0","0","0","0","0","0","0","0","0","0","0","0","0","0","0","0","0","0","0","0","0","0","0","0","0","0","0","0","0","0","0","0","0","0","0","0","0","0","0","0","0","0","0","0","0","0","0","0","0","0","0","0","0","0","0","0","0","0","0","0","0","0","0","0","0","0","0","0","0","0","0","0","0","0","0","0","0","0","0","0","0","0","0","0","0","0","0","0","0","0","0","0","0","1","0","0","0","0","0","0","0","0","0","0","0","0","0","0","0","0","0","0","0","0","0","0","0","0","0","1","0","0","0","0","0","0","0","0","0","0","0","0","0","0","0","0","0","0","0","0","0","0","0","0","0","0","0","1","0","0","0","0","0","0","0","0","1","0","0","0","0","0","1","0","0","0","0","0","0","0","0","0","0","2","1","0","0","0","0","0","2","0","0","0","0","0","0","0","0","0","0","0","0","0","0","0","0","0","0","0","0","0","0","0","0","0","1","0","0","0","0","0","0","0","0","0","0","0","0","0"
"            American Indian and Alaska Native; Asian; Native Hawaiian and Other Pacific Islander; Some Other Race","0","0","0","0","0","0","0","0","0","0","0","0","0","0","0","0","0","0","0","0","0","0","0","0","0","0","0","0","0","0","0","0","0","0","0","0","0","0","0","0","0","0","0","0","0","0","0","0","0","0","0","0","0","0","0","0","0","0","0","0","0","0","0","0","0","0","0","0","0","0","0","0","0","0","0","0","0","0","0","0","0","0","0","0","0","0","0","0","0","0","0","0","0","0","0","0","0","0","0","0","0","0","0","0","0","0","0","0","0","0","0","0","0","0","0","0","0","0","0","0","0","0","0","0","0","0","0","0","0","0","0","0","0","0","0","0","0","0","0","0","0","0","0","0","0","0","0","0","0","0","0","0","0","0","0","0","0","0","0","0","0","0","0","0","0","0","0","0","0","0","1","0","0","0","0","0","0","0","0","0","0","0","0","0","0","0","0","0","0","0","0","0","0","0","0","0","0","0","0","0","0","0","0","0","0","0","0","0","0","0","0","0","0","0","0","0","0","0","0","0","0","0","0","0","0","0","0","0","0","0","0","0","0","0","0","0","0","0","0","0","0","1","0","0","0","0","0","0","0","0","0","0","0","0","0","0","0","1","0","0","0","0","0","0","0","0","0","0","0","0","0","0","0","0","0","0","0","0","0","0","0","0","0","0","0","0","0","0","0","0","0","0","0","0","0","0","0","0","0","0","0","0","0","0","0","0","0","0","0","0","0","0","0","0","0","0","0","0","0","0","0","0","0","0","0","0","0","0","0","0","0","0","0","0","0","0","0","0","0","0","0","0","0","0","0","0","0","0","0","0","0","0","0","0","0","0","0","0","0","0","0","0","0","0","0","0","0","0","0","0","0","0","0","0","0","0","0","0","0","0","0","0","0","0","0","0","0","0","1","0","0","0","0","0","0","0","0","0","0","0","0","0","0","0","0","0","0","0","0","0","0","0"
"        Population of five races:","0","0","0","0","0","0","0","1","1","0","0","0","1","0","0","0","0","0","0","0","1","0","0","0","0","0","0","0","2","0","0","0","0","0","0","0","0","0","0","0","0","1","0","0","0","0","0","0","1","0","0","0","0","0","0","0","0","0","0","0","0","0","0","0","0","0","0","1","0","0","0","1","0","0","0","0","0","0","0","0","0","0","0","0","0","0","1","1","1","0","0","1","0","0","0","0","0","0","0","0","0","0","0","0","0","0","1","0","0","0","0","0","0","0","0","0","0","0","0","0","0","0","0","0","0","0","0","0","0","0","0","0","0","0","0","0","0","0","0","0","0","0","0","0","0","0","0","0","1","0","0","0","0","0","0","0","0","0","0","0","0","0","0","0","2","0","0","0","0","0","0","0","0","0","0","0","0","0","0","1","0","0","0","0","0","0","0","0","0","0","0","0","0","0","0","0","0","0","0","0","0","0","0","0","1","0","0","0","1","0","0","0","0","1","0","0","0","0","0","0","0","0","0","0","0","0","0","0","0","0","0","0","0","0","0","1","0","0","0","0","0","0","1","0","0","0","0","0","0","0","0","0","0","0","0","0","1","0","0","0","0","0","0","0","0","0","0","0","0","0","0","1","0","0","0","1","0","0","0","0","1","0","0","0","0","0","0","0","0","0","0","0","2","0","0","0","0","0","1","0","0","0","0","0","0","0","1","0","0","0","0","0","0","0","0","0","0","0","0","1","0","0","0","1","0","0","0","0","0","0","0","2","0","0","0","1","0","0","0","0","1","0","0","0","0","0","0","0","0","0","0","0","0","0","0","0","0","0","0","0","0","0","1","0","0","0","0","0","0","0","0","0","1","0","0","0","0","0","0","0","0","0","0","0","0","0","0","0","0","1","0","0","0","0","0","0","0","0","0","0","0","0","1","0","0","0","0","0","0","0","0","0"
"            White; Black or African American; American Indian and Alaska Native; Asian; Native Hawaiian and Other Pacific Islander","0","0","0","0","0","0","0","0","0","0","0","0","0","0","0","0","0","0","0","0","0","0","0","0","0","0","0","0","0","0","0","0","0","0","0","0","0","0","0","0","0","1","0","0","0","0","0","0","0","0","0","0","0","0","0","0","0","0","0","0","0","0","0","0","0","0","0","0","0","0","0","0","0","0","0","0","0","0","0","0","0","0","0","0","0","0","0","0","0","0","0","0","0","0","0","0","0","0","0","0","0","0","0","0","0","0","0","0","0","0","0","0","0","0","0","0","0","0","0","0","0","0","0","0","0","0","0","0","0","0","0","0","0","0","0","0","0","0","0","0","0","0","0","0","0","0","0","0","1","0","0","0","0","0","0","0","0","0","0","0","0","0","0","0","0","0","0","0","0","0","0","0","0","0","0","0","0","0","0","0","0","0","0","0","0","0","0","0","0","0","0","0","0","0","0","0","0","0","0","0","0","0","0","0","1","0","0","0","1","0","0","0","0","0","0","0","0","0","0","0","0","0","0","0","0","0","0","0","0","0","0","0","0","0","0","1","0","0","0","0","0","0","1","0","0","0","0","0","0","0","0","0","0","0","0","0","0","0","0","0","0","0","0","0","0","0","0","0","0","0","0","0","0","0","0","1","0","0","0","0","0","0","0","0","0","0","0","0","0","0","0","0","0","0","0","0","0","0","0","0","0","0","0","0","0","0","0","0","0","0","0","0","0","0","0","0","0","0","0","1","0","0","0","1","0","0","0","0","0","0","0","2","0","0","0","0","0","0","0","0","0","0","0","0","0","0","0","0","0","0","0","0","0","0","0","0","0","0","0","0","0","0","0","0","0","0","0","0","0","0","0","0","0","0","0","0","0","0","0","0","0","0","0","0","0","0","0","0","0","0","0","0","0","0","0","0","0","0","0","0","0","0","0","0","0","0","0","0","0","0","0","0"
"            White; Black or African American; American Indian and Alaska Native; Asian; Some Other Race","0","0","0","0","0","0","0","1","1","0","0","0","1","0","0","0","0","0","0","0","0","0","0","0","0","0","0","0","2","0","0","0","0","0","0","0","0","0","0","0","0","0","0","0","0","0","0","0","1","0","0","0","0","0","0","0","0","0","0","0","0","0","0","0","0","0","0","1","0","0","0","0","0","0","0","0","0","0","0","0","0","0","0","0","0","0","1","0","1","0","0","1","0","0","0","0","0","0","0","0","0","0","0","0","0","0","0","0","0","0","0","0","0","0","0","0","0","0","0","0","0","0","0","0","0","0","0","0","0","0","0","0","0","0","0","0","0","0","0","0","0","0","0","0","0","0","0","0","0","0","0","0","0","0","0","0","0","0","0","0","0","0","0","0","0","0","0","0","0","0","0","0","0","0","0","0","0","0","0","0","0","0","0","0","0","0","0","0","0","0","0","0","0","0","0","0","0","0","0","0","0","0","0","0","0","0","0","0","0","0","0","0","0","0","0","0","0","0","0","0","0","0","0","0","0","0","0","0","0","0","0","0","0","0","0","0","0","0","0","0","0","0","0","0","0","0","0","0","0","0","0","0","0","0","0","0","0","0","0","0","0","0","0","0","0","0","0","0","0","0","0","0","0","0","0","0","0","0","0","0","0","0","0","0","0","0","0","0","0","0","0","0","2","0","0","0","0","0","0","0","0","0","0","0","0","0","1","0","0","0","0","0","0","0","0","0","0","0","0","0","0","0","0","0","0","0","0","0","0","0","0","0","0","0","0","1","0","0","0","0","1","0","0","0","0","0","0","0","0","0","0","0","0","0","0","0","0","0","0","0","0","0","1","0","0","0","0","0","0","0","0","0","1","0","0","0","0","0","0","0","0","0","0","0","0","0","0","0","0","1","0","0","0","0","0","0","0","0","0","0","0","0","1","0","0","0","0","0","0","0","0","0"
"            White; Black or African American; American Indian and Alaska Native; Native Hawaiian and Other Pacific Islander; Some Other Race","0","0","0","0","0","0","0","0","0","0","0","0","0","0","0","0","0","0","0","0","0","0","0","0","0","0","0","0","0","0","0","0","0","0","0","0","0","0","0","0","0","0","0","0","0","0","0","0","0","0","0","0","0","0","0","0","0","0","0","0","0","0","0","0","0","0","0","0","0","0","0","0","0","0","0","0","0","0","0","0","0","0","0","0","0","0","0","0","0","0","0","0","0","0","0","0","0","0","0","0","0","0","0","0","0","0","0","0","0","0","0","0","0","0","0","0","0","0","0","0","0","0","0","0","0","0","0","0","0","0","0","0","0","0","0","0","0","0","0","0","0","0","0","0","0","0","0","0","0","0","0","0","0","0","0","0","0","0","0","0","0","0","0","0","0","0","0","0","0","0","0","0","0","0","0","0","0","0","0","0","0","0","0","0","0","0","0","0","0","0","0","0","0","0","0","0","0","0","0","0","0","0","0","0","0","0","0","0","0","0","0","0","0","0","0","0","0","0","0","0","0","0","0","0","0","0","0","0","0","0","0","0","0","0","0","0","0","0","0","0","0","0","0","0","0","0","0","0","0","0","0","0","0","0","0","0","0","0","0","0","0","0","0","0","0","0","0","0","0","0","0","0","0","0","0","0","0","0","0","0","0","0","0","0","0","0","0","0","0","0","0","0","0","0","0","0","0","0","0","0","0","0","0","0","0","0","0","0","0","0","0","0","0","0","0","0","0","0","0","0","0","0","0","0","0","0","0","0","0","0","0","0","0","0","0","0","0","0","0","0","0","0","0","0","0","0","0","0","0","0","0","0","0","0","0","0","0","0","0","0","0","0","0","0","0","0","0","0","0","0","0","0","0","0","0","0","0","0","0","0","0","0","0","0","0","0","0","0","0","0","0","0","0","0","0","0","0","0","0","0","0","0","0","0","0","0","0","0","0","0","0","0"
"            White; Black or African American; Asian; Native Hawaiian and Other Pacific Islander; Some Other Race","0","0","0","0","0","0","0","0","0","0","0","0","0","0","0","0","0","0","0","0","1","0","0","0","0","0","0","0","0","0","0","0","0","0","0","0","0","0","0","0","0","0","0","0","0","0","0","0","0","0","0","0","0","0","0","0","0","0","0","0","0","0","0","0","0","0","0","0","0","0","0","1","0","0","0","0","0","0","0","0","0","0","0","0","0","0","0","1","0","0","0","0","0","0","0","0","0","0","0","0","0","0","0","0","0","0","1","0","0","0","0","0","0","0","0","0","0","0","0","0","0","0","0","0","0","0","0","0","0","0","0","0","0","0","0","0","0","0","0","0","0","0","0","0","0","0","0","0","0","0","0","0","0","0","0","0","0","0","0","0","0","0","0","0","2","0","0","0","0","0","0","0","0","0","0","0","0","0","0","1","0","0","0","0","0","0","0","0","0","0","0","0","0","0","0","0","0","0","0","0","0","0","0","0","0","0","0","0","0","0","0","0","0","1","0","0","0","0","0","0","0","0","0","0","0","0","0","0","0","0","0","0","0","0","0","0","0","0","0","0","0","0","0","0","0","0","0","0","0","0","0","0","0","0","0","0","1","0","0","0","0","0","0","0","0","0","0","0","0","0","0","1","0","0","0","0","0","0","0","0","1","0","0","0","0","0","0","0","0","0","0","0","0","0","0","0","0","0","1","0","0","0","0","0","0","0","0","0","0","0","0","0","0","0","0","0","0","0","0","0","0","0","0","0","0","0","0","0","0","0","0","0","0","0","0","0","0","0","0","0","0","0","0","0","0","0","0","0","0","0","0","0","0","0","0","0","0","0","0","0","0","0","0","0","0","0","0","0","0","0","0","0","0","0","0","0","0","0","0","0","0","0","0","0","0","0","0","0","0","0","0","0","0","0","0","0","0","0","0","0","0","0","0","0","0","0","0","0","0","0","0","0"
"            White; American Indian and Alaska Native; Asian; Native Hawaiian and Other Pacific Islander; Some Other Race","0","0","0","0","0","0","0","0","0","0","0","0","0","0","0","0","0","0","0","0","0","0","0","0","0","0","0","0","0","0","0","0","0","0","0","0","0","0","0","0","0","0","0","0","0","0","0","0","0","0","0","0","0","0","0","0","0","0","0","0","0","0","0","0","0","0","0","0","0","0","0","0","0","0","0","0","0","0","0","0","0","0","0","0","0","0","0","0","0","0","0","0","0","0","0","0","0","0","0","0","0","0","0","0","0","0","0","0","0","0","0","0","0","0","0","0","0","0","0","0","0","0","0","0","0","0","0","0","0","0","0","0","0","0","0","0","0","0","0","0","0","0","0","0","0","0","0","0","0","0","0","0","0","0","0","0","0","0","0","0","0","0","0","0","0","0","0","0","0","0","0","0","0","0","0","0","0","0","0","0","0","0","0","0","0","0","0","0","0","0","0","0","0","0","0","0","0","0","0","0","0","0","0","0","0","0","0","0","0","0","0","0","0","0","0","0","0","0","0","0","0","0","0","0","0","0","0","0","0","0","0","0","0","0","0","0","0","0","0","0","0","0","0","0","0","0","0","0","0","0","0","0","0","0","0","0","0","0","0","0","0","0","0","0","0","0","0","0","0","0","0","0","0","0","0","0","0","0","0","0","0","0","0","0","0","0","0","0","0","0","0","0","0","0","0","0","0","0","0","0","0","0","0","0","0","0","0","0","0","0","0","0","0","0","0","0","0","0","0","0","0","0","0","0","0","0","0","0","0","0","0","0","0","0","0","0","0","0","0","0","0","0","0","0","0","0","0","0","0","0","0","0","0","0","0","0","0","0","0","0","0","0","0","0","0","0","0","0","0","0","0","0","0","0","0","0","0","0","0","0","0","0","0","0","0","0","0","0","0","0","0","0","0","0","0","0","0","0","0","0","0","0","0","0","0","0","0","0","0","0","0","0"
"            Black or African American; American Indian and Alaska Native; Asian; Native Hawaiian and Other Pacific Islander; Some Other Race","0","0","0","0","0","0","0","0","0","0","0","0","0","0","0","0","0","0","0","0","0","0","0","0","0","0","0","0","0","0","0","0","0","0","0","0","0","0","0","0","0","0","0","0","0","0","0","0","0","0","0","0","0","0","0","0","0","0","0","0","0","0","0","0","0","0","0","0","0","0","0","0","0","0","0","0","0","0","0","0","0","0","0","0","0","0","0","0","0","0","0","0","0","0","0","0","0","0","0","0","0","0","0","0","0","0","0","0","0","0","0","0","0","0","0","0","0","0","0","0","0","0","0","0","0","0","0","0","0","0","0","0","0","0","0","0","0","0","0","0","0","0","0","0","0","0","0","0","0","0","0","0","0","0","0","0","0","0","0","0","0","0","0","0","0","0","0","0","0","0","0","0","0","0","0","0","0","0","0","0","0","0","0","0","0","0","0","0","0","0","0","0","0","0","0","0","0","0","0","0","0","0","0","0","0","0","0","0","0","0","0","0","0","0","0","0","0","0","0","0","0","0","0","0","0","0","0","0","0","0","0","0","0","0","0","0","0","0","0","0","0","0","0","0","0","0","0","0","0","0","0","0","0","0","0","0","0","0","0","0","0","0","0","0","0","0","0","0","0","0","0","0","0","0","0","0","0","0","0","0","0","0","0","0","0","0","0","0","0","0","0","0","0","0","0","0","0","0","0","0","0","0","0","0","0","0","0","0","0","0","0","0","0","0","0","0","0","0","0","0","0","0","0","0","0","0","0","0","0","0","0","0","0","0","0","0","0","0","0","0","0","0","0","0","0","0","0","0","0","0","0","0","0","0","0","0","0","0","0","0","0","0","0","0","0","0","0","0","0","0","0","0","0","0","0","0","0","0","0","0","0","0","0","0","0","0","0","0","0","0","0","0","0","0","0","0","0","0","0","0","0","0","0","0","0","0","0","0","0","0","0","0"
"        Population of six races:","0","0","0","0","0","0","0","0","0","0","0","0","0","0","0","0","0","0","0","0","0","0","0","0","0","0","0","0","0","0","0","0","0","0","0","0","0","0","0","0","0","0","0","0","0","0","0","0","0","0","0","0","0","0","0","0","0","0","0","0","0","0","0","0","0","0","0","0","0","0","0","0","0","0","0","0","0","0","0","0","0","0","0","0","0","0","0","0","0","0","0","0","0","0","0","0","0","0","0","0","0","0","0","0","0","0","0","0","0","0","0","0","0","0","0","0","0","0","0","0","0","0","0","0","0","0","0","0","0","0","0","0","0","0","0","0","0","0","0","0","0","0","0","0","0","0","0","0","0","0","0","0","0","0","0","0","0","0","0","0","0","0","0","0","0","0","0","0","0","0","0","0","0","0","0","0","0","0","0","0","0","0","0","0","0","0","0","0","0","0","0","0","0","0","0","0","0","0","0","0","0","0","0","0","0","0","0","0","0","0","0","0","0","0","0","0","0","0","0","0","0","0","0","0","0","0","0","0","0","0","0","0","0","0","0","0","0","0","0","0","0","0","0","0","0","0","0","0","0","0","0","0","0","0","1","0","0","0","0","0","0","0","0","0","0","1","0","0","0","0","0","0","0","0","0","0","0","0","0","0","0","0","0","0","0","0","0","0","0","0","0","0","0","0","0","0","0","0","0","0","0","0","0","0","0","0","0","0","0","0","0","0","0","0","0","0","0","0","0","0","0","0","0","0","0","0","0","0","0","0","0","0","0","0","0","0","0","0","0","0","0","0","0","0","0","0","0","0","0","0","0","0","0","0","0","0","0","0","0","0","0","0","0","0","0","0","0","0","0","0","0","0","0","0","0","0","0","0","0","0","1","0","0","0","0","0","0","0","0","2","0","0","0","0","0","0","0","0","0","0","0","0","0","0","0","0","0","0","0","0","0","0"
"            White; Black or African American; American Indian and Alaska Native; Asian; Native Hawaiian and Other Pacific Islander; Some Other Race","0","0","0","0","0","0","0","0","0","0","0","0","0","0","0","0","0","0","0","0","0","0","0","0","0","0","0","0","0","0","0","0","0","0","0","0","0","0","0","0","0","0","0","0","0","0","0","0","0","0","0","0","0","0","0","0","0","0","0","0","0","0","0","0","0","0","0","0","0","0","0","0","0","0","0","0","0","0","0","0","0","0","0","0","0","0","0","0","0","0","0","0","0","0","0","0","0","0","0","0","0","0","0","0","0","0","0","0","0","0","0","0","0","0","0","0","0","0","0","0","0","0","0","0","0","0","0","0","0","0","0","0","0","0","0","0","0","0","0","0","0","0","0","0","0","0","0","0","0","0","0","0","0","0","0","0","0","0","0","0","0","0","0","0","0","0","0","0","0","0","0","0","0","0","0","0","0","0","0","0","0","0","0","0","0","0","0","0","0","0","0","0","0","0","0","0","0","0","0","0","0","0","0","0","0","0","0","0","0","0","0","0","0","0","0","0","0","0","0","0","0","0","0","0","0","0","0","0","0","0","0","0","0","0","0","0","0","0","0","0","0","0","0","0","0","0","0","0","0","0","0","0","0","0","1","0","0","0","0","0","0","0","0","0","0","1","0","0","0","0","0","0","0","0","0","0","0","0","0","0","0","0","0","0","0","0","0","0","0","0","0","0","0","0","0","0","0","0","0","0","0","0","0","0","0","0","0","0","0","0","0","0","0","0","0","0","0","0","0","0","0","0","0","0","0","0","0","0","0","0","0","0","0","0","0","0","0","0","0","0","0","0","0","0","0","0","0","0","0","0","0","0","0","0","0","0","0","0","0","0","0","0","0","0","0","0","0","0","0","0","0","0","0","0","0","0","0","0","0","0","1","0","0","0","0","0","0","0","0","2","0","0","0","0","0","0","0","0","0","0","0","0","0","0","0","0","0","0","0","0","0","0"