precinct_a,precinct_b,shared_boundary_ft
05001-81 - Stuttgart 2,05001-41 - Morris,25488.828320322722
05001-81 - Stuttgart 2,05001-91 - Stuttgart 3,12281.342283026672
05001-81 - Stuttgart 2,05001-71 - Stuttgart 1,6494.1743734213505
05001-81 - Stuttgart 2,05001-42 - Gum Pond,12601.386043761122
05001-36 - Gillett Ward 3,05001-35 - Gillett Ward 2,6071.4624244334955
05001-36 - Gillett Ward 3,05001-34 - Gillett Ward 1,2705.598253375819
05001-36 - Gillett Ward 3,05001-33 - Stanley,20171.707111030584
05001-53 - Dewitt 2,05001-55 - Dewitt 3,18329.778020425743
05001-53 - Dewitt 2,05001-22 - Lagrue,12610.945922626666
05001-53 - Dewitt 2,05001-51 - DeWitt 1,9367.755091979601
05001-51 - DeWitt 1,05001-22 - Lagrue,11553.13370340271
05001-55 - Dewitt 3,05001-22 - Lagrue,18838.43978623807
05001-35 - Gillett Ward 2,05001-34 - Gillett Ward 1,5789.055675637157
05001-35 - Gillett Ward 2,05001-33 - Stanley,1268.8304557774195
05001-34 - Gillett Ward 1,05001-33 - Stanley,6652.914439682376
05001-15 - Almyra,05001-14 - Mill Bayou,13447.738355888352
05001-21 - Prairie,05001-31 - Chester,52696.66168536887
05001-21 - Prairie,05001-37 - PT Deluce,24305.61770001486
05001-21 - Prairie,05107-Elaine Votech P16,141059.90409290534
05001-21 - Prairie,05001-23 - St. Charles,24029.583507045336
05001-21 - Prairie,05095-26 - Montgomery/Smalley Townsh,35721.89818956577
05001-21 - Prairie,05001-12 - Crockett,45584.97486854481
05001-21 - Prairie,05001-13 - Keaton,15950.801084889274
05001-21 - Prairie,05001-22 - Lagrue,53345.22110354682
05001-48 - Humphrey Ward 3,05069-07,1733.52905226919
05001-48 - Humphrey Ward 3,05069-530,901.6661096791091
05001-48 - Humphrey Ward 3,05001-44 - Henton,7899.620649445737
05001-48 - Humphrey Ward 3,05001-47 - Humphrey Ward 1,4724.895067010646
05001-71 - Stuttgart 1,05001-91 - Stuttgart 3,4628.9192501953585
05001-71 - Stuttgart 1,05001-42 - Gum Pond,56653.656629714766
05001-37 - PT Deluce,05001-32 - Arkansas,15986.55979566579
05001-37 - PT Deluce,05001-33 - Stanley,37793.22102812235
05001-37 - PT Deluce,05001-31 - Chester,54771.6718520992
05001-37 - PT Deluce,05001-22 - Lagrue,53461.021436607916
05001-22 - Lagrue,05001-33 - Stanley,16359.050201364229
05001-22 - Lagrue,05001-38 - Bayou Meto,26207.31595375167
05001-22 - Lagrue,05001-13 - Keaton,37248.7988755756
05001-22 - Lagrue,05001-46 - Garland,28051.75604616163
05001-22 - Lagrue,05001-14 - Mill Bayou,11102.689332294643
05001-91 - Stuttgart 3,05001-41 - Morris,13188.723821986125
05001-91 - Stuttgart 3,05001-42 - Gum Pond,6537.022103973976
05001-46 - Garland,05001-38 - Bayou Meto,40663.61249856898
05001-46 - Garland,05001-14 - Mill Bayou,37155.207855386674
05001-46 - Garland,05001-41 - Morris,21845.17644796343
05001-46 - Garland,05001-45 - Brewer,20365.96987824271
05001-46 - Garland,05001-43 - Barton,24813.92260566073
05001-14 - Mill Bayou,05001-13 - Keaton,50035.01402967759
05001-14 - Mill Bayou,05001-41 - Morris,38036.31824481034
05001-14 - Mill Bayou,05001-11 - McFall,28192.96468330411
05001-14 - Mill Bayou,05001-42 - Gum Pond,10609.417023010981
05001-41 - Morris,05001-42 - Gum Pond,6936.3249634979065
05001-41 - Morris,05001-43 - Barton,22870.429150727516
05001-41 - Morris,05001-44 - Henton,39918.89203166939
05001-41 - Morris,05117-Belcher / Tyler,6166.122011363177
05001-31 - Chester,05001-32 - Arkansas,55945.0595843927
05001-31 - Chester,05041-08 - Franklin,23515.652130322876
05001-31 - Chester,05041-18 - Redfork,152999.31681682117
05001-31 - Chester,05041-11 - Mississippi,100190.28633919463
05001-47 - Humphrey Ward 1,05069-530,886.2173078750797
05001-47 - Humphrey Ward 1,05001-44 - Henton,8392.548881856232
05001-47 - Humphrey Ward 1,05069-510,3269.6863555976915
05001-47 - Humphrey Ward 1,05069-03,1122.0994477453423
05001-32 - Arkansas,05041-20 - Silver Lake,15938.555998586346
05001-32 - Arkansas,05079-001 - Auburn,28363.269245970318
05001-32 - Arkansas,05069-010,17682.624738405906
05001-32 - Arkansas,05001-33 - Stanley,31169.574402937476
05001-32 - Arkansas,05041-18 - Redfork,47335.851726638255
05001-11 - McFall,05001-13 - Keaton,37455.389131040276
05001-11 - McFall,05001-42 - Gum Pond,31909.2084413954
05001-11 - McFall,05095-30 - Roc-Roe Township,2473.2402155425907
05001-11 - McFall,05117-Roc Roe Country,30052.37117703836
05001-38 - Bayou Meto,05069-010,75231.22975170378
05001-38 - Bayou Meto,05001-33 - Stanley,55780.24142574615
05001-38 - Bayou Meto,05001-45 - Brewer,25144.680824379157
05001-45 - Brewer,05069-010,30033.27667586102
05001-45 - Brewer,05069-09,35164.611723359085
05001-45 - Brewer,05069-08,25225.538432052745
05001-45 - Brewer,05001-43 - Barton,37857.63324592926
05001-42 - Gum Pond,05117-Roc Roe Country,32739.237022043464
05001-42 - Gum Pond,05117-Belcher / Tyler,31848.677352526873
05001-12 - Crockett,05095-26 - Montgomery/Smalley Townsh,79533.89254653222
05001-12 - Crockett,05001-13 - Keaton,71646.78560116664
05001-43 - Barton,05069-08,3685.207660946521
05001-43 - Barton,05069-07,18843.400956475456
05001-43 - Barton,05001-44 - Henton,51186.25317052629
05001-44 - Henton,05069-07,17447.247623856874
05001-44 - Henton,05069-03,17458.34946669316
05001-44 - Henton,05085-27 - Crooked Creek TWP,8154.585923738568
05001-44 - Henton,05117-Belcher / Tyler,18781.829235234934
05001-13 - Keaton,05095-26 - Montgomery/Smalley Townsh,702.1465888358858
05001-13 - Keaton,05095-24 - Jackson Township,63928.85419591398
05001-13 - Keaton,05095-30 - Roc-Roe Township,25970.09574944423
05001-33 - Stanley,05069-010,14864.052725409281
05003-09 - Hickory Grove,05003-03 - Crossett Ward 3,10885.684497947164
05003-09 - Hickory Grove,05003-02 - Crossett Ward 2,14645.550774374839
05003-09 - Hickory Grove,05003-01 - Crossett Ward 1,14934.676025703371
05003-09 - Hickory Grove,05003-04 - North Crossett East,19873.530752598894
05003-09 - Hickory Grove,05003-15 - Mt. Zion,46345.73182100781
05003-09 - Hickory Grove,05139-Huttig,50422.234109967976
05003-09 - Hickory Grove,05003-06 - West Crossett Rural,57814.21657403895
05003-25 - Montrose City,05003-26 - Montrose Rural,18041.704382425334
05003-27 - Parkdale City,05003-28 - Parkdale Rural,21398.62398138071
05003-29 - Wilmot City,05003-30 - Wilmot Rural,44724.20301620997
05003-02 - Crossett Ward 2,05003-03 - Crossett Ward 3,10901.645029448066
05003-02 - Crossett Ward 2,05003-01 - Crossett Ward 1,9982.595823175052
05003-02 - Crossett Ward 2,05003-06 - West Crossett Rural,6348.353246740229
05003-30 - Wilmot Rural,05003-28 - Parkdale Rural,48239.480490106485
05003-30 - Wilmot Rural,05003-15 - Mt. Zion,39908.00779417675
05003-30 - Wilmot Rural,05003-17 - Beech Creek,25478.74293317357
05003-30 - Wilmot Rural,"05017-PLANTERS 1, 3, 4, Rural",21857.573947134275
05003-03 - Crossett Ward 3,05003-01 - Crossett Ward 1,7194.926049204126
05003-06 - West Crossett Rural,05003-01 - Crossett Ward 1,11983.361648187025
05003-06 - West Crossett Rural,05003-05 - North Crossett West,12595.971877487367
05003-06 - West Crossett Rural,05139-Huttig,10442.702146305846
05003-06 - West Crossett Rural,05139-New London,34640.397775647376
05003-06 - West Crossett Rural,05011-11 - Eagle Lake,13730.930461164102
05003-06 - West Crossett Rural,05003-08 - Cooter,43674.24420256268
05003-28 - Parkdale Rural,05003-22 - Portland Rural,42347.44469522846
05003-28 - Parkdale Rural,05003-17 - Beech Creek,15513.1367645834
05003-28 - Parkdale Rural,"05017-PLANTERS 1, 3, 4, Rural",20972.274766156344
05003-15 - Mt. Zion,05003-04 - North Crossett East,5599.235655766657
05003-15 - Mt. Zion,05003-17 - Beech Creek,22671.43412557036
05003-15 - Mt. Zion,05003-14 - Hamburg Rural,52933.391417897255
05003-01 - Crossett Ward 1,05003-04 - North Crossett East,7676.285769899542
05003-01 - Crossett Ward 1,05003-05 - North Crossett West,11863.554281792874
05003-21 - Portland City,05003-22 - Portland Rural,29330.292265426255
05003-04 - North Crossett East,05003-05 - North Crossett West,9871.748870268304
05003-04 - North Crossett East,05003-07 - VO - Tech,22173.491071993456
05003-04 - North Crossett East,05003-14 - Hamburg Rural,7600.222922949808
05003-05 - North Crossett West,05003-07 - VO - Tech,5061.67619179427
05003-05 - North Crossett West,05003-10 - Cross Roads,4628.512252147666
05003-05 - North Crossett West,05003-08 - Cooter,9066.11377813808
05003-07 - VO - Tech,05003-10 - Cross Roads,32885.68210410148
05003-07 - VO - Tech,05003-14 - Hamburg Rural,2630.9383475234763
05003-11 - Hamburg Ward 3,05003-14 - Hamburg Rural,19104.196111578352
05003-11 - Hamburg Ward 3,05003-13 - Hamburg Ward 1,5118.574502401928
05003-11 - Hamburg Ward 3,05003-12 - Hamburg Ward 2,6711.687799658921
05003-08 - Cooter,05003-10 - Cross Roads,41346.65666445751
05003-08 - Cooter,05011-11 - Eagle Lake,49939.64434656871
05003-08 - Cooter,05011-13 - Johnsville,25186.23387212747
05003-17 - Beech Creek,05003-22 - Portland Rural,32130.032597194895
05003-17 - Beech Creek,05003-14 - Hamburg Rural,9687.923116822043
05003-17 - Beech Creek,05003-18 - Mist,52570.85570387678
05003-13 - Hamburg Ward 1,05003-14 - Hamburg Rural,14050.025043296246
05003-13 - Hamburg Ward 1,05003-12 - Hamburg Ward 2,6088.9155547073615
05003-12 - Hamburg Ward 2,05003-14 - Hamburg Rural,17177.388592437284
05003-14 - Hamburg Rural,05003-10 - Cross Roads,31756.956635083836
05003-14 - Hamburg Rural,05003-16 - Milo,10679.901550237822
05003-14 - Hamburg Rural,05003-18 - Mist,53586.72370973071
05003-14 - Hamburg Rural,05003-20 - Fountain Hill Rural,42700.05816008488
05003-10 - Cross Roads,05003-16 - Milo,50152.865752388745
05003-10 - Cross Roads,05011-13 - Johnsville,9143.079331664589
05003-22 - Portland Rural,05003-26 - Montrose Rural,28345.27309661233
05003-22 - Portland Rural,05003-24 - Snyder / Trafalgar,22960.854218367593
05003-22 - Portland Rural,05003-18 - Mist,10716.163630425597
05003-22 - Portland Rural,"05017-PLANTERS 1, 3, 4, Rural",10623.908396286353
05003-22 - Portland Rural,05017-104 - Carlton Rural,37034.893181481726
05003-16 - Milo,05003-20 - Fountain Hill Rural,37056.37632180129
05003-16 - Milo,05043-08 - Lacey,5590.302095255067
05003-16 - Milo,05043-12 - Ozment,30541.187276320314
05003-16 - Milo,05011-13 - Johnsville,98844.81284052104
05003-18 - Mist,05003-24 - Snyder / Trafalgar,37298.387198028904
05003-18 - Mist,05003-20 - Fountain Hill Rural,37070.3526705047
05003-26 - Montrose Rural,05003-24 - Snyder / Trafalgar,39556.800401808025
05003-26 - Montrose Rural,05003-23 - Boydell,31808.93405485993
05003-26 - Montrose Rural,05017-104 - Carlton Rural,21369.003549197525
05003-19 - Fountain Hill City,05003-20 - Fountain Hill Rural,15894.304472279673
05003-23 - Boydell,05003-24 - Snyder / Trafalgar,46649.59653634652
05003-23 - Boydell,05043-07 - Jerome,31120.797729336937
05003-23 - Boydell,05043-05 - Collins,400.739461410592
05003-23 - Boydell,05017-104 - Carlton Rural,16360.020733241085
05003-24 - Snyder / Trafalgar,05003-20 - Fountain Hill Rural,49377.57976681293
05003-24 - Snyder / Trafalgar,05043-05 - Collins,18959.872077792923
05003-20 - Fountain Hill Rural,05043-08 - Lacey,74001.74752493064
05003-20 - Fountain Hill Rural,05043-05 - Collins,7534.276661186093
05005-01,05089-Precinct 08,62929.41065789489
05005-01,05005-10,24076.10413135419
05005-01,05005-06,31937.27191840345
05005-01,05005-02,44562.95368067611
05005-01,05089-Precinct 06,18286.964691521716
05005-01,05089-Precinct 05,8181.024843934638
05005-02,05005-03,91692.30855995516
05005-02,05005-06,21380.56001517233
05005-02,05005-04,28017.588973663096
05005-02,05089-Precinct 05,11499.381220162928
05005-02,05089-Precinct 02,17255.18544630485
05005-03,05005-11,34487.720755889604
05005-03,05005-09,86307.62890307615
05005-03,05005-07,9938.411333600407
05005-03,05005-04,11506.582639992948
05005-03,05049-Cleveland,10630.180697645295
05005-03,05049-Vidette - Big Creek,76114.27240502619
05005-04,05005-07,6810.075222664469
05005-04,05005-05,13579.19574316141
05005-04,05005-06,8361.161692115324
05005-05,05005-07,18478.166106185283
05005-05,05005-08,6604.614958865822
05005-05,05005-06,9253.351609748353
05005-06,05005-08,28742.773396062785
05005-06,05005-10,38907.983166338105
05005-07,05005-09,32101.629788608017
05005-07,05005-08,10744.017424592927
05005-08,05005-11,62990.46099902093
05005-08,05005-09,34447.44773866711
05005-08,05089-Precinct 19,2075.676686490947
05005-08,05005-10,21676.2430371181
05005-09,05005-11,50933.10418966004
05005-10,05089-Precinct 08,10907.278985283057
05005-10,05089-Precinct 19,30035.670153433133
05005-11,05129-Long Creek,1181.356068919232
05005-11,05129-Rock Creek,27515.84649859876
05005-11,05089-Precinct 21,73092.05773075474
05005-11,05089-Precinct 20,25774.337881184612
05005-11,05137-Foothills,26829.21484542098
05005-11,05137-Bethany,35856.41389153768
05005-11,05137-NORTHWEST/FIFTY SIX,63539.51286876128
05005-11,05089-Precinct 19,12217.00812921838
05005-11,05065-Calico Rock Rural,44853.17370124502
05005-11,05065-Dolph,23996.85360830178
05005-11,05049-Cleveland,663.4356515257197
05007-081,05007-080,791.0733147459997
05007-081,05007-036,824.3660557181759
05007-234,05007-229,2246.028441955304
05007-234,05007-233,2639.2267375668575
05007-234,05007-237,4685.842561318494
05007-234,05007-231,1706.0704269130852
05007-244,05007-245,1085.1643951260232
05007-244,05007-237,612.0687379409771
05007-244,05007-243,633.6828346513943
05007-215,05007-311,4322.783692221218
05007-215,05007-310,7936.507291638203
05007-215,05007-314,454.5386514659923
05007-215,05007-228,7734.720696061039
05007-215,05007-214,11198.284029813938
05007-215,05007-210,2656.2164079693443
05007-215,05007-223,27329.44112292172
05007-215,05007-230,1186.9398794300207
05007-215,05007-229,3379.843732483444
05007-138,05007-139,3363.0214531126912
05007-138,05007-085,3339.9131455391307
05007-179,05007-180,1072.0184307824734
05007-179,05007-172,1487.3762804546488
05007-179,05007-178,360.600378971232
05007-221,05007-223,9176.029473566516
05007-221,05007-218,4004.2133176246243
05007-221,05007-224,2628.0884055438432
05007-221,05007-220,2647.540217125834
05007-188,05007-189,3316.334878046466
05007-188,05007-184,657.907425932517
05007-146,05007-225,9796.986872933134
05007-146,05007-224,1884.828761102268
05007-146,05007-151,1334.0995764654526
05007-146,05007-147,5098.629299264647
05007-042,05007-080,29133.95489052648
05007-042,05007-043,15879.322239429683
05007-042,05007-041,2653.1376687996585
05007-077,05007-124,4436.238164373925
05007-077,05007-073,4888.932827359828
05007-077,05007-074,1296.1134985724946
05007-078,05007-124,9620.715375520535
05007-078,05007-036,2060.1917484395713
05007-078,05007-073,1033.2075308832711
05007-078,05007-034,9479.69962201981
05007-026,05007-028,1033.467896564388
05007-026,05007-029,1274.5259504349287
05007-026,05007-025,995.5620134032133
05007-026,05007-027,2619.944970810775
05007-026,05007-016,1366.7161856367109
05007-022,05007-015,1342.4683884949714
05007-022,05007-027,1286.7759323478986
05007-022,05007-023,1119.8112758854306
05007-022,05007-016,1705.3112727787484
05007-022,05007-021,5255.259795738107
05007-147,05007-224,345.2711620712348
05007-147,05007-151,5250.144557113778
05007-147,05007-142,2621.703431617517
05007-147,05007-148,5748.543960701619
05007-147,05007-149,2163.906983773138
05007-066,05007-117,640.9695069542727
05007-066,05007-115,1685.5159017983112
05007-066,05007-119,1410.1934843251238
05007-066,05007-062,10466.535226754042
05007-066,05007-068,8664.93411744097
05007-115,05007-114,920.6917290420284
05007-115,05007-116,811.014546857824
05007-115,05007-117,4829.357475179273
05007-115,05007-111,4906.943023355874
05007-149,05007-148,500.93566227760556
05007-149,05007-144,2699.8814134951717
05007-149,05007-098,2619.1669318053
05007-149,05007-145,1348.542954828763
05007-149,05007-093,1473.3047798755763
05007-114,05007-181,902.2238675040156
05007-114,05007-185,628.2699200637967
05007-114,05007-113,10281.95585012064
05007-114,05007-118,1981.5302358272722
05007-114,05007-117,3292.047474784408
05007-114,05007-111,1606.0454007763685
05007-177,05007-172,1054.1320378722596
05007-177,05007-113,3620.23911970638
05007-401,05007-350,2293.950698493126
05007-401,05007-400,9226.317170615068
05007-401,05007-349,5628.099274561404
05007-168,05007-167,2602.886535020136
05007-168,05007-169,4504.604799209097
05007-168,05007-163,3670.534557993754
05007-159,05007-163,3464.423066472034
05007-159,05007-155,5915.9107042281
05007-159,05007-157,2766.272995280642
05007-334,05007-333,7249.473900126097
05007-334,05007-337,4256.704388912208
05007-334,05007-256,6893.434176528055
05007-334,05007-257,2436.2335196820086
05007-327,05007-329,2647.441350663014
05007-327,05007-324,1304.1025793845838
05007-327,05007-323,2558.0464497131493
05007-327,05007-330,2518.0550912457384
05007-327,05007-328,1366.8831027429776
05007-260,05007-338,7384.630226340997
05007-260,05007-257,1297.298958738505
05007-260,05007-259,4020.8510691214706
05007-265,05007-264,804.6762211595225
05007-265,05007-262,2661.284785461461
05007-265,05007-267,2659.994250304158
05007-265,05007-266,794.0408788668192
05007-272,05007-345,2711.5531643476415
05007-272,05007-274,6595.560112858105
05007-272,05007-269,1483.6171967637322
05007-272,05007-270,6453.167130212327
05007-272,05007-338,1323.2698186509144
05007-272,05007-276,2391.8102132653685
05007-272,05007-273,1915.0975391231354
05007-272,05007-277,494.42604298409833
05007-309,05007-222,4314.510002260526
05007-309,05007-308,8331.180717479729
05007-309,05007-214,5078.1392493224685
05007-309,05007-223,779.846376774632
05007-309,05007-218,5099.0313181189595
05007-218,05007-214,6157.461717105884
05007-218,05007-223,1005.5974565475589
05007-218,05007-216,2669.8510177487633
05007-218,05007-220,1646.9021032662033
05007-092,05007-139,9932.55385636981
05007-092,05007-091,427.78118019374034
05007-092,05007-094,1517.1436727063005
05007-092,05007-089,13792.90858045172
05007-302,05007-367,618.5833125046147
05007-302,05007-301,14092.045648396494
05007-302,05007-296,1639.7537805738416
05007-302,05007-303,3433.0675109849462
05007-300,05007-285,2919.5555812299863
05007-300,05007-303,3636.3630528067083
05007-300,05007-295,2196.0407840843113
05007-300,05007-299,1711.108778907637
05007-300,05007-289,4225.13452893947
05007-300,05007-202,5745.805735145693
05007-300,05007-209,3730.4069844011688
05007-289,05007-290,4056.8938402918975
05007-289,05007-285,14234.483673967683
05007-289,05007-291,5272.3940093409155
05007-289,05007-295,5313.353864485622
05007-296,05007-359,220.45312606587228
05007-296,05007-297,11648.49546641974
05007-296,05007-292,6084.958340976822
05007-296,05007-301,3638.331037461428
05007-296,05007-298,4227.920567366972
05007-005,05007-002,11352.321606227331
05007-005,05007-003,3080.9789113165707
05007-005,05007-004,2566.1665682792254
05007-120,05007-119,4803.9210169088
05007-120,05007-068,7916.353906846734
05007-120,05007-073,1376.2570923008316
05007-120,05007-074,1317.9491304131352
05007-140,05007-212,1341.6553480959763
05007-140,05007-216,1239.4213708259176
05007-140,05007-142,3907.5033681676564
05007-140,05007-137,14579.492606745522
05007-140,05007-139,1302.7789549509066
05007-299,05007-298,1769.9970002708326
05007-299,05007-303,2455.327005838246
05007-298,05007-294,1579.7154401766215
05007-298,05007-303,3911.672187083915
05007-298,05007-295,3042.904650062791
05007-367,05007-362,3273.2015877561703
05007-295,05007-294,1126.1760291185092
05007-295,05007-285,1353.2542726838203
05007-295,05007-291,3338.930407184884
05007-292,05007-359,4275.033733461116
05007-292,05007-287,4294.713623853402
05007-292,05007-293,1997.9896034405158
05007-292,05007-288,1445.0727864698913
05007-292,05007-294,1001.8494115060175
05007-292,05007-290,1273.5146024520832
05007-294,05007-291,2058.350553261856
05007-293,05007-291,1300.2489609336449
05007-291,05007-290,4764.985506665138
05007-288,05007-287,5469.627732019879
05007-288,05007-290,3723.761952767242
05007-288,05007-285,2416.5797653681952
05007-359,05007-363,1409.3072340869176
05007-359,05007-287,7518.897935498667
05007-359,05007-297,1511.6250784496947
05007-375,05007-370,9262.735535125981
05007-375,05007-318,15277.717188249298
05007-375,05007-315,2812.722234838238
05007-375,05007-313,3538.880185216887
05007-375,05007-319,2982.674524233455
05007-216,05007-214,1968.7808561704423
05007-216,05007-212,14570.017364867472
05007-216,05007-220,16522.686566366407
05007-216,05007-137,655.116133876666
05007-095,05007-093,11056.314462837667
05007-095,05007-139,776.9866860281061
05007-095,05007-097,414.7463941944425
05007-095,05007-096,1641.880856327251
05007-230,05007-313,983.7259525528041
05007-230,05007-314,1304.8399346532
05007-230,05007-316,1094.4267721233937
05007-230,05007-229,19340.677586798574
05007-230,05007-233,333.80177087333163
05007-230,05007-150,664.3178840252197
05007-227,05007-226,976.2522112696154
05007-227,05007-225,1329.6218375975034
05007-227,05007-150,26645.997514413946
05007-385,05143-Spg 07,1658.3183619342296
05007-385,05143-Spg 18,4188.554411005597
05007-385,05007-387,11431.222270737584
05007-385,05007-386,2395.809764775416
05007-385,05007-335,3137.7563943200266
05007-385,05007-377,9485.217679305537
05007-397,05007-394,6237.068144130284
05007-397,05007-346,15577.29968758604
05007-396,05007-394,1627.25947326273
05007-396,05007-346,6740.633348617991
05007-396,05007-344,687.190851765463
05007-390,05007-389,8193.708293892056
05007-390,05007-394,3000.292174642494
05007-390,05007-341,3097.402085489892
05007-097,05007-093,1984.6994866885002
05007-097,05007-096,1219.971380249677
05007-097,05007-100,5140.892211740242
05007-097,05007-057,4517.040158533307
05007-097,05007-094,1874.558908739359
05007-099,05007-155,1251.167600205856
05007-099,05007-098,4989.779225467524
05007-099,05007-101,12081.45839954226
05007-099,05007-157,27833.60979518271
05007-099,05007-093,2570.1816658239377
05007-099,05007-100,11883.289239900758
05007-099,05007-057,13572.618226511337
05007-099,05007-061,2087.425717266996
05007-342,05007-343,4259.632436164513
05007-342,05007-341,2442.609498677302
05007-342,05007-339,5720.95083622177
05007-342,05007-338,4592.991468854176
05007-021,05007-023,10969.097555015185
05007-021,05007-016,8535.094210266963
05007-027,05007-024,1339.8876661801025
05007-027,05007-028,334.6379918974504
05007-027,05007-025,331.02584621338497
05007-027,05007-023,991.2568763547656
05007-027,05007-016,993.5384527724345
05007-343,05007-394,2636.1306580685673
05007-343,05007-344,9229.88161473548
05007-343,05007-341,5195.737246943693
05007-343,05007-345,811.4952812500438
05007-391,05007-387,1348.221702552655
05007-391,05007-392,690.4117550904599
05007-391,05007-389,667.9009784506775
05007-399,05007-398,10398.7294335708
05007-399,05007-393,734.5597826789408
05007-399,05007-400,17383.215632927593
05007-399,05007-346,6281.504137036972
05007-399,05007-349,17137.395838463963
05007-370,05007-372,12594.660331696376
05007-370,05007-377,27712.613823112955
05007-370,05007-379,902.3084603837542
05007-370,05143-Elm Springs Twp,1930.8083346777316
05007-370,05007-368,6626.420712869807
05007-370,05007-371,12599.250123124464
05007-370,05007-311,712.2589005240543
05007-370,05007-310,283.8401033290114
05007-370,05007-376,2261.318813006386
05007-370,05007-374,2806.8501394058703
05007-306,05007-368,3902.6897735645402
05007-306,05007-305,30795.248029451548
05007-306,05007-362,2597.3350067962315
05007-306,05007-303,9799.168821936888
05007-306,05007-307,250.04322544990026
05007-306,05007-210,3205.09000889061
05007-368,05143-Elm Springs Twp,5239.657973943896
05007-368,05007-416,31545.68510771059
05007-368,05007-371,6671.306714021688
05007-368,05007-369,60156.015687916915
05007-368,05007-305,751.569356500886
05007-368,05007-362,10368.164339496825
05007-368,05007-222,689.7574053070624
05007-368,05007-308,3952.2952408551478
05007-301,05007-362,4025.902698616899
05007-301,05007-297,667.3587201008247
05007-301,05007-303,3999.929186661394
05007-297,05007-362,5915.540118521693
05007-297,05007-364,1950.993258300591
05007-423,05143-Illinois,10123.424871958316
05007-423,05007-421,23802.01908653123
05007-423,05007-413,27307.80417102422
05007-303,05007-362,11307.56325463799
05007-303,05007-304,10134.300787207987
05007-303,05007-209,17454.864204558493
05007-303,05007-210,10622.45984630476
05007-209,05007-202,4305.399556053666
05007-209,05007-210,12726.690278325379
05007-209,05007-201,6016.971739776438
05007-209,05007-208,11844.206987498863
05007-202,05007-285,3266.3010695247854
05007-202,05007-200,2577.691165632868
05007-202,05007-201,8466.324156951157
05007-358,05007-360,4858.877167706456
05007-358,05007-357,220.43611888884638
05007-358,05007-287,5775.68401338016
05007-212,05007-214,3584.036124174317
05007-212,05007-210,8884.290867707408
05007-212,05007-213,975.0874315682629
05007-212,05007-211,5174.869179689387
05007-212,05007-219,1323.3781719887145
05007-212,05007-137,5488.499184491481
05007-212,05007-136,2508.324978898457
05007-285,05007-286,34007.62231633824
05007-285,05007-287,30769.071501201335
05007-285,05007-200,35851.76113132792
05007-354,05007-355,6489.092021371774
05007-354,05007-353,840.8809880553275
05007-354,05007-286,4716.170782155556
05007-362,05007-366,35504.49322584259
05007-362,05007-360,7525.117000823104
05007-362,05007-416,5238.668682645206
05007-362,05007-361,3734.1905607713206
05007-362,05007-364,963.9198658561729
05007-362,05007-304,6791.396885304597
05007-360,05007-413,5277.678368493775
05007-360,05007-365,10804.718127130383
05007-360,05007-355,7799.20688317266
05007-360,05007-357,7608.835451006668
05007-360,05007-361,1585.6982872872945
05007-364,05007-363,1031.630087212529
05007-050,05007-007,375.6664573446124
05007-050,05007-008,1538.6901708208459
05007-421,05143-Illinois,13654.082216698833
05007-421,05007-413,6096.919664417728
05007-421,05007-409,29499.66897170136
05007-421,05007-420,10844.745994993687
05007-416,05007-413,5432.926954486353
05007-416,05007-417,37075.692985755355
05007-416,05007-365,1311.6662409451822
05007-416,05143-Elm Springs Twp,13553.768604182773
05007-211,05007-210,15716.383924882151
05007-211,05007-208,7452.829478505367
05007-211,05007-136,12282.185627299983
05007-137,05007-139,9221.879514101047
05007-137,05007-085,1302.3957213076396
05007-137,05007-136,9933.30284062039
05007-413,05143-Illinois,2756.773436645926
05007-413,05143-Wedington,2509.561554713103
05007-413,05007-415,45282.76008573184
05007-413,05007-409,1204.8607382105358
05007-413,05007-417,3137.969517266673
05007-413,05007-422,1460.4074482769306
05007-413,05007-414,28915.060089285387
05007-413,05007-412,1314.442603009247
05007-413,05007-410,3951.014566367772
05007-422,05007-414,3467.5437334648827
05007-410,05007-412,16382.92375950118
05007-410,05007-408,1688.2661879751424
05007-410,05007-411,8474.205711660656
05007-410,05007-352,358.00795975667967
05007-410,05007-355,10593.866810140851
05007-355,05007-352,2701.7768050973646
05007-355,05007-353,6611.036979033612
05007-355,05007-356,8545.633341569863
05007-355,05007-286,5519.74966164055
05007-352,05007-403,1675.4098773023284
05007-352,05007-405,23142.70813174993
05007-352,05007-402,5276.799647837426
05007-352,05007-408,21043.18791861306
05007-352,05007-353,4375.357254138488
05007-352,05007-286,14101.800549398438
05007-286,05007-353,897.410636943959
05007-286,05007-287,4534.529934625106
05007-210,05007-305,1323.0632726172544
05007-210,05007-307,12003.087351202747
05007-210,05007-214,7930.193053492923
05007-210,05007-213,8194.0267905471
05007-035,05007-036,16477.61197862402
05007-035,05007-037,6654.575851347605
05007-035,05007-034,13374.390496621032
05007-067,05007-024,2781.2105301750707
05007-067,05007-028,1807.446204361427
05007-067,05007-068,1452.8898503314026
05007-067,05007-069,2101.0751580593296
05007-067,05007-070,3658.1083929309525
05007-067,05007-030,4394.2506120882435
05007-067,05007-029,365.20770734267444
05007-073,05007-124,2748.968405349732
05007-073,05007-122,1935.826450680628
05007-073,05007-068,4216.607973964382
05007-073,05007-074,43718.67425360101
05007-073,05007-034,13382.731650635991
05007-103,05007-164,3644.3462028864724
05007-103,05007-157,7146.455398021834
05007-103,05007-104,1817.7348187069447
05007-103,05007-061,1032.219550541531
05007-034,05007-036,11607.610868003481
05007-034,05007-032,23952.177428865685
05007-023,05007-029,25998.349900416455
05007-023,05007-032,1665.0144391296378
05007-023,05007-033,6957.202120619709
05007-030,05007-028,3334.377657109096
05007-030,05007-029,12192.337880326815
05007-031,05007-029,18975.319464287768
05007-162,05007-425,1338.7236011499058
05007-162,05007-163,4358.479723543135
05007-162,05007-155,465.4496546211591
05007-068,05007-119,8535.745583924308
05007-068,05007-024,11321.086607679981
05007-068,05007-074,611.4088540259868
05007-068,05007-069,29617.224865351054
05007-028,05007-024,5226.883867941712
05007-028,05007-069,2299.6780749713207
05007-028,05007-070,470.1594435171687
05007-028,05007-029,2663.307752167227
05007-024,05007-062,17248.536085080163
05007-024,05007-065,1309.5885196127006
05007-024,05007-020,6607.457454523175
05007-201,05007-200,8178.62080964637
05007-201,05007-208,7815.469870416989
05007-201,05007-130,14227.623288264871
05007-201,05007-204,11687.308891084245
05007-201,05007-203,3138.935801838481
05007-201,05007-206,2650.170778908833
05007-178,05007-172,539.6105614541781
05007-178,05007-181,572.1846045203868
05007-178,05007-113,554.7986624048183
05007-136,05007-208,8183.002937281707
05007-136,05007-085,28490.836833197758
05007-136,05007-135,14509.56443950273
05007-131,05007-135,3073.0965963457193
05007-131,05007-132,30816.847276940818
05007-131,05007-129,15026.873328494556
05007-131,05007-001,19698.143187388378
05007-130,05007-200,29550.97625149719
05007-130,05007-203,2096.75462563722
05007-130,05007-133,4445.754915654866
05007-130,05007-129,33791.38133516829
05007-208,05007-207,4979.7338197858635
05007-037,05007-039,1136.075892683902
05007-037,05007-038,4459.852556998279
05007-278,05007-279,1299.3135297316492
05007-278,05007-274,9116.875381685897
05007-278,05007-276,3024.1271471336013
05007-129,05007-200,5637.188688637913
05007-129,05007-134,1811.176134916458
05007-129,05007-001,57184.13398693785
05007-089,05007-090,4426.710808868434
05007-089,05007-085,16245.684000158997
05007-089,05007-091,7602.550905393792
05007-089,05007-094,655.2109017619961
05007-089,05007-053,3812.787164330345
05007-089,05007-088,1308.9360248346343
05007-089,05007-049,37064.36208350698
05007-090,05007-139,2914.7013856022404
05007-090,05007-085,15050.801180727436
05007-090,05007-091,8783.925828283489
05007-400,05007-419,20460.03874751215
05007-400,05007-351,12668.540814688575
05007-400,05143-Spg Twp-1,6645.892980541753
05007-400,05143-Spg Twp-2,3901.4688942815665
05007-400,05143-Spg 09,2599.0727201812615
05007-400,05007-398,10854.53538807354
05007-085,05007-139,4335.7605744451985
05007-085,05007-087,20802.35168328492
05007-085,05007-001,20219.68004437907
05007-085,05007-088,15610.959522422218
05007-047,05007-087,19344.657423434215
05007-047,05007-088,17390.520447343075
05007-047,05007-048,11040.45733784895
05007-047,05007-002,30951.468221459654
05007-002,05007-001,41449.33290509028
05007-002,05007-045,11691.459418159537
05007-002,05007-003,8180.274432819586
05007-002,05007-004,23969.798707851183
05007-002,05007-006,13636.414480294601
05007-002,05007-008,7722.000443728045
05007-387,05143-Spg 18,6623.041625277734
05007-387,05007-388,6411.520850745509
05007-387,05007-393,10617.993519264188
05007-387,05007-392,308.8378383514086
05007-387,05007-389,3111.104184957869
05007-001,05007-200,3333.049303792087
05007-001,05007-135,2966.104290152625
05007-001,05007-084,27982.661681001915
05007-001,05007-045,2526.8966888448067
05007-376,05007-377,1082.7585909223762
05007-376,05007-318,1324.2431229383533
05007-419,05143-War Eagle,14256.206548421767
05007-419,05007-351,8021.76995131811
05007-419,05007-350,5205.784568274
05007-419,05143-Spg Twp-2,7824.762550721767
05007-419,05143-Brush Creek,3602.3374142698644
05007-366,05007-417,36197.80769505844
05007-366,05007-365,9374.951102825222
05007-417,05007-415,44775.09036088114
05007-417,05143-Harmon-2,11843.971292757375
05007-417,05143-Harmon-1,15833.472251579009
05007-417,05143-Elm Springs Twp,7718.130061298897
05007-036,05007-124,3217.56862752326
05007-036,05007-079,7200.702789102012
05007-036,05007-082,2659.38636533031
05007-036,05007-080,11202.57514914486
05007-036,05007-039,19844.89277872729
05007-036,05007-038,1334.04729459172
05007-415,05143-Wedington,17445.467400663627
05007-415,05143-Harmon-2,15564.522413672503
05007-351,05007-350,36396.88558958992
05007-351,05143-Brush Creek,46811.94840925922
05007-079,05007-127,6807.844043936898
05007-040,05007-039,16223.396950416805
05007-040,05007-041,12419.746395095333
05007-051,05007-049,720.6524959370632
05007-051,05007-054,1066.7536974896034
05007-051,05007-052,15650.611226638928
05007-051,05007-055,4009.399115959962
05007-051,05007-008,7584.959937502693
05007-051,05007-009,13120.961968728945
05007-051,05007-011,17708.93917779352
05007-011,05007-055,3796.0695019798336
05007-011,05007-009,3374.9064552742598
05007-011,05007-010,10748.93888237326
05007-011,05007-013,2224.4839931784472
05007-011,05007-012,18072.76111098612
05007-409,05007-420,5877.855828966885
05007-409,05007-414,3858.1162837488987
05007-409,05007-412,8515.04988656887
05007-008,05007-007,24741.263682104887
05007-008,05007-006,2767.974003643773
05007-008,05007-009,27715.761577557347
05007-008,05007-010,2790.2702512668816
05007-055,05007-056,1435.5393735832222
05007-055,05007-054,1892.4864124101778
05007-055,05007-058,5203.809250943962
05007-004,05007-003,2303.910012185763
05007-414,05007-412,10643.18411087338
05007-412,05007-406,3323.118211701948
05007-412,05007-407,9515.362954998744
05007-420,05007-406,1324.2239132226418
05007-420,05007-404,7217.1781460205675
05007-404,05007-406,3316.1144008255637
05007-404,05007-407,361.10210748942035
05007-404,05007-403,7807.3772710056355
05007-406,05007-407,1331.0969022474449
05007-403,05007-407,2774.353624355963
05007-403,05007-405,9029.922917310842
05007-403,05007-402,1296.650433171012
05007-006,05007-088,2648.8432312955783
05007-006,05007-007,9401.674225625848
05007-405,05007-407,2206.9927229065574
05007-405,05007-408,3233.849499405459
05007-407,05007-408,6111.801493792149
05007-411,05007-408,6059.801744698651
05007-070,05007-069,3143.368846989991
05007-070,05007-071,3633.5332243755447
05007-070,05007-029,4596.66907696126
05007-032,05007-074,6763.97319130766
05007-032,05007-076,457.80168631801814
05007-032,05007-029,8760.082323328721
05007-032,05007-033,5827.367758477312
05007-029,05007-071,4036.8997268620033
05007-071,05007-072,1328.061275981082
05007-071,05007-069,5688.905745276697
05007-071,05007-076,4291.346109733397
05007-086,05007-084,1061.6783705798275
05007-086,05007-087,700.066205729266
05007-086,05007-046,366.9646930799935
05007-069,05007-074,490.2276610195465
05007-069,05007-072,3971.4889799273074
05007-076,05007-074,4300.616442767864
05007-076,05007-072,754.0152517004345
05007-074,05007-075,9163.346861341577
05007-074,05007-072,6392.133062574957
05007-206,05007-204,3148.7313409844983
05007-206,05007-207,2432.0936514112154
05007-206,05007-135,2810.4856939110045
05007-418,05007-377,11234.122053185147
05007-135,05007-204,2746.7162762011403
05007-135,05007-207,4347.030953989868
05007-135,05007-134,962.9802599793563
05007-135,05007-132,6705.498000520403
05007-203,05007-204,2619.9603587677775
05007-203,05007-133,2637.6435235589056
05007-132,05007-134,8338.107467814925
05007-133,05007-205,2563.665427288613
05007-133,05007-134,3836.416972182532
05007-134,05007-205,2632.931163157202
05007-204,05007-205,3219.40971166756
05007-038,05007-039,5770.499128253051
05007-084,05007-087,1740.8816749156413
05007-084,05007-046,2884.876880961995
05007-084,05007-045,3714.0403521720364
05007-048,05007-087,7138.070645817701
05007-048,05007-046,2540.6082652174928
05007-048,05007-045,2283.5104695662594
05007-045,05007-046,1033.5954259462983
05007-049,05007-053,1301.0082295956638
05007-049,05007-088,6765.220563660025
05007-049,05007-054,9272.838570770527
05007-049,05007-052,12421.726586530343
05007-049,05007-007,11983.72618391981
05007-372,05143-Elm Springs City-1,10545.739974449969
05007-372,05007-377,11877.363656372938
05007-372,05143-Elm Springs Twp,3361.9737764156916
05007-088,05007-007,1737.7484985154301
05007-052,05007-007,2643.812593705483
05007-282,05007-275,2291.1346848996136
05007-282,05007-197,2985.805540782245
05007-287,05007-356,7663.723924084983
05007-287,05007-361,1332.0009441116802
05007-287,05007-290,672.1337005285709
05007-361,05007-363,250.1428711655895
05007-374,05007-310,2713.697093472035
05007-041,05007-083,1326.109213916059
05007-041,05007-043,6598.657575083468
05007-305,05007-369,18442.630218781625
05007-305,05007-308,29100.509953465848
05007-305,05007-307,3061.6071017834265
05007-305,05007-214,1337.6293966775513
05007-369,05007-371,2621.602313898729
05007-369,05007-222,1758.7772524720544
05007-369,05007-308,3785.7438788262607
05007-213,05007-214,660.1884466493646
05007-043,05007-044,10006.63910786965
05007-166,05007-238,1205.1886015305179
05007-166,05007-167,2610.3619995356426
05007-166,05007-165,5503.664864274744
05007-377,05143-Spg 27,3633.7061328044365
05007-377,05143-Elm Springs City-2,5840.806742382718
05007-377,05143-Spg 07,583.1437494686231
05007-377,05007-386,3355.804434390598
05007-377,05007-384,1965.1908867360235
05007-377,05007-383,3262.437035788992
05007-377,05007-329,5324.360774774168
05007-377,05143-Elm Springs City-1,8874.563010286056
05007-377,05007-382,1812.7124138049141
05007-377,05007-379,765.718502530918
05007-377,05007-378,7079.207765640085
05007-377,05007-380,11641.115362237262
05007-377,05007-381,817.5127099186445
05007-384,05007-383,1966.9549643304076
05007-393,05143-Spg 18,4953.911032155517
05007-393,05143-Spg 09,2297.803884612753
05007-393,05007-398,7398.879546507814
05007-393,05007-395,8164.554610646834
05007-393,05007-394,3959.9838400350473
05007-398,05143-Spg 09,7289.481824773478
05007-392,05007-389,305.55564579283435
05007-231,05007-229,6712.468539379428
05007-231,05007-237,1321.184543340397
05007-231,05007-428,4490.212692040768
05007-231,05007-235,7670.552439596431
05007-231,05007-232,9305.65058894072
05007-231,05007-150,1026.3867104130106
05007-252,05007-250,1337.572299044089
05007-252,05007-251,1692.102130064222
05007-346,05007-395,2681.4753479980063
05007-346,05007-394,444.8090489204303
05007-346,05007-349,17911.54595002941
05007-346,05007-344,13041.028358695889
05007-346,05007-347,8043.366323369354
05007-346,05007-348,2807.0216581097197
05007-346,05007-345,2022.2738052033612
05007-349,05007-350,17900.35830612575
05007-349,05007-279,14453.862931288571
05007-347,05007-348,5925.928378741843
05007-347,05007-345,2612.283142573936
05007-347,05007-274,2936.4562691229
05007-316,05007-313,5700.228955039545
05007-316,05007-319,11767.915433260843
05007-314,05007-311,4239.050872577576
05007-314,05007-313,20140.09040361908
05007-314,05007-319,335.563590014676
05007-314,05007-228,979.2916796603143
05007-314,05007-317,1963.254188171275
05007-314,05007-229,1311.418088700284
05007-315,05007-311,2655.77154171731
05007-315,05007-313,3603.788026670215
05007-311,05007-310,19555.17365007243
05007-311,05007-313,538.6281070194148
05007-311,05007-312,5901.667935942182
05007-371,05007-310,9787.542548267846
05007-371,05007-222,3090.38995297742
05007-382,05007-380,9503.442357536584
05007-382,05007-381,2120.1325413123554
05007-379,05007-378,3028.8894342130375
05007-379,05007-380,2040.5394955265822
05007-379,05007-318,2816.7145622433013
05007-226,05007-223,784.5966206468928
05007-226,05007-225,18370.16393396743
05007-226,05007-224,1276.8072815254814
05007-226,05007-150,1650.7319216875824
05007-139,05007-141,35321.849112950295
05007-139,05007-145,1334.682374526128
05007-139,05007-093,7155.563942761066
05007-139,05007-091,21098.442791145655
05007-139,05007-094,9276.340605701873
05007-096,05007-057,870.7669237091512
05007-096,05007-094,15014.737687411662
05007-161,05007-160,351.27853577215717
05007-161,05007-151,1700.8560560192925
05007-161,05007-425,454.89637376885764
05007-158,05007-155,1065.4706803491574
05007-228,05007-229,12498.165540142323
05007-057,05007-100,807.06484903145
05007-057,05007-102,11111.01080648896
05007-057,05007-061,4027.35262538018
05007-057,05007-056,30067.749849721004
05007-057,05007-094,1123.146537110292
05007-057,05007-053,7527.725418439217
05007-057,05007-054,482.78237706306186
05007-061,05007-157,1354.2882221481361
05007-061,05007-104,14010.963011215978
05007-061,05007-424,13710.834762351718
05007-061,05007-102,1296.078274635003
05007-061,05007-062,7911.4121284172015
05007-061,05007-064,3782.568108998471
05007-061,05007-017,10787.461011736912
05007-109,05007-111,4616.237723526337
05007-109,05007-060,12232.929744410045
05007-109,05007-424,2640.746929480181
05007-109,05007-062,4385.059891465816
05007-111,05007-110,2500.8975345615454
05007-111,05007-112,24158.454260472077
05007-111,05007-062,3924.638957746386
05007-062,05007-424,6343.396854879851
05007-062,05007-112,10491.582959200967
05007-062,05007-064,11491.825279110535
05007-062,05007-065,5875.68151072328
05007-020,05007-065,4602.085498945968
05007-020,05007-019,5443.6144453403285
05007-020,05007-025,2806.56874388143
05007-348,05007-279,8296.14262675154
05007-348,05007-274,1368.8741549351346
05007-122,05007-123,8308.055962665665
05007-122,05007-119,4577.041412331315
05007-122,05007-124,8386.747843562696
05007-122,05007-075,11212.268864233542
05007-121,05007-123,6619.506053476208
05007-121,05007-119,5886.476793375004
05007-121,05007-124,6356.5919777823865
05007-194,05007-196,2368.259459857299
05007-194,05007-190,15234.39638745511
05007-194,05007-195,8037.418625713191
05007-053,05007-094,3361.737416186737
05007-053,05007-054,2805.5128118979524
05007-025,05007-016,3497.9239104666285
05007-279,05007-350,27070.364113311538
05007-279,05007-274,10054.47956660446
05007-279,05007-276,20442.185441012763
05007-279,05007-281,5725.04623733683
05007-279,05007-283,29020.52146036102
05007-283,05007-284,7644.304256103547
05007-283,05007-198,6595.6298929473705
05007-283,05007-197,12270.966945623908
05007-281,05007-276,5928.756637819746
05007-281,05007-197,3098.0773734056843
05007-257,05007-338,358.78524688664476
05007-257,05007-256,5793.601571240999
05007-257,05007-259,3996.5903784380243
05007-257,05007-258,3756.7418052046387
05007-198,05007-350,11851.351106641932
05007-198,05007-199,9381.145890387472
05007-198,05007-128,5309.426501767109
05007-198,05007-125,11709.012761504608
05007-350,05007-199,31623.69016540253
05007-350,05007-128,21027.399599337456
05007-350,05087-Prairie,49981.67526254793
05007-350,05143-Brush Creek,16779.63406264635
05007-350,05015-Lakes Area,59120.60813335942
05007-199,05007-128,53854.89226415094
05007-127,05007-125,21820.082669701027
05007-127,05007-126,7346.5902443009945
05007-127,05007-124,9987.628099681657
05007-127,05007-080,23218.431068881535
05007-012,05007-013,1989.6974099773092
05007-012,05007-058,11688.92118954297
05007-012,05007-014,14239.155694039888
05007-080,05007-128,57253.73385030285
05007-080,05015-Lakes Area,24720.506547718345
05007-080,05007-082,39453.88198672555
05007-080,05007-083,7524.348769261966
05007-080,05007-044,18804.102082432888
05007-039,05007-082,16301.79953110546
05007-039,05007-083,7294.80720068957
05007-197,05007-284,6297.33133247401
05007-197,05007-125,13467.78950647132
05007-197,05007-275,6901.586294180864
05007-197,05007-280,1873.0137766078813
05007-197,05007-196,7906.175732020729
05007-197,05007-190,959.4482135220529
05007-125,05007-128,28300.254649899467
05007-125,05007-195,20233.90404899995
05007-125,05007-126,18214.071557986426
05007-125,05007-124,3831.8397011091165
05007-128,05015-Lakes Area,67719.96114366228
05007-124,05007-190,10224.421212819252
05007-124,05007-195,3815.4319726323865
05007-124,05007-123,9334.149800345082
05007-124,05007-126,12481.746583729067
05007-124,05007-075,2605.3594502444885
05007-196,05007-190,1106.848515007217
05007-196,05007-195,10273.20106652291
05007-195,05007-190,3277.1290517430643
05007-063,05007-065,5357.267913988831
05007-063,05007-017,5302.157035286391
05007-063,05007-018,3177.114351559488
05007-063,05007-019,1156.181821593277
05007-256,05007-248,2509.896495106304
05007-256,05007-325,211.52819006825192
05007-256,05007-333,1646.0800758000373
05007-256,05007-326,1380.5542124827725
05007-256,05007-255,4486.31809883215
05007-256,05007-253,4440.088329048085
05007-256,05007-258,350.9669398813228
05007-018,05007-017,11508.701022816227
05007-018,05007-058,4230.634204769889
05007-018,05007-019,7197.136963109706
05007-018,05007-016,13481.661135147717
05007-016,05007-058,1979.8505996508086
05007-016,05007-015,23625.339649574253
05007-016,05007-019,10636.888665072802
05007-098,05007-151,2661.4939405454534
05007-098,05007-154,2611.948157116101
05007-098,05007-155,7868.6830934726495
05007-098,05007-101,1585.8726093474036
05007-098,05007-093,6516.99525397849
05007-056,05007-102,9648.809420500296
05007-056,05007-054,11946.18546347869
05007-056,05007-017,8224.668060719509
05007-056,05007-059,13386.647642980628
05007-056,05007-058,10314.13949316357
05007-058,05007-017,5752.463513499389
05007-058,05007-059,14297.68045451785
05007-058,05007-014,2421.9475319454264
05007-117,05007-118,4259.413575078036
05007-117,05007-116,418.06166928093296
05007-117,05007-119,933.7448821384618
05007-017,05007-424,13303.94201339459
05007-017,05007-064,2268.460265970857
05007-017,05007-059,1841.1767954647657
05007-064,05007-065,12614.440513648024
05007-181,05007-180,2761.6703081239293
05007-181,05007-185,3473.3542132107777
05007-181,05007-113,5678.331708967789
05007-184,05007-183,2930.9053093739167
05007-184,05007-180,3470.7646307695168
05007-184,05007-186,5538.392157071597
05007-119,05007-190,1155.5904990705285
05007-119,05007-118,10686.78607757607
05007-119,05007-191,3725.2340045401866
05007-119,05007-186,6578.736253527717
05007-119,05007-123,15610.593431767304
05007-118,05007-185,3768.5968437971565
05007-118,05007-186,1779.2172216935337
05007-191,05007-190,7871.866274063905
05007-191,05007-189,669.5931711838117
05007-191,05007-186,653.7593582532184
05007-186,05007-189,3888.9560440212917
05007-186,05007-185,4390.139808887158
05007-180,05007-172,1650.2113146190886
05007-151,05007-152,530.7598892100078
05007-151,05007-150,2096.165451318495
05007-151,05007-153,8152.888431248446
05007-151,05007-160,1566.6870937289632
05007-151,05007-425,3960.2770656413363
05007-151,05007-154,3949.5491661518854
05007-151,05007-155,3454.1603519947944
05007-154,05007-155,6831.846028355878
05007-152,05007-150,5701.687586275992
05007-152,05007-153,1615.1378820641398
05007-153,05007-150,2333.2194216272355
05007-153,05007-156,5265.931652472376
05007-153,05007-160,1119.3915993479209
05007-093,05007-145,7737.901497228996
05007-093,05007-094,1220.3381630417668
05007-101,05007-157,955.3202064885738
05007-219,05007-220,1786.9306583338407
05007-220,05007-224,23122.059876026367
05007-220,05007-142,6495.745375414688
05007-148,05007-143,2608.2883413625564
05007-148,05007-144,2607.626080622882
05007-145,05007-144,5137.203750935551
05007-145,05007-141,2627.2960499413325
05007-142,05007-224,3317.64018289352
05007-142,05007-143,5281.483434234535
05007-142,05007-141,3051.0655503272383
05007-141,05007-143,5276.912152898795
05007-141,05007-144,2630.669698211417
05007-143,05007-144,2657.2034479342037
05007-308,05007-222,26368.9526344106
05007-308,05007-214,2415.784599885166
05007-308,05007-223,2711.8886727975078
05007-310,05007-222,21422.418830885108
05007-310,05007-223,1307.3099442464613
05007-388,05007-389,1294.590271748847
05007-380,05007-381,3771.1678095391508
05007-380,05007-318,1869.302636928355
05007-378,05007-383,1362.7711957572565
05007-378,05007-381,5303.905774008074
05007-386,05007-335,2493.5995851958955
05007-383,05007-329,5736.727785800827
05007-383,05007-381,1915.0109305628657
05007-383,05007-324,1504.9849663573382
05007-395,05007-394,2380.08581596329
05007-250,05007-248,1315.682157388049
05007-250,05007-243,721.1031521463533
05007-250,05007-249,5767.105401853806
05007-250,05007-246,2778.121728775971
05007-250,05007-251,1308.119016468658
05007-250,05007-253,7078.510187312182
05007-394,05007-389,2296.5056788275174
05007-394,05007-344,1279.6148064317033
05007-394,05007-341,1328.2012250383464
05007-335,05007-389,311.4827554564967
05007-335,05007-340,9408.336928718565
05007-335,05007-329,9252.05160419613
05007-335,05007-336,5269.006053414521
05007-329,05007-324,5899.425922746939
05007-329,05007-330,6625.892945095932
05007-341,05007-389,887.815282892713
05007-341,05007-340,4698.927610234569
05007-341,05007-336,1958.2417852041885
05007-341,05007-339,4626.660315149301
05007-340,05007-389,5393.655995630171
05007-340,05007-336,638.662013529768
05007-344,05007-345,1786.5777754406263
05007-258,05007-261,6777.931087317934
05007-258,05007-262,1318.9240648386385
05007-258,05007-253,6426.001928909081
05007-258,05007-263,2677.217970994231
05007-258,05007-174,4973.865954628586
05007-258,05007-176,1486.464189892461
05007-175,05007-174,4413.761094904428
05007-175,05007-176,9384.821852031097
05007-175,05007-171,2663.691769042748
05007-262,05007-264,2656.681560002989
05007-262,05007-259,3940.9142470794627
05007-262,05007-261,5269.021467424195
05007-262,05007-263,3115.0990778465048
05007-262,05007-176,2210.510286290112
05007-176,05007-263,5936.727331568445
05007-176,05007-174,2619.876086319778
05007-176,05007-183,2596.756878820401
05007-176,05007-266,3961.939259743034
05007-176,05007-187,6569.677235617977
05007-187,05007-266,9172.553669074545
05007-187,05007-189,2642.7705048913226
05007-183,05007-189,656.6556883155426
05007-189,05007-190,1312.309252795279
05007-248,05007-322,11105.285546467396
05007-248,05007-245,6144.861854439163
05007-248,05007-326,2685.9687442155637
05007-248,05007-255,4463.821144233506
05007-248,05007-253,3709.726445504918
05007-322,05007-319,712.2578388727135
05007-322,05007-321,13599.291866649139
05007-322,05007-241,6535.344125646631
05007-322,05007-325,2622.9735746309434
05007-322,05007-326,3870.988997979035
05007-328,05007-325,3986.640835438612
05007-328,05007-333,2653.4943037945523
05007-333,05007-330,10513.99630410243
05007-333,05007-336,5978.054806522139
05007-333,05007-331,643.7593443063396
05007-333,05007-326,1357.4415081131099
05007-330,05007-336,1208.569970836341
05007-331,05007-326,2781.965378829481
05007-336,05007-339,5831.259734964911
05007-336,05007-337,4830.463831057484
05007-337,05007-338,6977.838077652377
05007-266,05007-271,2630.874000507553
05007-266,05007-267,1873.3635143153397
05007-266,05007-192,7834.109376828979
05007-266,05007-193,2982.1751507918875
05007-266,05007-190,3144.076452721042
05007-193,05007-192,3113.3736404460897
05007-193,05007-190,6476.160522638522
05007-267,05007-264,1988.6018043480262
05007-267,05007-271,2691.120095575562
05007-271,05007-270,2489.3614652305296
05007-271,05007-273,2679.046774666854
05007-192,05007-273,2237.151584585225
05007-192,05007-275,2669.0827403991834
05007-192,05007-190,3709.401413432611
05007-273,05007-277,2708.216269270517
05007-273,05007-275,225.30312793334136
05007-275,05007-276,8804.650893045127
05007-275,05007-277,3773.5723783853173
05007-275,05007-280,13604.595147035583
05007-275,05007-190,4174.358523088861
05007-276,05007-274,5968.808067670333
05007-276,05007-277,3508.5028691758307
05007-280,05007-190,7874.519203354848
05007-123,05007-190,6591.3738219215775
05007-345,05007-274,1348.8528270924735
05007-345,05007-338,4035.55971335644
05007-339,05007-338,3446.900715883461
05007-338,05007-269,2623.003171621197
05007-338,05007-268,954.1333692763772
05007-338,05007-264,3014.1675478546135
05007-338,05007-259,3960.912342480344
05007-264,05007-268,2415.6338950163413
05007-264,05007-270,6577.880472599008
05007-264,05007-259,3959.2599835498218
05007-268,05007-269,1481.6870230848474
05007-270,05007-269,2654.750029607136
05007-259,05007-261,4410.796643337572
05007-167,05007-246,4116.599254116694
05007-167,05007-240,1337.753612485247
05007-167,05007-165,6597.499188138681
05007-167,05007-170,8382.956120970623
05007-170,05007-246,547.0215269415991
05007-170,05007-169,4778.178682330309
05007-170,05007-171,13286.77584331339
05007-170,05007-172,842.5020980661886
05007-170,05007-427,3962.996118267406
05007-246,05007-243,406.69682551416514
05007-246,05007-249,642.3971290633052
05007-246,05007-247,1610.7155022814086
05007-246,05007-240,5397.012972348288
05007-246,05007-251,3222.1721161293526
05007-171,05007-174,2694.1825121850716
05007-172,05007-427,5248.550073931972
05007-172,05007-173,3499.2313039656556
05007-172,05007-113,1271.1775639688306
05007-172,05007-106,410.32667173347426
05007-155,05007-425,608.3839194196314
05007-155,05007-163,749.3645329273811
05007-155,05007-157,1176.8338847545099
05007-102,05007-104,3341.6478847411254
05007-157,05007-164,8177.998320561383
05007-164,05007-163,8302.651331406572
05007-164,05007-105,1892.5515069773055
05007-164,05007-106,4388.433750685772
05007-164,05007-104,1304.7892026593358
05007-163,05007-165,3218.2697207951314
05007-163,05007-425,1288.3034431696822
05007-163,05007-426,2093.9297818085392
05007-163,05007-169,1938.818579021347
05007-105,05007-107,544.2237545785122
05007-105,05007-104,1411.2772982714534
05007-104,05007-108,8379.061236316627
05007-104,05007-424,5642.945927258808
05007-173,05007-113,4653.423415055565
05007-173,05007-106,2483.9338733990667
05007-173,05007-110,1884.124260009137
05007-106,05007-169,7373.12772337512
05007-106,05007-107,2454.2207749625504
05007-106,05007-427,3965.446459714251
05007-106,05007-110,9382.736349661724
05007-106,05007-060,2396.415899388345
05007-106,05007-108,2262.0255961163325
05007-106,05007-424,1970.4549607448118
05007-107,05007-108,1136.9575942634954
05007-110,05007-060,3588.621438402378
05007-110,05007-112,1419.8305875160531
05007-424,05007-060,4978.686086780157
05007-424,05007-108,8953.730624299205
05007-116,05007-113,344.4213429896929
05007-113,05007-112,2583.9726570455555
05007-319,05007-318,3124.507120842853
05007-319,05007-320,2179.0084291956346
05007-319,05007-313,4378.545466745188
05007-319,05007-321,5453.432400515425
05007-165,05007-235,2641.973019610865
05007-165,05007-238,1482.459509357057
05007-165,05007-160,5288.5288363468935
05007-165,05007-425,1461.7027026646115
05007-165,05007-426,4961.40664458121
05007-240,05007-243,1960.4424542128972
05007-240,05007-429,3697.8682877172005
05007-240,05007-238,2930.426620950936
05007-429,05007-235,5468.271352914493
05007-429,05007-238,2455.8989048202725
05007-237,05007-241,645.5321625927896
05007-237,05007-245,1006.7184457386275
05007-237,05007-243,593.6649419917892
05007-237,05007-235,3886.856026480908
05007-242,05007-243,3343.3238526448026
05007-242,05007-235,863.8577258228968
05007-235,05007-243,2151.7919719242464
05007-235,05007-232,2957.0689000533903
05007-235,05007-238,2483.3536123915346
05007-235,05007-160,1335.0403013781488
05007-313,05007-312,3605.280688959501
05007-313,05007-229,1272.7211652286007
05007-225,05007-223,5575.350873434071
05007-225,05007-224,7164.736834905205
05007-225,05007-150,6644.997427665918
05007-224,05007-223,1314.0457920623799
05007-160,05007-232,1332.4075927084496
05007-160,05007-156,1325.7807627857192
05007-160,05007-425,2636.0313838068164
05007-241,05007-245,3106.5558964614293
05007-229,05007-150,829.3456988991107
05007-150,05007-223,3939.4740646400137
05007-150,05007-232,7445.416507280355
05007-150,05007-156,2935.386622884969
05007-223,05007-222,8134.145267210186
05007-156,05007-232,1177.4544353352292
05007-320,05007-381,3005.2091540946676
05007-320,05007-318,4668.376450143323
05007-320,05007-323,4856.376239403234
05007-320,05007-321,6817.998323856049
05007-381,05007-318,10773.333437934296
05007-381,05007-324,7125.324835916276
05007-381,05007-323,995.407055800689
05007-324,05007-323,2657.932229604277
05007-247,05007-243,1012.4993506414603
05007-247,05007-249,658.0103552120372
05007-245,05007-243,4091.942357824013
05007-245,05007-249,660.545932294044
05007-243,05007-249,2597.7393646680607
05007-321,05007-325,1333.401968021411
05007-325,05007-323,1322.4958462571337
05007-325,05007-326,3985.3442014908755
05007-019,05007-065,6485.880484491693
05007-169,05007-427,5394.410219644682
05007-082,05007-083,9748.63974599665
05007-014,05007-015,11144.935544363601
05007-010,05007-009,9062.754823166892
05007-232,05007-428,996.8394635921529
05007-425,05007-426,2413.1361421013735
05009-District 7,05101-Grove,26595.571758855338
05009-District 7,05101-Dogpatch,20925.687153558272
05009-District 7,05009-District 8,24439.018663658713
05009-District 7,05129-Prairie,15924.584776084394
05009-District 7,05089-Precinct 26,43640.918759251974
05009-District 7,05009-District 5,73790.47445514887
05009-District 7,05009-District 6,62049.31987499862
05009-District 7,05089-Precinct 10,7846.898421569854
05009-District 1,05009-District 3,4232.189454447645
05009-District 1,05009-District 8,1908.1931735319622
05009-District 1,05009-District 2,20685.628334647554
05009-District 1,05009-District 4,20083.207972032527
05009-District 1,05009-District 9,20920.57707807051
05009-District 8,05101-Dogpatch,47433.835398698924
05009-District 8,05009-District 3,20753.307065577086
05009-District 8,05101-Ponca,12876.640024703625
05009-District 8,05015-South Carroll,42667.537579983735
05009-District 8,05009-District 2,17567.246732392076
05009-District 8,05009-District 5,18235.507190233457
05009-District 8,05009-District 9,113459.30440680266
05009-District 3,05009-District 2,8864.590615989035
05009-District 3,05009-District 5,29449.481768527326
05009-District 3,05009-District 4,9259.519653940817
05009-District 4,05009-District 5,57460.78637183263
05009-District 11,05009-District 6,99973.30997375878
05009-District 11,05009-District 10,84653.83202085007
05009-District 11,05009-Diamond City 12,78701.53685640432
05009-District 11,05089-Precinct 09,25047.838796510732
05009-District 11,05089-Precinct 03,39973.098510200936
05009-District 11,05089-Precinct 01,10043.889731062747
05009-District 5,05009-District 6,88131.86798506907
05009-District 5,05009-District 10,10497.668272565146
05009-District 5,05009-District 9,13502.494918980407
05009-District 6,05009-District 10,49923.68856535834
05009-District 6,05089-Precinct 10,28474.55062387092
05009-District 6,05089-Precinct 09,6545.973581578082
05009-District 10,05009-District 9,69433.59917012807
05009-District 10,05015-Yocum,48791.135097007755
05009-District 9,05015-South Carroll,23331.719120469203
05009-District 9,05015-Yocum,30026.821872138134
05011-09 - Hermitage City,05011-10 - Hermitage Rural,37465.528947012834
05011-07 - Banks Rural,05011-12 - Jersey,12309.439590721013
05011-07 - Banks Rural,05011-08 - Springhill,65279.209756989956
05011-07 - Banks Rural,05011-06 - Banks City,13232.182307909516
05011-07 - Banks Rural,05013-Harrell,20913.525586328447
05011-07 - Banks Rural,05013-Tinsman,81518.68221938782
05011-07 - Banks Rural,05011-05 - South,21574.70804892573
05011-07 - Banks Rural,05011-04 - North,46294.71288696452
05011-07 - Banks Rural,05025-10 - Redland,42954.319206026936
05011-01 - Warren Ward 1,05011-05 - South,44355.997255468195
05011-01 - Warren Ward 1,05011-02 - Warren Ward 2,16256.306271122592
05011-01 - Warren Ward 1,05011-03 - Warren Ward 3,2966.939921677133
05011-10 - Hermitage Rural,05011-11 - Eagle Lake,47005.089087625325
05011-10 - Hermitage Rural,05011-08 - Springhill,76797.76221697812
05011-10 - Hermitage Rural,05011-13 - Johnsville,35993.00829616883
05011-10 - Hermitage Rural,05011-14 - Marion,27444.762349522578
05011-10 - Hermitage Rural,05011-05 - South,21077.35667987691
05011-14 - Marion,05043-12 - Ozment,38622.99234468936
05011-14 - Marion,05011-13 - Johnsville,20118.97957398431
05011-14 - Marion,05011-05 - South,21912.310829322203
05011-03 - Warren Ward 3,05011-02 - Warren Ward 2,11120.724759684756
05011-03 - Warren Ward 3,05011-04 - North,58150.10831855076
05011-08 - Springhill,05011-11 - Eagle Lake,10712.325131628044
05011-08 - Springhill,05011-12 - Jersey,52008.978068288045
05011-08 - Springhill,05011-05 - South,33328.12122879221
05011-05 - South,05043-12 - Ozment,14958.209364460788
05011-05 - South,05043-16 - Wilmar,24603.98219572948
05011-05 - South,05011-02 - Warren Ward 2,15866.40061712246
05011-05 - South,05011-04 - North,54448.710789280674
05011-02 - Warren Ward 2,05011-04 - North,20305.46621559839
05011-04 - North,05043-16 - Wilmar,31187.18192095998
05011-04 - North,05043-13 - Plantersville,2658.735417747175
05011-04 - North,05025-06 - Hurricane,18761.071759925268
05011-04 - North,05025-10 - Redland,1691.5811414976547
05011-04 - North,05025-07 - Lee,44649.619734650725
05011-11 - Eagle Lake,05139-New London,129290.35253125326
05011-11 - Eagle Lake,05011-12 - Jersey,51072.32374420896
05011-11 - Eagle Lake,05011-13 - Johnsville,43592.34483205478
05011-13 - Johnsville,05043-12 - Ozment,28174.639135237237
05011-12 - Jersey,05139-New London,14827.110539728179
05011-12 - Jersey,05139-Lawson,26928.224602933533
05011-12 - Jersey,05013-Champagnolle,24713.013694920028
05011-12 - Jersey,05013-Harrell,80680.83574447596
05013-Hampton,05013-Champagnolle,20634.543137062374
05013-Hampton,05013-Bearden,15690.295513167974
05013-Hampton,05013-Tinsman,13044.351759656945
05013-Hampton,05013-Woodberry,9511.838055133889
05013-Tinsman,05013-Harrell,78484.9825228581
05013-Tinsman,05013-Bearden,5721.120169911279
05013-Tinsman,05013-Chambersville,112823.11527805189
05013-Tinsman,05013-Woodberry,39218.72280874808
05013-Locust,05013-Champagnolle,97523.22112733645
05013-Locust,05013-Chambersville,7081.282162077378
05013-Locust,05103-012-County 003,151893.83610046312
05013-Locust,05013-Woodberry,51415.4784127193
05013-Locust,05103-011-County 002,103782.26982574038
05013-Locust,05103-010-County 001,16796.76588528845
05013-Harrell,05013-Champagnolle,91801.74909659555
05013-Harrell,05013-Bearden,13859.040391914545
05013-Bearden,05013-Champagnolle,19600.71229793916
05013-Woodberry,05013-Champagnolle,49826.16295517291
05013-Woodberry,05013-Chambersville,60265.79345107674
05013-Chambersville,05025-10 - Redland,49662.483432241126
05013-Chambersville,05039-JP 008,1313.5224256750482
05013-Chambersville,05039-JP 005,38048.99747794144
05013-Chambersville,05039-JP 009,37589.597671886666
05013-Chambersville,05103-010-County 001,75245.22211170096
05013-Champagnolle,05139-Lawson,38975.98899702835
05013-Champagnolle,05139-Union,64924.996383879115
05013-Champagnolle,05139-Calion,33907.31417991954
05013-Champagnolle,05103-012-County 003,24307.97677742529
05015-Lakes Area,05087-Alabam,10318.375516584943
05015-Lakes Area,05015-Kings River,35709.430499242764
05015-Lakes Area,05087-Prairie,18142.27876269552
05015-Lakes Area,05015-Eureka Springs,78768.2556012016
05015-Lakes Area,05015-Holiday Island,32663.56491339854
05015-Berryville West,05015-Prairies,54391.60459108079
05015-Berryville West,05015-Berryville East,11232.926394973016
05015-Eureka Springs,05015-Kings River,25569.733892189404
05015-Eureka Springs,05015-Holiday Island,13095.187693539616
05015-Holiday Island,05015-Kings River,28454.29536274912
05015-Kings River,05087-Alabam,20532.54085713843
05015-Kings River,05015-Prairies,163592.78952401385
05015-Kings River,05015-Berryville East,1638.8767011383743
05015-Kings River,05015-Yocum,48714.56882093783
05015-South Hickory,05015-South Carroll,51270.810670330065
05015-South Hickory,05015-Prairies,13077.970505202971
05015-South Hickory,05015-North Hickory,45913.36145481225
05015-Berryville East,05015-Prairies,32031.8411098596
05015-North Hickory,05015-Prairies,35952.408440602296
05015-North Hickory,05015-Yocum,115410.71582934067
05015-Prairies,05015-South Carroll,66038.00929868054
05015-Prairies,05087-Alabam,41713.01904797946
05015-Prairies,05015-Yocum,25011.895352516
05015-Yocum,05015-South Carroll,22699.37183439992
05015-South Carroll,05087-Kings River,16401.531105313334
05015-South Carroll,05101-Ponca,55163.99751616552
05015-South Carroll,05087-Alabam,68506.00648250665
05017-104 - Carlton Rural,05043-07 - Jerome,4997.651583428993
05017-104 - Carlton Rural,05017-304 - Bowie Rural,111609.10907401172
05017-104 - Carlton Rural,"05017-PLANTERS 1, 3, 4, Rural",137952.19060835429
05017-104 - Carlton Rural,"05017-CARLTON 1, 2, 3",93385.72522505128
05017-202 - Planters 2,"05017-PLANTERS 1, 3, 4, Rural",33368.96623424787
05017-304 - Bowie Rural,05043-07 - Jerome,37424.466207829806
05017-304 - Bowie Rural,05043-05 - Collins,27200.029259943
05017-304 - Bowie Rural,"05017-BOWIE 1, 2, 3 JP. DIST 2",31701.16017741895
05017-304 - Bowie Rural,"05017-BOWIE 1, 2, 3",63534.11932569997
05017-304 - Bowie Rural,05041-09 - Halley,53444.90072056848
05017-304 - Bowie Rural,05041-04 - Bowie Rural,26402.619762964485
05017-304 - Bowie Rural,05041-08 - Franklin,27366.204785025722
"05017-BOWIE 1, 2, 3","05017-BOWIE 1, 2, 3 JP. DIST 2",10022.82971055802
05019-Amity City,05019-North County,43309.9569663017
05019-Amity City,05109-05 - Glenwood South,8158.195011086061
05019-Arkadelphia Ward 1,05019-East County 1,10946.082087215562
05019-Arkadelphia Ward 1,05019-Arkadelphia Ward 4,6140.065521708982
05019-Arkadelphia Ward 1,05019-Arkadelphia Ward 3,11108.37524063627
05019-Arkadelphia Ward 1,05019-North East County,1610.1014498999434
05019-Arkadelphia Ward 2,05019-Gum Springs Inside/Outside 1,42637.08801837068
05019-Arkadelphia Ward 2,05019-East County 1,6084.4306683309105
05019-Arkadelphia Ward 2,05019-Central 1,17063.492637761217
05019-Arkadelphia Ward 2,05019-Arkadelphia Ward 4,13061.407338750703
05019-Arkadelphia Ward 2,05019-Arkadelphia Ward 5,6131.8040397567565
05019-Arkadelphia Ward 2,05019-Arkadelphia Ward 3,1763.9657879165788
05019-Arkadelphia Ward 3,05019-Arkadelphia Ward 4,5857.778977614577
05019-Arkadelphia Ward 3,05019-Arkadelphia Ward 5,13851.467923143322
05019-Arkadelphia Ward 3,05019-North East County,20183.34955072284
05019-Arkadelphia Ward 4,05019-East County 1,765.0713819872213
05019-Arkadelphia Ward 5,05019-North East County,33978.50031988085
"05019-Caddo Valley Wards 1,2,3",05019-North East County,115131.47681349383
05019-Central 1,05019-Curtis 1,4111.789771016979
05019-Central 1,05019-Gum Springs Inside/Outside 1,38966.061561553506
05019-Central 1,05019-West County 1,40294.64435888718
05019-Central 1,05019-Hollywood 1,44356.66414748713
05019-Central 1,05019-North East County,19725.737952516018
05019-Curtis 1,05039-JP 008,52127.774016773306
05019-Curtis 1,05039-JP 007,68715.88838149986
05019-Curtis 1,05103-014-County 005,14839.223029131908
05019-Curtis 1,05019-South County 1,83860.2894180998
05019-Curtis 1,05019-Gum Springs Inside/Outside 1,51901.332181010686
05019-Curtis 1,05019-East County 1,34202.26181978832
05019-Curtis 1,05019-Gurdon Gen 1,81619.39320105167
05019-East County 1,05039-JP 006,20945.250364126103
05019-East County 1,05039-JP 007,58875.418446955795
05019-East County 1,05019-Gum Springs Inside/Outside 1,52371.68752869629
05019-East County 1,05059-Brown Springs,47063.066576186
05019-East County 1,05019-North East County,9906.434928489727
05019-Gurdon Gen 1,05099-East & West Rural,10633.807309316939
05019-Gurdon Gen 1,05019-South County 1,86990.1267714948
05019-Gurdon Gen 1,"05019-Gurdon Wards 1, 2, 3, 4, 5",28078.581366000995
05019-Gurdon Gen 1,05019-West County 1,59417.25454106591
"05019-Gurdon Wards 1, 2, 3, 4, 5",05019-South County 1,30496.007105095137
05019-Hollywood 1,05019-West County 1,106677.25283047033
05019-Hollywood 1,05109-01 - Antoine,27463.634887213775
05019-Hollywood 1,05109-03 - Delight,13898.83375486677
05019-Hollywood 1,05019-North East County,16075.625035660643
05019-Hollywood 1,05019-North County,103602.45874875096
05019-North County,05109-03 - Delight,34803.451034858
05019-North County,05019-North East County,57631.322973294074
05019-North County,05059-Montgomery,15628.059941250778
05019-North County,05109-06 - Kirby,58790.60007333661
05019-North County,05109-05 - Glenwood South,30038.805429590335
05019-North County,05059-Valley,53262.173919099645
05019-North County,05059-Bismarck,15941.171023822211
05019-North County,05059-Henderson,15845.567587142517
05019-North County,05097-04 - CANEY,21235.34289645421
05019-North East County,05059-Brown Springs,18379.227151258638
05019-North East County,05059-Prairie,7869.205858408648
05019-North East County,05059-Montgomery,67564.74623860023
05019-Okolona City 1,05019-West County 1,20124.730970735975
05019-South County 1,05103-014-County 005,101778.4693599593
05019-South County 1,05099-Bluff City City & Rural,52635.5113437261
05019-South County 1,05099-East & West Rural,81421.5489499332
05019-South County 1,05019-Whelen Springs 1,11773.667390015396
05019-West County 1,05099-East & West Rural,48944.24996452243
05019-West County 1,05109-01 - Antoine,54662.09557538251
05021-07 - Johnson,05021-04 - West Oak Bluff,25986.683184251164
05021-07 - Johnson,05021-08 - Knob,50706.48071143321
05021-07 - Johnson,05021-13 - Cache & Wilson,10430.878434702034
05021-07 - Johnson,05021-06 - Bradshaw & Haywood,26546.183489738847
05021-07 - Johnson,05021-05 - Bennett & Lemmons,26204.94782088061
05021-15 - Nelson,05021-14 - Clark,33434.18161334035
05021-15 - Nelson,05021-13 - Cache & Wilson,27507.77955284921
05021-15 - Nelson,05121-14 - Reyno,46994.783166524714
05021-15 - Nelson,05021-17 - Gleghorn & S Kilgore,29026.84217165818
05021-15 - Nelson,05021-12 - Brown & Carpenter,15942.341377379182
05021-13 - Cache & Wilson,05055-JP - DISTRICT 10,31139.769305207497
05021-13 - Cache & Wilson,05021-14 - Clark,45211.68142871892
05021-13 - Cache & Wilson,05021-08 - Knob,25332.495098122854
05021-13 - Cache & Wilson,05021-17 - Gleghorn & S Kilgore,109161.38675091608
05021-13 - Cache & Wilson,05021-05 - Bennett & Lemmons,5403.028620622831
05021-06 - Bradshaw & Haywood,05021-04 - West Oak Bluff,10216.256874600587
05021-06 - Bradshaw & Haywood,05021-03 - E Oak Bluff & Blue Cane,47696.314784340626
05021-06 - Bradshaw & Haywood,05021-10 - Payne & Swain,24866.33601959929
05021-06 - Bradshaw & Haywood,05021-02 - South St Francis,50336.525894221406
05021-06 - Bradshaw & Haywood,05021-01 - North St Francis,4026.133131462224
05021-06 - Bradshaw & Haywood,05021-05 - Bennett & Lemmons,42044.60689079118
05021-06 - Bradshaw & Haywood,05021-11 - Pollard,16002.928397505118
05021-05 - Bennett & Lemmons,05021-17 - Gleghorn & S Kilgore,15980.58987122305
05021-05 - Bennett & Lemmons,05021-11 - Pollard,33986.381973421296
05021-05 - Bennett & Lemmons,05021-16 - Cleveland & N Kilgore,58888.69767063945
05021-02 - South St Francis,05021-10 - Payne & Swain,44877.79521177075
05021-02 - South St Francis,05021-01 - North St Francis,68159.70183912369
05021-11 - Pollard,05021-01 - North St Francis,21285.855429435225
05021-11 - Pollard,05021-09 - Liddell & chalk Bluff,28938.069702655263
05021-17 - Gleghorn & S Kilgore,05021-16 - Cleveland & N Kilgore,66624.98898713397
05021-01 - North St Francis,05021-09 - Liddell & chalk Bluff,32990.82250288169
05021-12 - Brown & Carpenter,05121-14 - Reyno,6563.6070438339375
05021-12 - Brown & Carpenter,05121-12 - Little Black,55571.68058463044
05021-12 - Brown & Carpenter,05021-16 - Cleveland & N Kilgore,63712.33266987812
05021-03 - E Oak Bluff & Blue Cane,05055-JP - DISTRICT 08,22173.225186217664
05021-03 - E Oak Bluff & Blue Cane,05021-04 - West Oak Bluff,48979.352137739625
05021-03 - E Oak Bluff & Blue Cane,05021-10 - Payne & Swain,27829.417784680598
05021-04 - West Oak Bluff,05055-JP - DISTRICT 08,41914.21360494328
05021-04 - West Oak Bluff,05021-08 - Knob,7321.487698668391
05021-08 - Knob,05055-JP - DISTRICT 08,10437.96594116314
05021-08 - Knob,05055-JP - DISTRICT 10,38363.05654140972
05021-14 - Clark,05055-JP - DISTRICT 10,53679.1167860085
05021-14 - Clark,05121-13 - Okean,7680.108166268931
05021-14 - Clark,05121-05 - Current River,11972.309665655906
05021-14 - Clark,05121-14 - Reyno,21155.048514106125
05023-05 - South Cadron Outside,05045-Pct 32,21018.035432968343
05023-05 - South Cadron Outside,05045-Pct 16,13634.278758486853
05023-05 - South Cadron Outside,05023-04 - South Cadron Inside,25403.14761557939
05023-05 - South Cadron Outside,05023-03 - North Cadron Outside,5671.161701721452
05023-05 - South Cadron Outside,05023-08 - Clayton,21602.04284419241
05023-05 - South Cadron Outside,05023-27 - Piney,10641.74211121867
05023-14 - Healing Springs,05023-06 - California,29082.350430282033
05023-14 - Healing Springs,05023-11 - Grassey Outside,29469.71592060799
05023-14 - Healing Springs,05023-23 - East Peter Creek,35979.70244242129
05023-14 - Healing Springs,05137-Ben,35915.6424421998
05023-03 - North Cadron Outside,05045-Pct 16,4753.007130430406
05023-03 - North Cadron Outside,05023-02 - North Cadron Inside,27379.1863898598
05023-03 - North Cadron Outside,05141-09 CARGILE,17058.359045772555
05023-03 - North Cadron Outside,05023-08 - Clayton,18057.438206885676
05023-03 - North Cadron Outside,05023-07 - Center Post,18147.490304516436
05023-03 - North Cadron Outside,05141-10 DAVIS,10725.145550327084
05023-06 - California,05137-Fox,13245.724383472814
05023-06 - California,05023-09 - Francis,30815.112002695314
05023-06 - California,05023-31 - Sugar Camp,31612.448456626164
05023-06 - California,05137-Ben,9629.912544843934
05023-06 - California,05137-Dodd Mtn,8009.202830128931
05023-02 - North Cadron Inside,05045-Pct 16,698.4421159060352
05023-02 - North Cadron Inside,05023-04 - South Cadron Inside,21015.672093968504
05023-27 - Piney,05023-08 - Clayton,17937.801278694104
05023-27 - Piney,05023-22 - Mountain,23965.893953220446
05023-27 - Piney,05023-19 - Heber Springs Outside,24851.909715125257
05023-27 - Piney,05145-50 - Kentucky,30571.500005304984
05023-22 - Mountain,05145-14 - Cadron,20807.491098465558
05023-22 - Mountain,05023-25 - Pickens,45000.39122015274
05023-22 - Mountain,05023-19 - Heber Springs Outside,25626.55345850109
05023-22 - Mountain,05023-32 - Sugar Loaf,16634.334267094582
05023-04 - South Cadron Inside,05045-Pct 16,691.8446834175314
05023-08 - Clayton,05023-07 - Center Post,24264.34070192172
05023-08 - Clayton,05023-19 - Heber Springs Outside,16039.32345001994
05023-08 - Clayton,05023-33 - Valley,17269.98203578645
05023-26 - Pine,05023-25 - Pickens,11928.09529310318
05023-26 - Pine,05023-32 - Sugar Loaf,14367.367587149183
05023-26 - Pine,05023-20 - McJester,37749.59680805535
05023-26 - Pine,05023-34 - Wilburn,17773.600198807515
05023-20 - McJester,05145-10 - Big Creek,21457.307316747727
05023-20 - McJester,05023-25 - Pickens,12830.497437674841
05023-20 - McJester,05145-40 - Jackson,23466.722958813243
05023-20 - McJester,05023-34 - Wilburn,35465.1281014281
05023-25 - Pickens,05145-10 - Big Creek,20398.660846672945
05023-25 - Pickens,05145-14 - Cadron,10662.733597440674
05023-25 - Pickens,05145-53 - Marion,23227.075366180434
05023-18 - Heber Springs Ward 4,05023-19 - Heber Springs Outside,60117.848577903336
05023-18 - Heber Springs Ward 4,05023-16 - Heber Springs Ward 2,12543.18041964284
05023-18 - Heber Springs Ward 4,05023-15 - Heber Springs Ward 1,12326.936061578297
05023-18 - Heber Springs Ward 4,05023-17 - Heber Springs Ward 3,6816.868991817515
05023-15 - Heber Springs Ward 1,05023-19 - Heber Springs Outside,32839.20010260243
05023-15 - Heber Springs Ward 1,05023-33 - Valley,25219.51590086186
05023-16 - Heber Springs Ward 2,05023-19 - Heber Springs Outside,15874.622758506679
05023-16 - Heber Springs Ward 2,05023-17 - Heber Springs Ward 3,13737.03593257686
05023-07 - Center Post,05141-10 DAVIS,31776.846540494073
05023-07 - Center Post,05023-30 - Saline Outside,24543.761390014162
05023-07 - Center Post,05023-13 - Giles,6906.282293373059
05023-07 - Center Post,05023-33 - Valley,20980.6603782089
05023-33 - Valley,05023-13 - Giles,11848.272052014123
05023-33 - Valley,05023-19 - Heber Springs Outside,12966.506798393646
05023-33 - Valley,05023-09 - Francis,16270.425690821821
05023-17 - Heber Springs Ward 3,05023-19 - Heber Springs Outside,50872.44783671921
05023-24 - West Peter Creek,05023-19 - Heber Springs Outside,35396.17113855924
05023-24 - West Peter Creek,05023-32 - Sugar Loaf,8339.561319541137
05023-24 - West Peter Creek,05023-09 - Francis,14552.733201239127
05023-24 - West Peter Creek,05023-34 - Wilburn,10534.27519246688
05023-24 - West Peter Creek,05023-23 - East Peter Creek,30975.3116199322
05023-34 - Wilburn,05023-32 - Sugar Loaf,15994.762762721426
05023-34 - Wilburn,05145-40 - Jackson,5164.313665975044
05023-34 - Wilburn,05063-Liberty,10933.344835480806
05023-34 - Wilburn,05023-11 - Grassey Outside,26391.861286260682
05023-34 - Wilburn,05023-23 - East Peter Creek,5249.385533252218
05023-30 - Saline Outside,05141-10 DAVIS,18631.827596722364
05023-30 - Saline Outside,05023-12 - Greers Ferry Giles,17774.218627333445
05023-30 - Saline Outside,05023-29 - Saline Inside,16978.484572893027
05023-30 - Saline Outside,05023-13 - Giles,4866.604741934167
05023-30 - Saline Outside,05023-21 - Morgan Outside,19330.081794729947
05023-32 - Sugar Loaf,05023-19 - Heber Springs Outside,55722.66995567817
05023-09 - Francis,05023-13 - Giles,32778.95280479119
05023-09 - Francis,05023-19 - Heber Springs Outside,25199.876892287248
05023-09 - Francis,05023-31 - Sugar Camp,2122.7772872586693
05023-09 - Francis,05023-23 - East Peter Creek,23236.738621881996
05023-12 - Greers Ferry Giles,05023-13 - Giles,54069.54848944828
05023-12 - Greers Ferry Giles,05023-21 - Morgan Outside,19179.827772149416
05023-21 - Morgan Outside,05141-10 DAVIS,388.46553897480527
05023-21 - Morgan Outside,05023-13 - Giles,6057.478721379564
05023-21 - Morgan Outside,05023-35 - Morgan Inside,55549.30925806381
05023-21 - Morgan Outside,05141-25 INDIAN HILLS,3512.6314835797034
05023-21 - Morgan Outside,05023-28 - Poff,25971.6303133716
05023-21 - Morgan Outside,05023-31 - Sugar Camp,6276.8517772859295
05023-13 - Giles,05023-31 - Sugar Camp,17404.08285772746
05023-35 - Morgan Inside,05141-25 INDIAN HILLS,15511.797373798534
05023-35 - Morgan Inside,05023-28 - Poff,1322.928013624987
05023-23 - East Peter Creek,05023-11 - Grassey Outside,21572.016775470533
05023-10 - Grassey Inside,05023-11 - Grassey Outside,48159.648959686754
05023-31 - Sugar Camp,05023-28 - Poff,48281.516311558065
05023-31 - Sugar Camp,05137-Fox,3524.9838433884916
05023-28 - Poff,05141-25 INDIAN HILLS,7867.901982331101
05023-28 - Poff,05141-20 UNION,23854.56529676253
05023-28 - Poff,05137-Fox,37226.302961188376
05023-11 - Grassey Outside,05063-Liberty,24023.422142675554
05023-11 - Grassey Outside,05063-Relief,18778.87940953378
05023-11 - Grassey Outside,05137-Ben,263.50350762006155
05023-11 - Grassey Outside,05137-Pleasant Grove,14265.294951868927
05023-11 - Grassey Outside,05063-Greenbrier - Locust Grove,23711.48536311654
05025-15 - Whiteoak,05025-02B - Kingsland Out,33461.961959640284
05025-15 - Whiteoak,05025-01B - Rison Outside,23050.84532930446
05025-15 - Whiteoak,05025-09 - Niven,49501.702479285625
05025-15 - Whiteoak,05069-051,835.8868278048482
05025-15 - Whiteoak,05039-JP 006,942.5345425237414
05025-15 - Whiteoak,05025-12 - Saline,54096.693857783444
05025-15 - Whiteoak,05053-10 - Madison,30395.804167679864
05025-02A - Kingsland Inside,05025-02B - Kingsland Out,68378.0636810083
05025-07 - Lee,05025-06 - Hurricane,49774.85906016398
05025-07 - Lee,05025-10 - Redland,65179.50187818944
05025-06 - Hurricane,05043-13 - Plantersville,31229.638281203115
05025-06 - Hurricane,05079-010 - Mill Creek,580.4455401247727
05025-06 - Hurricane,05025-04 - Harper,29879.903593636634
05025-04 - Harper,05079-010 - Mill Creek,21296.89191857326
05025-04 - Harper,05025-10 - Redland,18375.69197376778
05025-04 - Harper,05025-14 - Smith,20020.771306546365
05025-04 - Harper,05025-11 - Rowell,30893.10204203448
05025-01A - Rison Inside,05025-14 - Smith,9837.178850436649
05025-01A - Rison Inside,05025-01B - Rison Outside,57201.654790150285
05025-01A - Rison Inside,05025-09 - Niven,12503.969586685285
05025-12 - Saline,05025-02B - Kingsland Out,53680.14896476704
05025-12 - Saline,05039-JP 006,71672.130019619
05025-12 - Saline,05039-JP 009,5977.029927134256
05025-11 - Rowell,05079-010 - Mill Creek,10585.771481214542
05025-11 - Rowell,05079-012 - Owen / Palmyra,15970.47545625818
05025-11 - Rowell,05025-05 - Hudgin,9028.592731734208
05025-11 - Rowell,05025-14 - Smith,52237.56939909296
05025-11 - Rowell,05025-08 - Miller,35939.59954949142
05025-01B - Rison Outside,05025-02B - Kingsland Out,44545.20342041902
05025-01B - Rison Outside,05025-14 - Smith,51641.560108537815
05025-01B - Rison Outside,05025-09 - Niven,28475.544147480083
05025-01B - Rison Outside,05025-08 - Miller,5327.976490205396
05025-01B - Rison Outside,05025-03 - Bowman,14061.41123645794
05025-14 - Smith,05025-10 - Redland,35722.71099968582
05025-14 - Smith,05025-02B - Kingsland Out,26020.425042918985
05025-14 - Smith,05025-08 - Miller,21738.83014287266
05025-08 - Miller,05025-05 - Hudgin,39481.38868942695
05025-08 - Miller,05025-03 - Bowman,10390.384832379688
05025-08 - Miller,05025-16 - Whiteville,30872.427877159684
05025-05 - Hudgin,05079-012 - Owen / Palmyra,5028.8997292628155
05025-05 - Hudgin,05079-011 - Owen / Glendale,21724.17869198915
05025-05 - Hudgin,05079-014 - Spring 1,29886.642039542727
05025-05 - Hudgin,05069-029,12346.304692404625
05025-05 - Hudgin,05025-16 - Whiteville,61614.243929405224
05025-05 - Hudgin,05069-050,15952.34476448302
05025-09 - Niven,05069-051,31140.635258580514
05025-09 - Niven,05025-03 - Bowman,61731.6452736215
05025-03 - Bowman,05069-051,17559.786529951198
05025-03 - Bowman,05025-16 - Whiteville,40816.003115273794
05025-16 - Whiteville,05069-051,3144.243218980095
05025-16 - Whiteville,05069-050,5541.44604655898
05025-02B - Kingsland Out,05025-10 - Redland,84859.05148506157
05025-02B - Kingsland Out,05039-JP 005,44231.569374897364
05025-02B - Kingsland Out,05039-JP 009,94749.75083789107
05027-Emerson City,05027-Emerson Township,21060.866697884154
05027-McNeil City,05027-McNeil Township,32055.50905469566
05027-Taylor City,05027-Taylor Township,21080.276633544832
05027-Columbia North,05027-Emerson Township,50193.713379146735
05027-Columbia North,05027-Taylor Township,36875.86918278541
05027-Columbia North,05027-Columbia South,138494.0908316457
05027-Columbia North,05027-Mag Ward 2,13883.338038554892
05027-Columbia North,05027-Mag Ward 1,10122.072973126917
05027-Columbia North,05027-Mag Ward 4,3712.762450764426
05027-Columbia North,05027-Mag Ward 3,68876.54507740398
05027-Columbia North,05073-Precinct 02,35417.75146073995
05027-Columbia North,05027-Waldo Township,82154.97234018688
05027-Columbia North,05073-Precinct 04,9341.74465105748
05027-Columbia North,05139-Woolleys Store,47602.3882145133
05027-Columbia North,05139-Mt Holly,47645.141030578234
05027-Columbia North,05027-McNeil Township,111740.17389345093
05027-Columbia North,05103-013-County 004,12195.302430584143
05027-Columbia South,05027-Emerson Township,243670.51024900936
05027-Columbia South,05027-Taylor Township,73645.53620288736
05027-Columbia South,05027-Mag Ward 2,39209.424315763026
05027-Columbia South,05027-Mag Ward 1,12571.953816795301
05027-Mag Ward 1,05027-Mag Ward 2,10926.917898262278
05027-Mag Ward 1,05027-Mag Ward 4,16915.404732957297
05027-Mag Ward 4,05027-Mag Ward 2,8811.113259008036
05027-Mag Ward 4,05027-Mag Ward 3,25137.074495392666
05027-Mag Ward 2,05027-Mag Ward 3,5530.932505123072
05027-Mag Ward 3,05027-McNeil Township,5469.633175664507
05027-Waldo City,05027-Waldo Township,49012.48788086706
05027-Emerson Township,05027-Taylor Township,36408.704687651705
05027-Emerson Township,05139-Three Creeks,35967.36377838655
05027-Taylor Township,05073-Precinct 07,59817.208251112526
05027-Taylor Township,05073-Precinct 02,38676.503707104515
05027-McNeil Township,05027-Waldo Township,62226.93070790469
05027-McNeil Township,05103-013-County 004,57184.15115999931
05027-McNeil Township,05099-Willisville Rural St. Rep 89,16194.87380448997
05027-McNeil Township,05099-Rosston Rural St Rep 98,31959.245606242468
05027-Waldo Township,05073-Precinct 04,42342.99027180606
05027-Waldo Township,05099-BOD Rural Nev SZ 3 & St Rep 89,11873.66098342543
05027-Waldo Township,05099-Willisville Rural St. Rep 89,21485.502740104635
05029-022 - Bentley Rural,05029-003 - Welbourne West,21885.36221631655
05029-022 - Bentley Rural,05105-05 - Houston,4740.226511103117
05029-022 - Bentley Rural,05105-07 - Lake,21282.88658400448
05029-022 - Bentley Rural,05029-002 - Bentley City,75173.03989131334
05029-022 - Bentley Rural,05029-019 - Martin,19657.16233372
05029-022 - Bentley Rural,05029-030 - Welbourne East,20186.924862366337
05029-022 - Bentley Rural,05029-018 - Morrilton Ward 4,10025.043843014284
05029-016 - White Eagle,05105-11 - Petit Jean,682.2272777825299
05029-016 - White Eagle,05105-13 - Rose Creek,20874.59475480367
05029-016 - White Eagle,05029-026 - Petit Jean,15514.643775033057
05029-016 - White Eagle,05149-13 - Galla Rock,384.0762392172629
05029-016 - White Eagle,05029-009 - Cedar Falls,21229.099830459465
05029-016 - White Eagle,05029-008 - Higgins,15742.038110348352
05029-007 - Howard City,05029-015 - Howard Rural,34960.1099379831
05029-019 - Martin,05029-003 - Welbourne West,23972.390145322886
05029-019 - Martin,05105-07 - Lake,15745.783418574887
05029-019 - Martin,05105-11 - Petit Jean,2638.6481761121972
05029-019 - Martin,05029-009 - Cedar Falls,31009.339834830615
05029-019 - Martin,05029-008 - Higgins,25436.111349077022
05029-019 - Martin,05115-004- Atkins Out 1,5503.583779943276
05029-017 - Morrilton Ward 3,05029-020 - Morrilton Ward 2,12638.826943730903
05029-017 - Morrilton Ward 3,05029-003 - Welbourne West,39207.41311036963
05029-017 - Morrilton Ward 3,05029-018 - Morrilton Ward 4,10414.665360116993
05029-029 - Morrilton Ward 1,05029-020 - Morrilton Ward 2,11538.807300781365
05029-029 - Morrilton Ward 1,05029-030 - Welbourne East,31098.10299416774
05029-029 - Morrilton Ward 1,05029-018 - Morrilton Ward 4,9708.831524939542
05029-021 - Union,05045-Pct 19,22059.24930671757
05029-021 - Union,05045-Pct 37,47022.81218836395
05029-021 - Union,05029-005 - Steele,44517.5623853126
05029-021 - Union,05029-024 - Bird,23915.581833850716
05029-021 - Union,05045-Pct 38,16254.606466837567
05029-021 - Union,05029-025 - Catholic Point,35180.13001198401
05029-021 - Union,05029-015 - Howard Rural,859.9525049319616
05029-020 - Morrilton Ward 2,05029-003 - Welbourne West,4969.74320748486
05029-020 - Morrilton Ward 2,05029-018 - Morrilton Ward 4,1892.913117716719
05029-028 - Old Hickory,05029-010 - Gregory,28556.196817080596
05029-028 - Old Hickory,05029-004 - St Vincent,5297.146495992616
05029-028 - Old Hickory,05115-017- Economy,12748.845560030928
05029-028 - Old Hickory,05029-027 - Nichols,6651.818643835625
05029-028 - Old Hickory,05029-011 - Griffin,24471.47312058305
05029-018 - Morrilton Ward 4,05029-003 - Welbourne West,349.8817845633592
05029-018 - Morrilton Ward 4,05029-030 - Welbourne East,32881.0058819631
05029-008 - Higgins,05105-11 - Petit Jean,13123.952947808699
05029-008 - Higgins,05029-009 - Cedar Falls,20133.59047890923
05029-030 - Welbourne East,05029-003 - Welbourne West,8108.317068142611
05029-030 - Welbourne East,05029-023 - Washington West,5323.40326556014
05029-030 - Welbourne East,05029-013 - Washington East,21207.682475079764
05029-030 - Welbourne East,05105-05 - Houston,10512.89942538278
05029-030 - Welbourne East,05029-015 - Howard Rural,53597.28027369676
05029-006-Menifee City,05029-031 - Menifee Rural,43865.2548081804
05029-031 - Menifee Rural,05045-Pct 14,14141.514640164187
05029-031 - Menifee Rural,05045-Pct 8,6617.819645418162
05029-031 - Menifee Rural,05045-Pct 48,23088.1428056464
05029-031 - Menifee Rural,05045-Pct 19,18980.07800617299
05029-031 - Menifee Rural,05105-15 - Union,8633.083405674412
05029-031 - Menifee Rural,05029-015 - Howard Rural,58290.93883065953
05029-005 - Steele,05029-013 - Washington East,21381.703864720872
05029-005 - Steele,05029-024 - Bird,18622.90471158854
05029-005 - Steele,05029-015 - Howard Rural,34099.63434680942
05029-024 - Bird,05029-013 - Washington East,10556.725406044781
05029-024 - Bird,05029-014 - McClaren,31680.32182307171
05029-024 - Bird,05029-025 - Catholic Point,29925.84066388264
05029-024 - Bird,05029-012 - Lick Mountain,29199.730371100643
05029-023 - Washington West,05029-003 - Welbourne West,22072.296416962374
05029-023 - Washington West,05029-013 - Washington East,28090.69736331422
05029-023 - Washington West,05029-010 - Gregory,42954.89427562887
05029-023 - Washington West,05029-004 - St Vincent,5336.354521860475
05029-013 - Washington East,05029-004 - St Vincent,10276.917799115263
05029-013 - Washington East,05029-014 - McClaren,15813.850264069177
05029-003 - Welbourne West,05029-010 - Gregory,42361.58120980238
05029-003 - Welbourne West,05115-004- Atkins Out 1,23243.624832215522
05029-003 - Welbourne West,05115-006- Atkins Out 3,8173.408947734673
05029-003 - Welbourne West,05115-017- Economy,5272.73908591566
05029-010 - Gregory,05029-004 - St Vincent,25859.70158725712
05029-010 - Gregory,05115-017- Economy,13718.64292310655
05029-014 - McClaren,05029-004 - St Vincent,37051.39272079315
05029-014 - McClaren,05029-012 - Lick Mountain,5268.569230224297
05029-014 - McClaren,05029-027 - Nichols,10594.139377237892
05029-012 - Lick Mountain,05029-025 - Catholic Point,42289.592217878366
05029-012 - Lick Mountain,05141-02 BARNETT,6279.239737227186
05029-012 - Lick Mountain,05029-001 - Austin,43724.41565337229
05029-012 - Lick Mountain,05141-03 BRADLEY,4338.801102759937
05029-012 - Lick Mountain,05029-027 - Nichols,38337.496850732394
05029-004 - St Vincent,05029-027 - Nichols,26833.837111744317
05029-027 - Nichols,05029-001 - Austin,20984.98755256513
05029-027 - Nichols,05029-011 - Griffin,61230.19650106114
05029-027 - Nichols,05141-08 CRAIG,42407.983006936825
05029-011 - Griffin,05115-017- Economy,10561.923204621224
05029-011 - Griffin,05115-002- Appleton 2,25309.26927864182
05029-011 - Griffin,05115-001- Appleton 1,4582.766167618053
05029-011 - Griffin,05141-08 CRAIG,33238.002712518246
05029-025 - Catholic Point,05045-Pct 38,15714.300762308694
05029-025 - Catholic Point,05141-02 BARNETT,7031.885923860105
05029-001 - Austin,05141-03 BRADLEY,14180.208983540391
05029-001 - Austin,05141-11 FORMOSA,31435.9760105505
05029-001 - Austin,05141-08 CRAIG,5154.680722497755
05029-026 - Petit Jean,05105-13 - Rose Creek,17978.762787423133
05029-026 - Petit Jean,05149-13 - Galla Rock,38530.64136194023
05029-009 - Cedar Falls,05149-13 - Galla Rock,35602.1468169442
05029-009 - Cedar Falls,05115-004- Atkins Out 1,8522.737296705951
05029-015 - Howard Rural,05045-Pct 19,352.33135199938164
05029-015 - Howard Rural,05105-05 - Houston,43162.06892696413
05029-015 - Howard Rural,05105-15 - Union,24504.099166194042
05031-32,05031-26,7263.497807434433
05031-32,05031-27,3150.203952024387
05031-32,05031-34,2111.8757021745973
05031-32,05031-33,1741.9858179146572
05031-32,05031-35,6237.339204395255
05031-44,05111-Willis,19567.431783622582
05031-44,05031-43,20198.811472467758
05031-44,05031-21,4154.606994715774
05031-44,05031-53,42069.98777194045
05031-17,05031-09,4069.485999056782
05031-17,05031-16,6360.028181503858
05031-17,05031-15,2810.2078369601068
05031-17,05031-18,3688.1340752613996
05031-17,05031-20,4190.012803304519
05031-07,05031-11,335.9132202001438
05031-07,05031-08,8353.276834891305
05031-07,05031-10,4315.0436025304425
05031-07,05031-06,12726.441212342877
05031-07,05031-42,31518.916133064493
05031-25,05031-24,11031.83320549937
05031-25,05031-22,3197.3585251957124
05031-25,05031-26,5920.205910675475
05031-25,05031-27,5627.552171744422
05031-16,05031-13,5647.254594180136
05031-16,05031-09,5629.909183976941
05031-16,05031-15,4189.403208690678
05031-11,05031-43,11107.3373963729
05031-11,05031-12,16825.176621419134
05031-11,05031-21,4609.041480121581
05031-11,05031-08,10104.860168099702
05031-11,05031-09,8604.636480748362
05031-11,05031-42,42407.21386179036
05031-12,05031-21,5395.693506026572
05031-12,05031-13,8593.406214614972
05031-12,05031-14,2071.0847792482186
05031-12,05031-09,371.61803364884184
05031-08,05031-09,4942.7270511526895
05031-08,05031-10,4001.2977168911075
05031-13,05031-14,5174.71153441074
05031-13,05031-09,8513.412303262048
05031-13,05031-15,5781.280183952712
05031-14,05031-21,2773.374898668473
05031-14,05031-15,9193.44450791081
05031-48,05031-53,54467.12928602712
05031-48,05031-52,30209.157980334083
05031-21,05031-43,36985.1811135685
05031-21,05031-53,10769.834424952696
05031-21,05031-15,3926.684638771486
05031-21,05031-19,3384.4624890144178
05031-21,05031-22,6377.82119291801
05031-21,05031-45,27560.759231343618
05031-50,05111-Greenwood Rivervale,47612.43741805575
05031-50,05111-Willis,4425.264223732843
05031-50,05093-Birdsong Community Center,32062.778641008612
05031-50,05031-53,75449.72647492345
05031-50,05093-Gosnell Community Center,8616.058178237476
05031-50,05031-49,13965.691678820293
05031-10,05031-09,5205.40038917497
05031-10,05031-06,5399.1553162772725
05031-10,05031-18,4492.973823074156
05031-09,05031-18,3154.9503658879034
05031-15,05031-19,5154.2569368196755
05031-15,05031-20,8426.358897115466
05031-18,05031-06,1781.7749126640979
05031-18,05031-20,1782.0732345147978
05031-18,05031-23,1979.4054314078217
05031-18,05031-04,2376.051556498898
05031-18,05031-03,2469.642235951482
05031-18,05031-05,1638.7646387334785
05031-01,05031-23,2381.6138208690872
05031-01,05031-04,677.3580415195197
05031-01,05031-02,3907.365432840508
05031-01,05031-26,6198.7868993916445
05031-01,05031-33,2647.0470976856345
05031-06,05031-05,17366.0257391551
05031-06,05031-42,4093.825287868894
05031-20,05031-19,3933.274591368668
05031-20,05031-23,6119.56532293003
05031-20,05031-24,3960.553496099158
05031-19,05031-24,8890.602551027152
05031-19,05031-22,5626.214801386714
05031-26,05031-23,1308.4155988177245
05031-26,05031-24,661.9380315431022
05031-26,05031-27,3048.706734189034
05031-26,05031-33,5734.1544588376855
05031-04,05031-23,4191.101134186225
05031-04,05031-03,6572.958068521762
05031-04,05031-02,5655.041285807816
05031-23,05031-24,3945.2525884994625
05031-24,05031-22,3786.8643583243984
05031-03,05031-02,3335.191064386481
05031-03,05031-05,11382.291865547524
05031-02,05031-05,2441.5656783293516
05031-02,05031-33,879.27124609601
05031-22,05031-45,18095.594009554337
05031-22,05031-27,10620.63724954992
05031-22,05031-29,5406.957479446351
05031-22,05031-28,2652.444972211648
05031-27,05031-28,5239.627731907412
05031-27,05031-35,6711.64682819624
05031-28,05031-29,8347.275102053241
05031-28,05031-35,4999.786422757783
05031-28,05031-30,13982.33994897675
05031-05,05031-42,8294.472139250682
05031-05,05031-41,18766.100635619703
05031-05,05031-33,23068.476769340625
05031-05,05031-40,14830.1667688317
05031-29,05031-45,11546.797284265092
05031-29,05031-30,5848.668327009597
05031-34,05031-33,13896.804865343127
05031-34,05031-35,5945.028386586845
05031-34,05031-36,6354.174719327871
05031-41,05031-42,98493.44480090316
05031-41,05067-45 - Swifton,32209.99587687388
05031-41,05075-20 - Marion,15318.59157251184
05031-41,05031-38,28581.85625707035
05031-41,05075-14 - Dowell,32010.897610286032
05031-41,05031-40,6793.753406255537
05031-35,05031-30,3296.411059306056
05031-35,05031-36,10133.955473602455
05031-35,05031-31,5073.627178482338
05031-45,05031-53,37166.516184579625
05031-45,05031-30,3254.2325779419334
05031-45,05031-46,7940.342076229561
05031-45,05031-31,5300.952151318431
05031-45,05031-52,14492.09324007263
05031-45,05031-47,23004.98998095694
05031-46,05031-31,15876.880309875383
05031-46,05031-47,40370.954475538136
05031-53,05111-Willis,11065.51790472004
05031-53,05031-49,56290.85972728633
05031-53,05031-52,32774.336565367936
05031-33,05031-38,4437.921741714456
05031-33,05031-40,10093.518743434766
05031-33,05031-36,9192.97614445657
05031-30,05031-31,38591.26646608672
05031-39,05031-38,27738.94444493745
05031-39,05031-40,10385.663426724057
05031-40,05031-38,36738.30941721159
05031-31,05031-36,14098.746004193761
05031-31,05031-47,10757.713248786078
05031-31,05031-37,16837.150869682184
05031-36,05031-38,14532.740469178918
05031-36,05031-37,33377.06294512027
05031-42,05111-West Prairie,32241.55747747557
05031-42,05111-Dobson,31977.958826206304
05031-42,05067-49 - Tuckerman Outside,26744.797034631232
05031-42,05111-Greenfield,42654.54385236463
05031-42,05031-43,21018.484581570134
05031-42,05067-45 - Swifton,5354.945436483255
05031-49,05093-Gosnell Community Center,17960.05779151331
05031-49,05031-52,18349.36027389659
05031-49,05093-Leachville City Hall,26245.186432061462
05031-49,05031-51,89875.06127502088
05031-43,05111-Greenfield,21531.8408318085
05031-43,05111-Willis,11366.230630810222
05031-37,05031-38,24423.624094891642
05031-37,05031-47,19434.682743875284
05031-37,05055-JP - DISTRICT 11,36368.735465492675
05031-51,05031-52,31049.211407826915
05031-51,05093-Leachville City Hall,22368.419371827993
05031-47,05031-52,32617.38507396936
05031-47,05055-JP - DISTRICT 07,26457.44020560722
05031-47,05055-JP - DISTRICT 11,11064.885985141867
05031-52,05055-JP - DISTRICT 07,44492.45159855679
05031-38,05075-14 - Dowell,26020.188034464794
05031-38,05075-22 - Promised Land,20989.92741334309
05031-38,05055-JP - DISTRICT 11,31452.656891580347
05033-6,05033-7,9579.660465064566
05033-6,05131-9-F2-25,3665.8413400457584
05033-6,05033-5,13708.95949193999
05033-6,05033-9,9125.046865443934
05033-6,05033-4,7040.402522433449
05033-5,05033-4,16597.047136395875
05033-5,05033-2,9004.238382096566
05033-9,05033-8,23307.791347694896
05033-9,05033-11,15461.678826921197
05033-9,05033-7,18466.329260747803
05033-9,05033-10,13070.60985410038
05033-9,05033-2,22099.69709691326
05033-3,05033-4,10274.843630812651
05033-3,05033-2,40139.280591989955
05033-11,05033-8,15027.607581399685
05033-11,05033-12,26149.626542549653
05033-11,05033-10,42453.0757562941
05033-10,05033-12,3966.2936060879906
05033-10,05033-13,62383.51538367343
05033-10,05033-2,22625.38061911995
05033-10,05033-1,64672.908005440346
05033-7,05131-MERGED-1-B1-95+1-B2-97+1-B3-99,16436.266003048568
05033-7,05131-13-F4-4,7499.355430288429
05033-7,05131-13-F4-2,6361.321931977014
05033-7,05131-12-F1-15,3221.7301665219525
05033-7,05131-1-SC-102,2444.985526335041
05033-7,05131-1-C2-107,4619.135130274248
05033-7,05033-8,33866.16586307535
05033-7,05131-9-F2-25,16771.883651455904
05033-12,05047-7-A (Cecil),13128.111862488106
05033-12,05047-5-A (Wallace/Ivy),35419.76417375679
05033-12,05131-1-SC-102,21247.97904494557
05033-12,05033-8,32504.916147423926
05033-12,05047-3-A (Lonelm/Cravens),21430.907294407963
05033-12,05047-3-B (Fern),15884.606828024176
05033-12,05033-13,45098.87961523676
05033-1,05143-Lees Creek,17540.762981100306
05033-1,05033-13,63791.357446038215
05033-1,05143-Winslow Twp,2751.2794791791025
05033-1,05033-2,47696.65650060324
05033-1,05143-Vineyard,10650.475057740818
05033-1,05143-Boston,15516.430358792439
05033-1,05143-Cove Creek-1,33109.70692066408
05033-13,05047-3-B (Fern),47648.107322084215
05033-13,05143-Winslow Twp,62893.328866993856
05033-13,05047-3-C (Boston),78734.74285706342
05033-13,05143-Reed-2,16307.100819370851
05033-13,05087-Hilburn,16111.400668317083
05033-8,05131-1-SC-102,65858.28898110417
05033-2,05033-4,22379.394864182075
05033-4,05131-8-F2-28,40618.10977699362
05033-4,05131-9-F2-25,412.46933367154264
05035-7TH STREET CHURCH WMPH,05035-HORSESHOE LAKE,15484.838198365258
05035-7TH STREET CHURCH WMPH,05035-WM HIGH SCHOOL,2636.110494949022
05035-7TH STREET CHURCH WMPH,05035-CIVIC CENTER,5322.413069103791
05035-7TH STREET CHURCH WMPH,05035-R. JACKSON NEIGHBORHOOD CENTER,5206.120755655475
05035-7TH STREET CHURCH WMPH,05035-CALVARY  BAPTIST WMPH,5352.06557561832
05035-7TH STREET CHURCH WMPH,05035-LR JACKSON,28818.09439689234
05035-7TH STREET CHURCH WMPH,05035-TABERNACLE OF GOD CHURCH,8736.119627309983
05035-HORSESHOE LAKE,05077-Precinct 4,22955.924957877734
05035-HORSESHOE LAKE,05123-Hughes,26564.892928932262
05035-HORSESHOE LAKE,05035-WM HIGH SCHOOL,26329.96470263038
05035-HORSESHOE LAKE,05035-R. JACKSON NEIGHBORHOOD CENTER,7928.360756727004
05035-HORSESHOE LAKE,05035-EDMONDSON,38474.90073862958
05035-HORSESHOE LAKE,05035-TABERNACLE OF GOD CHURCH,18209.108538817327
05035-R. JACKSON NEIGHBORHOOD CENTER,05035-WM HIGH SCHOOL,10181.244540576889
05035-R. JACKSON NEIGHBORHOOD CENTER,05035-CIVIC CENTER,10495.282623088733
05035-CIVIC CENTER,05035-WM HIGH SCHOOL,77282.1418729919
05035-WM HIGH SCHOOL,05035-ANTHONYVILLE CITY HALL,11719.766405227885
05035-WM HIGH SCHOOL,05035-CALVARY  BAPTIST WMPH,18661.823014683694
05035-WM HIGH SCHOOL,05035-EDMONDSON,43379.37072342666
05035-WM HIGH SCHOOL,05035-MARION SCHOOL,36192.93680931954
05035-WM HIGH SCHOOL,05035-LR JACKSON,8567.316210226198
05035-WM HIGH SCHOOL,05035-TABERNACLE OF GOD CHURCH,9272.01706901344
05035-CALVARY  BAPTIST WMPH,05035-LR JACKSON,2823.760641684561
05035-EARLE,05123-Heth Blackfish,30542.5184291627
05035-EARLE,05035-EDMONDSON,95639.84746472695
05035-EARLE,05037-Tyronza/Twist,109676.53063657455
05035-EARLE,05035-TURRELL FIRE STATION,16691.138954086375
05035-EARLE,05035-GILMORE,16046.304364230453
05035-EARLE,05111-Tyronza,16808.922256466805
05035-EARLE,05111-Little River Payneway,31314.922068071643
05035-LR JACKSON,05035-MARION SCHOOL,5831.309524199419
05035-LR JACKSON,05035-TABERNACLE OF GOD CHURCH,21223.86546162723
05035-MARION SCHOOL,05035-EDMONDSON,34016.116419958686
05035-MARION SCHOOL,05035-WEST MPH 1ST BAPTIST CHURCH,8465.922192504324
05035-TABERNACLE OF GOD CHURCH,05035-WEST MPH 1ST BAPTIST CHURCH,33449.09466777899
05035-TABERNACLE OF GOD CHURCH,05035-JERICHO CITY HALL,14052.678790010428
05035-JERICHO CITY HALL,05035-EDMONDSON,54546.89722756723
05035-JERICHO CITY HALL,05035-WEST MPH 1ST BAPTIST CHURCH,6872.141985159639
05035-JERICHO CITY HALL,05035-TURRELL FIRE STATION,56577.98742791909
05035-TURRELL FIRE STATION,05035-EDMONDSON,12442.579197654219
05035-TURRELL FIRE STATION,05035-GILMORE,49032.784974432056
05035-WEST MPH 1ST BAPTIST CHURCH,05035-EDMONDSON,50383.63825505018
05035-ANTHONYVILLE CITY HALL,05035-EDMONDSON,28622.379180944
05035-GILMORE,05111-Tyronza,33568.39258285233
05035-GILMORE,05093-Joiner City Hall,14370.95466446253
05035-CRAWFORDSVILLE,05035-EDMONDSON,19581.625974322214
05035-EDMONDSON,05123-Hughes,10699.28955269687
05035-EDMONDSON,05123-Heth Blackfish,53209.49393754265
05037-L'Anguille,05123-Colt,63626.96141787568
05037-L'Anguille,05147-Hilleman - 13,11054.837123008412
05037-L'Anguille,05147-Morton - 14,32123.371342266903
05037-L'Anguille,05037-Wynne Ward 3,16810.711731416595
05037-L'Anguille,05037-Wynne Township,23438.12345709229
05037-L'Anguille,05037-Searcy,14890.914487735983
05037-L'Anguille,05037-Mitchell,113032.46070264513
05037-L'Anguille,05147-Pumkin Bend - 19,32084.355644689793
05037-L'Anguille,05067-15 - Gourdneck - Citizenship,16032.048469082243
05037-L'Anguille,05037-Hickory Ridge,21066.327834896518
05037-L'Anguille,05067-07 - Beedeville,14236.22154507962
05037-L'Anguille,05111-Owen Fisher,64664.07843766026
05037-L'Anguille,05111-Scott VV and WH,9102.855035520477
05037-Parkin,05037-Tyronza/Twist,66018.09109951343
05037-Mitchell,05037-Wynne Ward 4,6899.853620531354
05037-Mitchell,05037-Searcy,21340.5226588418
05037-Mitchell,05037-Tyronza/Twist,85854.37832156947
05037-Mitchell,05037-Cherry Valley,32646.733406482166
05037-Mitchell,05111-Scott VV and WH,38121.9967811134
05037-Tyronza/Twist,05123-Widener,41353.95398871626
05037-Tyronza/Twist,05123-Newcastle Parrott,15650.650566753488
05037-Tyronza/Twist,05123-Heth Blackfish,449.9664135355974
05037-Tyronza/Twist,05037-Smith,47847.0090397578
05037-Tyronza/Twist,05037-Searcy,57317.09001364911
05037-Tyronza/Twist,05111-Scott VV and WH,19216.458520497494
05037-Tyronza/Twist,05111-Little River Payneway,34871.22172471536
05037-Wynne Township,05123-Newcastle Parrott,6099.624972460107
05037-Wynne Township,05123-Colt,15610.904850143432
05037-Wynne Township,05037-Wynne Ward 3,13831.770841186819
05037-Wynne Township,05037-Smith,35123.56398184541
05037-Wynne Township,05037-Wynne Ward 2,11110.636480620917
05037-Wynne Ward 1,05037-Wynne Ward 3,4560.717586958659
05037-Wynne Ward 1,05037-Smith,5096.618655600657
05037-Wynne Ward 1,05037-Wynne Ward 2,4206.465289850385
05037-Wynne Ward 1,05037-Wynne Ward 5,8010.20939035946
05037-Wynne Ward 1,05037-Wynne Ward 4,1737.42242863114
05037-Wynne Ward 3,05037-Wynne Ward 2,1419.5946798212067
05037-Wynne Ward 3,05037-Wynne Ward 4,8869.14434339515
05037-Wynne Ward 3,05037-Searcy,4650.146772939801
05037-Searcy,05037-Smith,10684.863460444094
05037-Searcy,05037-Wynne Ward 5,30455.02919239892
05037-Searcy,05037-Wynne Ward 4,43060.80081168583
05037-Wynne Ward 5,05037-Smith,1337.158311958646
05037-Wynne Ward 5,05037-Wynne Ward 4,9755.823619013961
05037-Smith,05123-Newcastle Parrott,20693.169693299777
05037-Smith,05037-Wynne Ward 2,17067.812494488237
05039-JP 001,05039-JP 003,8930.917348309791
05039-JP 001,05039-JP 004,3721.810274095303
05039-JP 001,05039-JP 005,28379.18125629591
05039-JP 009,05039-JP 008,21910.781397637948
05039-JP 009,05039-JP 006,96370.43857682575
05039-JP 009,05039-JP 004,21753.74445740808
05039-JP 009,05039-JP 005,40808.52331118118
05039-JP 007,05039-JP 008,81578.80736658192
05039-JP 007,05039-JP 006,138181.6384886154
05039-JP 003,05039-JP 002,11563.464770399734
05039-JP 003,05039-JP 004,10340.18858369332
05039-JP 003,05039-JP 005,4301.378021544732
05039-JP 002,05039-JP 004,364.3733435078554
05039-JP 002,05039-JP 005,13977.642633749121
05039-JP 005,05039-JP 004,7800.875986311493
05039-JP 006,05039-JP 008,90691.71805932316
05039-JP 006,05059-Harrison,32979.323989220924
05039-JP 006,05059-Clear Creek,24237.45124575906
05039-JP 006,05053-17 - Tennessee,59317.243724773805
05039-JP 006,05053-01 - Calvert,21941.40502324074
05039-JP 006,05053-02 - Davis,47084.51790820933
05039-JP 006,05053-10 - Madison,39862.82273552522
05039-JP 006,05059-Brown Springs,9106.380138574612
05039-JP 008,05103-014-County 005,91486.83549578377
05039-JP 008,05103-010-County 001,4133.389188713763
05041-08 - Franklin,05041-05 - Clayton McArthur,37498.51553731418
05041-08 - Franklin,05041-09 - Halley,48024.4315463608
05041-08 - Franklin,05041-19 - Richland,52834.33603742053
05041-08 - Franklin,05041-18 - Redfork,103360.96888297673
05041-08 - Franklin,05041-11 - Mississippi,23584.324655967594
05041-03 - Bowie W3,05041-04 - Bowie Rural,22595.437228416315
05041-03 - Bowie W3,05041-02 - Bowie W2,14460.601041732565
05041-03 - Bowie W3,05041-01 - Bowie W1,7762.4425411941775
05041-06 - Clayton Reed,05041-05 - Clayton McArthur,6050.926259080692
05041-06 - Clayton Reed,05041-07 - Clayton Tillar,2091.4954200691077
05041-15 - Rand W3,05041-16 - Rand W4,6090.8198661883835
05041-15 - Rand W3,05041-14 - Rand W2,7623.226344608595
05041-15 - Rand W3,05041-17 - Rand Rural,19213.88159228266
05041-12 - Mitcheville,05041-17 - Rand Rural,8833.350759026782
05041-02 - Bowie W2,05041-09 - Halley,15086.483507490704
05041-02 - Bowie W2,05041-04 - Bowie Rural,51892.396462024255
05041-02 - Bowie W2,05041-01 - Bowie W1,12364.469659394188
05041-01 - Bowie W1,05041-05 - Clayton McArthur,12308.381442149006
05041-01 - Bowie W1,05041-04 - Bowie Rural,75770.72426407051
05041-05 - Clayton McArthur,05043-15 - Tillar,21904.72503578003
05041-05 - Clayton McArthur,05041-07 - Clayton Tillar,8278.156859561012
05041-05 - Clayton McArthur,05043-17 - Winchester,445.73756160812576
05041-05 - Clayton McArthur,05041-10 - Jefferson,32930.69577169991
05041-05 - Clayton McArthur,05041-09 - Halley,15926.522733477337
05041-05 - Clayton McArthur,05041-04 - Bowie Rural,41337.756185648526
05041-05 - Clayton McArthur,05041-19 - Richland,15574.446389977471
05041-09 - Halley,05041-04 - Bowie Rural,26293.406445300057
05041-07 - Clayton Tillar,05043-15 - Tillar,3780.681801331758
05041-19 - Richland,05041-10 - Jefferson,47527.276694135806
05041-19 - Richland,05041-18 - Redfork,62302.09397612337
05041-16 - Rand W4,05041-13 - Rand W1,11849.897640072466
05041-16 - Rand W4,05041-14 - Rand W2,1271.570082369395
05041-16 - Rand W4,05041-17 - Rand Rural,720.8718923681431
05041-13 - Rand W1,05041-21 - Walnut Lake,7173.916451967379
05041-13 - Rand W1,05041-14 - Rand W2,7035.379526268616
05041-13 - Rand W1,05041-17 - Rand Rural,31874.750019428022
05041-14 - Rand W2,05041-17 - Rand Rural,10481.595599294094
05041-20 - Silver Lake,05041-10 - Jefferson,14607.161239698704
05041-20 - Silver Lake,05041-17 - Rand Rural,54357.353308223035
05041-20 - Silver Lake,05079-018 - Gould,2719.92776646196
05041-20 - Silver Lake,05079-001 - Auburn,41042.09051202633
05041-20 - Silver Lake,05041-18 - Redfork,40690.207933559235
05041-17 - Rand Rural,05041-10 - Jefferson,2970.3545777990776
05041-17 - Rand Rural,05041-21 - Walnut Lake,29202.10277440824
05041-17 - Rand Rural,05079-016 -SE Lincoln Co FD,8072.466721300654
05041-17 - Rand Rural,05079-018 - Gould,23921.97061753771
05041-17 - Rand Rural,05079-017 -Wells Bayou,18367.834078622414
05041-04 - Bowie Rural,05043-14 - Selma,22004.412766577865
05041-04 - Bowie Rural,05043-05 - Collins,15565.257090428207
05041-21 - Walnut Lake,05079-013 - Smith,15444.135562774441
05041-21 - Walnut Lake,05043-14 - Selma,799.217400523147
05041-21 - Walnut Lake,05043-17 - Winchester,31868.17540936368
05041-21 - Walnut Lake,05041-10 - Jefferson,31648.095002163536
05041-21 - Walnut Lake,05079-016 -SE Lincoln Co FD,17016.235466570262
05041-10 - Jefferson,05043-17 - Winchester,15486.084612304174
05041-10 - Jefferson,05041-18 - Redfork,15998.212016797148
05041-11 - Mississippi,05107-Elaine Votech P16,48342.41017904689
05043-17 - Winchester,05043-14 - Selma,37454.6322261156
05043-17 - Winchester,05043-15 - Tillar,31349.634880942504
05043-16 - Wilmar,05043-11 - Marion South,36876.6777537097
05043-16 - Wilmar,05043-10 - Mar N Box 2,24387.847451847152
05043-16 - Wilmar,05043-12 - Ozment,26312.8329929068
05043-16 - Wilmar,05043-13 - Plantersville,31260.081407960806
05043-10 - Mar N Box 2,05043-11 - Marion South,14530.635606995067
05043-10 - Mar N Box 2,05043-02 - Ward 2,33846.16505147453
05043-10 - Mar N Box 2,05043-09 - Mar N Box 1,14731.99890439135
05043-10 - Mar N Box 2,05043-13 - Plantersville,17400.998340665665
05043-15 - Tillar,05043-14 - Selma,36665.18820600264
05043-13 - Plantersville,05043-09 - Mar N Box 1,35310.90512915191
05043-13 - Plantersville,05079-009 - Lone Pine / Mt Home,15020.08828636384
05043-13 - Plantersville,05079-008 - Lone Pine / Garnett,948.0384233769769
05043-13 - Plantersville,05079-010 - Mill Creek,31827.628300782122
05043-04 - Ward 4,05043-11 - Marion South,60712.01694217159
05043-04 - Ward 4,05043-03 - Ward 3,6813.837849130947
05043-04 - Ward 4,05043-02 - Ward 2,2634.1508276892246
05043-07 - Jerome,05043-05 - Collins,63694.956672217464
05043-08 - Lacey,05043-06 - enon,36526.241967656344
05043-08 - Lacey,05043-11 - Marion South,68957.0139367654
05043-08 - Lacey,05043-12 - Ozment,37840.94674115266
05043-08 - Lacey,05043-05 - Collins,42259.708224984126
05043-05 - Collins,05043-06 - enon,52384.10876428384
05043-05 - Collins,05043-14 - Selma,37755.0171580653
05043-14 - Selma,05043-06 - enon,21813.14471957191
05043-14 - Selma,05043-09 - Mar N Box 1,71649.12934757488
05043-14 - Selma,05079-013 - Smith,32410.144798067548
05043-06 - enon,05043-11 - Marion South,17439.582901823538
05043-06 - enon,05043-09 - Mar N Box 1,28938.85555824167
05043-11 - Marion South,05043-03 - Ward 3,12013.765202697188
05043-11 - Marion South,05043-01 - Ward 1,21525.817826715476
05043-11 - Marion South,05043-02 - Ward 2,6462.4820261942
05043-11 - Marion South,05043-09 - Mar N Box 1,12843.122505108555
05043-11 - Marion South,05043-12 - Ozment,16055.729596164916
05043-03 - Ward 3,05043-01 - Ward 1,9739.645792745572
05043-03 - Ward 3,05043-02 - Ward 2,4992.92094968144
05043-01 - Ward 1,05043-02 - Ward 2,7491.713668636008
05043-01 - Ward 1,05043-09 - Mar N Box 1,47357.13815806237
05043-02 - Ward 2,05043-09 - Mar N Box 1,10441.11257965186
05043-09 - Mar N Box 1,05079-008 - Lone Pine / Garnett,15627.82929727505
05043-09 - Mar N Box 1,05079-013 - Smith,32011.08809886897
05045-Pct 23,05119-Precinct 057,2915.2231169912807
05045-Pct 23,05119-Precinct 007,18216.42709908798
05045-Pct 23,05119-Precinct 001,60050.73635095883
05045-Pct 23,05119-Precinct 053,43349.131126796565
05045-Pct 23,05045-Pct 24,80595.96429310513
05045-Pct 23,05045-Pct 15,15148.131265641796
05045-Pct 23,05045-Pct 36,18348.093064358203
05045-Pct 23,05045-Pct 13,7608.383543278314
05045-Pct 23,05045-Pct 35,31205.386390068925
05045-Pct 23,05045-Pct 39,9976.842914202965
05045-Pct 9,05045-Pct 41,2664.5316649449865
05045-Pct 9,05045-Pct 43,2604.873159843495
05045-Pct 9,05045-Pct 6,4044.739688451771
05045-Pct 9,05045-Pct 46,6263.574577628313
05045-Pct 9,05045-Pct 49,5873.027094122855
05045-Pct 46,05045-Pct 44,2665.213253437135
05045-Pct 46,05045-Pct 10,5283.697131569135
05045-Pct 46,05045-Pct 49,1609.6371687857845
05045-Pct 46,05045-Pct 54,3300.999515460911
05045-Pct 7,05045-Pct 11,4133.782522391964
05045-Pct 7,05045-Pct 2,1641.9341544810582
05045-Pct 7,05045-Pct 6,7670.8665051715225
05045-Pct 7,05045-Pct 40,8716.81862545625
05045-Pct 7,05045-Pct 8,4162.038788505696
05045-Pct 6,05045-Pct 2,3469.797614314768
05045-Pct 6,05045-Pct 49,5215.219762929635
05045-Pct 45,05045-Pct 14,20335.094630806198
05045-Pct 45,05045-Pct 50,12424.41091838442
05045-Pct 45,05045-Pct 10,2480.595014789234
05045-Pct 45,05045-Pct 54,1838.005631492944
05045-Pct 45,05045-Pct 8,2925.095673675342
05045-Pct 45,05045-Pct 48,5805.112783355777
05045-Pct 54,05045-Pct 10,5353.869269258659
05045-Pct 54,05045-Pct 49,1361.2638310747832
05045-Pct 54,05045-Pct 8,3651.1014002908055
05045-Pct 54,05045-Pct 48,4027.4460564283304
05045-Pct 49,05045-Pct 8,10106.619395788612
05045-Pct 25,05045-Pct 39,22829.0962124313
05045-Pct 25,05045-Pct 22,2619.1311564685097
05045-Pct 25,05045-Pct 21,14753.134865542157
05045-Pct 25,05045-Pct 12,27637.08623599594
05045-Pct 25,05045-Pct 34,13194.309344271176
05045-Pct 25,05045-Pct 30,18558.736943395626
05045-Pct 30,05045-Pct 12,10954.354513424138
05045-Pct 30,05045-Pct 34,22082.482833458555
05045-Pct 30,05045-Pct 28,22968.46278579797
05045-Pct 30,05045-Pct 31,26390.436996954788
05045-Pct 30,05045-Pct 27,3204.5729885233923
05045-Pct 26,05045-Pct 12,25494.26746979348
05045-Pct 26,05045-Pct 48,5360.714431625104
05045-Pct 26,05045-Pct 19,18537.775546561108
05045-Pct 26,05045-Pct 28,27511.482435760103
05045-Pct 26,05045-Pct 55,5182.010560872021
05045-Pct 26,05045-Pct 29,8039.11252588356
05045-Pct 55,05045-Pct 28,24725.641303473036
05045-Pct 55,05045-Pct 29,15960.163642416861
05045-Pct 29,05045-Pct 28,35840.86667595597
05045-Pct 33,05145-41 - Jefferson,5614.121731217093
05045-Pct 33,05145-54 - Marshall,19488.918956985675
05045-Pct 33,05045-Pct 17,15820.804554698394
05045-Pct 33,05045-Pct 27,36325.40249116431
05045-Pct 33,05045-Pct 32,21326.295071243927
05045-Pct 33,05145-50 - Kentucky,3229.7578330427928
05045-Pct 31,05045-Pct 28,31605.019144506936
05045-Pct 31,05045-Pct 27,31675.274258332447
05045-Pct 31,05045-Pct 16,15831.560975246884
05045-Pct 31,05045-Pct 18,10638.619474489255
05045-Pct 32,05045-Pct 27,6226.9000752225165
05045-Pct 32,05045-Pct 16,25534.254584166614
05045-Pct 32,05145-50 - Kentucky,31928.34074105038
05045-Pct 16,05045-Pct 27,15850.083839865089
05045-Pct 16,05045-Pct 18,31751.627458787207
05045-Pct 16,05141-09 CARGILE,6678.082479322836
05045-Pct 24,05045-Pct 36,18267.134832430787
05045-Pct 12,05045-Pct 13,5930.487426195652
05045-Pct 12,05045-Pct 39,11345.239535295925
05045-Pct 12,05045-Pct 11,7054.621195674374
05045-Pct 12,05045-Pct 40,44362.475856244695
05045-Pct 12,05045-Pct 48,14542.980018385666
05045-Pct 12,05045-Pct 28,14086.078011238833
05045-Pct 36,05045-Pct 15,21027.50717385927
05045-Pct 36,05045-Pct 5,78550.98888130038
05045-Pct 36,05045-Pct 13,25129.517562805733
05045-Pct 36,05045-Pct 1,7061.90869834734
05045-Pct 36,05045-Pct 11,11629.452838292056
05045-Pct 36,05045-Pct 14,1975.9353274632715
05045-Pct 39,05045-Pct 13,70188.44749015266
05045-Pct 39,05045-Pct 35,39225.606180072
05045-Pct 39,05045-Pct 22,19504.683818786398
05045-Pct 39,05045-Pct 21,37616.60604723079
05045-Pct 17,05145-26 - El Paso,12895.191937916488
05045-Pct 17,05145-41 - Jefferson,14737.922156722205
05045-Pct 17,05045-Pct 22,15996.071063424137
05045-Pct 17,05045-Pct 34,24128.121287724276
05045-Pct 17,05045-Pct 27,8556.738911352435
05045-Pct 1,05045-Pct 5,12445.062030096664
05045-Pct 1,05045-Pct 3,5275.988609785902
05045-Pct 1,05045-Pct 11,5297.801069222772
05045-Pct 1,05045-Pct 4,7741.387576135444
05045-Pct 3,05045-Pct 5,5238.216433952333
05045-Pct 3,05045-Pct 42,6958.3772704923895
05045-Pct 3,05045-Pct 41,2651.5771299374687
05045-Pct 4,05045-Pct 11,5506.530673005833
05045-Pct 4,05045-Pct 41,4044.843121394394
05045-Pct 4,05045-Pct 2,5240.040468874323
05045-Pct 13,05045-Pct 11,43307.66037259228
05045-Pct 11,05045-Pct 2,4019.0893726475233
05045-Pct 11,05045-Pct 40,8633.881384496754
05045-Pct 2,05045-Pct 41,3935.0314116942864
05045-Pct 41,05045-Pct 43,7938.322358697291
05045-Pct 43,05045-Pct 42,5300.691646816581
05045-Pct 43,05045-Pct 44,10579.062570807851
05045-Pct 21,05045-Pct 22,95312.96432038816
05045-Pct 10,05045-Pct 44,5671.156976853527
05045-Pct 10,05045-Pct 50,3933.1879324526244
05045-Pct 40,05045-Pct 8,3392.4565565957037
05045-Pct 40,05045-Pct 48,6544.035757548281
05045-Pct 34,05045-Pct 22,23834.42341131657
05045-Pct 34,05045-Pct 27,24547.755317693092
05045-Pct 28,05045-Pct 19,5131.12721784622
05045-Pct 28,05045-Pct 37,26445.53220318086
05045-Pct 28,05045-Pct 18,26074.488073987697
05045-Pct 18,05045-Pct 37,6844.949151191523
05045-Pct 18,05141-09 CARGILE,17544.013145840756
05045-Pct 18,05045-Pct 38,62086.837724938814
05045-Pct 18,05141-02 BARNETT,2926.178922625772
05045-Pct 22,05085-39 - Magness TWP,19976.957976383284
05045-Pct 22,05145-26 - El Paso,19896.068056355693
05045-Pct 22,05119-Precinct 035,31872.60924696753
05045-Pct 53,05045-Pct 14,8009.577471977041
05045-Pct 53,05045-Pct 44,4545.241392705075
05045-Pct 53,05045-Pct 50,4681.3538342792735
05045-Pct 44,05045-Pct 42,10599.799107320605
05045-Pct 44,05045-Pct 14,4285.425332170063
05045-Pct 44,05045-Pct 50,2030.0849724138802
05045-Pct 15,05119-Precinct 053,20837.8993617584
05045-Pct 15,05045-Pct 42,55916.1311487316
05045-Pct 15,05045-Pct 14,12231.508541329307
05045-Pct 15,05105-17 - Wye,9784.145496088286
05045-Pct 15,05105-10 - Perry,24871.367696496378
05045-Pct 15,05105-15 - Union,9176.349747357453
05045-Pct 35,05119-Precinct 007,27134.295457324268
05045-Pct 35,05119-Precinct 013,9792.990577729894
05045-Pct 35,05119-Precinct 034,7755.937858176647
05045-Pct 35,05119-Precinct 035,23887.707968165527
05045-Pct 5,05045-Pct 42,6501.305431773571
05045-Pct 5,05045-Pct 14,4696.9041582072405
05045-Pct 38,05045-Pct 37,60559.914296474744
05045-Pct 38,05141-02 BARNETT,42459.23991933756
05045-Pct 14,05045-Pct 42,96944.39319233893
05045-Pct 14,05045-Pct 8,1519.4999720977974
05045-Pct 14,05105-15 - Union,30787.98224140576
05045-Pct 48,05045-Pct 8,123081.54124049739
05045-Pct 48,05045-Pct 19,38826.64297411847
05045-Pct 19,05045-Pct 37,34838.15116402478
05047-8-B (Charleston Wd 1),05047-8-C (Charleston Rural),32704.406965894428
05047-8-B (Charleston Wd 1),05047-9-B (Charleston Wd 3),7555.612834923694
05047-8-B (Charleston Wd 1),05047-9-A (Charleston Wd 2),12101.922422879614
05047-8-B (Charleston Wd 1),05131-1-SC-102,1904.8408777006969
05047-8-G (Donald Rural),05047-9-C (Charleston Rural),13686.937973784072
05047-8-G (Donald Rural),05047-8-E (Donald Rural),8093.909060237673
05047-8-G (Donald Rural),05047-8-A (Branch City),6063.8132517035965
05047-8-G (Donald Rural),05047-7-D (Donald Rural),9208.813810467971
05047-9-B (Charleston Wd 3),05047-8-C (Charleston Rural),874.8262323779825
05047-9-B (Charleston Wd 3),05047-9-A (Charleston Wd 2),2642.8162551031314
05047-9-B (Charleston Wd 3),05047-9-C (Charleston Rural),16140.878534593974
05047-9-A (Charleston Wd 2),05047-9-C (Charleston Rural),17304.790518954087
05047-9-A (Charleston Wd 2),05131-1-SC-102,2108.9424963384545
05047-8-A (Branch City),05047-8-C (Charleston Rural),3334.924844683189
05047-8-A (Branch City),05047-9-C (Charleston Rural),13153.879546314525
05047-8-A (Branch City),05047-7-D (Donald Rural),36470.9539649235
05047-7-D (Donald Rural),05083-145 - Washburn,26426.92556821844
05047-7-D (Donald Rural),05047-8-C (Charleston Rural),23899.3672855071
05047-7-D (Donald Rural),05047-7-C (Etna),32761.83973280843
05047-7-D (Donald Rural),05047-8-E (Donald Rural),25810.25330834507
05047-7-D (Donald Rural),05047-7-B (Webb City),5231.732146099421
05047-7-D (Donald Rural),05047-7-A (Cecil),18009.89581994134
05047-7-D (Donald Rural),05083-119 - Caulksville Rural,5077.015190418337
05047-7-D (Donald Rural),05083-121 - Ratcliff Rural,17032.710797032963
05047-8-E (Donald Rural),05047-8-D (Vesta),24887.34650172976
05047-8-E (Donald Rural),05047-7-A (Cecil),1982.6949260629372
05047-6-C (Denning),05047-6-A (Altus Rural),18571.76040746639
05047-6-C (Denning),05047-6-B (Altus City),5551.799393961042
05047-6-D (Weiderkehr Village),05047-6-A (Altus Rural),23419.063045883544
05047-6-D (Weiderkehr Village),05047-6-B (Altus City),9749.954482422745
05047-6-D (Weiderkehr Village),05047-4-C (WV Rural),48242.18018948982
05047-6-D (Weiderkehr Village),05047-4-D (Oz Rural),27297.913715587925
05047-6-D (Weiderkehr Village),05047-4-A (Philpot),17617.5254556407
05047-8-D (Vesta),05047-9-C (Charleston Rural),24386.950032650537
05047-8-D (Vesta),05047-8-F (Cecil),28291.055753502773
05047-8-D (Vesta),05047-7-A (Cecil),14630.566488521032
05047-8-D (Vesta),05131-1-SC-102,33478.56759284188
05047-8-F (Cecil),05047-7-A (Cecil),38261.587469092694
05047-8-F (Cecil),05131-1-SC-102,3329.114784725952
05047-7-B (Webb City),05047-7-C (Etna),17461.44246401503
05047-7-B (Webb City),05047-7-A (Cecil),25574.993495883085
05047-7-B (Webb City),05047-5-C (Webb City),53172.810394465196
05047-7-A (Cecil),05047-5-C (Webb City),848.4108981659243
05047-7-A (Cecil),05047-5-A (Wallace/Ivy),47036.27100150518
05047-7-A (Cecil),05131-1-SC-102,3535.939373380154
05047-5-B (Oz Rural),05047-5-C (Webb City),13217.154314315298
05047-5-B (Oz Rural),05047-1-A (Oz Wd 1),32135.540995038475
05047-5-B (Oz Rural),05047-5-A (Wallace/Ivy),15108.686095003839
05047-5-B (Oz Rural),05047-2-A (Oz Wd 2),2379.1916261473243
05047-5-B (Oz Rural),05047-2-B (Oz Rural),2613.2064325903634
05047-2-B (Oz Rural),05047-1-B (Oz Wd 3),28678.576404302807
05047-2-B (Oz Rural),05047-2-A (Oz Wd 2),36595.029907638454
05047-2-B (Oz Rural),05047-2-D (Wallace/Ivy),10754.62330933592
05047-2-B (Oz Rural),05047-2-C (Lonelm/Cravens),9257.592779632487
05047-2-B (Oz Rural),05047-4-A (Philpot),8139.801974838744
05047-2-B (Oz Rural),05047-4-B (Watalula),24968.178790571452
05047-1-A (Oz Wd 1),05047-5-C (Webb City),38654.208279822466
05047-1-A (Oz Wd 1),05047-4-D (Oz Rural),20074.461413756075
05047-1-A (Oz Wd 1),05047-1-C (Oz Wd 2),1171.8271087176918
05047-1-A (Oz Wd 1),05047-5-A (Wallace/Ivy),5421.820544499658
05047-1-A (Oz Wd 1),05047-1-B (Oz Wd 3),11447.586287406428
05047-1-A (Oz Wd 1),05047-2-A (Oz Wd 2),10977.892235340618
05047-5-C (Webb City),05083-117 - Sht Mtn WD 4,14111.965539701685
05047-5-C (Webb City),05047-7-C (Etna),10522.684621514447
05047-5-C (Webb City),05047-6-A (Altus Rural),10343.59414530796
05047-5-C (Webb City),05047-4-D (Oz Rural),12139.138992542525
05047-5-C (Webb City),05047-5-A (Wallace/Ivy),2914.3372607769534
05047-1-B (Oz Wd 3),05047-4-D (Oz Rural),17498.39370092592
05047-1-B (Oz Wd 3),05047-1-C (Oz Wd 2),1415.0475852083387
05047-1-B (Oz Wd 3),05047-2-E(Oz Wd 3),4859.161472738033
05047-1-B (Oz Wd 3),05047-2-A (Oz Wd 2),6120.635326203625
05047-1-B (Oz Wd 3),05047-4-A (Philpot),2429.5419103116405
05047-2-A (Oz Wd 2),05047-1-C (Oz Wd 2),1108.301349265283
05047-2-A (Oz Wd 2),05047-2-E(Oz Wd 3),4459.62001618709
05047-2-D (Wallace/Ivy),05047-5-A (Wallace/Ivy),23564.610779044255
05047-2-D (Wallace/Ivy),05047-2-C (Lonelm/Cravens),13447.133128492367
05047-2-C (Lonelm/Cravens),05047-5-A (Wallace/Ivy),3595.9722222904456
05047-2-C (Lonelm/Cravens),05047-4-B (Watalula),1397.3984654718786
05047-2-C (Lonelm/Cravens),05047-3-A (Lonelm/Cravens),22466.51466243236
05047-4-B (Watalula),05047-4-A (Philpot),14997.341882329549
05047-4-B (Watalula),05047-3-A (Lonelm/Cravens),15484.33171573626
05047-4-B (Watalula),05047-3-D (Jethro),12137.617377277504
05047-4-B (Watalula),05047-3-E (Watalula),20415.954056341667
05047-4-B (Watalula),05047-3-F (Mountain),9833.029722479298
05047-3-D (Jethro),05047-3-A (Lonelm/Cravens),39601.57334000441
05047-3-D (Jethro),05047-3-E (Watalula),7248.322847644568
05047-3-D (Jethro),05047-3-C (Boston),63359.23317577096
05047-3-E (Watalula),05047-3-F (Mountain),15606.134611499809
05047-3-E (Watalula),05047-3-C (Boston),23450.64216321603
05047-2-E(Oz Wd 3),05047-1-C (Oz Wd 2),982.3160503956725
05047-9-C (Charleston Rural),05047-8-C (Charleston Rural),10215.906024267626
05047-9-C (Charleston Rural),05131-1-SC-102,12329.458520004111
05047-7-C (Etna),05083-117 - Sht Mtn WD 4,26324.480332470892
05047-7-C (Etna),05083-119 - Caulksville Rural,17829.303422917863
05047-7-C (Etna),05083-121 - Ratcliff Rural,4959.909396771038
05047-7-C (Etna),05083-118 - Caulksville City,2474.149078369169
05047-7-C (Etna),05083-120 - Ratcliff City,6755.631085014244
05047-6-B (Altus City),05047-6-A (Altus Rural),29102.018474777127
05047-6-B (Altus City),05047-4-D (Oz Rural),36081.74638182739
05047-4-C (WV Rural),05047-6-A (Altus Rural),5522.396976436223
05047-4-C (WV Rural),05047-4-A (Philpot),12127.944932108683
05047-4-C (WV Rural),05071-P5,4486.55455847073
05047-4-C (WV Rural),05071-P4,13922.97680507917
05047-4-D (Oz Rural),05047-6-A (Altus Rural),17568.392744641784
05047-4-D (Oz Rural),05047-4-A (Philpot),8434.175153081165
05047-8-C (Charleston Rural),05083-145 - Washburn,22643.64862364383
05047-8-C (Charleston Rural),05131-1-SC-102,54258.60814677285
05047-6-A (Altus Rural),05083-117 - Sht Mtn WD 4,41992.823903355056
05047-6-A (Altus Rural),05071-P5,27278.020148129868
05047-4-A (Philpot),05047-3-F (Mountain),33540.87489307701
05047-4-A (Philpot),05071-P4,35406.80894318608
05047-5-A (Wallace/Ivy),05047-3-A (Lonelm/Cravens),30777.759821866443
05047-3-A (Lonelm/Cravens),05047-3-B (Fern),45205.606718646115
05047-3-B (Fern),05047-3-C (Boston),51019.1292315776
05047-3-F (Mountain),05071-P4,27699.787336731377
05047-3-F (Mountain),05047-3-C (Boston),58151.0028337148
05047-3-C (Boston),05071-P4,39085.39142476485
05047-3-C (Boston),05087-Hilburn,65200.83094141674
05049-PR-SB,05135-Highland,2808.7234725108437
05049-PR-SB,05065-Myron,8456.145349695864
05049-PR-SB,05135-Richwood,38134.44017756198
05049-PR-SB,05049-Benton - Union,47394.79687781891
05049-PR-SB,05065-Wiseman,15586.69492302465
05049-PR-SB,05065-Horseshoe Bend Rural,12264.848317922395
05049-PR-SB,05065-Horseshoe Bend Ward 1,5309.7909485833
05049-PR-SB,05049-Cherokee Village,120310.88215123818
05049-PR-SB,05049-Myatt,31751.995164208805
05049-PR-SB,05049-Southfork - Wilson,32234.184418005883
05049-PR-SB,05135-Cherokee,13283.636390274434
05049-Myatt,05049-Southfork - Wilson,31565.086237893047
05049-Myatt,05049-MS - Afton,64131.78869938603
05049-Fulton - Mt. Calm,05049-Benton - Union,32086.59018925121
05049-Fulton - Mt. Calm,05049-Washington,29517.39898129338
05049-Fulton - Mt. Calm,05049-Cleveland,31475.442401559532
05049-Fulton - Mt. Calm,05049-Vidette - Big Creek,101998.61076953
05049-Washington,05049-Benton - Union,40695.008810414394
05049-Washington,05049-Southfork - Wilson,25401.449978316494
05049-Southfork - Wilson,05049-Benton - Union,32178.57026853225
05049-Southfork - Wilson,05049-MS - Afton,42382.60410353726
05049-MS - Afton,05135-Hardy,25646.25246226714
05049-MS - Afton,05135-Cherokee,7185.957720877646
05049-MS - Afton,05135-Lower North,31663.14127431897
05049-MS - Afton,05135-Upper North,21513.267146376227
05049-Cherokee Village,05135-Cherokee,15832.887955455386
05049-Cleveland,05065-Oxford City,696.3464010979337
05049-Cleveland,05065-Oxford Rural,9971.521871835683
05049-Cleveland,05065-Wideman,26157.243989225797
05049-Cleveland,05049-Benton - Union,32006.00047725955
05049-Cleveland,05065-Dolph,31561.390853576147
05049-Cleveland,05049-Vidette - Big Creek,58988.051795936524
05049-Benton - Union,05065-Oxford City,645.4989399451301
05049-Benton - Union,05065-Oxford Rural,14898.30023789439
05049-Benton - Union,05065-Wiseman,10607.41906101325
05051-092,05051-081,26290.757303770002
05051-092,05051-091,12652.35932687355
05051-092,05051-094,31086.379801417996
05051-092,05051-104,32842.38299157385
05051-092,05051-102,26187.55743970837
05051-092,05051-101,27116.83034855522
05051-023,05051-022,8960.244264579924
05051-023,05051-012,13345.516477419891
05051-023,05051-011,2142.221964770544
05051-024,05051-061,2665.8156563353036
05051-024,05051-021,3971.4441348064397
05051-024,05051-022,6049.488868567653
05051-024,05051-012,2391.633077753917
05051-032,05051-093,3411.862144209522
05051-032,05051-043,17016.93070801912
05051-032,05051-033,20539.27641787793
05051-032,05051-031,9724.403135036915
05051-032,05051-094,1329.8450092795913
05051-032,05051-104,9116.502942076813
05051-073,05059-Bismarck,3118.8684873631523
05051-073,05059-Deroche,14904.724740473983
05051-073,05051-072,16939.210476377022
05051-073,05051-071,6404.198841443899
05051-073,05051-074,67811.54507510673
05051-073,05051-054,13209.049669324559
05051-073,05051-042,16104.423738066085
05051-074,05059-Lone Hill,10848.459833719708
05051-074,05059-Deroche,21564.75585374195
05051-074,05059-Fenter B,25386.949246270422
05051-074,05051-054,41869.81849553886
05051-074,05051-064,31244.3727059401
05051-074,05059-Magnet,954.1931378281653
05051-084,05051-071,22177.278665171874
05051-084,05051-083,14092.179170237705
05051-084,05051-093,1752.2913446973157
05051-071,05059-Bismarck,22537.098066928564
05051-071,05051-072,30447.272864163722
05051-071,05051-083,5073.623832671989
05051-071,05051-042,4873.608713238213
05051-071,05051-041,4557.016612479597
05051-071,05051-093,4867.800114829123
05051-071,05051-082,21074.858518971898
05051-083,05051-093,10324.350223349453
05051-083,05051-082,12413.338680445859
05051-083,05051-094,7285.691016751596
05051-082,05059-Bismarck,9785.881940237066
05051-082,05059-Henderson,5362.95499913197
05051-082,05051-081,16527.335068295415
05051-082,05051-091,24289.51154821889
05051-082,05051-094,14887.301431298296
05051-054,05051-042,3199.2264667674926
05051-054,05051-052,13645.005374931123
05051-054,05051-053,4317.563430423449
05051-054,05051-064,7557.241339699175
05051-054,05051-062,22382.046666683345
05051-051,05051-053,15289.786681085814
05051-051,05051-044,5677.922296797775
05051-051,05051-034,4016.1269167448318
05051-051,05051-021,4662.17328313458
05051-043,05051-093,9515.610438894228
05051-043,05051-044,19201.664578948956
05051-043,05051-034,909.5607125428735
05051-043,05051-033,2500.9507287018064
05051-053,05051-042,11243.551031180818
05051-053,05051-041,1040.4016294391542
05051-053,05051-052,4495.505435197344
05051-053,05051-044,2105.29806839821
05051-053,05051-062,2898.7976867891466
05051-053,05051-061,6782.173786880047
05051-053,05051-021,4231.377666666318
05051-044,05051-041,19581.689302437888
05051-044,05051-093,4388.038220225196
05051-044,05051-034,4145.4306797062545
05051-093,05051-041,3477.213766730661
05051-093,05051-094,20081.341382385697
05051-064,05059-Fenter B,2922.932759588535
05051-064,05051-062,4409.001117086115
05051-064,05059-Magnet,18629.071417693634
05051-064,05051-063,10573.404965177571
05051-064,05051-013,5722.000463048718
05051-064,05051-134,10244.831511642793
05051-061,05051-062,14767.864431648535
05051-061,05051-014,12566.798694732332
05051-061,05051-021,4185.623118656905
05051-061,05051-012,1340.2826312805444
05051-034,05051-021,5580.198147455343
05051-034,05051-033,8850.625593761592
05051-021,05051-033,3416.6292319854024
05051-021,05051-022,10619.334836835611
05051-021,05051-011,6752.277086524669
05051-011,05051-033,10236.426691932791
05051-011,05051-022,7713.639789589274
05051-011,05051-012,23083.01512493544
05051-011,05051-122,20470.912283474718
05051-011,05051-132,15253.026511962173
05051-011,05051-123,19216.9587178417
05051-012,05051-014,9068.462934729403
05051-012,05051-022,1657.5483957146766
05051-012,05051-013,20627.240931999837
05051-012,05051-132,4021.479745951187
05051-104,05051-031,2741.2598736403215
05051-104,05051-094,6942.184289692557
05051-104,05051-102,13325.24399156429
05051-104,05051-103,15809.793332267454
05051-104,05051-122,1918.4521925367724
05051-031,05051-033,898.3373218796316
05051-031,05051-122,6840.970318651432
05051-102,05051-101,43764.197661094346
05051-102,05051-103,9930.555686919684
05051-102,05051-122,2302.4921068019976
05051-122,05051-033,7252.712507683489
05051-122,05051-101,6422.3833025451895
05051-122,05051-103,22071.12124826543
05051-122,05051-123,15689.319801229354
05051-122,05051-124,1290.2132981287384
05051-122,05051-121,24886.66677048579
05051-134,05125-29,31975.69063723947
05051-134,05059-Magnet,42018.05440646833
05051-134,05051-013,42462.85535303292
05051-134,05051-132,44920.88606868444
05051-134,05125-08,25559.221474848004
05051-101,05051-081,32400.023858479526
05051-101,05097-01 - ALAMO,30858.79589216994
05051-101,05097-05 - CENTER,31051.06126395746
05051-101,05097-09 - MOUNT IDA - OUT,790.3555225891005
05051-101,05051-111,60281.14974001494
05051-101,05051-121,33986.88482265509
05051-121,05051-123,34350.31793186003
05051-121,05051-124,32311.774879131925
05051-121,05051-111,52199.12634899935
05051-123,05051-132,14214.57815615398
05051-123,05051-111,5497.875885870352
05051-123,05051-131,30296.964061530838
05051-114,05125-08,4569.377486993559
05051-114,05051-133,13623.402486175728
05051-114,05051-112,11155.153242089444
05051-114,05125-35,8163.951372901607
05051-114,05051-113,40639.683679124915
05051-133,05051-132,38528.42676083739
05051-133,05125-20,4075.129250515593
05051-133,05051-131,41640.25781434131
05051-133,05125-02,14789.01012503963
05051-133,05051-112,21394.532137326052
05051-133,05125-35,20265.709365578412
05051-133,05051-113,866.8459419091421
05051-111,05097-09 - MOUNT IDA - OUT,7004.583405903458
05051-111,05097-06 - FANNIE,47159.95385693176
05051-111,05149-05 - Crawford,42634.63417505936
05051-111,05051-131,1250.3961363160315
05051-111,05051-113,56351.714475395405
05051-111,05105-14 - Tyler,61454.95955333756
05051-081,05059-Henderson,48226.363459670094
05051-081,05097-04 - CANEY,10358.282900842958
05051-081,05097-01 - ALAMO,1207.8302352767348
05051-091,05051-094,10011.82436825514
05051-063,05051-014,5344.25089374292
05051-063,05051-013,5246.001044315288
05051-062,05051-052,4381.015456738118
05051-062,05051-014,12017.197514191837
05051-013,05051-132,2374.604956922655
05051-131,05051-132,27228.83343141461
05051-131,05125-08,1407.0777890081085
05051-131,05125-35,8384.435258535981
05051-131,05051-113,10020.746849412784
05051-042,05051-041,26523.120945058443
05051-112,05051-113,4963.4825532900695
05051-072,05059-Bismarck,2262.779653887738
05051-132,05125-20,388.9140976840116
05051-132,05125-08,11639.35905766899
05051-113,05125-08,4706.496772921583
05051-113,05125-23,52227.26050858233
05051-113,05105-14 - Tyler,3080.172260430487
05053-01 - Calvert,05053-02 - Davis,106228.8056818777
05053-01 - Calvert,05053-21 - Ward 2,16581.980613373817
05053-01 - Calvert,05053-10 - Madison,42803.71461967289
05053-01 - Calvert,05053-05 - Darysaw,52834.35426049865
05053-01 - Calvert,05053-11 - Merry Green 1,11262.770327571054
05053-01 - Calvert,05053-12 - Merry Green 2,12642.697398359795
05053-12 - Merry Green 2,05053-02 - Davis,44068.11026741624
05053-12 - Merry Green 2,05053-21 - Ward 2,38632.17073949159
05053-12 - Merry Green 2,05053-22 - Ward 3,17057.92558723138
05053-12 - Merry Green 2,05053-20 - Ward 1,140084.96112662635
05053-12 - Merry Green 2,05053-11 - Merry Green 1,24973.584054738258
05053-12 - Merry Green 2,05053-03 - Dekalb 1,40145.81401345472
05053-12 - Merry Green 2,05053-09 - Franklin,21584.936887518605
05053-21 - Ward 2,05053-22 - Ward 3,14497.262650029385
05053-21 - Ward 2,05053-20 - Ward 1,12649.71125094972
05053-04 - Dekalb 2,05053-03 - Dekalb 1,27767.952431749913
05053-04 - Dekalb 2,05125-30,6973.541809001745
05053-04 - Dekalb 2,05125-28,9170.460175444594
05053-14 - Simpson 1,05053-09 - Franklin,54892.090651191465
05053-14 - Simpson 1,05125-25,7477.640453623474
05053-14 - Simpson 1,05053-15 - Simpson 2,58778.01866765837
05053-14 - Simpson 1,05125-37,11365.972454212106
05053-14 - Simpson 1,05125-09,6902.57655571086
05053-02 - Davis,05053-17 - Tennessee,88066.5032070324
05053-02 - Davis,05053-20 - Ward 1,300.18544972946125
05053-02 - Davis,05053-03 - Dekalb 1,22540.662922795877
05053-02 - Davis,05053-13 - River,62222.21392031138
05053-19 - Washington,05053-05 - Darysaw,62919.549885868895
05053-19 - Washington,05069-075,6433.62989446907
05053-19 - Washington,05069-079,4393.177009148088
05053-19 - Washington,05069-090,2732.5406245281342
05053-19 - Washington,05053-11 - Merry Green 1,38988.60823627811
05053-19 - Washington,05069-086,22103.976967907936
05053-19 - Washington,05053-15 - Simpson 2,83396.25929031061
05053-09 - Franklin,05053-11 - Merry Green 1,11815.236851291187
05053-09 - Franklin,05053-03 - Dekalb 1,53406.68240647657
05053-09 - Franklin,05125-03,40392.572488233265
05053-09 - Franklin,05125-25,355.28927544487556
05053-09 - Franklin,05053-15 - Simpson 2,26993.800822582365
05053-17 - Tennessee,05059-Clear Creek,40767.15126898553
05053-17 - Tennessee,05059-Big Creek,5328.166140376123
05053-17 - Tennessee,05053-13 - River,31129.624393844162
05053-17 - Tennessee,05053-08 - Fenter,29485.222666515434
05053-22 - Ward 3,05053-20 - Ward 1,4606.802870803659
05053-22 - Ward 3,05053-11 - Merry Green 1,36857.744405778794
05053-11 - Merry Green 1,05053-05 - Darysaw,23482.559670822764
05053-11 - Merry Green 1,05053-15 - Simpson 2,21438.62337846909
05053-13 - River,05053-03 - Dekalb 1,45685.24690737403
05053-13 - River,05053-08 - Fenter,70680.90655196496
05053-05 - Darysaw,05053-10 - Madison,43224.1634592963
05053-05 - Darysaw,05069-054,25220.86362775343
05053-05 - Darysaw,05069-075,21233.524924491143
05053-08 - Fenter,05059-Big Creek,26597.63072474702
05053-08 - Fenter,05053-03 - Dekalb 1,22595.14561280968
05053-08 - Fenter,05059-Gifford,21194.91329782927
05053-08 - Fenter,05125-30,13273.797356444946
05053-03 - Dekalb 1,05125-03,8717.575918882874
05053-03 - Dekalb 1,05125-30,23611.76994184816
05053-03 - Dekalb 1,05125-28,15925.734029560075
05053-15 - Simpson 2,05069-086,7079.0564580266555
05053-15 - Simpson 2,05069-094,24059.528381083823
05053-15 - Simpson 2,05069-087,8124.742487406635
05053-15 - Simpson 2,05125-37,20566.763661380664
05053-15 - Simpson 2,05119-Precinct 130,13526.927418278145
05053-10 - Madison,05069-051,21270.08443190388
05053-10 - Madison,05069-054,20839.998376182913
05055-JP - DISTRICT 08,05055-JP - DISTRICT 07,41642.13162766856
05055-JP - DISTRICT 08,05055-JP 2,1344.3912841960941
05055-JP - DISTRICT 08,05055-JP - DISTRICT 01,21222.532572522312
05055-JP - DISTRICT 08,05055-JP - DISTRICT 09,44823.81003232591
05055-JP - DISTRICT 08,05055-JP - DISTRICT 10,80728.29209290032
05055-JP 2,05055-JP - DISTRICT 07,3795.3595864742547
05055-JP 2,05055-JP 6,5472.093123114559
05055-JP 2,05055-JP 3,7489.447138885489
05055-JP 2,05055-JP - DISTRICT 01,11907.433746793802
05055-JP 6,05055-JP - DISTRICT 07,11951.463908228328
05055-JP 6,05055-JP 3,19135.689925815506
05055-JP 3,05055-JP - DISTRICT 07,23437.997768515317
05055-JP 3,05055-JP 4,6537.647774653838
05055-JP 3,05055-JP 5,19965.349071998553
05055-JP 3,05055-JP - DISTRICT 01,4043.795470980663
05055-JP 3,05055-JP - DISTRICT 09,5291.698240365285
05055-JP 5,05055-JP 4,23009.028323766437
05055-JP 5,05055-JP - DISTRICT 09,14172.046879558971
05055-JP 4,05055-JP - DISTRICT 07,12870.70552006741
05055-JP 4,05055-JP - DISTRICT 11,29378.23193718939
05055-JP 4,05055-JP - DISTRICT 09,12174.294836072933
05055-JP 4,05055-JP - DISTRICT 10,10864.914967183757
05055-JP - DISTRICT 11,05075-22 - Promised Land,50093.79483982777
05055-JP - DISTRICT 11,05055-JP - DISTRICT 07,18609.13419213894
05055-JP - DISTRICT 11,05075-08 - Cache,41016.39877206307
05055-JP - DISTRICT 11,05055-JP - DISTRICT 10,62782.25312502288
05055-JP - DISTRICT 01,05055-JP - DISTRICT 09,7905.089097090826
05055-JP - DISTRICT 09,05055-JP - DISTRICT 10,73355.46339579343
05055-JP - DISTRICT 10,05075-08 - Cache,32498.277067109855
05055-JP - DISTRICT 10,05121-13 - Okean,42739.89687307694
05057-13 Fulton,05091-Mandeville,121951.41821228208
05057-13 Fulton,05057-23 Spring Hill,56152.348091447755
05057-13 Fulton,05081-Johnson Township,43379.98466669001
05057-13 Fulton,05057-14 Guernsey,30715.514066139305
05057-13 Fulton,05057-16 McNab,52928.21424696537
05057-13 Fulton,05057-11 Cross Roads,17951.863750868644
05057-13 Fulton,05057-10 Columbus,5329.801303545775
05057-13 Fulton,05081-Franklin Township,14869.732600938658
05057-23 Spring Hill,05073-Precinct 01,30143.636205426432
05057-23 Spring Hill,05091-Mandeville,7295.103231982568
05057-23 Spring Hill,05057-18 Patmos,61493.507795141304
05057-23 Spring Hill,05057-14 Guernsey,39574.66627061421
05057-23 Spring Hill,05057-07 Hope 7,13155.697720308459
05057-06 Hope 6,05057-01 Hope 1,13909.880309653565
05057-06 Hope 6,05057-04 Hope 4,23241.723245579968
05057-06 Hope 6,05057-19 Perrytown,28817.560646464328
05057-06 Hope 6,05057-12 Deann,31881.703498340885
05057-06 Hope 6,05057-07 Hope 7,25267.2847292227
05057-06 Hope 6,05057-11 Cross Roads,12117.121157659276
05057-06 Hope 6,05057-24 Washington,37343.894221643175
05057-03 Hope 3,05057-05 Hope 5,9224.31279154669
05057-03 Hope 3,05057-02 Hope 2,7557.0141774984
05057-03 Hope 3,05057-01 Hope 1,4876.4145524333335
05057-03 Hope 3,05057-07 Hope 7,31864.636104725236
05057-05 Hope 5,05057-02 Hope 2,2173.934965140526
05057-05 Hope 5,05057-04 Hope 4,7604.990708010717
05057-05 Hope 5,05057-07 Hope 7,23313.145891552987
05057-04 Hope 4,05057-02 Hope 2,11099.514704589035
05057-04 Hope 4,05057-01 Hope 1,5667.459071895301
05057-04 Hope 4,05057-07 Hope 7,20283.94190908008
05057-02 Hope 2,05057-01 Hope 1,8552.766499439884
05057-14 Guernsey,05057-07 Hope 7,43394.76229699079
05057-14 Guernsey,05057-11 Cross Roads,18403.199910107847
05057-20 Rocky Mound,05057-22 Shover Springs,21969.805114987306
05057-20 Rocky Mound,05099-Laneburg Nev SD Zone 3,8351.140405094546
05057-20 Rocky Mound,05057-01 Hope 1,12149.07484734566
05057-20 Rocky Mound,05099-Emmet Rural Nev School Dist,10658.339798100444
05057-20 Rocky Mound,05057-19 Perrytown,25486.82159401346
05057-20 Rocky Mound,05057-07 Hope 7,5882.401903490925
05057-01 Hope 1,05057-19 Perrytown,13801.734701995903
05057-01 Hope 1,05057-07 Hope 7,7537.409665729135
05057-19 Perrytown,05099-Emmet Rural Nev School Dist,15246.766483256903
05057-19 Perrytown,05099-Emmet City Blvns S Dis,5974.870241832117
05057-19 Perrytown,05057-12 Deann,21799.40175443141
05057-19 Perrytown,05099-East & West Rural,5346.140017467715
05057-16 McNab,05057-21 Saratoga,30223.461562014887
05057-16 McNab,05057-10 Columbus,22980.214672460592
05057-16 McNab,05081-Franklin Township,45910.85542390802
05057-22 Shover Springs,05057-18 Patmos,42635.99454673412
05057-22 Shover Springs,05099-BOD Rural St Rep 98,21182.102385739363
05057-22 Shover Springs,05099-Laneburg Nev SD Zone 3,7613.722504814619
05057-22 Shover Springs,05057-07 Hope 7,20834.155862713495
05057-18 Patmos,05073-Precinct 01,36345.78533036781
05057-18 Patmos,05073-Precinct 02,5778.002497445104
05057-18 Patmos,05099-BOD Rural Nev SZ 3 & St Rep 89,11303.664785677938
05057-18 Patmos,05099-BOD Rural St Rep 98,20523.60885302322
05057-18 Patmos,05057-07 Hope 7,8418.434312966889
05057-07 Hope 7,05057-11 Cross Roads,5220.836790316197
05057-11 Cross Roads,05057-10 Columbus,21325.559711031165
05057-11 Cross Roads,05057-24 Washington,26630.17322362765
05057-12 Deann,05099-East & West Rural,29393.16457533723
05057-12 Deann,05057-09 Blevins,61375.40037680907
05057-12 Deann,05057-24 Washington,21169.89705881224
05057-09 Blevins,05099-East & West Rural,42842.731776545545
05057-09 Blevins,05057-15 McCaskill,93771.46565960316
05057-09 Blevins,05109-11 - Pisgah,37000.26492672677
05057-09 Blevins,05057-24 Washington,12495.625243468343
05057-09 Blevins,05057-17 Ozan,16491.661984271675
05057-21 Saratoga,05057-10 Columbus,20403.041670751423
05057-21 Saratoga,05061-9,27515.924158953123
05057-21 Saratoga,05081-Franklin Township,25436.041761531927
05057-21 Saratoga,05081-Cleveland Township,20784.011093739613
05057-10 Columbus,05057-24 Washington,34210.919892497215
05057-10 Columbus,05061-9,36893.10822500176
05057-10 Columbus,05057-17 Ozan,23805.089823489416
05057-24 Washington,05057-17 Ozan,34614.56001581715
05057-17 Ozan,05057-15 McCaskill,57182.74027278568
05057-17 Ozan,05061-9,31793.183361415016
05057-17 Ozan,05061-7,6867.212083703386
05057-17 Ozan,05057-08 Bingen,35535.31136184788
05057-15 McCaskill,05109-11 - Pisgah,51664.32675995068
05057-15 McCaskill,05057-08 Bingen,23069.16879784329
05057-15 McCaskill,05109-08 - Murfreesboro East,28538.32664224426
05057-15 McCaskill,05109-09 - Murfreesboro West,20724.57031589684
05057-08 Bingen,05061-7,8890.869015690425
05057-08 Bingen,05061-4,20344.377894273413
05057-08 Bingen,05109-09 - Murfreesboro West,35166.0840207291
05059-Antioch,05059-Prairie,21275.51684548821
05059-Antioch,05059-Montgomery,5295.896244780483
05059-Antioch,05059-Lone Hill,27265.23303633781
05059-Antioch,05059-Deroche,31879.7014563657
05059-Big Creek,05059-Clear Creek,15960.8505631867
05059-Big Creek,05059-Dover,26331.253770389965
05059-Big Creek,05059-Fenter A,18903.462966137242
05059-Big Creek,05059-Gifford,23844.586854264126
05059-Bismarck,05059-Montgomery,22847.585384134403
05059-Bismarck,05059-Valley,40899.570185671815
05059-Bismarck,05059-Henderson,15590.54861375532
05059-Bismarck,05059-Deroche,46535.2681344293
05059-Brown Springs,05059-Harrison,15602.808874066519
05059-Brown Springs,05059-Ouachita,46941.0040837149
05059-Brown Springs,05059-Prairie,11076.689559814382
05059-Butterfield,05059-Fenter C,10792.091594570922
05059-Butterfield,05059-Gifford,3126.5142083464334
05059-Butterfield,05059-Malvern W-4,18461.204171655132
05059-Butterfield,05059-Fenter B,7405.979522363839
05059-Butterfield,05059-Rockport W-2,55344.27191551824
05059-Butterfield,05059-Glen Rose,19518.308236170597
05059-Butterfield,05059-Magnet,33938.63272281107
05059-Central,05059-Harrison,10762.897330245787
05059-Central,05059-Dover,21209.82041381727
05059-Central,05059-Ouachita,24973.817401963093
05059-Central,05059-Prairie,5260.078045369707
05059-Central,05059-Fenter A,32805.56520719203
05059-Central,05059-Lone Hill,27027.70615962094
05059-Clear Creek,05059-Harrison,38816.598881084494
05059-Clear Creek,05059-Dover,10664.636673779478
05059-Deroche,05059-Montgomery,33455.10921742989
05059-Deroche,05059-Lone Hill,21205.60283611736
05059-Donaldson City,05059-Ouachita,21251.04644597935
05059-Dover,05059-Harrison,21202.14884195081
05059-Dover,05059-Fenter A,15672.30743341609
05059-Fenter A,05059-Malvern W-2,50861.38636647919
05059-Fenter A,05059-MALVERN WARD 1,56998.00955335158
05059-Fenter A,05059-Malvern W-3,5824.695168214605
05059-Fenter A,05059-Perla City,15151.951906994627
05059-Fenter A,05059-Gifford,5087.473874392272
05059-Fenter A,05059-Malvern W-4,10304.559530710465
05059-Fenter A,05059-Lone Hill,20486.79005307515
05059-Fenter A,05059-Fenter B,11089.773808091002
05059-Fenter B,05059-Malvern W-4,33647.35124507453
05059-Fenter B,05059-Lone Hill,36656.392946604356
05059-Fenter B,05059-Magnet,33834.2337737993
05059-Fenter C,05059-MALVERN WARD 1,5135.192427613759
05059-Fenter C,05059-Perla City,15872.639754453867
05059-Fenter C,05059-Gifford,13570.635041726562
05059-Fenter C,05059-Malvern W-4,16309.550283699367
05059-Fenter C,05059-ROCKPORT W-1,17238.63962522273
05059-Fenter C,05059-Rockport W-2,874.8575507832916
05059-Friendship City,05059-Prairie,18777.961282487253
05059-Gifford,05059-Perla City,410.3384393789521
05059-Gifford,05125-30,5289.696622745061
05059-Gifford,05059-Glen Rose,31432.91966700167
05059-Glen Rose,05125-29,11250.850815959277
05059-Glen Rose,05125-30,21232.511096763013
05059-Glen Rose,05059-Magnet,21474.886051026995
05059-Glen Rose,05125-10,26879.623118415308
05059-Harrison,05059-Ouachita,22806.98976626041
05059-Henderson,05059-Valley,42967.38008903561
05059-Henderson,05097-04 - CANEY,21106.63722893374
05059-Lone Hill,05059-Prairie,3334.5479178248893
05059-Lone Hill,05059-MIDWAY CITY,11832.837576060718
05059-MALVERN WARD 1,05059-Malvern W-2,3652.1175730556643
05059-MALVERN WARD 1,05059-Malvern W-3,9507.650591446076
05059-MALVERN WARD 1,05059-Perla City,1568.4859794193364
05059-MALVERN WARD 1,05059-Malvern W-4,16079.6068744783
05059-MIDWAY CITY,05059-Ouachita,6267.51457832486
05059-MIDWAY CITY,05059-Prairie,47592.70392640954
05059-Magnet,05125-29,5281.7439111880785
05059-Malvern W-2,05059-Malvern W-3,9086.73193100161
05059-Malvern W-3,05059-Perla City,5520.91626526713
05059-Malvern W-4,05059-ROCKPORT W-1,20645.98761278237
05059-Malvern W-4,05059-Rockport W-2,10289.9378504274
05059-Montgomery,05059-Prairie,29407.227059033165
05059-Ouachita,05059-Prairie,30213.713070587175
05059-ROCKPORT W-1,05059-Rockport W-2,17006.666643495035
05061-9,05061-8,68837.24517065765
05061-9,05061-7,27186.92464347891
05061-9,05061-3,43549.913337290825
05061-9,05081-Cleveland Township,1297.146086430152
05061-9,05133-Paraclifta,140897.63641725443
05061-9,05133-Red Colony,32088.75119518935
05061-1,05061-3,67718.23346142046
05061-1,05061-2,104329.575893073
05061-1,05109-10 - Newhope,27831.396303498346
05061-1,05109-07 - Langley/Lodi,32694.922419657516
05061-1,05113-09 - DALLAS VALLEY/ SHADY,99034.76333655367
05061-1,05133-Mineral,1212.8166812199333
05061-1,05113-17 - GRANNIS,21254.923214854738
05061-1,05113-16 - WICKES,41760.48089033733
05061-1,05133-Red Colony,164645.58368763662
05061-2,05061-4,13319.363361935324
05061-2,05061-3,65191.35139589553
05061-2,05109-09 - Murfreesboro West,63718.436610250224
05061-2,05109-10 - Newhope,31820.339563498972
05061-3,05061-8,17291.73217617403
05061-3,05061-4,52170.178674435025
05061-3,05133-Red Colony,22708.381712761486
05061-6,05061-7,3946.3287121513463
05061-6,05061-5,6427.518800260646
05061-6,05061-4,32077.613029589716
05061-8,05061-7,10153.664334408333
05061-8,05061-4,7628.077515024343
05061-4,05061-7,17134.671294972642
05061-4,05061-5,39170.3893139135
05061-4,05109-09 - Murfreesboro West,766.4127391977477
05061-5,05061-7,24344.838500980404
05063-Ashley,05063-Ruddell Rural,27455.96900626071
05063-Ashley,05063-Cushman / Union,21297.430514002048
05063-Ashley,05063-Jefferson,27603.8642593339
05063-Ashley,05063-Moorefield,10862.680846181638
05063-Ashley,05063-Gainsboro,16015.438082831808
05063-Ashley,05063-Barren,27180.97755723321
05063-Barren,05063-Jefferson,17730.823512554423
05063-Barren,05135-West Sullivan,1688.9532726963403
05063-Barren,05063-Gainsboro,32004.673555163597
05063-Barren,05063-Dota,11054.233800555827
05063-Barren,05135-Scott,16148.93885580287
05063-Barren,05135-Cave,37941.17097845993
05063-Barren,05135-East Sullivan,10686.656214390652
05063-Big Bottom / Wycough / Logan,05067-25 - Macks,15846.529453642303
05063-Big Bottom / Wycough / Logan,05063-Oil Trough,69081.15831974262
05063-Big Bottom / Wycough / Logan,05067-22 - Jacksonport,18316.80263443622
05063-Big Bottom / Wycough / Logan,05063-Magness,33887.78027443411
05063-Big Bottom / Wycough / Logan,05067-18 - Hickory Grove,31983.33035692715
05063-Big Bottom / Wycough / Logan,"05063-Big Bottom Wards 1,2,3",35417.92489798017
05063-Big Bottom / Wycough / Logan,05063-White River,18857.901526993533
05063-Big Bottom / Wycough / Logan,05063-Dota,42928.498454481705
05063-Big Bottom / Wycough / Logan,05067-51 - Waters Store,36215.0503842519
05063-Big Bottom / Wycough / Logan,05063-Black River / Marshall,20309.19914772827
05063-Black River / Marshall,05063-Dota,43162.131845346514
05063-Black River / Marshall,05067-51 - Waters Store,68063.90667649118
05063-Black River / Marshall,05067-45 - Swifton,44444.25637944877
05063-Black River / Marshall,05075-23 - Reeds Creek Saffell,39740.30874773963
05063-Black River / Marshall,05075-21 - Morgan,7271.8889637204575
05063-Cushman / Union,05137-Pleasant Grove,10227.366706549055
05063-Cushman / Union,05063-Ruddell Rural,16282.543123009133
05063-Cushman / Union,05063-Washington,44095.10209007731
05063-Cushman / Union,05063-Jefferson,43676.047343311635
05063-Cushman / Union,05065-Lafferty,23790.30975210226
05063-Cushman / Union,05065-Mt. Pleasant Rural,21010.69988289866
05063-Departee,05067-26 - New Glaise,23494.321541376008
05063-Departee,05067-40 - Old Glaise,6869.736455193059
05063-Departee,05067-41 - Olyphant,4253.892897799165
05063-Departee,05063-Hill,26871.14703150696
05063-Departee,05067-25 - Macks,18967.59185715479
05063-Departee,05063-Oil Trough,26638.568977492792
05063-Dota,05063-Gainsboro,32314.73075371595
05063-Dota,05075-23 - Reeds Creek Saffell,5272.191965962866
05063-Dota,05135-Scott,26562.200178302435
05063-Fairview,05145-37 - Hartsell,12685.853852829174
05063-Fairview,05145-23 - Denmark,19613.738771681383
05063-Fairview,05063-Liberty,32081.96191186058
05063-Fairview,05063-Huff,22707.133775666247
05063-Fairview,05063-Relief,10844.558632899796
05063-Fairview,05063-Hill,15695.37713273361
05063-Fairview,05063-Oil Trough,14910.860730818911
05063-Gainsboro,05063-White River,16058.238486745528
05063-Gainsboro,05063-Moorefield,32481.679759360908
05063-Greenbrier - Desha,05063-Greenbrier - Jamestown,4046.388364451127
05063-Greenbrier - Desha,05063-McHue,14067.240777273708
05063-Greenbrier - Desha,05063-Greenbrier - Locust Grove,40046.49802580518
05063-Greenbrier - Desha,05063-McHue 3,9699.211313026255
05063-Greenbrier - Jamestown,05063-Relief,13254.357580873748
05063-Greenbrier - Jamestown,05063-McHue,12023.604897973208
05063-Greenbrier - Jamestown,05063-Greenbrier - Locust Grove,23893.945327433463
05063-Greenbrier - Locust Grove,05063-Relief,17344.119753306004
05063-Greenbrier - Locust Grove,05137-Pleasant Grove,18166.23006342772
05063-Greenbrier - Locust Grove,05063-McHue 3,274.37478548505527
05063-Greenbrier - Locust Grove,05063-Ruddell Rural,29943.199673077284
05063-Greenbrier - Locust Grove,05063-Washington,30675.60033670523
05063-Hill,05067-26 - New Glaise,1043.8546284735728
05063-Hill,05067-11 - Crossroads -37,15013.21974066064
05063-Hill,05067-24 - Liberty,15746.79629841699
05063-Hill,05063-Oil Trough,52742.33451381943
05063-Huff,05063-Relief,16277.507169147402
05063-Huff,05063-McHue,18820.2482755828
05063-Huff,05063-Oil Trough,1080.9839562302532
05063-Huff,05063-Rosie,15864.23769972843
05063-Huff,05063-Salado,19299.742944601323
05063-Jefferson,05065-Mt. Pleasant Rural,7479.218283390159
05063-Jefferson,05135-West Sullivan,23288.586348316814
05063-Liberty,05145-37 - Hartsell,6198.625749785621
05063-Liberty,05145-40 - Jackson,24451.18037117945
05063-Liberty,05063-Relief,33538.55577727567
05063-Magness,05063-Oil Trough,14169.96772718061
05063-Magness,05063-Rosie,43657.039508525224
05063-Magness,05063-White River,23300.952739736615
05063-McHue,05063-Relief,17082.2889648485
05063-McHue,05063-McHue 3,8588.847638348489
05063-McHue,05063-Ruddell Ward 1,14097.902270702687
05063-McHue,05063-Salado,23962.478929914687
05063-McHue 3,05063-Ruddell Ward 1,6764.559226369537
05063-McHue 3,05063-Ruddell Rural,5431.6053487154795
05063-Moorefield,05063-Ruddell Ward 1,3256.2517552570835
05063-Moorefield,05063-Ruddell Rural,14137.646064519116
05063-Moorefield,05063-Salado,12056.598458901964
05063-Moorefield,05063-White River,31953.23480730872
05063-Moorefield,05063-Moorefield Ward 1,29201.69232244019
05063-Moorefield,05063-Moorefield Ward 4,8111.353478859191
05063-Moorefield Ward 1,05063-Ruddell Ward 1,5993.703067925335
05063-Moorefield Ward 1,05063-Ruddell Ward 4,531.3338651199513
05063-Moorefield Ward 1,05063-Moorefield Ward 4,9944.553948009
05063-Moorefield Ward 4,05063-Ruddell Rural,803.7442886631471
05063-Moorefield Ward 4,05063-Ruddell Ward 4,4631.93877708545
05063-Oil Trough,05067-25 - Macks,19128.754615098867
05063-Oil Trough,05063-Rosie,31230.46306456845
05063-Rosie,05063-Salado,20207.86880892057
05063-Rosie,05063-White River,9032.376302808578
05063-Ruddell Rural,05063-Ruddell Ward 4,18060.096193164594
05063-Ruddell Rural,05063-Ruddell Ward 2,63668.63566405209
05063-Ruddell Rural,05063-Ruddell Ward 3,40871.98428772186
05063-Ruddell Rural,05063-Washington,19554.52755735736
05063-Ruddell Ward 1,05063-Ruddell Ward 4,9218.251974320368
05063-Ruddell Ward 1,05063-Ruddell Ward 2,6810.551692120954
05063-Ruddell Ward 1,05063-Salado,2700.673627142297
05063-Ruddell Ward 2,05063-Ruddell Ward 4,13147.030817030656
05063-Ruddell Ward 2,05063-Ruddell Ward 3,8586.428593641642
05063-Salado,05063-White River,18134.066011745836
05063-Washington,05137-Pleasant Grove,39018.73537694812
05065-Guion City,05065-Guion Rural,30975.642035498142
05065-Pineville City,05065-Calico Rock Ward 2,3822.5326708671064
05065-Pineville City,05065-Calico Rock Ward 4,1206.5202640545776
05065-Pineville City,05065-Calico Rock Rural,15667.340084124022
05065-Pineville City,05065-Pineville Rural,24184.057382268973
05065-Big Spring,05065-Mt. Pleasant Rural,36609.59707749215
05065-Big Spring,05135-West Sullivan,29333.055693928378
05065-Big Spring,05065-Sage,2617.0765941681584
05065-Big Spring,05065-Zion,31339.20171307766
05065-Big Spring,05135-Piney Fork,349.9320448909948
05065-Gid,05065-Guion Rural,10293.019598050469
05065-Gid,05065-Lafferty,20855.32402926006
05065-Gid,05065-Mt. Pleasant Rural,21413.512625021784
05065-Gid,05065-Sage,21267.859513451833
05065-Gid,05065-Twin Creek,26635.512599554884
05065-Gid,05065-Melbourne Rural,5149.292565508745
05065-Melbourne Ward 1,05065-Melbourne Ward 3,2271.9384991651973
05065-Melbourne Ward 1,05065-Melbourne Ward 4,7024.861996012313
05065-Melbourne Ward 1,05065-Melbourne Rural,15559.857670298943
05065-Sage,05065-Mt. Pleasant Rural,17454.57978652961
05065-Sage,05065-Mt. Pleasant City,1324.8498092224904
05065-Sage,05065-Zion,18673.635137920235
05065-Sage,05065-Melbourne Ward 4,26247.747699230906
05065-Sage,05065-Melbourne Rural,8580.71365640073
05065-Sage,05065-Lacrosse,7510.604941892819
05065-Mt. Pleasant Rural,05065-Lafferty,21611.403884798663
05065-Mt. Pleasant Rural,05135-West Sullivan,16196.590861245058
05065-Mt. Pleasant Rural,05065-Mt. Pleasant City,102093.67396627848
05065-Sylamore,05065-Guion Rural,19499.803681566096
05065-Sylamore,05137-Northeast,32153.263915044514
05065-Sylamore,05137-Foothills,35063.78929492717
05065-Sylamore,05065-Boswell,25271.374061428865
05065-Sylamore,05065-Twin Creek,5184.592508939381
05065-Lafferty,05137-Pleasant Grove,18693.327717082495
05065-Lafferty,05065-Guion Rural,20949.556070746115
05065-Twin Creek,05065-Guion Rural,31516.5529865185
05065-Twin Creek,05065-Boswell,26233.890997890074
05065-Twin Creek,05065-Melbourne Rural,26648.667080046325
05065-Melbourne Ward 3,05065-Melbourne Rural,24955.284263295056
05065-Melbourne Ward 3,05065-Melbourne Ward 2,5371.940022323429
05065-Melbourne Ward 2,05065-Melbourne Ward 4,7257.698522371116
05065-Melbourne Ward 2,05065-Melbourne Rural,54617.42118329731
05065-Melbourne Ward 2,05065-Newburg,890.9498350591657
05065-Melbourne Ward 2,05065-Brockwell,303.2827556676282
05065-Melbourne Rural,05065-Boswell,8860.299211983636
05065-Melbourne Rural,05065-Melbourne Ward 4,52917.892058259946
05065-Melbourne Rural,05065-Knob Creek,12584.906150951658
05065-Melbourne Rural,05065-Larkin,9760.93878075033
05065-Melbourne Rural,05065-Newburg,13211.083007536323
05065-Melbourne Rural,05065-Lacrosse,14311.181757423657
05065-Melbourne Rural,05065-Brockwell,12057.23536366511
05065-Violet Hill,05065-Larkin,18708.37123047254
05065-Violet Hill,05065-Lacrosse,8214.400391833577
05065-Violet Hill,05065-Franklin Rural,30052.033902946445
05065-Violet Hill,05065-Brockwell,14066.0535185289
05065-Violet Hill,05065-Oxford Rural,15671.775626817656
05065-Violet Hill,05065-Wiseman,15990.996989064508
05065-Boswell,05137-Foothills,33067.95079282229
05065-Boswell,05065-Claiborne,14943.53334504935
05065-Boswell,05065-Knob Creek,39434.31957999184
05065-Lacrosse,05065-Zion,18604.045492508016
05065-Lacrosse,05065-Melbourne Ward 4,35650.19586797329
05065-Lacrosse,05065-Larkin,21776.33839729063
05065-Lacrosse,05065-Franklin Rural,3827.640006949432
05065-Horseshoe Bend Rural,05135-Richwood,7270.279334409743
05065-Horseshoe Bend Rural,05065-Horseshoe Bend Ward 2,28431.19373841305
05065-Horseshoe Bend Rural,05065-Horseshoe Bend Ward 1,6402.750596192163
05065-Knob Creek,05065-Claiborne,13216.31384766915
05065-Knob Creek,05065-Newburg,29856.15179098463
05065-Zion,05135-Piney Fork,15873.077166906669
05065-Zion,05065-Strawberry,78734.997713251
05065-Zion,05065-Franklin Rural,5905.132433795676
05065-Calico Rock Ward 1,05137-Foothills,1863.8515088532927
05065-Calico Rock Ward 1,05065-Calico Rock Ward 2,2588.131630946286
05065-Calico Rock Ward 1,05065-Calico Rock Ward 3,1287.4583519761873
05065-Calico Rock Ward 1,05065-Calico Rock Rural,6503.987424227167
05065-Calico Rock Ward 3,05137-Foothills,5167.63766060908
05065-Calico Rock Ward 3,05065-Claiborne,753.8380649685275
05065-Calico Rock Ward 3,05065-Calico Rock Ward 2,4044.6017404753725
05065-Calico Rock Ward 3,05065-Calico Rock Ward 4,4100.4703413708685
05065-Calico Rock Ward 3,05065-Calico Rock Rural,11581.061757289579
05065-Larkin,05065-Brockwell,10636.969944630744
05065-Myron,05135-Piney Fork,854.5464607969287
05065-Myron,05065-Strawberry,35035.88970766949
05065-Myron,05135-Lave Creek,9368.934190786651
05065-Myron,05065-Franklin Rural,20478.767174015913
05065-Myron,05065-Franklin City,15315.93239643349
05065-Myron,05065-Horseshoe Bend Ward 4,26509.998002078923
05065-Myron,05135-Richwood,26491.55495629553
05065-Myron,05065-Horseshoe Bend Ward 3,16288.145604466115
05065-Myron,05065-Horseshoe Bend Ward 2,26876.246195452113
05065-Myron,05065-Wiseman,10050.332404679273
05065-Myron,05065-Horseshoe Bend Ward 1,16765.61724626694
05065-Claiborne,05137-Foothills,30261.706394286724
05065-Claiborne,05065-Newburg,13383.101253768125
05065-Claiborne,05065-Calico Rock Rural,39814.09817795093
05065-Newburg,05065-Brockwell,49085.78558957806
05065-Newburg,05065-Calico Rock Rural,2730.584102549159
05065-Franklin City,05065-Franklin Rural,68302.21316440956
05065-Calico Rock Ward 4,05065-Calico Rock Ward 2,12275.254391737575
05065-Calico Rock Ward 4,05065-Calico Rock Rural,15240.274103243755
05065-Strawberry,05135-Piney Fork,24395.72398087939
05065-Strawberry,05065-Franklin Rural,35260.0451358349
05065-Wideman,05065-Brockwell,21038.634214039706
05065-Wideman,05065-Oxford Rural,31813.49761098614
05065-Wideman,05065-Pineville Rural,17082.23255438017
05065-Wideman,05065-Dolph,21271.711860192216
05065-Brockwell,05065-Oxford City,11055.153617734832
05065-Brockwell,05065-Oxford Rural,15965.611482775206
05065-Brockwell,05065-Pineville Rural,10919.576969185857
05065-Dolph,05065-Calico Rock Rural,3969.413663479365
05065-Dolph,05065-Pineville Rural,30277.603273719964
05065-Calico Rock Ward 2,05065-Calico Rock Rural,63673.313782395315
05065-Pineville Rural,05065-Calico Rock Rural,34371.88881959061
05065-Franklin Rural,05065-Horseshoe Bend Ward 3,13085.816972147259
05065-Franklin Rural,05065-Wiseman,13170.73136389274
05065-Horseshoe Bend Ward 4,05065-Horseshoe Bend Ward 3,9804.002032343635
05065-Horseshoe Bend Ward 4,05065-Horseshoe Bend Ward 2,22241.733363457533
05065-Horseshoe Bend Ward 3,05065-Horseshoe Bend Ward 2,9675.832331440646
05065-Horseshoe Bend Ward 3,05065-Wiseman,11938.288059502243
05065-Horseshoe Bend Ward 3,05065-Horseshoe Bend Ward 1,6148.18845779674
05065-Horseshoe Bend Ward 2,05135-Richwood,4653.146714736313
05065-Horseshoe Bend Ward 2,05065-Horseshoe Bend Ward 1,5849.681359879538
05065-Oxford City,05065-Oxford Rural,148009.6768098646
05065-Oxford City,05065-Wiseman,7895.116880056915
05065-Guion Rural,05137-Pleasant Grove,37074.565461104205
05065-Guion Rural,05137-Northeast,5543.9060721637325
05065-Oxford Rural,05065-Wiseman,18734.573272788286
05065-Calico Rock Rural,05137-Foothills,24648.821873365516
05065-Wiseman,05065-Horseshoe Bend Ward 1,2243.043789513051
05067-15 - Gourdneck - Citizenship,05147-Pumkin Bend - 19,40617.60755052043
05067-15 - Gourdneck - Citizenship,05067-50 - Tupelo,30729.23863514691
05067-15 - Gourdneck - Citizenship,05067-07 - Beedeville,36289.76248065075
05067-44 - Shoffner,05067-52 - Weldon,16776.423367938725
05067-44 - Shoffner,05067-08 - Blackville,10513.00587928219
05067-44 - Shoffner,05067-20 - Ingleside,10602.240051214296
05067-44 - Shoffner,05067-05 - Auvergne,17367.7148372999
05067-08 - Blackville,05067-07 - Beedeville,19866.068169901537
05067-08 - Blackville,05067-52 - Weldon,21172.363766484417
05067-08 - Blackville,05067-05 - Auvergne,5200.906494372594
05067-08 - Blackville,05067-03 - Algoa,5217.10439270697
05067-08 - Blackville,05067-43 - Remmel,20830.641163953715
05067-03 - Algoa,05067-07 - Beedeville,5354.406507907142
05067-03 - Algoa,05067-04 - Amagon,27320.5092193042
05067-03 - Algoa,05067-43 - Remmel,16805.69491902486
05067-11 - Crossroads -37,05145-52 - Liberty,17377.954821565694
05067-11 - Crossroads -37,05145-83 - Velvet Ridge,4094.4293891881352
05067-11 - Crossroads -37,05067-12 - Denmark,21604.00094579271
05067-11 - Crossroads -37,05067-26 - New Glaise,32712.51217205447
05067-11 - Crossroads -37,05067-24 - Liberty,16137.510189860748
05067-24 - Liberty,05067-12 - Denmark,10778.875640842538
05067-24 - Liberty,05145-23 - Denmark,10663.449902688793
05067-19 - Horseshoe,05067-20 - Ingleside,32769.38659899257
05067-19 - Horseshoe,05067-05 - Auvergne,16357.902946035838
05067-19 - Horseshoe,05067-21 - Island,15080.019809267178
05067-12 - Denmark,05145-83 - Velvet Ridge,10257.106667579073
05067-12 - Denmark,05145-23 - Denmark,21377.766390423014
05067-20 - Ingleside,05067-52 - Weldon,5479.0498619654845
05067-20 - Ingleside,05147-North Rural Augusta - 04,28895.586491755283
05067-20 - Ingleside,05067-26 - New Glaise,25791.746032258055
05067-20 - Ingleside,05067-05 - Auvergne,258.6207707180764
05067-20 - Ingleside,05067-21 - Island,1267.7745381556012
05067-20 - Ingleside,05067-40 - Old Glaise,16838.859660443068
05067-20 - Ingleside,05067-41 - Olyphant,29019.846839414906
05067-20 - Ingleside,05067-25 - Macks,10643.508623601823
05067-05 - Auvergne,05067-43 - Remmel,16475.262885106138
05067-05 - Auvergne,05067-02 - Alcorn,9306.835140613895
05067-05 - Auvergne,05067-21 - Island,2530.6707650295066
05067-50 - Tupelo,05147-Pumkin Bend - 19,2828.12303311078
05067-50 - Tupelo,05067-07 - Beedeville,19065.047284777942
05067-50 - Tupelo,05067-52 - Weldon,32799.88410230869
05067-50 - Tupelo,05147-North Rural Augusta - 04,46104.15362960169
05067-51 - Waters Store,05067-49 - Tuckerman Outside,48766.39249966041
05067-51 - Waters Store,05067-18 - Hickory Grove,21272.62051853579
05067-51 - Waters Store,05067-45 - Swifton,30361.0398311209
05067-52 - Weldon,05067-07 - Beedeville,8775.842371253968
05067-52 - Weldon,05147-North Rural Augusta - 04,5789.623328598505
05067-07 - Beedeville,05111-Owen Fisher,18010.85451362635
05067-07 - Beedeville,05067-04 - Amagon,5391.449484835022
05067-07 - Beedeville,05067-42 - Penninghton Balch,15799.933735550861
05067-25 - Macks,05067-21 - Island,37901.57912819631
05067-25 - Macks,05067-41 - Olyphant,9615.276433065172
05067-25 - Macks,05067-22 - Jacksonport,26394.31407212429
05067-25 - Macks,05067-31 - Newport Ward 1-A,3955.628896866061
05067-25 - Macks,05067-28 - Newport Ward 2-A,7578.209760962073
05067-25 - Macks,05067-14 - Diaz,6121.878000359164
05067-04 - Amagon,05067-43 - Remmel,19748.43767021971
05067-04 - Amagon,05067-42 - Penninghton Balch,37334.59722952178
05067-04 - Amagon,05067-17 - Grubbs,14486.061357013818
05067-48 - Tuckerman Ward 3,05067-47 - Tuckerman Ward 2,6058.8199954692745
05067-48 - Tuckerman Ward 3,05067-46 - Tuckerman Ward 1,4784.418864633444
05067-48 - Tuckerman Ward 3,05067-49 - Tuckerman Outside,33248.18352632736
05067-43 - Remmel,05067-02 - Alcorn,21251.920181077316
05067-43 - Remmel,05067-01 - Airbase,21269.322662796785
05067-43 - Remmel,05067-17 - Grubbs,773.9790517773704
05067-02 - Alcorn,05067-21 - Island,25998.648157218762
05067-02 - Alcorn,05067-37 - Newport Ward 2-B,1799.0433675801169
05067-02 - Alcorn,05067-36 - Newport Ward 2-C,14505.829301183616
05067-02 - Alcorn,05067-01 - Airbase,2710.2081076641994
05067-37 - Newport Ward 2-B,05067-21 - Island,2481.001022412438
05067-37 - Newport Ward 2-B,05067-36 - Newport Ward 2-C,3167.763512207778
05067-37 - Newport Ward 2-B,05067-34 - Newport Ward 3-B,2864.818454296264
05067-37 - Newport Ward 2-B,05067-33 - Newport Ward 3-A,1447.5410736386475
05067-37 - Newport Ward 2-B,05067-28 - Newport Ward 2-A,7023.4242203520225
05067-30 - Newport Ward 1-B,05067-21 - Island,3264.9258621762115
05067-30 - Newport Ward 1-B,05067-31 - Newport Ward 1-A,4369.1059740566125
05067-30 - Newport Ward 1-B,05067-28 - Newport Ward 2-A,5894.641542195998
05067-36 - Newport Ward 2-C,05067-33 - Newport Ward 3-A,4231.843495573514
05067-36 - Newport Ward 2-C,05067-39 - Newport Ward 4-B,3111.273265459122
05067-36 - Newport Ward 2-C,05067-01 - Airbase,8088.621921106591
05067-36 - Newport Ward 2-C,05067-38 - Newport Ward 4-A,3411.8755415917476
05067-47 - Tuckerman Ward 2,05067-46 - Tuckerman Ward 1,3298.9566591153734
05067-47 - Tuckerman Ward 2,05067-49 - Tuckerman Outside,41782.45633668216
05067-21 - Island,05067-31 - Newport Ward 1-A,7588.102301803901
05067-21 - Island,05067-28 - Newport Ward 2-A,2356.4272286151368
05067-34 - Newport Ward 3-B,05067-33 - Newport Ward 3-A,1228.950265634225
05067-34 - Newport Ward 3-B,05067-28 - Newport Ward 2-A,3405.908867212444
05067-34 - Newport Ward 3-B,05067-35 - Newport Ward 3-C,2002.6344807856326
05067-31 - Newport Ward 1-A,05067-28 - Newport Ward 2-A,2445.8970654173036
05067-33 - Newport Ward 3-A,05067-39 - Newport Ward 4-B,2014.9246342326956
05067-33 - Newport Ward 3-A,05067-35 - Newport Ward 3-C,7096.270954140976
05067-39 - Newport Ward 4-B,05067-35 - Newport Ward 3-C,3295.632893789193
05067-39 - Newport Ward 4-B,05067-38 - Newport Ward 4-A,9766.080301395654
05067-28 - Newport Ward 2-A,05067-35 - Newport Ward 3-C,5320.36422927565
05067-28 - Newport Ward 2-A,05067-14 - Diaz,6809.45554917021
05067-35 - Newport Ward 3-C,05067-38 - Newport Ward 4-A,5773.6699417147565
05067-35 - Newport Ward 3-C,05067-14 - Diaz,6488.225029316002
05067-46 - Tuckerman Ward 1,05067-49 - Tuckerman Outside,6067.075435885733
05067-22 - Jacksonport,05067-14 - Diaz,10338.479137671002
05067-22 - Jacksonport,05067-18 - Hickory Grove,17263.59840435956
05067-38 - Newport Ward 4-A,05067-01 - Airbase,11250.064130171113
05067-38 - Newport Ward 4-A,05067-14 - Diaz,12980.65943135993
05067-01 - Airbase,05067-14 - Diaz,5011.405764873499
05067-01 - Airbase,05067-17 - Grubbs,21001.429271931825
05067-01 - Airbase,05067-16 - Greenhaw,29651.062756707805
05067-14 - Diaz,05067-09 - Campbell Station,10687.474126540532
05067-14 - Diaz,05067-16 - Greenhaw,6886.50776382058
05067-14 - Diaz,05067-18 - Hickory Grove,7966.460527969083
05067-17 - Grubbs,05067-42 - Penninghton Balch,27602.017476204885
05067-17 - Grubbs,05111-West Prairie,2672.953194746604
05067-17 - Grubbs,05111-Dobson,29607.673641540143
05067-17 - Grubbs,05067-16 - Greenhaw,21544.065847105598
05067-17 - Grubbs,05067-49 - Tuckerman Outside,29969.723366491835
05067-09 - Campbell Station,05067-16 - Greenhaw,19425.072906824433
05067-09 - Campbell Station,05067-49 - Tuckerman Outside,17508.20247435337
05067-09 - Campbell Station,05067-18 - Hickory Grove,11052.25365014893
05067-16 - Greenhaw,05067-49 - Tuckerman Outside,28072.289156994644
05067-49 - Tuckerman Outside,05067-18 - Hickory Grove,8012.953690213979
05067-49 - Tuckerman Outside,05067-45 - Swifton,48157.46525383433
05067-26 - New Glaise,05147-North Rural Augusta - 04,2282.4075895020487
05067-26 - New Glaise,05145-52 - Liberty,39155.70551751545
05067-26 - New Glaise,05067-40 - Old Glaise,34974.70110244815
05067-40 - Old Glaise,05067-41 - Olyphant,9587.21603929436
05067-42 - Penninghton Balch,05111-Owen Fisher,16166.335807939484
05067-42 - Penninghton Balch,05111-Owen Waldenburg,16381.896062610947
05067-42 - Penninghton Balch,05111-West Prairie,15817.051880781837
05067-45 - Swifton,05075-20 - Marion,49076.44292148351
05069-029,05079-014 - Spring 1,10776.460555769401
05069-029,05069-030,9743.411127005324
05069-029,05069-028,8285.942665340925
05069-029,05069-050,14079.75551521166
05069-117,05069-124,2183.449502128021
05069-117,05069-121,2948.4819168068443
05069-117,05069-116,2607.7980947942597
05069-117,05069-112,3236.0097711280923
05069-201,05069-454,936.7159493039023
05069-201,05069-455,2505.463715303212
05069-201,05069-203,1361.132633132592
05069-201,05069-206,1855.7309268423387
05069-201,05069-204,574.1457115670985
05069-201,05069-202,1709.9150238005232
05069-201,05069-318,1529.4083776199686
05069-124,05069-150,3680.3541973967363
05069-124,05069-126,1345.1886933002158
05069-124,05069-123,3638.989754006787
05069-124,05069-122,1310.5678745219682
05069-124,05069-119,8266.398797059735
05069-124,05069-121,1821.4429580646488
05069-124,05069-107,668.2889285308071
05069-202,05069-205,2593.694081329228
05069-202,05069-116,1057.1057137963026
05069-202,05069-111,1997.8083285302332
05069-090,05069-078,3622.877664669589
05069-090,05069-079,15217.670679767607
05069-090,05069-086,17246.033334752337
05069-090,05069-080,3111.176745778771
05069-119,05069-125,4060.515137506152
05069-119,05069-114,6256.713702454068
05069-119,05069-113,1722.9097391681948
05069-119,05069-107,362.5984009942598
05069-086,05069-089,17238.7535617454
05069-086,05069-094,6941.1846613728985
05069-086,05069-087,5130.759442033905
05069-086,05069-080,11179.805342330765
05069-086,05069-085,17390.389280086507
05069-125,05069-130,3231.242758573751
05069-125,05069-128,9797.473641808165
05069-125,05069-114,4931.994351786894
05069-125,05069-115,8473.868035792473
05069-307,05069-308,1366.9459978098232
05069-307,05069-309,291.7857293337876
05069-307,05069-064,762.8465436453638
05069-307,05069-306,1624.7782698558142
05069-306,05069-416,2277.4224153564037
05069-306,05069-415,333.68417874770995
05069-306,05069-309,1780.703730580985
05069-306,05069-064,662.564899297306
05069-050,05069-030,3276.1347435452803
05069-050,05069-031,15647.702635171687
05069-050,05069-224,5898.56350664166
05069-050,05069-051,31738.17915934245
05069-050,05069-332,6260.636289366286
05069-050,05069-060,9681.986395583597
05069-332,05069-224,3145.568926750052
05069-332,05069-060,335.12760006541424
05069-332,05069-330,1842.4944559826722
05069-224,05069-222,7296.376837627992
05069-224,05069-223,936.3782297795715
05069-224,05069-330,581.8276791757157
05069-309,05069-416,3298.507935063313
05069-309,05069-314,4293.52801045285
05069-309,05069-308,2551.017834812422
05069-309,05069-310,4005.80067354843
05069-310,05069-450,2356.7886947492143
05069-310,05069-314,2057.5404059628013
05069-310,05069-316,305.92366422000066
05069-310,05069-311,3830.245777772401
05069-064,05069-414,2473.7717359104554
05069-064,05069-415,3493.3278872011088
05069-064,05069-314,696.3561746145598
05069-064,05069-061,6700.064094284358
05069-064,05069-308,2587.7858550247984
05069-311,05069-450,1458.088566669957
05069-311,05069-451,602.9616061463031
05069-311,05069-316,1047.1888899484643
05069-311,05069-312,4748.2254435680925
05069-312,05069-451,303.45127888866546
05069-312,05069-316,2753.1005618447202
05069-312,05069-453,3406.4027238115204
05069-312,05069-452,2454.5369075216217
05069-113,05069-114,2200.0413670202624
05069-113,05069-107,6363.148428020506
05069-111,05069-455,3095.899436783953
05069-111,05069-112,3346.8449831394373
05069-111,05069-104,2116.246005701746
05069-112,05069-116,2090.015827305492
05069-112,05069-107,3276.8581681883034
05069-112,05069-106,1939.5782538094
05069-112,05069-105,3175.025870814262
05069-031,05069-030,17310.478123666417
05069-031,05069-028,18800.750553657177
05069-031,05069-223,975.849551882239
05069-031,05069-032,13074.067973138579
05069-114,05069-107,3829.5684863291053
05069-114,05069-115,4823.8074472388635
05069-107,05069-106,2741.0809252694544
05069-107,05069-115,4713.017512382537
05069-067,05069-062,9986.607789380983
05069-067,05069-415,691.1352502742567
05069-067,05069-054,4083.494396445848
05069-067,05069-066,9086.541164571945
05069-067,05069-055,5110.835256959035
05069-067,05069-061,5497.026586053968
05069-067,05069-073,13025.402620773899
05069-412,05069-415,3238.5718552306625
05069-412,05069-407,666.4371731761546
05069-412,05069-073,2018.8277111574155
05069-412,05069-406,1300.8579210471182
05069-066,05069-054,24185.352229003565
05069-066,05069-075,11150.810718105136
05069-066,05069-073,8107.5981000468655
05069-066,05069-074,2569.5619082819658
05069-106,05069-105,3248.9359465970633
05069-106,05069-115,2472.1406268936616
05069-074,05069-075,18846.477953795533
05069-074,05069-076,1439.30446362442
05069-074,05069-073,21796.49173488342
05069-074,05069-713,4687.374093699144
05069-222,05069-223,5759.465694951192
05069-222,05069-330,5279.846185335648
05069-222,05069-221,5266.200219718742
05069-223,05069-032,10153.297760758705
05069-223,05069-221,2113.257210629925
05069-223,05069-150,1668.997245394472
05069-221,05069-331,2803.5864694054776
05069-221,05069-219,5435.761676946381
05069-060,05069-051,3696.5695999453874
05069-060,05069-059,10129.237199041634
05069-060,05069-330,19678.88492280708
05069-032,05069-033,5245.541689399774
05069-032,05069-034,11393.11103489098
05069-032,05069-150,6165.669458013198
05069-059,05069-051,1574.3300828554795
05069-059,05069-057,5812.519924067903
05069-059,05069-058,13369.641463892165
05069-059,05069-327,7733.530327030919
05069-059,05069-326,1185.9863051437708
05069-331,05069-330,13310.047054841976
05069-331,05069-218,5834.818244177993
05069-219,05069-150,4341.062437123111
05069-219,05069-216,1996.1975453557552
05069-219,05069-218,3823.3631822079865
05069-219,05069-215,3361.120580352102
05069-033,05069-028,13625.626504122152
05069-033,05069-034,5375.454057067571
05069-033,05069-130,19142.735653897584
05069-033,05069-027,13005.345523723017
05069-330,05069-327,4730.376189003771
05069-330,05069-328,2993.7224455850383
05069-058,05069-056,4449.81000033925
05069-058,05069-054,11212.916313014244
05069-058,05069-325,4264.756004263969
05069-058,05069-326,758.3782881395041
05069-058,05069-061,9067.053927248857
05069-325,05069-326,3660.899447260643
05069-325,05069-324,598.8397291122369
05069-326,05069-327,6286.978818837044
05069-326,05069-324,6024.799977403056
05069-150,05069-034,8686.620997086322
05069-150,05069-216,1785.1913493447742
05069-150,05069-126,5388.1389557367565
05069-150,05069-217,619.9079277498182
05069-034,05069-130,6919.386206226468
05069-034,05069-128,8614.183959549262
05069-327,05069-322,4307.62310413512
05069-327,05069-324,1432.5842633047303
05069-328,05069-218,5554.135348558964
05069-328,05069-322,732.5548118343123
05069-328,05069-323,3075.600519269716
05069-328,05069-320,3176.077644621
05069-126,05069-217,1531.0052662950623
05069-126,05069-122,5359.666362553585
05069-322,05069-323,5233.542088103389
05069-322,05069-314,914.7529004061076
05069-215,05069-216,5152.0085698787425
05069-215,05069-218,1094.2449098048328
05069-215,05069-214,3070.1595090585706
05069-215,05069-211,3847.971423663935
05069-216,05069-217,3766.7240968693122
05069-216,05069-212,1574.1950546439327
05069-217,05069-122,1018.7818346385116
05069-217,05069-213,664.8913349097471
05069-323,05069-317,1322.9951299749703
05069-323,05069-315,2443.259558121321
05069-323,05069-314,1494.9356889676778
05069-218,05069-214,5427.217494167375
05069-218,05069-320,1768.1772579714238
05069-214,05069-320,1330.244911952593
05069-214,05069-211,1126.347209589108
05069-123,05069-122,1311.7029484314155
05069-128,05069-130,2460.2533240882967
05069-212,05069-213,2092.1782800628184
05069-212,05069-211,2436.1122403415056
05069-213,05069-122,1456.4611310842226
05069-213,05069-210,1331.5152503354072
05069-315,05069-317,2439.394116921504
05069-315,05069-314,2058.3571506051508
05069-315,05069-316,574.6914329241819
05069-317,05069-320,3180.1694766215246
05069-317,05069-316,2763.7787523813195
05069-320,05069-211,1349.1494090799827
05069-320,05069-319,3879.4761962092357
05069-211,05069-210,401.72667893279015
05069-211,05069-207,1783.0086223427745
05069-211,05069-203,2207.409379700922
05069-210,05069-122,364.73325500680374
05069-210,05069-209,1361.2357967132937
05069-122,05069-120,2509.614246415725
05069-122,05069-121,2989.219176002361
05069-130,05069-036,24783.842490790856
05069-207,05069-209,364.73317214732026
05069-207,05069-203,364.6615421191678
05069-207,05069-206,1782.9867848739766
05069-209,05069-120,366.16151125258443
05069-209,05069-208,1332.3129275563786
05069-324,05069-314,6609.2186654486395
05069-324,05069-061,15284.78793606577
05069-208,05069-120,764.0847164137723
05069-208,05069-206,764.0916834251302
05069-208,05069-205,1332.2787244735616
05069-314,05069-316,1859.6892740187081
05069-314,05069-308,1985.30638247417
05069-120,05069-121,675.9053209347157
05069-120,05069-116,3498.8916780890686
05069-121,05069-116,662.9822385927754
05069-055,05069-054,14624.949791487916
05069-055,05069-061,10118.630116304224
05069-203,05069-206,3949.190540131524
05069-203,05069-319,1964.6124080359996
05069-203,05069-318,291.7861209152188
05069-204,05069-206,755.8973744326145
05069-206,05069-205,1518.0535965331776
05069-205,05069-116,1599.8784147361314
05069-316,05069-319,3909.0815942978907
05069-026,05079-006 - Choctaw,26755.88026269937
05069-026,05079-002 - Tarry,42183.586777332086
05069-026,05079-007 - Kimbrough,17955.42429452258
05069-026,05079-015 - Spring 2,5203.677683495697
05069-026,05069-028,26724.92583078216
05069-026,05069-027,26974.350999549373
05069-026,05069-08,37718.92001925359
05069-026,05069-05,11356.451975690421
05069-053,05069-051,10270.128146799858
05069-053,05069-056,1370.0549520724217
05069-053,05069-054,3388.0728800884585
05069-056,05069-057,7040.868458384192
05069-056,05069-054,7232.415651555119
05069-057,05069-051,16082.08095271988
05069-051,05069-054,36218.586714580815
05069-319,05069-454,475.1924943505942
05069-319,05069-318,3282.7591990447304
05069-319,05069-453,940.8675065056668
05069-318,05069-454,1395.1101044896684
05069-030,05069-028,5310.5950014547625
05069-061,05069-062,13040.824124910338
05069-061,05069-414,2904.186571591858
05069-414,05069-062,5581.236820704229
05069-414,05069-415,2372.610870157606
05069-450,05069-416,4983.4199022894
05069-450,05069-451,1199.2862851659802
05069-451,05069-416,560.2873125142395
05069-451,05069-452,1609.8180561635888
05069-452,05069-416,601.7692139737444
05069-452,05069-453,1130.0491297757417
05069-452,05069-419,1261.7802861088712
05069-452,05069-410,2183.2663904575234
05069-108,05069-455,2738.152513639122
05069-108,05069-104,2458.4457683923824
05069-453,05069-454,5207.946509789112
05069-453,05069-419,3668.0676882670946
05069-454,05069-455,4224.829701054145
05069-062,05069-415,656.5161037386829
05069-455,05069-104,601.8425020559096
05069-455,05069-419,829.5699738303815
05069-036,05069-027,17393.172698288683
05069-036,05069-115,11640.14610033442
05069-416,05069-415,4154.366244609242
05069-416,05069-410,670.4249873532502
05069-416,05069-409,5353.852148055706
05069-416,05069-407,2420.281113725061
05069-415,05069-407,212.79666874299627
05069-415,05069-073,453.16877535875665
05069-054,05069-075,4830.049880698014
05069-419,05069-104,1586.4567491007099
05069-419,05069-410,2029.8075974332314
05069-419,05069-420,4441.021484629518
05069-104,05069-105,3171.309754986886
05069-104,05069-421,4110.118538955491
05069-105,05069-115,486.84613217764195
05069-105,05069-101,3487.2481442843336
05069-410,05069-409,1602.6929405129058
05069-410,05069-405,2833.6494380204294
05069-409,05069-408,5500.971895682228
05069-409,05069-407,2619.233833161779
05069-420,05069-421,2892.6516988151093
05069-420,05069-422,6196.894413724434
05069-420,05069-405,1572.0827144104653
05069-421,05069-101,3296.7428968870922
05069-422,05069-083,512.5759056683702
05069-422,05069-101,1752.1120271342843
05069-422,05069-405,1210.9679487725477
05069-422,05069-423,5567.620971893206
05069-408,05069-407,3678.3986713549957
05069-408,05069-405,7813.011768977593
05069-713,05069-076,7579.54148109782
05069-713,05069-711,906.7151192445411
05069-713,05069-073,217.60106814236386
05069-713,05069-712,5109.489968773622
05069-073,05069-406,8494.980541192292
05069-073,05069-712,6571.345779618894
05069-407,05069-406,7252.367373265508
05069-407,05069-404,3127.2963793308904
05069-027,05069-028,17461.60915811538
05069-027,05069-115,14870.409089335542
05069-027,05069-05,19426.936568357232
05069-405,05069-083,8492.809556940405
05069-405,05069-404,3351.45414302624
05069-405,05069-426,2690.840794936411
05069-404,05069-425,4309.8421228295565
05069-406,05069-721,546.2311455392266
05069-406,05069-712,5606.104097858872
05069-406,05069-403,5829.029290489383
05069-406,05069-425,1685.060949929053
05069-423,05069-083,19330.94393969245
05069-423,05069-101,2605.725543368509
05069-403,05069-721,3012.883019175678
05069-403,05069-425,3391.54346684313
05069-425,05069-721,6573.555784409553
05069-425,05069-426,1711.5790218954915
05069-712,05069-711,4651.386969604523
05069-712,05069-721,1317.9708177369396
05069-714,05069-711,949.0513211176717
05069-714,05069-721,949.044429298714
05069-426,05069-082,3992.468267510454
05069-426,05069-721,2475.3612431222386
05069-426,05069-083,5468.518632593574
05069-076,05069-075,7283.487898517957
05069-076,05069-711,3449.9040637643834
05069-076,05069-731,5646.906927273347
05069-711,05069-721,4151.104108567239
05069-711,05069-731,7137.751001607523
05069-115,05069-101,3376.290330934798
05069-115,05069-045,32138.356905251836
05069-115,05069-05,26806.762911568312
05069-082,05069-721,2451.849134108799
05069-082,05069-083,3751.6552262599425
05069-082,05069-084,6224.864316359082
05069-101,05069-083,29178.765698851395
05069-101,05069-045,43734.57413254165
05069-731,05069-721,7857.501944797861
05069-731,05069-077,6349.037541844943
05069-731,05069-733,723.0487860777822
05069-731,05069-732,7392.542962507843
05069-721,05069-733,5682.567063412816
05069-721,05069-084,15264.96713207969
05069-093,05069-077,2183.609640287067
05069-093,05069-733,255.92548631644715
05069-093,05069-732,9534.098169525343
05069-093,05069-081,2760.5027391867334
05069-093,05069-080,8205.187848356496
05069-045,05069-083,5836.302025970115
05069-045,05069-05,17720.417171783065
05069-733,05069-732,5461.736461182469
05069-733,05069-084,3361.712050900612
05069-733,05069-081,5559.033818242017
05069-732,05069-077,5314.633015408005
05069-075,05069-078,10549.108697267791
05069-075,05069-079,13054.86853412903
05069-075,05069-077,6639.26245932301
05069-081,05069-084,10877.616406076258
05069-077,05069-078,11107.364258416459
05069-077,05069-092,9639.33541997391
05069-08,05079-007 - Kimbrough,5842.693564417816
05069-08,05069-09,21040.975751208625
05069-08,05069-07,34053.22867973665
05069-08,05069-05,36740.34702376206
05069-083,05069-05,9949.883636275443
05069-083,05069-084,19051.465404323848
05069-083,05069-04,11256.865594900944
05069-078,05069-079,11161.601924889428
05069-078,05069-092,4130.420720876663
05069-092,05069-080,11624.150400441516
05069-084,05069-080,7392.243434055798
05069-084,05069-04,5002.371503933451
05069-084,05069-085,20180.802664336497
05069-620,05069-610,10581.842342119351
05069-620,05069-05,22484.501983768347
05069-610,05069-05,18911.400105738667
05069-900,05069-07,14224.470795291592
05069-950,05069-011,11240.979952205676
05069-04,05069-05,9006.773660894165
05069-04,05069-085,32403.49453247265
05069-04,05069-01,26902.668331953053
05069-04,05069-011,42745.40475832904
05069-085,05069-089,37990.34231514741
05069-085,05069-087,5222.598451635074
05069-089,05069-087,20340.903824120032
05069-810,05069-094,5808.046683899509
05069-810,05069-820,15067.819041060606
05069-810,05069-087,21264.16952668516
05069-830,05069-820,3973.99431683309
05069-830,05069-087,8784.28223298857
05069-820,05069-087,35587.525040949535
05069-094,05069-087,22169.567486574175
05069-02,05069-07,10602.869094459578
05069-02,05069-05,21413.254651603576
05069-02,05069-01,28545.92883542075
05069-02,05069-011,31289.413047239745
05069-02,05085-29 - Indian Bayou TWP,32512.479196178174
05069-02,05085-25 - Gumwood TWP,15947.708091644712
05069-02,05069-03,37364.42557695606
05069-02,05085-27 - Crooked Creek TWP,5428.333857524437
05069-010,05079-007 - Kimbrough,8869.160410758424
05069-010,05079-001 - Auburn,88775.1181878216
05069-010,05069-09,35277.90122059707
05069-087,05069-01,45198.91055221853
05069-087,05119-Precinct 130,18939.402918225845
05069-510,05069-530,1523.4001215041342
05069-510,05069-03,4819.441415605075
05069-03,05069-07,40456.52164349667
05069-03,05069-530,5972.972258294982
05069-03,05085-27 - Crooked Creek TWP,27393.201623876306
05069-028,05079-014 - Spring 1,5105.545271538323
05069-028,05079-015 - Spring 2,22901.910064677657
05069-09,05079-007 - Kimbrough,39661.36642435707
05069-01,05119-Precinct 051,34198.441795506624
05069-01,05069-011,9895.06689782519
05069-01,05085-25 - Gumwood TWP,16717.696660809797
05069-07,05069-05,31776.543169170214
05069-05,05069-011,53735.41886099041
05071-P2,05071-P10,16236.06243350645
05071-P2,05071-P3,11304.61775049731
05071-P2,05115-024- Martin 2,26862.66395644754
05071-P2,05115-025- Martin 3,6593.907873360007
05071-P2,05115-023- Martin 1,19778.723036661264
05071-P2,05115-018- Freeman,79649.65861965175
05071-P2,05071-P7,60557.55964917639
05071-P2,05071-P1,44864.0255795092
05071-P2,05071-P4,70788.13390225139
05071-P2,05101-Boston,37483.86359074688
05071-P2,05101-Pleasant Hill,42079.59563952689
05071-P2,05101-Jefferson,21637.12284223709
05071-P4,05071-P5,71064.96534659465
05071-P4,05071-P11,9989.502933731756
05071-P4,05071-P1,48418.66601609637
05071-P4,05101-Boston,14821.339430927192
05071-P4,05087-Hilburn,56892.656237749754
05071-P10,05083-104 - Delaware,26974.59222718337
05071-P10,05115-022- London Out,20260.73503027561
05071-P10,05083-100 - Cane Creek,45386.68302057526
05071-P10,05083-111 - River Rural,401.4222701053881
05071-P10,05115-007- Bayliss,18469.272154243266
05071-P10,05071-P3,75532.73022261557
05071-P10,05115-024- Martin 2,13245.683344523279
05071-P8,05083-111 - River Rural,20693.99483651015
05071-P8,05071-P3,38551.21199969151
05071-P8,05071-P11,37570.574883823414
05071-P8,05071-P9,8637.870830973685
05071-P8,05071-P7,17687.42262666745
05071-P9,05071-P11,17606.02819213912
05071-P9,05071-P6,13524.561744521834
05071-P9,05071-P1,2085.2063160215703
05071-P3,05083-111 - River Rural,5035.400172556504
05071-P3,05071-P7,21165.854644968975
05071-P11,05083-111 - River Rural,42010.99270535042
05071-P11,05071-P5,41709.53462220588
05071-P11,05071-P6,17098.931768840634
05071-P11,05071-P1,6089.848514916754
05071-P6,05071-P1,32182.291947674817
05071-P7,05071-P1,30636.42362143402
05071-P5,05083-117 - Sht Mtn WD 4,43442.56985594016
05071-P5,05083-111 - River Rural,3256.403737082018
05073-Precinct 01,05091-Garland,110796.73831416343
05073-Precinct 01,05073-Precinct 02,102179.62027249363
05073-Precinct 01,05073-Precinct 05,21218.92733547644
05073-Precinct 02,05073-Precinct 07,35163.6607030526
05073-Precinct 02,05073-Precinct 09,54329.81692804977
05073-Precinct 02,05091-Fouke,63898.63561827362
05073-Precinct 02,05091-Garland,38386.07301213592
05073-Precinct 02,05073-Precinct 06,25249.38652697074
05073-Precinct 02,05073-Precinct 05,12452.774886818272
05073-Precinct 02,05073-Precinct 03,25582.618548130664
05073-Precinct 02,05073-Precinct 04,44468.2859487066
05073-Precinct 02,05099-BOD Rural Nev SZ 3 & St Rep 89,11831.207180731
05073-Precinct 03,05073-Precinct 06,11620.829785376343
05073-Precinct 03,05073-Precinct 04,16169.160745063595
05073-Precinct 04,05073-Precinct 06,12641.15665579233
05073-Precinct 04,05099-BOD Rural Nev SZ 3 & St Rep 89,34876.25946262016
05073-Precinct 07,05073-Precinct 08,53418.61874785075
05073-Precinct 07,05073-Precinct 09,41842.49351025316
05073-Precinct 08,05073-Precinct 09,92842.02487081297
05073-Precinct 09,05091-Doddridge,170105.4544801962
05073-Precinct 09,05091-Fouke,1326.9196926563839
05075-20 - Marion,05075-14 - Dowell,13285.983043024165
05075-20 - Marion,05075-21 - Morgan,46695.17615696068
05075-20 - Marion,05075-02 - Ashland,45893.768123460366
05075-20 - Marion,05075-19 - Lawrence,39021.437287703
05075-19 - Lawrence,05075-21 - Morgan,53551.310271956165
05075-19 - Lawrence,05075-02 - Ashland,32954.25314300504
05075-19 - Lawrence,05075-06 - Boas #2,15969.616015539998
05075-19 - Lawrence,05075-03 - Black River,31759.233976264964
05075-19 - Lawrence,05075-15 - Duty,16717.65210587028
05075-05 - Boas #1,05075-07 - Boas #3,5315.097093329316
05075-05 - Boas #1,05075-06 - Boas #2,10985.521540723059
05075-05 - Boas #1,05075-11 - Campbell #3,8032.4748315150555
05075-05 - Boas #1,05075-10 - Campbell #2,9220.750031659818
05075-16 - Eaton,05075-18 - Jesup,5322.2641486224375
05075-16 - Eaton,05075-21 - Morgan,38500.94326777292
05075-16 - Eaton,05075-03 - Black River,26937.89703744212
05075-16 - Eaton,05075-17 - Flat Creek,16038.333718699381
05075-16 - Eaton,05075-27 - Strawberry,10504.542030329541
05075-24 - Reeds Creek Strawberry,05075-23 - Reeds Creek Saffell,28105.82981665161
05075-24 - Reeds Creek Strawberry,05135-Scott,14524.752233316522
05075-24 - Reeds Creek Strawberry,05135-Big Creek,5295.53423863168
05075-24 - Reeds Creek Strawberry,05075-18 - Jesup,16550.4068046103
05075-24 - Reeds Creek Strawberry,05075-21 - Morgan,30724.775934115416
05075-02 - Ashland,05075-14 - Dowell,29468.810426850938
05075-02 - Ashland,05075-07 - Boas #3,17367.022466047252
05075-02 - Ashland,05075-06 - Boas #2,8779.387612401782
05075-21 - Morgan,05075-23 - Reeds Creek Saffell,39281.27538257165
05075-21 - Morgan,05075-18 - Jesup,40561.24915403602
05075-21 - Morgan,05075-03 - Black River,11476.89011777818
05075-06 - Boas #2,05075-07 - Boas #3,25957.40626051066
05075-06 - Boas #2,05075-10 - Campbell #2,9040.3441362264
05075-06 - Boas #2,05075-15 - Duty,16076.656238583695
05075-18 - Jesup,05135-Big Creek,21623.527164562227
05075-18 - Jesup,05135-Strawberry,3203.0591051204547
05075-18 - Jesup,05075-27 - Strawberry,29835.597075037345
05075-07 - Boas #3,05075-14 - Dowell,10789.492599173149
05075-07 - Boas #3,05075-22 - Promised Land,21187.20601067936
05075-07 - Boas #3,05075-11 - Campbell #3,41663.875198811635
05075-11 - Campbell #3,05075-22 - Promised Land,20776.071133335285
05075-11 - Campbell #3,05075-10 - Campbell #2,4554.442959268098
05075-11 - Campbell #3,05075-09 - Campbell #1,26810.825319508687
05075-11 - Campbell #3,05075-08 - Cache,5348.835351690334
05075-10 - Campbell #2,05075-15 - Duty,5307.670296107134
05075-10 - Campbell #2,05075-09 - Campbell #1,1043.411400146123
05075-10 - Campbell #2,05075-12 - Campbell #4,21362.752985725125
05075-03 - Black River,05075-15 - Duty,34462.72981212656
05075-03 - Black River,05075-17 - Flat Creek,10587.862557764522
05075-03 - Black River,05075-04 - Black Rock,26863.517940933078
05075-28 - Thacker,05075-26 - Spring River,20658.28775396523
05075-28 - Thacker,05135-South Union,13723.198180043028
05075-28 - Thacker,05121-11 - Janes Creek,17006.42017838365
05075-09 - Campbell #1,05075-08 - Cache,37121.17351573759
05075-09 - Campbell #1,05075-12 - Campbell #4,36434.970122140374
05075-15 - Duty,05075-12 - Campbell #4,10518.075370734334
05075-15 - Duty,05075-25 - Richwoods,16473.147791313382
05075-15 - Duty,05075-04 - Black Rock,25442.996327950466
05075-15 - Duty,05121-16 - East Roanoke,4371.420983184829
05075-17 - Flat Creek,05075-04 - Black Rock,16153.615056359133
05075-17 - Flat Creek,05075-01 - Annieville,13678.297349573939
05075-17 - Flat Creek,05075-27 - Strawberry,26585.588904155487
05075-17 - Flat Creek,05075-13 - Dent,8076.2904810378595
05075-27 - Strawberry,05075-01 - Annieville,21642.238367587266
05075-27 - Strawberry,05135-South Lebanon,28926.987092242463
05075-27 - Strawberry,05075-26 - Spring River,15208.604220062696
05075-04 - Black Rock,05121-03 - Butler,19785.634229164465
05075-04 - Black Rock,05121-16 - East Roanoke,19890.26846112453
05075-04 - Black Rock,05075-13 - Dent,26719.130845064446
05075-25 - Richwoods,05075-12 - Campbell #4,37971.10066501466
05075-25 - Richwoods,05121-16 - East Roanoke,15537.397771523873
05075-25 - Richwoods,05121-02 - Bristow,26210.437404174438
05075-12 - Campbell #4,05075-08 - Cache,18712.116981816405
05075-12 - Campbell #4,05121-25 - Wiley,21874.04476849764
05075-12 - Campbell #4,05121-13 - Okean,10921.441113039204
05075-01 - Annieville,05075-26 - Spring River,32539.578749129432
05075-01 - Annieville,05075-13 - Dent,24718.54966652351
05075-13 - Dent,05121-03 - Butler,17846.003083954296
05075-13 - Dent,05075-26 - Spring River,14879.173448406113
05075-13 - Dent,05121-21 - Spring River,27929.889683064426
05075-13 - Dent,05121-11 - Janes Creek,15158.45675454133
05075-14 - Dowell,05075-22 - Promised Land,34363.24020310017
05075-22 - Promised Land,05075-08 - Cache,13387.88619742259
05075-08 - Cache,05121-13 - Okean,10512.141190264345
05075-26 - Spring River,05135-South Lebanon,8847.234416758223
05075-26 - Spring River,05135-North Lebanon,13798.20892921304
05075-26 - Spring River,05135-Jackson,10844.232252617909
05075-26 - Spring River,05135-South Union,23066.564941059845
05075-23 - Reeds Creek Saffell,05135-Scott,23048.956958099665
05077-Precinct 2,05107-Marvell Fire Station P11,73934.57511241478
05077-Precinct 2,05107-Lexa Fire Station P10,15874.84231627979
05077-Precinct 2,05077-Precinct 5,53461.951624691006
05077-Precinct 2,05095-21 - Hindman Township,16854.86049211582
05077-Precinct 2,05095-16 - Cypress Ridge,10973.546478983304
05077-Precinct 2,05077-Precinct 3,34866.07641572852
05077-Precinct 2,05077-Precinct 1,39492.329598053686
05077-Precinct 4,05107-Cherry St. Fire Station P1,21244.80338052636
05077-Precinct 4,05077-Precinct 5,80152.86861609304
05077-Precinct 4,05077-Precinct 3,99195.91039496577
05077-Precinct 4,05077-Precinct 8,7324.336162342869
05077-Precinct 4,05077-Precinct 6,12124.553176060876
05077-Precinct 4,05077-Precinct 7,6020.788532065775
05077-Precinct 4,05123-Hughes,63330.736159708744
05077-Precinct 4,05123-Bonair,66323.15341374424
05077-Precinct 8,05077-Precinct 5,5779.832139039822
05077-Precinct 8,05077-Precinct 9,4536.691935065679
05077-Precinct 8,05077-Precinct 6,2411.751930935967
05077-Precinct 8,05077-Precinct 7,5679.837836635822
05077-Precinct 5,05107-Cherry St. Fire Station P1,2574.616272234979
05077-Precinct 5,05107-Lexa Fire Station P10,5359.4408071967055
05077-Precinct 5,05107-Spring Lake Church P8,25181.504821782033
05077-Precinct 5,05077-Precinct 9,13036.907422130436
05077-Precinct 5,05077-Precinct 3,23709.20465616338
05077-Precinct 5,05077-Precinct 6,8150.4201670573675
05077-Precinct 7,05077-Precinct 6,7860.415303658994
05077-Precinct 9,05077-Precinct 6,6551.464208106649
05077-Precinct 3,05077-Precinct 1,61923.98284080678
05077-Precinct 3,05123-Wheatley,542.5282892946939
05077-Precinct 3,05123-Palestine,30548.788401569345
05077-Precinct 1,05095-16 - Cypress Ridge,42696.102772633334
05077-Precinct 1,05095-17 - Dixon Township,21426.483161828874
05077-Precinct 1,05123-Wheatley,62528.71310390852
05079-016 -SE Lincoln Co FD,05079-013 - Smith,113056.31174502234
05079-016 -SE Lincoln Co FD,05079-017 -Wells Bayou,37843.67164757046
05079-009 - Lone Pine / Mt Home,05079-008 - Lone Pine / Garnett,37964.031660953355
05079-009 - Lone Pine / Mt Home,05079-010 - Mill Creek,31885.199176333357
05079-009 - Lone Pine / Mt Home,05079-026 - Cane Creek 3,10738.725039075696
05079-022 - Grady City W1 & W2,05079-006 - Choctaw,41244.26212740018
05079-008 - Lone Pine / Garnett,05079-013 - Smith,31670.77190723134
05079-008 - Lone Pine / Garnett,05079-026 - Cane Creek 3,4418.467411080532
05079-008 - Lone Pine / Garnett,05079-004 - Cane Creek 1,16673.093407198707
05079-019 -Gould City W1,05079-021 - Gould City W3,6466.515292178971
05079-019 -Gould City W1,05079-020 - Gould City W2,3682.762796269783
05079-019 -Gould City W1,05079-018 - Gould,16755.861830512385
05079-013 - Smith,05079-017 -Wells Bayou,36882.991143771294
05079-013 - Smith,05079-005 - Cane Creek 2,14950.815182962579
05079-013 - Smith,05079-004 - Cane Creek 1,5366.312382670224
05079-026 - Cane Creek 3,05079-010 - Mill Creek,5423.179936574463
05079-026 - Cane Creek 3,05079-012 - Owen / Palmyra,5166.515863478622
05079-026 - Cane Creek 3,05079-023 - Star City W1,3958.690251594562
05079-026 - Cane Creek 3,05079-004 - Cane Creek 1,37083.242382261225
05079-004 - Cane Creek 1,05079-012 - Owen / Palmyra,18799.62043811941
05079-004 - Cane Creek 1,05079-023 - Star City W1,23292.09816252575
05079-004 - Cane Creek 1,05079-011 - Owen / Glendale,11843.887611689646
05079-004 - Cane Creek 1,05079-014 - Spring 1,18246.853506406784
05079-004 - Cane Creek 1,05079-025 - Star City W3,44331.34109978695
05079-004 - Cane Creek 1,05079-005 - Cane Creek 2,69933.37455215275
05079-004 - Cane Creek 1,05079-024 - Star City W2,35459.67407459027
05079-004 - Cane Creek 1,05079-003 - Yorktown,38417.3951172759
05079-011 - Owen / Glendale,05079-012 - Owen / Palmyra,28483.17978346345
05079-011 - Owen / Glendale,05079-014 - Spring 1,18697.76305224058
05079-020 - Gould City W2,05079-021 - Gould City W3,2716.483805183225
05079-020 - Gould City W2,05079-018 - Gould,3863.959365380213
05079-025 - Star City W3,05079-023 - Star City W1,5962.4786062697285
05079-025 - Star City W3,05079-024 - Star City W2,6009.029635948249
05079-023 - Star City W1,05079-024 - Star City W2,9416.725126301613
05079-024 - Star City W2,05079-005 - Cane Creek 2,322.1635347541426
05079-005 - Cane Creek 2,05079-017 -Wells Bayou,46211.60541578342
05079-005 - Cane Creek 2,05079-003 - Yorktown,23013.807848118027
05079-018 - Gould,05079-021 - Gould City W3,8353.1570964446
05079-018 - Gould,05079-017 -Wells Bayou,31936.886565899087
05079-018 - Gould,05079-006 - Choctaw,31199.06450622209
05079-018 - Gould,05079-001 - Auburn,47486.82833709451
05079-015 - Spring 2,05079-014 - Spring 1,50633.61905884908
05079-015 - Spring 2,05079-003 - Yorktown,16841.86198511681
05079-015 - Spring 2,05079-002 - Tarry,36192.81312527998
05079-017 -Wells Bayou,05079-003 - Yorktown,940.7733266425304
05079-017 -Wells Bayou,05079-006 - Choctaw,22613.30709553439
05079-003 - Yorktown,05079-014 - Spring 1,2567.8248335897583
05079-003 - Yorktown,05079-006 - Choctaw,40811.53803989699
05079-003 - Yorktown,05079-002 - Tarry,32813.91771958625
05079-002 - Tarry,05079-006 - Choctaw,5386.013605330907
05079-006 - Choctaw,05079-007 - Kimbrough,37083.587318069
05079-006 - Choctaw,05079-001 - Auburn,37410.76448734196
05079-010 - Mill Creek,05079-012 - Owen / Palmyra,25733.406018339025
05079-007 - Kimbrough,05079-001 - Auburn,26895.561768962154
05081-Foreman Ward 2,05081-Jackson Township,8402.675301742429
05081-Foreman Ward 2,05081-Foreman Ward 3,4190.212287068034
05081-Foreman Ward 2,05081-Foreman Ward 1,3679.858927097046
05081-Foreman Ward 1,05081-Jackson Township,6950.47623554873
05081-Foreman Ward 1,05081-Foreman Ward 3,3801.346128395341
05081-Ashdown Ward 3,05081-Jefferson Township,12669.506027954583
05081-Ashdown Ward 3,05081-Ashdown Ward 1,9680.755416532396
05081-Ashdown Ward 3,05081-Ashdown Ward 2,8839.492834654988
05081-Foreman Ward 3,05081-Jackson Township,25122.06435981328
05081-Ashdown Ward 2,05081-Jefferson Township,29291.598404730652
05081-Ashdown Ward 2,05081-Ashdown Ward 1,10437.027181013731
05081-Wallace / Richland,05081-Jackson Township,85079.77943923589
05081-Wallace / Richland,05081-Red River Township,20025.742399247356
05081-Wallace / Richland,05081-Arden Township,35143.97224314212
05081-Wallace / Richland,05081-Burke Township,13454.457825487412
05081-Jefferson Township,05081-Johnson Township,30447.792377552738
05081-Jefferson Township,05081-Franklin Township,37021.50715244946
05081-Jefferson Township,05081-Cleveland Township,29163.417459193337
05081-Jefferson Township,05081-Ashdown Ward 1,23777.581144411153
05081-Jefferson Township,05081-Red River Township,34873.65101634887
05081-Jefferson Township,05081-Lick Creek Township,10734.878734075788
05081-Franklin Township,05081-Johnson Township,40023.292147169115
05081-Franklin Township,05081-Cleveland Township,79317.83856495091
05081-Arden Township,05081-Red River Township,56130.240180634406
05081-Arden Township,05081-Burke Township,31865.445532091515
05081-Arden Township,05081-Lick Creek Township,11702.80213690169
05081-Red River Township,05081-Lick Creek Township,21317.617054858045
05081-Cleveland Township,05133-Paraclifta,87478.08061253202
05081-Cleveland Township,05081-Lick Creek Township,40013.71858332065
05081-Jewell Township,05081-Arkinda Township,17224.20473081947
05081-Jewell Township,05081-Little River Township,39588.66039219884
05081-Jewell Township,05081-Caney Township,48158.06484079304
05081-Burke Township,05081-Jackson Township,23821.498637652243
05081-Burke Township,05081-Little River Township,42940.77715486374
05081-Burke Township,05133-Clear Creek,31092.19538715891
05081-Burke Township,05081-Lick Creek Township,31718.658467936173
05081-Arkinda Township,05081-Jackson Township,22707.588310325737
05081-Arkinda Township,05081-Little River Township,21305.453665906953
05081-Johnson Township,05091-Mandeville,134512.8149265347
05081-Lick Creek Township,05133-Paraclifta,46477.79495523829
05081-Jackson Township,05081-Little River Township,15856.591750032318
05081-Caney Township,05081-Little River Township,366.9064110100823
05081-Caney Township,05133-Monroe,68758.39891427233
05081-Caney Township,05133-Clear Creek,13257.583092674651
05081-Little River Township,05133-Clear Creek,66184.88196485286
05083-134 - Boone WD 1,05083-137 - Boone WD 4,21011.83364795511
05083-134 - Boone WD 1,05083-135 - Boone WD 2,12419.368059044244
05083-106 - Ellsworth,05083-109 - Mountain,32281.233432306
05083-106 - Ellsworth,05083-113 - Shoal Creek,15925.348249214101
05083-106 - Ellsworth,05083-103 - Clark Rural,13286.979711267184
05083-106 - Ellsworth,05083-108 - Logan,36884.48738092759
05083-106 - Ellsworth,05083-107 - Johnson,8025.813733195242
05083-136 - Boone WD 3,05083-137 - Boone WD 4,10582.499016290467
05083-136 - Boone WD 3,05083-135 - Boone WD 2,17328.208747305245
05083-109 - Mountain,05149-24 - Waveland,18891.392510254533
05083-109 - Mountain,05083-133 - Blue Mountain Rural,24095.79869102626
05083-109 - Mountain,05083-141 - Reveille Rural,10587.737708658937
05083-109 - Mountain,05083-105 - Driggs,5273.667267404235
05083-109 - Mountain,05149-25 - Riley,31572.12278178282
05083-109 - Mountain,05149-21 - Mountain,37363.038070523406
05083-109 - Mountain,05083-113 - Shoal Creek,27510.41134435517
05083-109 - Mountain,05083-117 - Sht Mtn WD 4,10262.57920516144
05083-109 - Mountain,05083-107 - Johnson,38222.68010239626
05083-103 - Clark Rural,05083-117 - Sht Mtn WD 4,10730.382312209751
05083-103 - Clark Rural,05083-102 - Clark City,31374.18693301713
05083-103 - Clark Rural,05083-101 - Clark Crossroads,26580.280351449648
05083-103 - Clark Rural,05083-107 - Johnson,22653.47873346175
05083-103 - Clark Rural,05083-116 - Sht Mtn WD 3,5817.230595375617
05083-122 - Morrison Bluff,05083-111 - River Rural,26962.15135022027
05083-135 - Boone WD 2,05083-137 - Boone WD 4,27982.82269213637
05083-140 - Reveille City,05083-141 - Reveille Rural,34630.012947021176
05083-105 - Driggs,05083-141 - Reveille Rural,47925.25796374752
05083-105 - Driggs,05083-145 - Washburn,21042.980297821894
05083-105 - Driggs,05083-117 - Sht Mtn WD 4,42853.56256042818
05083-105 - Driggs,05083-119 - Caulksville Rural,12197.828320830322
05083-113 - Shoal Creek,05149-21 - Mountain,21094.633679618826
05083-113 - Shoal Creek,05083-104 - Delaware,36922.91206977407
05083-113 - Shoal Creek,05083-108 - Logan,5320.1101070788845
05083-113 - Shoal Creek,05083-100 - Cane Creek,31984.62470481295
05083-121 - Ratcliff Rural,05083-119 - Caulksville Rural,16416.31237893217
05083-121 - Ratcliff Rural,05083-118 - Caulksville City,13699.912212555717
05083-121 - Ratcliff Rural,05083-120 - Ratcliff City,17325.359489918963
05083-138 - Cauthron,05127-26 - Tomlinson/Tate,31696.418077833296
05083-138 - Cauthron,05083-144 - Sugar Creek,27059.24272061295
05083-138 - Cauthron,05083-137 - Boone WD 4,45583.932112296374
05083-138 - Cauthron,05083-147 - Tomlinson,35539.44713465646
05083-138 - Cauthron,05083-146 - Barber,3956.659239141766
05083-107 - Johnson,05083-117 - Sht Mtn WD 4,18521.660433538076
05083-107 - Johnson,05083-102 - Clark City,3931.894876999281
05083-111 - River Rural,05083-117 - Sht Mtn WD 4,211.3402964687506
05083-111 - River Rural,05083-108 - Logan,59326.75480981758
05083-111 - River Rural,05083-101 - Clark Crossroads,15858.687432298431
05083-111 - River Rural,05083-110 - River City,15707.172011314753
05083-111 - River Rural,05083-100 - Cane Creek,26976.114281834773
05083-144 - Sugar Creek,05127-26 - Tomlinson/Tate,31353.335440287046
05083-144 - Sugar Creek,05083-139 - Petit Jean,44256.054625104756
05083-144 - Sugar Creek,05083-137 - Boone WD 4,39542.02516981508
05083-144 - Sugar Creek,05083-141 - Reveille Rural,10593.956034674804
05083-120 - Ratcliff City,05083-119 - Caulksville Rural,4122.493183567353
05083-120 - Ratcliff City,05083-118 - Caulksville City,2465.919388649592
05083-139 - Petit Jean,05127-14 - Hunt,31691.345146468924
05083-139 - Petit Jean,05083-133 - Blue Mountain Rural,25135.310924302965
05083-139 - Petit Jean,05083-141 - Reveille Rural,25767.84214848639
05083-139 - Petit Jean,05149-11 - Dutch Creek,9804.050745238199
05083-139 - Petit Jean,05149-23 - Richland,21294.0182854754
05083-141 - Reveille Rural,05083-133 - Blue Mountain Rural,31047.973889666944
05083-141 - Reveille Rural,05083-137 - Boone WD 4,15669.777993570598
05083-141 - Reveille Rural,05083-145 - Washburn,5169.1123795375715
05083-116 - Sht Mtn WD 3,05083-117 - Sht Mtn WD 4,28818.554819472047
05083-116 - Sht Mtn WD 3,05083-115 - Sht Mtn WD 2,8253.528576018289
05083-116 - Sht Mtn WD 3,05083-114 - Sht Mtn WD 1,10376.559057234304
05083-115 - Sht Mtn WD 2,05083-117 - Sht Mtn WD 4,85012.69037364547
05083-115 - Sht Mtn WD 2,05083-114 - Sht Mtn WD 1,4581.063136198792
05083-114 - Sht Mtn WD 1,05083-117 - Sht Mtn WD 4,16224.59347287178
05083-119 - Caulksville Rural,05083-145 - Washburn,22409.02152598681
05083-119 - Caulksville Rural,05083-117 - Sht Mtn WD 4,21313.04501710866
05083-119 - Caulksville Rural,05083-118 - Caulksville City,24751.125909909115
05083-110 - River City,05083-108 - Logan,237.61505368798979
05083-101 - Clark Crossroads,05083-117 - Sht Mtn WD 4,48287.658868165716
05083-101 - Clark Crossroads,05083-108 - Logan,5849.969433289505
05083-108 - Logan,05083-100 - Cane Creek,28361.73784936906
05083-146 - Barber,05083-137 - Boone WD 4,6554.070769105453
05083-146 - Barber,05083-147 - Tomlinson,37349.68660352824
05083-146 - Barber,05131-1-SC-101,26644.725942277917
05083-146 - Barber,05131-2-SC-83,10483.243136364865
05083-146 - Barber,05131-2-SC-87,11062.763733977572
05083-145 - Washburn,05083-137 - Boone WD 4,54183.72484812194
05083-145 - Washburn,05131-1-SC-101,10458.939406276442
05083-145 - Washburn,05131-1-SC-102,787.0398283695588
05083-132 - Blue Mountain City,05149-24 - Waveland,3993.367910319739
05083-132 - Blue Mountain City,05083-133 - Blue Mountain Rural,17908.744049301953
05083-133 - Blue Mountain Rural,05149-24 - Waveland,26103.505321429053
05083-133 - Blue Mountain Rural,05149-23 - Richland,332.8198487252424
05083-137 - Boone WD 4,05131-1-SC-101,15313.126793131009
05083-104 - Delaware,05149-18 - Magazine 1,23964.089427632356
05083-104 - Delaware,05149-21 - Mountain,7622.634041707476
05083-104 - Delaware,05149-07 - Dardanelle Outside,31933.551617547047
05083-104 - Delaware,05115-022- London Out,12665.32180598981
05083-104 - Delaware,05083-100 - Cane Creek,5730.719885728122
05083-147 - Tomlinson,05127-20 - Lewis 1,17734.801673580314
05083-147 - Tomlinson,05127-26 - Tomlinson/Tate,41558.84751042844
05083-147 - Tomlinson,05131-2-SC-83,3406.52797164432
05085-12 - Carlisle City Ward 3,05085-13 - Carlisle TWP,20703.41608098254
05085-12 - Carlisle City Ward 3,05085-11 - Carlisle City Ward 2,8068.917536417821
05085-12 - Carlisle City Ward 3,05085-10 - Carlisle City Ward 1,4559.575585442045
05085-11 - Carlisle City Ward 2,05085-13 - Carlisle TWP,11939.104360139854
05085-11 - Carlisle City Ward 2,05085-10 - Carlisle City Ward 1,10081.95735604633
05085-37 - Lonoke City Ward 4,05085-38 - Lonoke TWP,6030.115442588534
05085-37 - Lonoke City Ward 4,05085-56 - Lonoke City Ward 8,5248.404937559093
05085-37 - Lonoke City Ward 4,05085-34 - Lonoke City Ward 1,3833.379862678119
05085-53 - Lonoke City Ward 5,05085-38 - Lonoke TWP,17544.27810704481
05085-53 - Lonoke City Ward 5,05085-54 - Lonoke City Ward 6,3817.90379375266
05085-53 - Lonoke City Ward 5,05085-55 - Lonoke City Ward 7,726.9802986033621
05085-53 - Lonoke City Ward 5,05085-36 - Lonoke City Ward 3,3675.0161218156168
05085-53 - Lonoke City Ward 5,05085-34 - Lonoke City Ward 1,878.3327973746711
05085-53 - Lonoke City Ward 5,05085-35 - Lonoke City Ward 2,4251.579014792485
05085-36 - Lonoke City Ward 3,05085-34 - Lonoke City Ward 1,3333.3185063534843
05085-36 - Lonoke City Ward 3,05085-35 - Lonoke City Ward 2,2381.1883928332504
05085-30 - Coy City,05085-29 - Indian Bayou TWP,17517.214487650435
05085-01 - Allport City,05085-27 - Crooked Creek TWP,29836.147539911228
05085-28 - Humnoke City,05085-27 - Crooked Creek TWP,20714.19265443445
05085-33 - Keo City,05119-Precinct 051,10556.125691070412
05085-33 - Keo City,05085-32 - Lafayette TWP,45038.603063200564
05085-41 - Pettus TWp,05085-29 - Indian Bayou TWP,32850.6488415104
05085-41 - Pettus TWp,05085-25 - Gumwood TWP,10746.769194270562
05085-41 - Pettus TWp,05085-27 - Crooked Creek TWP,21833.76390296974
05085-41 - Pettus TWp,05085-31 - Isbell TWP,437.6462958949283
05085-41 - Pettus TWp,05085-32 - Lafayette TWP,23945.73562801655
05085-41 - Pettus TWp,05085-46 - Walls TWP,12598.670771417525
05085-41 - Pettus TWp,05085-44 - Richwood TWP,27825.79976851358
05085-41 - Pettus TWp,05085-21 - Fletcher TWP,42975.08544222932
05085-46 - Walls TWP,05085-51 - Williams TWP,18189.397043192523
05085-46 - Walls TWP,05085-15 - Dortch TWP,10705.593115028469
05085-46 - Walls TWP,05085-32 - Lafayette TWP,22418.51019952643
05085-46 - Walls TWP,05085-44 - Richwood TWP,32480.018109023462
05085-35 - Lonoke City Ward 2,05085-38 - Lonoke TWP,26435.758482917423
05085-35 - Lonoke City Ward 2,05085-34 - Lonoke City Ward 1,1946.3444439610348
05085-10 - Carlisle City Ward 1,05085-13 - Carlisle TWP,39060.64638322894
05085-21 - Fletcher TWP,05085-31 - Isbell TWP,10368.036341141431
05085-21 - Fletcher TWP,05085-26 - Hamilton TWP,10495.889754182848
05085-21 - Fletcher TWP,05085-44 - Richwood TWP,6953.256438259064
05085-21 - Fletcher TWP,05085-38 - Lonoke TWP,32560.4824320822
05085-21 - Fletcher TWP,05085-13 - Carlisle TWP,37983.58087625888
05085-44 - Richwood TWP,05085-15 - Dortch TWP,16094.448073786334
05085-44 - Richwood TWP,05085-38 - Lonoke TWP,65752.75434435277
05085-44 - Richwood TWP,05085-43 - Pulaski TWP,16529.540039940624
05085-54 - Lonoke City Ward 6,05085-38 - Lonoke TWP,2682.597604734257
05085-54 - Lonoke City Ward 6,05085-55 - Lonoke City Ward 7,3727.018804202285
05085-56 - Lonoke City Ward 8,05085-38 - Lonoke TWP,1458.9537914522587
05085-56 - Lonoke City Ward 8,05085-55 - Lonoke City Ward 7,5579.0787413399175
05085-56 - Lonoke City Ward 8,05085-34 - Lonoke City Ward 1,1089.4192901582637
05085-55 - Lonoke City Ward 7,05085-38 - Lonoke TWP,1212.3381341007664
05085-55 - Lonoke City Ward 7,05085-34 - Lonoke City Ward 1,733.7932001453897
05085-34 - Lonoke City Ward 1,05085-38 - Lonoke TWP,44276.23901844116
05085-40 - Oak Grove TWP,05085-14 - Cleveland TWP,6495.161914277963
05085-40 - Oak Grove TWP,05085-16 - Eagle TWP,34531.61155491516
05085-40 - Oak Grove TWP,05085-23 - Goodrum TWP,2992.8783130692836
05085-40 - Oak Grove TWP,05085-42 - Prairie TWP,15374.631270218606
05085-40 - Oak Grove TWP,05085-07 - Cabot City Ward 3,33838.209195901574
05085-40 - Oak Grove TWP,05085-04 - Butler TWP,27080.53036448927
05085-40 - Oak Grove TWP,05085-02 - Caroline TWP,29343.363153007023
05085-40 - Oak Grove TWP,05085-08 - Cabot City Ward 4,219.56639418999367
05085-22 - Furlow TWP,05085-38 - Lonoke TWP,37425.98092347958
05085-22 - Furlow TWP,05085-16 - Eagle TWP,432.27897861958184
05085-22 - Furlow TWP,05085-23 - Goodrum TWP,24953.344831939143
05085-22 - Furlow TWP,05085-24 - Gray TWP,20693.824002342215
05085-08 - Cabot City Ward 4,05085-23 - Goodrum TWP,6071.374673548615
05085-08 - Cabot City Ward 4,05085-07 - Cabot City Ward 3,20630.83394209086
05085-08 - Cabot City Ward 4,05085-09 - York TWP,37960.97347525373
05085-08 - Cabot City Ward 4,05085-05 - Cabot City Ward 1,18685.510570586684
05085-24 - Gray TWP,05085-38 - Lonoke TWP,9829.310709939342
05085-24 - Gray TWP,05085-23 - Goodrum TWP,61899.71852391048
05085-24 - Gray TWP,05085-09 - York TWP,10253.77167292592
05085-24 - Gray TWP,05085-43 - Pulaski TWP,30809.260147360983
05085-24 - Gray TWP,05119-Precinct 047,8557.925881233246
05085-24 - Gray TWP,05119-Precinct 042,11358.350744222069
05085-24 - Gray TWP,05119-Precinct 041,9765.949001989857
05085-49 - Ward City Ward 3,05085-02 - Caroline TWP,32737.841205597237
05085-49 - Ward City Ward 3,05085-03 - Austin City,1939.4120546433205
05085-49 - Ward City Ward 3,05085-48 - Ward City Ward 2,11996.879234236705
05085-49 - Ward City Ward 3,05085-47 - Ward City Ward 1,2006.6258564152763
05085-49 - Ward City Ward 3,05085-50 - Ward TWP,16786.16797796506
05085-14 - Cleveland TWP,05085-38 - Lonoke TWP,37968.99679770051
05085-14 - Cleveland TWP,05085-45 - Totten TWP,11353.851584224705
05085-14 - Cleveland TWP,05085-16 - Eagle TWP,15990.352124628096
05085-14 - Cleveland TWP,05085-42 - Prairie TWP,54902.08969819528
05085-42 - Prairie TWP,05085-45 - Totten TWP,20328.33002327444
05085-42 - Prairie TWP,05085-04 - Butler TWP,21112.903402734075
05085-47 - Ward City Ward 1,05085-48 - Ward City Ward 2,11123.704014190887
05085-47 - Ward City Ward 1,05085-50 - Ward TWP,24668.218157959127
05085-16 - Eagle TWP,05085-38 - Lonoke TWP,18733.466226806704
05085-16 - Eagle TWP,05085-23 - Goodrum TWP,41988.239331080185
05085-23 - Goodrum TWP,05085-09 - York TWP,5128.606136820759
05085-07 - Cabot City Ward 3,05085-02 - Caroline TWP,28260.46570789026
05085-07 - Cabot City Ward 3,05085-03 - Austin City,3052.1716460112293
05085-07 - Cabot City Ward 3,05085-05 - Cabot City Ward 1,10258.220913267653
05085-05 - Cabot City Ward 1,05085-02 - Caroline TWP,3178.3506374304416
05085-05 - Cabot City Ward 1,05085-03 - Austin City,2270.626630818953
05085-05 - Cabot City Ward 1,05085-09 - York TWP,30641.40937646463
05085-05 - Cabot City Ward 1,05085-06 - Cabot City Ward 2,20796.280489988865
05085-48 - Ward City Ward 2,05085-02 - Caroline TWP,14877.142450082925
05085-48 - Ward City Ward 2,05085-03 - Austin City,6114.969952065424
05085-48 - Ward City Ward 2,05085-50 - Ward TWP,19956.216953724743
05085-50 - Ward TWP,05085-04 - Butler TWP,21568.36938428989
05085-50 - Ward TWP,05085-02 - Caroline TWP,34416.85560983673
05085-50 - Ward TWP,05085-06 - Cabot City Ward 2,1069.431228659006
05085-50 - Ward TWP,05085-39 - Magness TWP,13957.87250897335
05085-50 - Ward TWP,05145-63 - Royal,23416.31279361046
05085-50 - Ward TWP,05145-82 - Union,49331.60696910769
05085-29 - Indian Bayou TWP,05085-25 - Gumwood TWP,32530.991358479863
05085-29 - Indian Bayou TWP,05085-27 - Crooked Creek TWP,31932.736209470466
05085-09 - York TWP,05085-06 - Cabot City Ward 2,61115.680148074556
05085-09 - York TWP,05085-39 - Magness TWP,9909.153434809718
05085-09 - York TWP,05119-Precinct 041,23362.861371764575
05085-09 - York TWP,05119-Precinct 035,4392.05189956584
05085-03 - Austin City,05085-02 - Caroline TWP,77239.63391570322
05085-03 - Austin City,05085-06 - Cabot City Ward 2,2952.0147233657904
05085-13 - Carlisle TWP,05117-Belcher / Tyler,31737.717430336917
05085-13 - Carlisle TWP,05085-26 - Hamilton TWP,45556.607043314456
05085-13 - Carlisle TWP,05085-38 - Lonoke TWP,36977.25767098746
05085-13 - Carlisle TWP,05117-Hazen Country,15955.296638539654
05085-13 - Carlisle TWP,05117-Center,26354.022665566506
05085-13 - Carlisle TWP,05085-45 - Totten TWP,48165.716109944384
05085-38 - Lonoke TWP,05085-43 - Pulaski TWP,52622.00066387973
05085-39 - Magness TWP,05085-06 - Cabot City Ward 2,78198.40429741853
05085-39 - Magness TWP,05145-63 - Royal,27522.430889337975
05085-39 - Magness TWP,05145-26 - El Paso,26740.189356270694
05085-39 - Magness TWP,05119-Precinct 035,14958.279010017994
05085-02 - Caroline TWP,05085-04 - Butler TWP,7858.476386283109
05085-02 - Caroline TWP,05085-06 - Cabot City Ward 2,17433.352431256208
05085-32 - Lafayette TWP,05119-Precinct 051,5341.278659619079
05085-32 - Lafayette TWP,05085-51 - Williams TWP,8185.656114832429
05085-32 - Lafayette TWP,05085-25 - Gumwood TWP,22219.65810989449
05085-45 - Totten TWP,05117-Center,2777.4605956469277
05085-45 - Totten TWP,05117-Union,12048.974938946474
05085-45 - Totten TWP,05117-Bullard,1305.3145002287738
05085-45 - Totten TWP,05117-Hickory Plains,33004.55270832929
05085-25 - Gumwood TWP,05119-Precinct 051,32149.38403385739
05085-25 - Gumwood TWP,05085-19 - England City Ward 3,19268.258205019934
05085-25 - Gumwood TWP,05085-18 - England City Ward 2,7255.447687342774
05085-25 - Gumwood TWP,05085-17 - England City Ward 1,17491.031634732168
05085-25 - Gumwood TWP,05085-20 - England City Ward 4,21567.634011667393
05085-31 - Isbell TWP,05085-27 - Crooked Creek TWP,60905.82506749945
05085-31 - Isbell TWP,05117-Belcher / Tyler,48799.14143350289
05085-31 - Isbell TWP,05085-26 - Hamilton TWP,40579.07351574434
05085-26 - Hamilton TWP,05117-Belcher / Tyler,33913.58569715906
05085-51 - Williams TWP,05119-Precinct 051,47569.56577212011
05085-51 - Williams TWP,05085-15 - Dortch TWP,18633.062133807634
05085-15 - Dortch TWP,05119-Precinct 051,28405.26910555986
05085-15 - Dortch TWP,05085-43 - Pulaski TWP,34479.08971747404
05085-43 - Pulaski TWP,05119-Precinct 051,16901.206081692635
05085-43 - Pulaski TWP,05119-Precinct 047,19433.78761627179
05085-04 - Butler TWP,05117-Hickory Plains,39765.10648339838
05085-04 - Butler TWP,05145-82 - Union,35145.07736644603
05085-06 - Cabot City Ward 2,05119-Precinct 041,4316.486656559761
05085-27 - Crooked Creek TWP,05117-Belcher / Tyler,36008.140911234506
05085-17 - England City Ward 1,05085-18 - England City Ward 2,1476.1919611890146
05085-17 - England City Ward 1,05085-20 - England City Ward 4,1308.9667873075787
05085-18 - England City Ward 2,05085-19 - England City Ward 3,4114.552683487146
05085-18 - England City Ward 2,05085-20 - England City Ward 4,2503.1584439968756
05085-19 - England City Ward 3,05085-20 - England City Ward 4,2299.7495502631614
05087-Huntsville Ward 2,05087-War Eagle,1923.269206201785
05087-Huntsville Ward 2,05087-Huntsville Ward 4,2208.9678268363723
05087-Huntsville Ward 2,05087-Huntsville Ward 1,6253.8780579627755
05087-Huntsville Ward 2,05087-Huntsville Ward 3,4659.436476677997
05087-Alabam,05087-War Eagle,92251.04234853195
05087-Alabam,05087-Kings River,15745.071556765739
05087-Alabam,05087-Prairie,84033.87717689756
05087-Huntsville Ward 3,05087-War Eagle,85040.77931373325
05087-Huntsville Ward 3,05087-Huntsville Ward 4,2560.453424989179
05087-Lamar,05087-Hilburn,75678.37609227758
05087-Lamar,05143-Durham,21137.911623723972
05087-Lamar,05087-War Eagle,82381.48931802677
05087-Lamar,05143-Richland-3,13646.686670749263
05087-Lamar,05143-Goshen Twp-2,18019.03742195927
05087-Lamar,05087-Prairie,69365.57114484573
05087-Huntsville Ward 4,05087-War Eagle,14426.515450649937
05087-Huntsville Ward 4,05087-Huntsville Ward 1,3324.5424747819357
05087-Huntsville Ward 1,05087-War Eagle,27275.698479071176
05087-Kings River,05087-Hilburn,34194.662123036454
05087-Kings River,05087-War Eagle,120920.59492650501
05087-Kings River,05101-Van Buren,63544.31822387919
05087-Kings River,05101-Ponca,50887.7180459028
05087-War Eagle,05087-Hilburn,94360.45111030505
05087-War Eagle,05087-Prairie,43804.87178199568
05087-Hilburn,05101-Boston,21794.233650098595
05087-Hilburn,05143-Reed-2,15618.54074936578
05087-Hilburn,05143-Reed-1,34361.566952392015
05087-Hilburn,05143-Durham,15882.96392659486
05087-Hilburn,05101-Van Buren,34271.021240103124
05087-Prairie,05143-Goshen Twp-2,3837.2915176826045
05087-Prairie,05143-Goshen Twp-1,16864.983683471433
05087-Prairie,05143-Brush Creek,38474.13246872931
05089-Precinct 23,05129-Tomahawk,17610.62506758879
05089-Precinct 23,05089-Precinct 25,21005.95941154727
05089-Precinct 23,05089-Precinct 24,15438.428614910283
05089-Precinct 23,05089-Precinct 22,41188.4685575779
05089-Precinct 23,05129-Rock Creek,25397.684870944915
05089-Precinct 23,05089-Precinct 20,34659.43605712661
05089-Precinct 17,05089-Precinct 18,36945.779770232846
05089-Precinct 17,05089-Precinct 19,1168.6166550872792
05089-Precinct 08,05089-Precinct 16,47067.650024748335
05089-Precinct 08,05089-Precinct 18,33196.30664474294
05089-Precinct 08,05089-Precinct 19,16836.113482950124
05089-Precinct 08,05089-Precinct 09,15865.955954190242
05089-Precinct 08,05089-Precinct 07,10000.88496636523
05089-Precinct 08,05089-Precinct 06,37001.80297776744
05089-Precinct 08,05089-Precinct 04,40995.595905791764
05089-Precinct 08,05089-Precinct 02,20531.909323779262
05089-Precinct 13,05089-Precinct 26,49639.937896682015
05089-Precinct 13,05089-Precinct 16,944.268733101154
05089-Precinct 13,05089-Precinct 14,13419.336861028758
05089-Precinct 13,05089-Precinct 15,1487.9459251241506
05089-Precinct 13,05089-Precinct 12,1075.7976954675974
05089-Precinct 25,05129-Tomahawk,26709.246414045396
05089-Precinct 25,05089-Precinct 24,36159.325227855166
05089-Precinct 25,05089-Precinct 26,65333.436554805216
05089-Precinct 25,05089-Precinct 16,14363.462664963228
05089-Precinct 11,05089-Precinct 26,6937.026447089072
05089-Precinct 11,05089-Precinct 10,17660.87502086906
05089-Precinct 28,05089-Precinct 30,4288.27218784351
05089-Precinct 28,05089-Precinct 16,18171.216147970237
05089-Precinct 28,05089-Precinct 29,8679.73128344651
05089-Precinct 26,05129-Tomahawk,31147.00041053499
05089-Precinct 26,05129-Prairie,32193.698856851148
05089-Precinct 26,05089-Precinct 16,51681.848948792605
05089-Precinct 26,05089-Precinct 10,21142.050671035657
05089-Precinct 24,05089-Precinct 22,3361.16647935697
05089-Precinct 24,05089-Precinct 16,24765.689123324442
05089-Precinct 18,05089-Precinct 16,8157.587609836631
05089-Precinct 18,05089-Precinct 19,16961.022746322047
05089-Precinct 16,05089-Precinct 22,20052.2492255846
05089-Precinct 16,05089-Precinct 30,35971.4521816166
05089-Precinct 16,05089-Precinct 20,14298.88225306438
05089-Precinct 16,05089-Precinct 29,7965.194213193086
05089-Precinct 16,05089-Precinct 14,4850.0327134485115
05089-Precinct 16,05089-Precinct 15,22839.272002920894
05089-Precinct 16,05089-Precinct 19,17055.159560344655
05089-Precinct 16,05089-Precinct 09,9980.61232393808
05089-Precinct 22,05089-Precinct 20,48949.27220970689
05089-Precinct 30,05089-Precinct 29,4607.791143248325
05089-Precinct 20,05129-Rock Creek,5579.925350338819
05089-Precinct 20,05089-Precinct 21,116729.58059979942
05089-Precinct 20,05089-Precinct 19,79351.13728450055
05089-Precinct 14,05089-Precinct 15,14998.36455710593
05089-Precinct 15,05089-Precinct 12,23930.95040571368
05089-Precinct 15,05089-Precinct 09,16885.531518683147
05089-Precinct 12,05089-Precinct 10,56233.14046576979
05089-Precinct 12,05089-Precinct 09,4798.211336157162
05089-Precinct 10,05089-Precinct 09,49614.5601504123
05089-Precinct 07,05089-Precinct 06,9944.18478940789
05089-Precinct 06,05089-Precinct 05,12909.851149857739
05089-Precinct 06,05089-Precinct 02,1686.3284429183027
05089-Precinct 09,05089-Precinct 04,41181.28190286604
05089-Precinct 09,05089-Precinct 03,51783.13692621525
05089-Precinct 01,05089-Precinct 04,41063.560940379204
05089-Precinct 01,05089-Precinct 03,87957.13099630697
05089-Precinct 01,05089-Precinct 02,22101.894709754582
05089-Precinct 04,05089-Precinct 03,12133.390396947218
05089-Precinct 04,05089-Precinct 02,14953.349481672789
05089-Precinct 02,05089-Precinct 05,59462.44140616377
05089-Precinct 21,05129-Rock Creek,20416.200217753812
05091-Hickory St South,05091-Sandflat,6851.892475853525
05091-Hickory St South,05091-Ozan Inghram,2383.277271967158
05091-Hickory St South,05091-North Heights,5362.806565091931
05091-Hickory St South,05091-Hickory St,4145.569092292652
05091-Sandflat,05091-College Hill,3844.962895424806
05091-Sandflat,05091-Washington,2483.069416754992
05091-Sandflat,05091-Ozan Inghram,1841.018197134649
05091-Central,05091-Fouke,32008.996075184434
05091-Central,05091-Union,5196.619935993031
05091-Central,05091-Genoa,43451.50846806498
05091-Central,05091-Garland,65393.71074952122
05091-Central,05091-Rondo,11067.63019722482
05091-Genoa,05091-Union,36917.79704048074
05091-Genoa,05091-Rondo,15890.707517792358
05091-Genoa,05091-Greenwich Village,21288.067105856662
05091-Greenwich Village,05091-Union,23967.383762295438
05091-Greenwich Village,05091-Rondo,10609.990120642111
05091-Greenwich Village,05091-College Hill,14198.382405684619
05091-Greenwich Village,05091-Ozan Inghram,12879.596145024429
05091-Washington,05091-College Hill,10251.531534451384
05091-Washington,05091-Ozan Inghram,11911.396284725635
05091-Ozan Inghram,05091-Rondo,14948.393289704192
05091-Ozan Inghram,05091-College Hill,710.7096743872836
05091-Ozan Inghram,05091-North Heights,4343.45129340912
05091-North Heights,05091-Rondo,5701.379970032232
05091-North Heights,05091-Hickory St,5565.3330729011695
05091-North Heights,05091-Trice,9963.375272409716
05091-Rondo,05091-Garland,13295.351959116759
05091-Rondo,05091-Mandeville,42742.12938150004
05091-Rondo,05091-Trice,3745.4902146829895
05091-Garland,05091-Fouke,25707.241389274743
05091-Garland,05091-Mandeville,49885.26328407455
05091-Sugar Hill,05091-Mandeville,85626.29142521146
05091-Sugar Hill,05091-Hickory St,4365.0758621381
05091-Sugar Hill,05091-Trice,18517.76301968868
05091-Trice,05091-Mandeville,13752.3313035233
05091-Trice,05091-Hickory St,3904.6635716016553
05091-Doddridge,05091-Fouke,89280.77346546475
05091-Doddridge,05091-Bright Star,68447.4361858454
05091-Union,05091-Fouke,61752.606351365044
05091-Union,05091-Bright Star,8980.94175756853
05091-Union,05091-College Hill,11727.446486076953
05091-Fouke,05091-Bright Star,60789.254645003275
05093-Joiner City Hall,05111-Tyronza,49213.03484743386
05093-Joiner City Hall,05111-Little River Payneway,7863.124773549871
05093-Joiner City Hall,05093-Etowah Fire Station,64474.94777070485
05093-Joiner City Hall,05093-Dyess City Hall,65719.62482993906
05093-Joiner City Hall,05111-Greenwood Rivervale,2663.661831788529
05093-Dyess City Hall,05093-Etowah Fire Station,15943.898941473532
05093-Dyess City Hall,05111-Greenwood Rivervale,34486.63715999828
05093-Dyess City Hall,05093-Birdsong Community Center,56885.430658191755
05093-Etowah Fire Station,05093-Keiser First Baptist Church,72903.00250086961
05093-Etowah Fire Station,05093-Wilson Fire Station,14209.032384127986
05093-Etowah Fire Station,05093-Birdsong Community Center,14650.0159717924
05093-Wilson Fire Station,05093-Keiser First Baptist Church,39893.724461249854
05093-Wilson Fire Station,05093-Birdsong Community Center,47312.27480701064
05093-Wilson Fire Station,05093-Osc. Old Jr High Gym,15753.382739969988
05093-Keiser First Baptist Church,05093-Osc. Old Jr High Gym,22992.292616394745
05093-Charles Strong Center,05093-Osc. Old Jr High Gym,13752.641119171585
05093-Birdsong Community Center,05111-Greenwood Rivervale,18915.49809621801
05093-Birdsong Community Center,05093-Osc. Old Jr High Gym,15617.249156978507
05093-Birdsong Community Center,05093-Gosnell Community Center,53018.01537927528
05093-Birdsong Community Center,05093-Dell Community Center,10436.275016167669
05093-Miss Co Election Center,05093-Osc. Old Jr High Gym,95044.78705218351
05093-Miss Co Election Center,05093-Dell Community Center,45154.01276388378
05093-Miss Co Election Center,05093-Trinity Baptist Church,73122.62205791924
05093-Miss Co Election Center,05093-Richard B Harrison Multipurpos,4883.591933083945
05093-Trinity Baptist Church,05093-Osc. Old Jr High Gym,27622.066223578113
05093-Trinity Baptist Church,05093-Dell Community Center,25636.633377788534
05093-Richard B Harrison Multipurpos,05093-Dell Community Center,14938.591808192548
05093-Richard B Harrison Multipurpos,05093-Armorel Planting Company,2872.816361150058
05093-Armorel Planting Company,05093-Dell Community Center,21284.748813221202
05093-Leachville City Hall,05093-Gosnell Community Center,67845.3302165919
05093-Leachville City Hall,05093-Dell Community Center,44737.621373332404
05093-Dell Community Center,05093-Osc. Old Jr High Gym,69738.5864871383
05093-Dell Community Center,05093-Gosnell Community Center,77166.4132788038
05093-Manila Police Dept,05093-Gosnell Community Center,126000.0653199152
05095-22 - Holly Grove Township,05095-18 - Duncan Township,43296.14348921084
05095-31 - Roc-Roe Township/City,05095-30 - Roc-Roe Township,12185.962930823245
05095-15 - Cleburne,05095-24 - Jackson Township,45295.803683291335
05095-15 - Cleburne,05107-Marvell Fire Station P11,35539.305983625316
05095-15 - Cleburne,05095-18 - Duncan Township,21654.95960759371
05095-15 - Cleburne,05095-28 - Raymond Township,26896.91814845873
05095-15 - Cleburne,05095-21 - Hindman Township,5184.73793061694
05095-18 - Duncan Township,05095-24 - Jackson Township,33990.11071944229
05095-18 - Duncan Township,05095-30 - Roc-Roe Township,57524.46383351075
05095-18 - Duncan Township,05095-28 - Raymond Township,27099.454067077382
05095-18 - Duncan Township,05095-27 - Pine Ridge Township,16106.295286144665
05095-18 - Duncan Township,05095-10 - Cache,30683.593430847053
05095-03 - Brinkley Ward 3,05095-08 - Brinkley Township,11283.962071293117
05095-03 - Brinkley Ward 3,05095-02 - Brinkley Ward 2,12780.10458187976
05095-03 - Brinkley Ward 3,05095-01 - Brinkley Ward 1,4688.966446566026
05095-28 - Raymond Township,05095-21 - Hindman Township,45301.953685453846
05095-28 - Raymond Township,05095-27 - Pine Ridge Township,17205.808722671485
05095-21 - Hindman Township,05107-Marvell Fire Station P11,20474.358761720167
05095-21 - Hindman Township,05095-27 - Pine Ridge Township,10704.118030198964
05095-21 - Hindman Township,05095-16 - Cypress Ridge,27060.5733921074
05095-11 - Clarendon Ward 1,05095-12 - Clarendon Ward 2,7438.340201035465
05095-11 - Clarendon Ward 1,05095-13 - Clarendon Ward 3,2075.253727493225
05095-11 - Clarendon Ward 1,05095-10 - Cache,15562.448877138851
05095-12 - Clarendon Ward 2,05095-13 - Clarendon Ward 3,7575.583489423183
05095-12 - Clarendon Ward 2,05095-10 - Cache,7362.016194697697
05095-13 - Clarendon Ward 3,05095-10 - Cache,9254.626219927883
05095-27 - Pine Ridge Township,05095-10 - Cache,26631.41269664528
05095-27 - Pine Ridge Township,05095-16 - Cypress Ridge,21631.224411279116
05095-27 - Pine Ridge Township,05095-25 - Keevil Township,5451.550726482477
05095-02 - Brinkley Ward 2,05095-08 - Brinkley Township,9200.624311710379
05095-02 - Brinkley Ward 2,05095-17 - Dixon Township,40149.70392642178
05095-02 - Brinkley Ward 2,05095-01 - Brinkley Ward 1,6349.329812814441
05095-25 - Keevil Township,05095-10 - Cache,64799.48319857524
05095-25 - Keevil Township,05095-16 - Cypress Ridge,31897.731536487576
05095-25 - Keevil Township,05095-08 - Brinkley Township,38072.01249862591
05095-01 - Brinkley Ward 1,05095-08 - Brinkley Township,18379.37089910292
05095-01 - Brinkley Ward 1,05095-17 - Dixon Township,6650.048720145772
05095-01 - Brinkley Ward 1,05095-20 - Greenfield Township,13797.594221718584
05095-01 - Brinkley Ward 1,05095-29 - Richland Township,7889.103947043868
05095-19 - Fargo,05095-20 - Greenfield Township,46286.36385092626
05095-26 - Montgomery/Smalley Townsh,05107-Elaine Votech P16,21386.696955947835
05095-26 - Montgomery/Smalley Townsh,05107-Lakeview School Cafeteria P15,16741.55065415054
05095-26 - Montgomery/Smalley Townsh,05095-24 - Jackson Township,48138.137513419286
05095-26 - Montgomery/Smalley Townsh,05107-Marvell Fire Station P11,42926.46183510512
05095-16 - Cypress Ridge,05095-08 - Brinkley Township,10597.137751249908
05095-16 - Cypress Ridge,05095-17 - Dixon Township,16400.92084139297
05095-20 - Greenfield Township,05095-17 - Dixon Township,7720.807329642484
05095-20 - Greenfield Township,05123-Wheatley,38086.65512239633
05095-20 - Greenfield Township,05095-29 - Richland Township,49113.315889265985
05095-20 - Greenfield Township,05147-Rural Hunter - 10,11091.78074814738
05095-10 - Cache,05095-30 - Roc-Roe Township,23575.59984841396
05095-10 - Cache,05117-Roc Roe Country,10600.397558296261
05095-10 - Cache,05117-Wattensaw Country,15461.700256736105
05095-10 - Cache,05095-08 - Brinkley Township,33122.627380100654
05095-10 - Cache,05117-Lower Hill Country,32722.794213278168
05095-24 - Jackson Township,05107-Marvell Fire Station P11,12034.63283584655
05095-29 - Richland Township,05095-08 - Brinkley Township,24162.66813050511
05095-29 - Richland Township,05147-Cotton Plant/ Freeman - 07,58786.78529404615
05095-29 - Richland Township,05147-Rural Hunter - 10,1411.7387091000223
05095-30 - Roc-Roe Township,05117-Roc Roe Country,83225.00380724092
05095-17 - Dixon Township,05095-08 - Brinkley Township,20978.019344969576
05095-17 - Dixon Township,05123-Wheatley,32230.1705619872
05095-08 - Brinkley Township,05147-Cotton Plant/ Freeman - 07,22195.410440811473
05095-08 - Brinkley Township,05117-Lower Hill Country,17195.476132498898
05095-08 - Brinkley Township,05117-Upper Hill,42716.8448177275
05097-03 - CADDO GAP,05109-04 - Glenwood North,19602.441970818425
05097-03 - CADDO GAP,05097-04 - CANEY,37089.57472595507
05097-03 - CADDO GAP,05097-01 - ALAMO,40844.54256247738
05097-03 - CADDO GAP,05097-11 - NORMAN - OUT,64579.00118267406
05097-03 - CADDO GAP,05109-07 - Langley/Lodi,16078.611215025076
05097-03 - CADDO GAP,05097-07 - HOPPER,42555.452750005075
05097-03 - CADDO GAP,05097-02 - BLACK SPRINGS,8129.455660660378
05097-12 - ODEN - IN,05097-13 - ODEN - OUT,27913.439222883895
05097-10 - NORMAN - IN,05097-11 - NORMAN - OUT,30998.742381285254
05097-01 - ALAMO,05097-04 - CANEY,26678.843450055178
05097-01 - ALAMO,05097-11 - NORMAN - OUT,31172.99817605677
05097-01 - ALAMO,05097-05 - CENTER,66681.29620482346
05097-02 - BLACK SPRINGS,05097-11 - NORMAN - OUT,33324.118177701646
05097-02 - BLACK SPRINGS,05113-06 - BOARD CAMP,1549.5672059377252
05097-02 - BLACK SPRINGS,05097-07 - HOPPER,71333.06216875814
05097-02 - BLACK SPRINGS,05113-08 - BIG FORK,29632.748146769005
05097-02 - BLACK SPRINGS,05113-09 - DALLAS VALLEY/ SHADY,1940.3198820146706
05097-02 - BLACK SPRINGS,05097-13 - ODEN - OUT,77705.98101020783
05097-02 - BLACK SPRINGS,05097-09 - MOUNT IDA - OUT,45924.802260451754
05097-05 - CENTER,05097-11 - NORMAN - OUT,22769.455779062864
05097-05 - CENTER,05097-09 - MOUNT IDA - OUT,117029.7823586177
05097-09 - MOUNT IDA - OUT,05097-11 - NORMAN - OUT,18851.95619416965
05097-09 - MOUNT IDA - OUT,05097-08 - MOUNT IDA - IN,33549.839424262296
05097-09 - MOUNT IDA - OUT,05097-13 - ODEN - OUT,13516.53320081586
05097-09 - MOUNT IDA - OUT,05097-14 - PENCIL BLUFF,33623.90861811356
05097-09 - MOUNT IDA - OUT,05097-15 - SIMS,66474.1274840144
05097-09 - MOUNT IDA - OUT,05097-16 - WASHITA,79763.42309650099
05097-09 - MOUNT IDA - OUT,05097-06 - FANNIE,216749.8065291774
05097-14 - PENCIL BLUFF,05097-13 - ODEN - OUT,80569.77014377898
05097-14 - PENCIL BLUFF,05097-15 - SIMS,24125.330172032718
05097-16 - WASHITA,05097-15 - SIMS,40705.85605648718
05097-16 - WASHITA,05097-06 - FANNIE,49211.324005260365
05097-16 - WASHITA,05149-29 - Ions Creek,36908.41242589139
05097-15 - SIMS,05097-13 - ODEN - OUT,37648.106238570734
05097-15 - SIMS,05149-29 - Ions Creek,16024.902031950049
05097-07 - HOPPER,05109-07 - Langley/Lodi,76945.21349676028
05097-07 - HOPPER,05113-09 - DALLAS VALLEY/ SHADY,31675.756743189835
05097-06 - FANNIE,05149-05 - Crawford,10859.993727668863
05097-06 - FANNIE,05149-29 - Ions Creek,15594.260904136383
05097-13 - ODEN - OUT,05113-06 - BOARD CAMP,10705.79770980418
05097-13 - ODEN - OUT,05113-07 - CHERRY HILL,41959.23587584201
05097-13 - ODEN - OUT,05127-22 - Mill Creek,69573.87814259062
05097-13 - ODEN - OUT,05127-05 - Cedar Creek,5490.227965821162
05097-13 - ODEN - OUT,05127-16 - Jones/Little Texas,20924.50510657022
05097-13 - ODEN - OUT,05149-29 - Ions Creek,15518.496822846722
05097-04 - CANEY,05109-05 - Glenwood South,6535.646899716504
05097-04 - CANEY,05109-04 - Glenwood North,16382.373662540285
05099-BOD City & Rural St Rep 89,05099-BOD Rural St Rep 98,46890.30621868912
05099-Willisville City&RuralSt.Rep98,05099-Willisville Rural St. Rep 89,59359.23110527478
05099-Georgia,05099-Rosston Rural St Rep 89,35548.736293069356
05099-Georgia,05099-Laneburg,42531.98844743591
05099-Georgia,05099-Georgia Nev School Dist Zone3,21056.863025486087
05099-Georgia,05099-Bluff City City & Rural,28477.855541300894
05099-Emmet City Blvns S Dis,05099-Emmet Rural Nev School Dist,22251.537986624688
05099-Ward 2 & 3 Prescott SZ 2,"05099-Ward 1, 2 & 3",7374.076161733333
05099-Ward 2 & 3 Prescott SZ 2,"05099-Ward 2, 3 & 4 Prescott SZ 1",7925.812325691492
05099-Ward 2 & 3 Prescott SZ 2,05099-East & West Rural,53786.98870609616
05099-Laneburg,05099-BOD Rural St Rep 98,32936.1302369622
05099-Laneburg,05099-Rosston Rural St Rep 89,21559.680524432693
05099-Laneburg,05099-Laneburg Nev SD Zone 3,15834.997144474546
05099-Laneburg,05099-Emmet Rural Nev School Dist,41364.47582299032
05099-Laneburg,05099-Georgia Nev School Dist Zone3,13367.935541509976
05099-Laneburg,05099-East & West Rural,47558.23362403659
05099-Bluff City City & Rural,05099-Rosston Rural St Rep 89,28163.508536998426
05099-Bluff City City & Rural,05103-014-County 005,49025.75959440807
05099-Bluff City City & Rural,05099-Georgia Nev School Dist Zone3,12822.976199136203
05099-Bluff City City & Rural,05099-East & West Rural,36607.60224876259
05099-Emmet Rural Nev School Dist,05099-Laneburg Nev SD Zone 3,15296.689425096141
05099-Emmet Rural Nev School Dist,05099-East & West Rural,53670.72791351515
"05099-Ward 1, 2 & 3","05099-Ward 2, 3 & 4 Prescott SZ 1",5942.758869740427
"05099-Ward 1, 2 & 3",05099-East & West Rural,13487.255929617775
"05099-Ward 2, 3 & 4 Prescott SZ 1",05099-East & West Rural,12707.966974848232
05099-Rosston Rural St Rep 98,05103-013-County 004,5310.002314577767
05099-Rosston Rural St Rep 98,05099-Willisville Rural St. Rep 89,37308.236378811765
05099-Rosston Rural St Rep 98,05099-Rosston Rural St Rep 89,32249.580020793328
05099-Rosston Rural St Rep 98,05103-014-County 005,37234.13836044068
05099-BOD Rural Nev SZ 3 & St Rep 89,05099-Willisville Rural St. Rep 89,22818.09182590027
05099-BOD Rural Nev SZ 3 & St Rep 89,05099-BOD Rural St Rep 98,48042.591633366654
05099-Georgia Nev School Dist Zone3,05099-East & West Rural,21039.30749792895
05099-Laneburg Nev SD Zone 3,05099-BOD Rural St Rep 98,15074.399469583319
05099-Rosston CitySalesTax & StRep89,05099-Rosston Rural St Rep 89,58407.256024448725
05099-BOD Rural St Rep 98,05099-Willisville Rural St. Rep 89,37617.356165369776
05099-BOD Rural St Rep 98,05099-Rosston Rural St Rep 89,21280.6237906798
05099-East & West Rural,05109-11 - Pisgah,9564.759632284871
05099-East & West Rural,05109-01 - Antoine,41137.94043843553
05099-Rosston Rural St Rep 89,05099-Willisville Rural St. Rep 89,32408.5044326359
05099-Rosston Rural St Rep 89,05103-014-County 005,26525.264527470383
05101-Richland,05115-018- Freeman,63268.80812634063
05101-Richland,05101-Pleasant Hill,37226.64197923418
05101-Richland,05129-Mt. Pleasant,32167.5798217477
05101-Richland,05101-Big Creek,33099.03174300133
05101-Richland,05101-Polk,24960.466266677096
05101-Hickory Grove,05101-Pleasant Hill,39871.30311401966
05101-Hickory Grove,05101-Jefferson,35497.181678784546
05101-Hickory Grove,05101-Lincoln,15903.291523173048
05101-Polk,05129-Mt. Pleasant,22119.22761863599
05101-Polk,05129-Calf Creek,41891.70904212764
05101-Polk,05101-Big Creek,47150.50328959021
05101-Polk,05101-White,15932.90502504963
05101-Polk,05101-Hasty,15574.54933173587
05101-Polk,05101-Grove,10401.218452983427
05101-Lincoln,05101-Pleasant Hill,10725.966977986081
05101-Lincoln,05101-Jefferson,15693.025215365597
05101-Lincoln,05101-Murray,13193.294894189909
05101-Lincoln,05101-Hudson,27899.36112565974
05101-Big Creek,05101-Pleasant Hill,35358.12996061793
05101-Big Creek,05101-White,51647.23729841343
05101-Murray,05101-Jefferson,32524.739972247648
05101-Murray,05101-Van Buren,14803.88146706887
05101-Murray,05101-Hudson,15885.338276564642
05101-Murray,05101-Low Gap,18694.641607661662
05101-Murray,05101-Ponca,5019.951109741072
05101-White,05101-Pleasant Hill,15866.030915812198
05101-White,05101-Jackson,46624.23666655788
05101-White,05101-Hasty,15450.420813295194
05101-White,05101-Dogpatch,10368.860953411779
05101-White,05101-Hudson,10647.563491965924
05101-Grove,05129-Calf Creek,1399.0557189045596
05101-Grove,05101-Hasty,49985.52031211833
05101-Grove,05101-Dogpatch,25411.109126713083
05101-Grove,05129-Prairie,47640.345684503394
05101-Hasty,05101-Dogpatch,34011.30276033038
05101-Hudson,05101-Pleasant Hill,15744.389310755689
05101-Hudson,05101-Jackson,22676.98412231514
05101-Hudson,05101-Low Gap,27512.574504573873
05101-Hudson,05101-Mt Sherman,26343.680829600584
05101-Van Buren,05101-Boston,33772.5990321454
05101-Van Buren,05101-Jefferson,57053.32741117605
05101-Van Buren,05101-Ponca,42443.17650989565
05101-Jackson,05101-Dogpatch,28025.675183496707
05101-Jackson,05101-Mt Sherman,39093.579547516616
05101-Mt Sherman,05101-Dogpatch,51019.95891055719
05101-Mt Sherman,05101-Low Gap,18277.89350068245
05101-Mt Sherman,05101-Ponca,5699.013282579345
05101-Low Gap,05101-Ponca,52521.09182599435
05101-Dogpatch,05101-Ponca,24289.464763914388
05101-Boston,05101-Jefferson,56892.38338722857
05101-Jefferson,05101-Pleasant Hill,26286.55106700745
05103-016-County 008,05103-012-County 003,16158.964085012765
05103-016-County 008,05103-015-County 007,2782.1950354844967
05103-016-County 008,05103-003-Camden,29579.37135238455
05103-016-County 008,05103-011-County 002,19100.729542051307
05103-017-County 010,05103-015-County 007,26195.63329181661
05103-017-County 010,05103-004-Camden,13029.362173214126
05103-004-Camden,05103-015-County 007,40430.4057631268
05103-004-Camden,05103-003-Camden,26118.223518324467
05103-004-Camden,05103-002-Camden,10239.666164287059
05103-013-County 004,05139-Mt Holly,10483.227962976793
05103-013-County 004,05103-009-Stephens,66447.16172219274
05103-013-County 004,05103-018-County 011,25121.024562518614
05103-013-County 004,05103-012-County 003,73089.32962452501
05103-013-County 004,05103-015-County 007,56018.539582892474
05103-013-County 004,05103-014-County 005,73633.46047035874
05103-008-Louann,05103-012-County 003,10892.360857243955
05103-001-Camden,05103-018-County 011,51870.09654489201
05103-001-Camden,05103-015-County 007,5700.355870793729
05103-001-Camden,05103-002-Camden,19553.83329741176
05103-003-Camden,05103-012-County 003,9383.138965877051
05103-003-Camden,05103-015-County 007,2692.12696618294
05103-003-Camden,05103-002-Camden,11436.242448288633
05103-003-Camden,05103-011-County 002,9427.130683765328
05103-002-Camden,05103-018-County 011,4856.498898660671
05103-002-Camden,05103-015-County 007,6046.603182733907
05103-002-Camden,05103-011-County 002,11921.369328555314
05103-015-County 007,05103-018-County 011,15638.905122785141
05103-015-County 007,05103-012-County 003,13354.72305039405
05103-007-East Camden,05103-011-County 002,31774.04437800054
05103-010-County 001,05103-005-Bearden,31519.423851659467
05103-010-County 001,05103-011-County 002,51657.66303293462
05103-010-County 001,05103-014-County 005,125074.83244531648
05103-014-County 005,05103-018-County 011,78147.80252169084
05103-014-County 005,05103-006-Chidester,58309.69882357048
05103-014-County 005,05103-011-County 002,32377.508039284974
05103-018-County 011,05103-011-County 002,20724.18681214628
05103-012-County 003,05139-Mt Holly,16574.148484134035
05103-012-County 003,05139-Lisbon,26230.839698493222
05103-012-County 003,05139-Norphlet,42584.71128266914
05103-012-County 003,05139-Calion,18135.044284679145
05103-012-County 003,05139-Smackover,61517.47626300599
05103-012-County 003,05103-011-County 002,2134.791896906904
05105-09 - New Tennessee,05105-14 - Tyler,61179.96506650731
05105-09 - New Tennessee,05149-17 - Lamar,59503.86919679354
05105-09 - New Tennessee,05105-01 - Aplin,40326.993962165856
05105-09 - New Tennessee,05105-02 - Casa,45104.86232634563
05105-09 - New Tennessee,05149-20 - Mason,5366.087317009396
05105-16 - Union Valley,05105-08 - Maumelle,20883.08263096492
05105-16 - Union Valley,05105-12 - Rankin,21361.571686269534
05105-16 - Union Valley,05105-04 - Fourche,61609.03298583236
05105-16 - Union Valley,05105-03 - Cherry Hill,4459.853759752446
05105-06 - Kenney,05105-17 - Wye,35074.59889578569
05105-06 - Kenney,05105-12 - Rankin,13855.56860958847
05105-06 - Kenney,05105-10 - Perry,41419.044920925335
05105-06 - Kenney,05105-05 - Houston,6730.343832653746
05105-11 - Petit Jean,05105-07 - Lake,18975.04121691491
05105-11 - Petit Jean,05105-01 - Aplin,14212.839756729827
05105-11 - Petit Jean,05105-03 - Cherry Hill,20851.7096909506
05105-11 - Petit Jean,05105-02 - Casa,10789.04910256781
05105-11 - Petit Jean,05105-13 - Rose Creek,37667.49205280676
05105-12 - Rankin,05119-Precinct 052,20645.9116005028
05105-12 - Rankin,05105-08 - Maumelle,21157.040528518144
05105-12 - Rankin,05105-17 - Wye,15820.736769822839
05105-12 - Rankin,05105-04 - Fourche,16967.702845833588
05105-12 - Rankin,05105-05 - Houston,49380.0623969782
05105-01 - Aplin,05105-14 - Tyler,19116.22192502811
05105-01 - Aplin,05105-08 - Maumelle,14148.368477268963
05105-01 - Aplin,05105-03 - Cherry Hill,37303.16436366108
05105-01 - Aplin,05105-02 - Casa,18358.81750139339
05105-03 - Cherry Hill,05105-08 - Maumelle,29171.368385408263
05105-03 - Cherry Hill,05105-04 - Fourche,24513.719367223362
05105-02 - Casa,05149-20 - Mason,32446.34698878174
05105-02 - Casa,05105-13 - Rose Creek,31810.745936056457
05105-04 - Fourche,05105-05 - Houston,14138.871446630608
05105-04 - Fourche,05105-07 - Lake,40001.71283785481
05105-07 - Lake,05105-05 - Houston,15709.238947016589
05105-05 - Houston,05105-10 - Perry,22918.71499790063
05105-05 - Houston,05105-15 - Union,12855.90719882341
05105-13 - Rose Creek,05149-20 - Mason,5294.386971506127
05105-13 - Rose Creek,05149-13 - Galla Rock,13733.542555224414
05105-14 - Tyler,05149-05 - Crawford,52559.40730321206
05105-14 - Tyler,05125-23,63469.6125831496
05105-14 - Tyler,05105-08 - Maumelle,21458.131628662635
05105-14 - Tyler,05149-17 - Lamar,26320.912701776077
05105-10 - Perry,05105-17 - Wye,3306.967334400825
05105-10 - Perry,05105-15 - Union,25669.999506619457
05105-08 - Maumelle,05125-23,86868.13554434825
05105-08 - Maumelle,05119-Precinct 052,25838.029785069542
05105-17 - Wye,05119-Precinct 053,18622.963505717547
05105-17 - Wye,05119-Precinct 052,39640.988637015405
05107-1st Baptist Church P5,05107-Cherry St. Fire Station P1,4727.614563559895
05107-1st Baptist Church P5,05107-West Helena City Hall P7,64635.48178554339
05107-1st Baptist Church P5,05107-2nd Baptist Church P3,12144.0079867461
05107-2nd Baptist Church P3,05107-Cherry St. Fire Station P1,21252.143604708846
05107-2nd Baptist Church P3,05107-West Helena City Hall P7,41516.28067881309
05107-Elaine Votech P16,05107-Lakeview School Cafeteria P15,70505.46280160482
05107-Lakeview School Cafeteria P15,05107-Marvell Fire Station P11,105976.58547735368
05107-Lakeview School Cafeteria P15,05107-Cherry St. Fire Station P1,22548.36316007431
05107-Lakeview School Cafeteria P15,05107-Barton Fire Station P9,48871.478877178575
05107-Marvell Fire Station P11,05107-Barton Fire Station P9,26634.720108932095
05107-Marvell Fire Station P11,05107-Lexa Fire Station P10,31888.05902675816
05107-Lexa Fire Station P10,05107-Barton Fire Station P9,26799.87918237253
05107-Lexa Fire Station P10,05107-West Helena City Hall P7,11885.265279150102
05107-Lexa Fire Station P10,05107-Spring Lake Church P8,24085.612839612375
05107-Barton Fire Station P9,05107-Cherry St. Fire Station P1,47577.67771291336
05107-Barton Fire Station P9,05107-West Helena City Hall P7,37485.17236332514
05107-Spring Lake Church P8,05107-Cherry St. Fire Station P1,23887.883425302443
05107-Spring Lake Church P8,05107-West Helena City Hall P7,31468.15328389203
05107-West Helena City Hall P7,05107-Cherry St. Fire Station P1,47089.15880689603
05109-04 - Glenwood North,05109-05 - Glenwood South,43173.4426476703
05109-04 - Glenwood North,05109-07 - Langley/Lodi,13672.680692510088
05109-02 - Daisy,05109-06 - Kirby,46964.88855346197
05109-02 - Daisy,05109-09 - Murfreesboro West,31682.744548289957
05109-02 - Daisy,05109-10 - Newhope,32166.79896445379
05109-02 - Daisy,05109-07 - Langley/Lodi,45313.99300075269
05109-10 - Newhope,05109-07 - Langley/Lodi,37325.038839004505
05109-01 - Antoine,05109-11 - Pisgah,23999.157179781392
05109-01 - Antoine,05109-03 - Delight,59860.16761590115
05109-11 - Pisgah,05109-03 - Delight,39897.966808801284
05109-11 - Pisgah,05109-08 - Murfreesboro East,43507.8026086266
05109-08 - Murfreesboro East,05109-03 - Delight,83128.28242290519
05109-08 - Murfreesboro East,05109-06 - Kirby,25715.27869815339
05109-08 - Murfreesboro East,05109-09 - Murfreesboro West,84195.89910321712
05109-03 - Delight,05109-06 - Kirby,55352.3193239903
05109-05 - Glenwood South,05109-06 - Kirby,53698.70172944501
05109-06 - Kirby,05109-07 - Langley/Lodi,20827.146210758834
05109-07 - Langley/Lodi,05113-09 - DALLAS VALLEY/ SHADY,5202.240320423889
05111-Bolivar,05111-Owen Waldenburg,16009.631150643032
05111-Bolivar,05111-Scott VV and WH,63772.020170889366
05111-Bolivar,05111-Lunsford,31585.978431541647
05111-Bolivar,05111-West Prairie,15874.533622052144
05111-Bolivar,05111-Greenfield,64585.72377469192
05111-Owen Fisher,05111-Owen Waldenburg,64821.158095254905
05111-Owen Fisher,05111-Scott VV and WH,34392.22157998836
05111-Tyronza,05111-Little River Payneway,62220.12908011331
05111-Willis,05111-Lunsford,42627.956438593064
05111-Willis,05111-Greenwood Rivervale,38019.51914283743
05111-Willis,05111-Greenfield,30818.10573991027
05111-Lunsford,05111-Scott VV and WH,24664.41503570202
05111-Lunsford,05111-Little River Payneway,85779.2781198293
05111-Lunsford,05111-Greenwood Rivervale,17774.574724939645
05111-Dobson,05111-West Prairie,65226.66057368273
05111-Scott VV and WH,05111-Little River Payneway,6296.90809523654
05111-Owen Waldenburg,05111-West Prairie,64704.37852751602
05111-Little River Payneway,05111-Greenwood Rivervale,62039.125704219434
05111-West Prairie,05111-Greenfield,30252.172897849192
05113-17 - GRANNIS,05133-Mineral,57444.39349469707
05113-17 - GRANNIS,05113-16 - WICKES,76386.34131224616
05113-02- MENA,05113-09 - DALLAS VALLEY/ SHADY,12868.743797812504
05113-02- MENA,05113-03- MENA,16208.085408695433
05113-02- MENA,05113-10 - SHADY GROVE,3378.422777854711
05113-02- MENA,05113-12 - POTTER,9714.852730841125
05113-02- MENA,05113-01- MENA,13953.092873348929
05113-02- MENA,05113-04 - ACORN,3578.544260254752
05113-08 - BIG FORK,05113-06 - BOARD CAMP,64832.23582050679
05113-08 - BIG FORK,05113-09 - DALLAS VALLEY/ SHADY,42629.6811645404
05113-13 - HATFIELD,05113-09 - DALLAS VALLEY/ SHADY,36587.60324667297
05113-13 - HATFIELD,05113-14 - COVE,58234.96130087896
05113-13 - HATFIELD,05113-12 - POTTER,84180.36039961867
05113-06 - BOARD CAMP,05113-07 - CHERRY HILL,93885.3378631743
05113-06 - BOARD CAMP,05113-09 - DALLAS VALLEY/ SHADY,70855.7471148766
05113-06 - BOARD CAMP,05113-05 - INK,30726.415662371444
05113-03- MENA,05113-10 - SHADY GROVE,12204.611167890758
05113-03- MENA,05113-12 - POTTER,3577.769734024796
05113-01- MENA,05113-09 - DALLAS VALLEY/ SHADY,26907.540062923043
05113-01- MENA,05113-04 - ACORN,27726.977543277593
05113-10 - SHADY GROVE,05113-12 - POTTER,21156.836286033384
05113-10 - SHADY GROVE,05113-11 - ROCKY,15872.233830612111
05113-10 - SHADY GROVE,05113-04 - ACORN,31719.553876695874
05113-05 - INK,05113-07 - CHERRY HILL,28021.024221295986
05113-05 - INK,05113-09 - DALLAS VALLEY/ SHADY,3725.980537531632
05113-05 - INK,05113-04 - ACORN,49744.613831038376
05113-04 - ACORN,05113-07 - CHERRY HILL,39474.902848341364
05113-04 - ACORN,05113-09 - DALLAS VALLEY/ SHADY,18661.291763478494
05113-04 - ACORN,05127-22 - Mill Creek,64414.02078860018
05113-04 - ACORN,05127-02 - Blansett,53310.35918731762
05113-04 - ACORN,05113-11 - ROCKY,57945.904540949734
05113-04 - ACORN,05127-01 - Blackfork,31593.25554997044
05113-07 - CHERRY HILL,05127-22 - Mill Creek,26271.451308942
05113-09 - DALLAS VALLEY/ SHADY,05113-15 - VANDERVOORT,21228.72091665119
05113-09 - DALLAS VALLEY/ SHADY,05113-14 - COVE,15929.343979035557
05113-09 - DALLAS VALLEY/ SHADY,05113-12 - POTTER,13132.738808220021
05113-12 - POTTER,05113-11 - ROCKY,51592.92842513845
05113-14 - COVE,05113-15 - VANDERVOORT,68161.73991883505
05113-15 - VANDERVOORT,05113-16 - WICKES,63917.857520673686
05115-031- Pottsville Out 1,05149-13 - Galla Rock,2085.2505908853404
05115-031- Pottsville Out 1,05149-07 - Dardanelle Outside,8893.414554464653
05115-031- Pottsville Out 1,05115-005- Atkins Out 2,32965.29178942153
05115-031- Pottsville Out 1,05115-032- Pottsville Out 2,12957.56988054846
05115-031- Pottsville Out 1,05115-029- Pottsville In 1,91469.45573188347
05115-031- Pottsville Out 1,05115-011- Crow Mountain East 1,12186.577540989527
05115-031- Pottsville Out 1,05115-012- Crow Mountain East 2,25134.23417247801
05115-031- Pottsville Out 1,05115-054- Russellville Out 4,22315.343009491877
05115-031- Pottsville Out 1,05115-014- Crow Mountain West 2,9514.160039424387
05115-031- Pottsville Out 1,05115-013- Crow Mountain West 1,4741.818840355023
05115-056- Scottsville 2,05115-016- Dover Out,19230.231346651908
05115-056- Scottsville 2,05115-055- Scottsville 1,19554.66674586934
05115-032- Pottsville Out 2,05149-07 - Dardanelle Outside,4719.553449448263
05115-032- Pottsville Out 2,05115-030- Pottsville In 2,26382.856455324163
05115-032- Pottsville Out 2,05115-053- Russellville Out 3,17382.659873843135
05115-005- Atkins Out 2,05149-13 - Galla Rock,1726.7208268221575
05115-005- Atkins Out 2,05115-004- Atkins Out 1,35954.566639634315
05115-005- Atkins Out 2,05115-011- Crow Mountain East 1,1241.92429621384
05115-041- Russellville 3-A,05115-042- Russellville 3-B,9070.474439903888
05115-041- Russellville 3-A,05115-040- Russellville 2-C,7315.530438096057
05115-041- Russellville 3-A,05115-039- Russellville 2-B,1285.11401766605
05115-041- Russellville 3-A,05115-046- Russellville 4-D,3955.797914232485
05115-050- Russellville 4-H,05115-048- Russellville 4-F,10354.2731298629
05115-050- Russellville 4-H,05115-046- Russellville 4-D,4768.427348033863
05115-050- Russellville 4-H,05115-049- Russellville 4-G,9693.188714240187
05115-050- Russellville 4-H,05115-045- Russellville 4-C,5400.455340227908
05115-049- Russellville 4-G,05115-047- Russellville 4-E,4383.054473298138
05115-049- Russellville 4-G,05115-054- Russellville Out 4,10733.02175832928
05115-049- Russellville 4-G,05115-043- Russellville 4-A,1450.2189519981316
05115-030- Pottsville In 2,05115-029- Pottsville In 1,13299.024086403553
05115-030- Pottsville In 2,05115-053- Russellville Out 3,14948.76728983126
05115-030- Pottsville In 2,05115-042- Russellville 3-B,8053.734765811782
05115-045- Russellville 4-C,05115-046- Russellville 4-D,1642.3094108492971
05115-045- Russellville 4-C,05115-034- Russellville 1-A,8881.719307344156
05115-045- Russellville 4-C,05115-043- Russellville 4-A,6522.454198750697
05115-053- Russellville Out 3,05149-07 - Dardanelle Outside,62179.58615003518
05115-053- Russellville Out 3,05115-042- Russellville 3-B,28311.47583891795
05115-053- Russellville Out 3,05115-038- Russellville 2-A,30096.22422709166
05115-053- Russellville Out 3,05115-035- Russellville 1-B,23736.24649811844
05115-053- Russellville Out 3,05115-022- London Out,25675.06979631516
05115-053- Russellville Out 3,05115-034- Russellville 1-A,9963.737196339956
05115-053- Russellville Out 3,05115-052- Russellville Out 2,8865.74089483537
05115-042- Russellville 3-B,05115-029- Pottsville In 1,14680.066552669852
05115-042- Russellville 3-B,05115-038- Russellville 2-A,10452.768044819462
05115-042- Russellville 3-B,05115-040- Russellville 2-C,1824.7250799111614
05115-042- Russellville 3-B,05115-048- Russellville 4-F,19241.059739727203
05115-042- Russellville 3-B,05115-054- Russellville Out 4,6211.775049882656
05115-003- Atkins In,05115-004- Atkins Out 1,56381.071154609774
05115-003- Atkins In,05115-011- Crow Mountain East 1,4225.369233021059
05115-003- Atkins In,05115-006- Atkins Out 3,13224.25508528389
05115-029- Pottsville In 1,05115-054- Russellville Out 4,1404.6038975346125
05115-040- Russellville 2-C,05115-038- Russellville 2-A,12543.852735196931
05115-040- Russellville 2-C,05115-039- Russellville 2-B,5072.435912306558
05115-040- Russellville 2-C,05115-046- Russellville 4-D,1611.9591571855567
05115-040- Russellville 2-C,05115-036- Russellville 1-C,809.5905587354455
05115-040- Russellville 2-C,05115-034- Russellville 1-A,1592.294853911249
05115-011- Crow Mountain East 1,05115-004- Atkins Out 1,17406.935669402454
05115-011- Crow Mountain East 1,05115-006- Atkins Out 3,4005.5989383885176
05115-011- Crow Mountain East 1,05115-012- Crow Mountain East 2,19380.700844415886
05115-048- Russellville 4-F,05115-046- Russellville 4-D,1319.6222630920515
05115-048- Russellville 4-F,05115-047- Russellville 4-E,2781.2356680993416
05115-046- Russellville 4-D,05115-034- Russellville 1-A,2152.6796493734996
05115-039- Russellville 2-B,05115-038- Russellville 2-A,11937.715189060176
05115-039- Russellville 2-B,05115-035- Russellville 1-B,236.03317240147487
05115-039- Russellville 2-B,05115-036- Russellville 1-C,8318.534845883903
05115-034- Russellville 1-A,05115-035- Russellville 1-B,5875.093481251161
05115-034- Russellville 1-A,05115-036- Russellville 1-C,8409.643166686405
05115-034- Russellville 1-A,05115-043- Russellville 4-A,3456.922541588316
05115-038- Russellville 2-A,05115-035- Russellville 1-B,16933.855646833985
05115-006- Atkins Out 3,05115-004- Atkins Out 1,29525.513039786874
05115-006- Atkins Out 3,05115-012- Crow Mountain East 2,9218.238221118727
05115-006- Atkins Out 3,05115-017- Economy,25959.550347837892
05115-006- Atkins Out 3,05115-028- Pea Ridge,6579.375331372144
05115-047- Russellville 4-E,05115-054- Russellville Out 4,7625.75101866843
05115-036- Russellville 1-C,05115-035- Russellville 1-B,3232.6062754486497
05115-051- Russellville Out 1,05115-022- London Out,5564.213696134067
05115-051- Russellville Out 1,05115-054- Russellville Out 4,632.7699886353216
05115-051- Russellville Out 1,05115-014- Crow Mountain West 2,13538.697877793422
05115-051- Russellville Out 1,05115-052- Russellville Out 2,38366.02173586808
05115-051- Russellville Out 1,05115-044- Russellville 4-B,18821.030311265404
05115-051- Russellville Out 1,05115-015- Dover In,508.08217635095275
05115-051- Russellville Out 1,05115-016- Dover Out,32866.10527324704
05115-054- Russellville Out 4,05115-014- Crow Mountain West 2,16534.14616015362
05115-054- Russellville Out 4,05115-052- Russellville Out 2,7197.5125495885895
05115-044- Russellville 4-B,05115-043- Russellville 4-A,6552.256979855254
05115-044- Russellville 4-B,05115-052- Russellville Out 2,1144.3750466910003
05115-044- Russellville 4-B,05115-015- Dover In,1325.7657987334458
05115-044- Russellville 4-B,05115-016- Dover Out,531.2777657487107
05115-026- Moreland 1,05115-012- Crow Mountain East 2,7930.1890439336785
05115-026- Moreland 1,05115-028- Pea Ridge,36823.49886891217
05115-026- Moreland 1,05115-013- Crow Mountain West 1,22268.592482529766
05115-026- Moreland 1,05115-027- Moreland 2,21858.029842417127
05115-026- Moreland 1,05115-010- Caglesville 2,12064.279879122982
05115-026- Moreland 1,05115-008- Buck Mountain,4878.677679149217
05115-026- Moreland 1,05115-002- Appleton 2,5260.547863462973
05115-021- London In,05115-022- London Out,76994.14777442013
05115-028- Pea Ridge,05115-012- Crow Mountain East 2,19849.284725132555
05115-028- Pea Ridge,05115-017- Economy,31111.704414949778
05115-028- Pea Ridge,05115-002- Appleton 2,10562.723634949083
05115-017- Economy,05115-002- Appleton 2,15826.499575127604
05115-027- Moreland 2,05115-008- Buck Mountain,5712.390153748766
05115-027- Moreland 2,05115-009- Caglesville 1,6100.59914965504
05115-052- Russellville Out 2,05115-022- London Out,15388.522713206548
05115-052- Russellville Out 2,05115-043- Russellville 4-A,66995.11369989775
05115-014- Crow Mountain West 2,05115-013- Crow Mountain West 1,23007.154898710945
05115-014- Crow Mountain West 2,05115-016- Dover Out,4940.95315246345
05115-013- Crow Mountain West 1,05115-012- Crow Mountain East 2,961.8612640511101
05115-013- Crow Mountain West 1,05115-016- Dover Out,28913.853182266936
05115-013- Crow Mountain West 1,05115-008- Buck Mountain,15835.85046075773
05115-010- Caglesville 2,05115-002- Appleton 2,18394.773361288488
05115-010- Caglesville 2,05115-009- Caglesville 1,22388.605909513983
05115-015- Dover In,05115-016- Dover Out,82373.65131529645
05115-009- Caglesville 1,05115-008- Buck Mountain,21925.844758688538
05115-009- Caglesville 1,05115-020- Hector Out,25712.927025237947
05115-009- Caglesville 1,05115-001- Appleton 1,8030.356660509865
05115-008- Buck Mountain,05115-016- Dover Out,29363.507348886877
05115-008- Buck Mountain,05115-055- Scottsville 1,19442.392522661215
05115-008- Buck Mountain,05115-020- Hector Out,11382.122218668796
05115-002- Appleton 2,05115-001- Appleton 1,36330.79165118686
05115-019- Hector In,05115-020- Hector Out,41324.66592403894
05115-001- Appleton 1,05115-020- Hector Out,47943.80950250674
05115-001- Appleton 1,05141-08 CRAIG,19878.361014060258
05115-055- Scottsville 1,05115-016- Dover Out,3250.079745573362
05115-055- Scottsville 1,05115-023- Martin 1,42293.07622879472
05115-055- Scottsville 1,05115-020- Hector Out,79735.44623223912
05115-055- Scottsville 1,05115-018- Freeman,15702.43657756408
05115-016- Dover Out,05115-022- London Out,2070.2504485064464
05115-016- Dover Out,05115-007- Bayliss,26239.716151430046
05115-016- Dover Out,05115-024- Martin 2,13728.034090419818
05115-016- Dover Out,05115-025- Martin 3,3666.065521824901
05115-016- Dover Out,05115-023- Martin 1,8300.476570081364
05115-020- Hector Out,05115-018- Freeman,58347.86804483428
05115-020- Hector Out,05141-08 CRAIG,23932.300579204602
05115-020- Hector Out,05141-22 WHEELER,37382.771872431986
05115-020- Hector Out,05115-057- Nogo,95321.23097212278
05115-004- Atkins Out 1,05149-13 - Galla Rock,36160.70126820627
05115-022- London Out,05149-07 - Dardanelle Outside,23775.20781112162
05115-022- London Out,05115-007- Bayliss,37419.41356068309
05115-007- Bayliss,05115-024- Martin 2,45315.15321042514
05115-025- Martin 3,05115-024- Martin 2,33789.45251139484
05115-025- Martin 3,05115-023- Martin 1,48663.82148840822
05115-024- Martin 2,05115-023- Martin 1,13632.353762369346
05115-023- Martin 1,05115-018- Freeman,31732.04489227694
05115-057- Nogo,05115-018- Freeman,37761.50111097661
05115-057- Nogo,05141-22 WHEELER,10094.767405681529
05115-057- Nogo,05141-21 WASHINGTON,15728.482195316261
05115-057- Nogo,05129-Mt. Pleasant,41067.51058479706
05115-018- Freeman,05129-Mt. Pleasant,981.5536008097764
05117-Belcher / Tyler,05117-Roc Roe Country,63091.927449272596
05117-Belcher / Tyler,05117-Hazen Country,80266.12089346336
05117-Wattensaw City Ward 2,05117-Wattensaw City Ward 3,2424.3295981605434
05117-Wattensaw City Ward 2,05117-Wattensaw City Ward 1,5392.3401498520425
05117-Wattensaw City Ward 2,05117-Wattensaw Country,16271.923700575962
05117-Lower Hill City,05117-Lower Hill Country,33326.91893000708
05117-Hazen Ward 3,05117-Hazen Ward 2,7529.246298725002
05117-Hazen Ward 3,05117-Hazen Country,52156.66497770437
05117-Hazen Ward 3,05117-Hazen Ward 1,7705.79090174625
05117-Wattensaw City Ward 1,05117-Wattensaw City Ward 3,5139.420617342536
05117-Wattensaw City Ward 1,05117-Wattensaw Country,8835.28034146132
05117-Wattensaw City Ward 3,05117-Wattensaw Country,5454.5667431822685
05117-White River Ward 2,05117-White River Country,3830.5266542258405
05117-White River Ward 2,05117-White River Ward 1,7666.5283651074615
05117-White River Ward 2,05117-White River Ward 3,12092.394473786619
05117-Hazen Ward 1,05117-Hazen Ward 2,6685.250037196583
05117-Hazen Ward 1,05117-Hazen Country,9766.315663510586
05117-Hazen Ward 2,05117-Hazen Country,19702.8539525984
05117-White River Ward 3,05117-White River Country,38931.22351003112
05117-Wattensaw Country,05117-Roc Roe Country,49195.67165867792
05117-Wattensaw Country,05117-Hazen Country,61201.117065064725
05117-Wattensaw Country,05117-Lower Hill Country,85895.15790203505
05117-Wattensaw Country,05117-White River Country,46247.55885345591
05117-Hazen Country,05117-Roc Roe Country,2133.866281031089
05117-Hazen Country,05117-Center,62373.40365820071
05117-Hazen Country,05117-White River Country,19333.723676056652
05117-Union,05117-Center,33721.868412941854
05117-Union,05117-Bullard,66517.10770706965
05117-Union,05117-White River Country,10714.452366612042
05117-White River Ward 1,05117-White River Country,11115.807705969992
05117-White River Ward 1,05117-Calhoun,1472.0749314701116
05117-Roc Roe City,05117-Roc Roe Country,10744.311195356247
05117-Calhoun,05147-Cotton Plant/ Freeman - 07,50992.679013006884
05117-Calhoun,05117-Upper Hill,29016.09203296306
05117-Calhoun,05117-White River Country,47169.63375067936
05117-Calhoun,05117-Des Arc,42780.500127478146
05117-Calhoun,05147-Gregory - 06,23614.054028380815
05117-Bullard,05117-White River Country,47980.32467641264
05117-Bullard,05117-Hickory Plains,50741.46979641223
05117-Bullard,05145-84 - Walker,15102.513023222438
05117-Bullard,05145-25 - Dogwood TWP,30422.400068260435
05117-White River Country,05117-Center,3258.7595489432965
05117-White River Country,05117-Lower Hill Country,4871.459683016911
05117-White River Country,05117-Upper Hill,37900.407682246696
05117-White River Country,05117-Des Arc,65344.86546456965
05117-White River Country,05145-25 - Dogwood TWP,6101.97183400916
05117-Des Arc,05145-25 - Dogwood TWP,37401.871591473144
05117-Des Arc,05147-Gregory - 06,42080.021398716955
05117-Des Arc,05145-27 - Francure,22283.715880551084
05117-Lower Hill Country,05117-Upper Hill,31942.105717974675
05117-Hickory Plains,05145-57 - McRae TWP,602.2143193813158
05117-Hickory Plains,05145-84 - Walker,2113.995946464347
05117-Hickory Plains,05145-28 - Garner TWP,20175.104210554455
05117-Hickory Plains,05145-82 - Union,28696.048626608997
05119-Precinct 001,05119-Precinct 057,1511.6822932473265
05119-Precinct 001,05119-Precinct 004,18192.10923007321
05119-Precinct 001,05119-Precinct 008,3870.5526897703235
05119-Precinct 001,05119-Precinct 003,3210.222647186118
05119-Precinct 001,05119-Precinct 007,21201.752008023876
05119-Precinct 001,05119-Precinct 002,8434.01099049278
05119-Precinct 087,05119-Precinct 094,3696.638969436031
05119-Precinct 087,05119-Precinct 086,2663.0550750332877
05119-Precinct 087,05119-Precinct 085,3577.8868556007023
05119-Precinct 087,05119-Precinct 088,2656.472891704535
05119-Precinct 092,05119-Precinct 093,4252.067455731603
05119-Precinct 092,05119-Precinct 090,977.4545616366739
05119-Precinct 092,05119-Precinct 089,3358.3698383829083
05119-Precinct 092,05119-Precinct 091,8541.605635738546
05119-Precinct 031,05119-Precinct 029,7337.563907976915
05119-Precinct 031,05119-Precinct 030,2928.5427518787255
05119-Precinct 031,05119-Precinct 025,2677.414147158722
05119-Precinct 031,05119-Precinct  032,8848.440324126967
05119-Precinct 031,05119-Precinct 013,1305.754661943531
05119-Precinct 102,05119-Precinct 104,4205.058073728061
05119-Precinct 102,05119-Precinct 105,4803.2151704040825
05119-Precinct 102,05119-Precinct 103,2802.915831467167
05119-Precinct 102,05119-Precinct 101,3017.8576998529525
05119-Precinct 102,05119-Precinct  100,8261.132909111753
05119-Precinct 118,05119-Precinct 116,4491.482472145494
05119-Precinct 118,05119-Precinct 119,5570.12717753104
05119-Precinct 118,05119-Precinct 117,5049.549631649271
05119-Precinct 118,05119-Precinct 098,669.0805380506963
05119-Precinct 118,05119-Precinct 095,3412.84227178415
05119-Precinct 117,05119-Precinct 116,4584.967009771319
05119-Precinct 117,05119-Precinct 095,1707.7202042787765
05119-Precinct 117,05119-Precinct 094,3678.404767282208
05119-Precinct 117,05119-Precinct  100,3656.2516684089896
05119-Precinct 127,05119-Precinct 129,5057.31562068943
05119-Precinct 127,05119-Precinct 128,17939.90244370818
05119-Precinct 127,05119-Precinct 126,8483.294038108197
05119-Precinct 127,05119-Precinct 122,458.8285596399932
05119-Precinct 127,05119-Precinct 125,2208.606705817907
05119-Precinct 088,05119-Precinct 094,2724.0921590107855
05119-Precinct 088,05119-Precinct 084,3299.5504062829914
05119-Precinct 088,05119-Precinct 093,2281.1464421413543
05119-Precinct 088,05119-Precinct 089,5645.46838596322
05119-Precinct 095,05119-Precinct 098,2483.829437742139
05119-Precinct 095,05119-Precinct 094,4737.613736601986
05119-Precinct 095,05119-Precinct 096,5359.1794762897825
05119-Precinct 025,05119-Precinct 028,2370.0313050726118
05119-Precinct 025,05119-Precinct 024,3176.824641195682
05119-Precinct 025,05119-Precinct 029,2661.792797374967
05119-Precinct 025,05119-Precinct 013,11150.148960810695
05119-Precinct 113,05119-Precinct 112,10537.990530767685
05119-Precinct 113,05119-Precinct 107,4983.875732970391
05119-Precinct 113,05119-Precinct 114,11543.052422496954
05119-Precinct 113,05119-Precinct 115,3266.930229794305
05119-Precinct 121,05119-Precinct 122,4856.839055446969
05119-Precinct 121,05119-Precinct 125,2578.1529655772965
05119-Precinct 121,05119-Precinct 119,4612.595596143779
05119-Precinct 121,05119-Precinct 099,4951.793127647209
05119-Precinct 119,05119-Precinct 114,1072.5120404643599
05119-Precinct 119,05119-Precinct 122,1910.153092044299
05119-Precinct 119,05119-Precinct 116,669.2165811639306
05119-Precinct 119,05119-Precinct 120,12835.0297631193
05119-Precinct 119,05119-Precinct 098,8477.534421467355
05119-Precinct 093,05119-Precinct 094,2871.1416517016246
05119-Precinct 093,05119-Precinct 096,5693.917811306248
05119-Precinct 093,05119-Precinct 091,4926.760280436935
05119-Precinct 112,05119-Precinct 109,7930.294094571715
05119-Precinct 112,05119-Precinct 111,5249.579000014743
05119-Precinct 112,05119-Precinct 123,13808.844871607607
05119-Precinct 112,05119-Precinct 108,3080.263628016687
05119-Precinct 112,05119-Precinct 107,2009.793854504384
05119-Precinct 112,05119-Precinct 114,5701.919745549301
05119-Precinct 126,05119-Precinct 129,9724.343216781663
05119-Precinct 126,05119-Precinct 123,10649.038662409015
05119-Precinct 126,05119-Precinct 122,14773.944077747841
05119-Precinct 098,05119-Precinct 099,4389.965620236401
05119-Precinct 098,05119-Precinct 096,6633.792534737912
05119-Precinct 098,05119-Precinct 097,3446.8784854107644
05119-Precinct 110,05119-Precinct 109,16427.248477109097
05119-Precinct 110,05119-Precinct 111,5443.630669120059
05119-Precinct 110,05119-Precinct 108,11077.41078870291
05119-Precinct 111,05119-Precinct 109,5283.6713340454435
05119-Precinct 111,05119-Precinct 108,5369.005117620952
05119-Precinct 116,05119-Precinct 115,9752.087687293206
05119-Precinct 116,05119-Precinct 105,1489.245968864338
05119-Precinct 116,05119-Precinct 120,2712.4866158591526
05119-Precinct 116,05119-Precinct  100,1476.1015231914307
05119-Precinct 131,05119-Precinct 051,61118.57517382907
05119-Precinct 131,05119-Precinct 130,64795.40479672344
05119-Precinct 131,05119-Precinct 129,53808.31791049103
05119-Precinct 129,05119-Precinct 051,3306.9598173461227
05119-Precinct 129,05119-Precinct 130,9285.45853209989
05119-Precinct 129,05119-Precinct 124,2685.9124742266927
05119-Precinct 129,05119-Precinct 123,25861.3538693653
05119-Precinct 129,05119-Precinct 128,34567.4480849321
05119-Precinct 106,05119-Precinct 076,7522.421673670466
05119-Precinct 106,05119-Precinct 108,6941.687488072184
05119-Precinct 106,05119-Precinct 074,15311.479826465917
05119-Precinct 106,05119-Precinct 104,10573.10541758013
05119-Precinct 106,05119-Precinct 107,7155.253183191491
05119-Precinct 106,05119-Precinct 103,7383.282375437659
05119-Precinct 077,05119-Precinct 071,4954.630680723395
05119-Precinct 077,05119-Precinct 083,3487.5467589412265
05119-Precinct 077,05119-Precinct 070,4294.7800886762425
05119-Precinct 077,05119-Precinct 078,7644.622606079341
05119-Precinct 123,05119-Precinct 124,27906.75065397392
05119-Precinct 123,05119-Precinct 109,9126.351922598966
05119-Precinct 123,05119-Precinct 114,10190.14235028667
05119-Precinct 107,05119-Precinct 104,6739.466958404731
05119-Precinct 107,05119-Precinct 115,6102.312240914714
05119-Precinct 074,05119-Precinct 076,3527.1009034464673
05119-Precinct 074,05125-06,1759.3757284559229
05119-Precinct 074,05119-Precinct 075,7580.2334845744435
05119-Precinct 074,05119-Precinct 059,12420.354630524502
05119-Precinct 074,05119-Precinct 073,3156.536473075126
05119-Precinct 074,05119-Precinct 060,14876.927229193092
05119-Precinct 104,05119-Precinct 115,3704.367701371742
05119-Precinct 104,05119-Precinct 105,6820.548097075182
05119-Precinct 104,05119-Precinct 103,6544.623096975037
05119-Precinct 115,05119-Precinct 114,15857.196042780968
05119-Precinct 115,05119-Precinct 105,3404.7086174311617
05119-Precinct 115,05119-Precinct 120,2512.8822882850272
05119-Precinct 114,05119-Precinct 122,8357.845577728727
05119-Precinct 114,05119-Precinct 120,3863.7918360259473
05119-Precinct 122,05119-Precinct 125,13101.45063920265
05119-Precinct 103,05119-Precinct 073,3215.0223680804847
05119-Precinct 103,05119-Precinct 101,12721.252273257644
05119-Precinct 105,05119-Precinct  100,3911.0322142566456
05119-Precinct 101,05119-Precinct 073,9167.222437763465
05119-Precinct 101,05119-Precinct  100,5822.821432651966
05119-Precinct 073,05119-Precinct 072,18732.640283368757
05119-Precinct 073,05119-Precinct 060,885.2448429002509
05119-Precinct 073,05119-Precinct 071,9635.450151823099
05119-Precinct 072,05119-Precinct 060,23528.348280787468
05119-Precinct 072,05119-Precinct 071,2014.7788128677767
05119-Precinct 128,05119-Precinct 051,36694.5670662633
05119-Precinct 128,05119-Precinct 125,13288.216735473943
05119-Precinct 128,05119-Precinct 050,11864.218582645703
05119-Precinct 128,05119-Precinct 049,3475.598424179121
05119-Precinct  100,05119-Precinct 094,2652.685732998925
05119-Precinct  100,05119-Precinct 086,6631.973162961422
05119-Precinct  100,05119-Precinct 071,2009.4955056019535
05119-Precinct  100,05119-Precinct 083,5809.226229104895
05119-Precinct 125,05119-Precinct 099,7494.50484076809
05119-Precinct 125,05119-Precinct 049,13038.270507162231
05119-Precinct 086,05119-Precinct 094,2583.6527915077468
05119-Precinct 086,05119-Precinct 083,2525.0474952548175
05119-Precinct 086,05119-Precinct 085,4470.424037938483
05119-Precinct 099,05119-Precinct 097,775.9323774456403
05119-Precinct 099,05119-Precinct 016,6054.160317245753
05119-Precinct 071,05119-Precinct 083,1966.3769943962143
05119-Precinct 071,05119-Precinct 069,4424.288564935441
05119-Precinct 071,05119-Precinct 070,7528.161843804433
05119-Precinct 060,05119-Precinct 059,11801.344292626756
05119-Precinct 060,05119-Precinct 058,33287.39370216147
05119-Precinct 060,05119-Precinct 069,7186.666150057135
05119-Precinct 060,05119-Precinct 061,7723.978468045627
05119-Precinct 070,05119-Precinct 069,6150.667430457832
05119-Precinct 070,05119-Precinct 078,430.38032237150765
05119-Precinct 070,05119-Precinct 068,4224.622810653942
05119-Precinct 054,05119-Precinct 058,20806.01642397683
05119-Precinct 054,05119-Precinct 055,11396.131583674289
05119-Precinct 054,05125-01,23593.379862577414
05119-Precinct 054,05125-23,17647.35257218485
05119-Precinct 054,05119-Precinct 052,57971.95182062705
05119-Precinct 094,05119-Precinct 096,3964.654156175131
05119-Precinct 081,05119-Precinct 083,2230.2482997918582
05119-Precinct 081,05119-Precinct 082,8200.8387176275
05119-Precinct 081,05119-Precinct 079,7165.752640162149
05119-Precinct 081,05119-Precinct 080,4811.113877703362
05119-Precinct 096,05119-Precinct 097,5507.69442853647
05119-Precinct 096,05119-Precinct 091,1997.7705595046934
05119-Precinct 085,05119-Precinct 083,3546.2289296299896
05119-Precinct 085,05119-Precinct 082,2279.9048250511337
05119-Precinct 085,05119-Precinct 084,7706.996195928144
05119-Precinct 083,05119-Precinct 078,1821.2839298902902
05119-Precinct 083,05119-Precinct 082,3424.5955202409473
05119-Precinct 078,05119-Precinct 068,1989.6923072611357
05119-Precinct 078,05119-Precinct 067,3630.558796244493
05119-Precinct 078,05119-Precinct 079,4222.33059207471
05119-Precinct 050,05119-Precinct 051,22058.17141048828
05119-Precinct 050,05119-Precinct 132,16629.644623650784
05119-Precinct 050,05119-Precinct 049,9424.369188563189
05119-Precinct 050,05119-Precinct 048,4887.819263573856
05119-Precinct 069,05119-Precinct 061,8864.360857437425
05119-Precinct 069,05119-Precinct 068,5496.415418773317
05119-Precinct 097,05119-Precinct 015,11254.235128632168
05119-Precinct 097,05119-Precinct 091,7546.7057871441875
05119-Precinct 089,05119-Precinct 090,7689.339275532475
05119-Precinct 089,05119-Precinct 080,3105.180622448027
05119-Precinct 084,05119-Precinct 082,5309.23331619142
05119-Precinct 084,05119-Precinct 080,6523.990253900807
05119-Precinct 082,05119-Precinct 080,475.91526351206545
05119-Precinct 068,05119-Precinct 061,2507.2566076792127
05119-Precinct 068,05119-Precinct 067,8880.240968208313
05119-Precinct 068,05119-Precinct 064,8679.961226767107
05119-Precinct 066,05119-Precinct 067,7775.268806240707
05119-Precinct 066,05119-Precinct 079,4552.352948440653
05119-Precinct 066,05119-Precinct 064,1047.5141622641854
05119-Precinct 066,05119-Precinct 065,7325.727848415416
05119-Precinct 066,05119-Precinct 057,4106.952409746114
05119-Precinct 016,05119-Precinct 049,12296.504797608297
05119-Precinct 016,05119-Precinct 015,12041.721297047447
05119-Precinct 016,05119-Precinct 019,3959.1306789541227
05119-Precinct 016,05119-Precinct 017,4214.312752947323
05119-Precinct 016,05119-Precinct 012,261.0378999104311
05119-Precinct 067,05119-Precinct 079,4698.056618333367
05119-Precinct 067,05119-Precinct 064,1155.5000884270653
05119-Precinct 024,05119-Precinct 021,3056.577836051658
05119-Precinct 024,05119-Precinct 028,402.7213523519837
05119-Precinct 024,05119-Precinct 023,5478.828439784766
05119-Precinct 024,05119-Precinct 013,3883.438547403594
05119-Precinct 061,05119-Precinct 058,3762.08225422325
05119-Precinct 061,05119-Precinct 062,8287.99484529936
05119-Precinct 061,05119-Precinct 064,2208.366663213967
05119-Precinct 061,05119-Precinct 063,4351.614013079464
05119-Precinct 062,05119-Precinct 058,4887.53125504584
05119-Precinct 062,05119-Precinct 063,6544.937254429201
05119-Precinct 062,05119-Precinct 055,12833.7165753998
05119-Precinct 091,05119-Precinct 015,3001.7184946201
05119-Precinct 091,05119-Precinct 090,2700.1548710485745
05119-Precinct 091,05119-Precinct 012,10089.338297120039
05119-Precinct 017,05119-Precinct 019,4449.749206621099
05119-Precinct 017,05119-Precinct 020,4127.936567730016
05119-Precinct 017,05119-Precinct 012,4969.321603169141
05119-Precinct 017,05119-Precinct 022,4981.252283043591
05119-Precinct 017,05119-Precinct 018,1064.560331196534
05119-Precinct 015,05119-Precinct 012,11317.367186643456
05119-Precinct 090,05119-Precinct 080,8723.314104501755
05119-Precinct 090,05119-Precinct 012,7138.322388621794
05119-Precinct 079,05119-Precinct 057,4298.036475042692
05119-Precinct 019,05119-Precinct 049,3354.995095769349
05119-Precinct 019,05119-Precinct 026,6965.934467424054
05119-Precinct 019,05119-Precinct 020,7501.19124676366
05119-Precinct 026,05119-Precinct 049,7392.346967466257
05119-Precinct 026,05119-Precinct 020,1178.2518985353304
05119-Precinct 026,05119-Precinct 027,3917.184399105466
05119-Precinct 021,05119-Precinct 020,5230.713426859233
05119-Precinct 021,05119-Precinct 027,4906.468896740041
05119-Precinct 021,05119-Precinct 022,5054.288966367473
05119-Precinct 021,05119-Precinct 028,4320.147069086411
05119-Precinct 021,05119-Precinct 023,1496.516651188546
05119-Precinct 080,05119-Precinct 012,4931.009414889177
05119-Precinct 080,05119-Precinct 057,6676.285510587071
05119-Precinct 020,05119-Precinct 027,893.8954458548662
05119-Precinct 023,05119-Precinct 022,7232.977563197045
05119-Precinct 023,05119-Precinct 018,1336.6924790258724
05119-Precinct 023,05119-Precinct 007,2370.3614760207433
05119-Precinct 023,05119-Precinct 013,4210.661598161534
05119-Precinct 049,05119-Precinct 132,13131.885344491604
05119-Precinct 049,05119-Precinct 027,4694.621224428309
05119-Precinct 049,05119-Precinct 048,12693.389720393878
05119-Precinct 065,05119-Precinct 064,9518.778957850891
05119-Precinct 065,05119-Precinct 056,3294.832180493503
05119-Precinct 065,05119-Precinct 057,5715.7503126331785
05119-Precinct 064,05119-Precinct 063,15049.891693609436
05119-Precinct 064,05119-Precinct 056,3830.0465112540687
05119-Precinct 063,05119-Precinct 055,5276.759965244037
05119-Precinct 063,05119-Precinct 056,8049.916650204067
05119-Precinct 027,05119-Precinct 048,2357.820754403978
05119-Precinct 027,05119-Precinct 028,8676.716413763957
05119-Precinct 022,05119-Precinct 018,9081.529930735736
05119-Precinct 014,05119-Precinct 012,11425.730736296062
05119-Precinct 014,05119-Precinct 018,6579.064647294128
05119-Precinct 014,05119-Precinct 011,10142.659572927405
05119-Precinct 014,05119-Precinct 007,5057.678448627718
05119-Precinct 055,05119-Precinct 058,11756.03140739353
05119-Precinct 055,05119-Precinct 056,15947.616480241875
05119-Precinct 055,05119-Precinct 052,656.8518788983329
05119-Precinct 012,05119-Precinct 018,1333.9872521234593
05119-Precinct 012,05119-Precinct  010,13694.033484522748
05119-Precinct 012,05119-Precinct 011,14384.193953352195
05119-Precinct 009,05119-Precinct  010,9677.908324834061
05119-Precinct 009,05119-Precinct 005,10456.26792747012
05119-Precinct 009,05119-Precinct 008,4266.767549083646
05119-Precinct 018,05119-Precinct 007,8848.947877316754
05119-Precinct 028,05119-Precinct 048,4082.3793202587203
05119-Precinct 028,05119-Precinct 029,11696.901002200382
05119-Precinct 028,05119-Precinct 030,1641.447448902373
05119-Precinct 029,05119-Precinct 030,9837.802453994194
05119-Precinct 048,05119-Precinct 132,7764.3563865986835
05119-Precinct 048,05119-Precinct 030,8915.469928818537
05119-Precinct 048,05119-Precinct 047,23647.847964662415
05119-Precinct 048,05119-Precinct 036,9826.379015602033
05119-Precinct 056,05119-Precinct 057,33052.91743699084
05119-Precinct 056,05119-Precinct 052,11973.682741405124
05119-Precinct 030,05119-Precinct 036,5404.702065302396
05119-Precinct 030,05119-Precinct  032,4968.526915951019
05119-Precinct  010,05119-Precinct 057,12373.926773498793
05119-Precinct  010,05119-Precinct 005,5504.047177378104
05119-Precinct  010,05119-Precinct 004,1670.8961844280236
05119-Precinct  010,05119-Precinct 008,9364.278102283342
05119-Precinct  010,05119-Precinct 011,7938.838562738992
05119-Precinct 005,05119-Precinct 004,9506.289871598696
05119-Precinct 005,05119-Precinct 006,12199.212812556732
05119-Precinct 005,05119-Precinct 008,7869.7893635720475
05119-Precinct  032,05119-Precinct 036,4762.308787671721
05119-Precinct  032,05119-Precinct 033,14332.701660657767
05119-Precinct  032,05119-Precinct 037,1460.2963880051634
05119-Precinct  032,05119-Precinct 013,3475.311972072119
05119-Precinct 036,05119-Precinct 047,3992.5140346521207
05119-Precinct 036,05119-Precinct 037,17108.391287143004
05119-Precinct 036,05119-Precinct 038,4491.174231392873
05119-Precinct 006,05119-Precinct 004,6798.836065320759
05119-Precinct 006,05119-Precinct 008,932.1723945032832
05119-Precinct 006,05119-Precinct 003,5193.466092129851
05119-Precinct 006,05119-Precinct 002,1355.4442494649318
05119-Precinct 046,05119-Precinct 047,23396.299757426455
05119-Precinct 046,05119-Precinct 045,5921.573426251629
05119-Precinct 046,05119-Precinct 044,8228.104654088354
05119-Precinct 046,05119-Precinct 038,5577.346499556616
05119-Precinct 045,05119-Precinct 047,4081.437093426987
05119-Precinct 045,05119-Precinct 044,6707.251809039311
05119-Precinct 042,05119-Precinct 047,4223.900891615085
05119-Precinct 042,05119-Precinct 044,7399.1944516942285
05119-Precinct 042,05119-Precinct 043,4615.570626114882
05119-Precinct 042,05119-Precinct 039,6117.245919392146
05119-Precinct 042,05119-Precinct 041,6425.179305773016
05119-Precinct 011,05119-Precinct 008,5128.669721228006
05119-Precinct 011,05119-Precinct 007,46671.676130652384
05119-Precinct 004,05119-Precinct 057,13390.041126874838
05119-Precinct 004,05119-Precinct 003,6981.67067551457
05119-Precinct 003,05119-Precinct 002,7433.145631046226
05119-Precinct 037,05119-Precinct 033,7897.175394816196
05119-Precinct 037,05119-Precinct 038,18504.735872762634
05119-Precinct 037,05119-Precinct 034,5976.777251612637
05119-Precinct 044,05119-Precinct 047,1109.1709615034515
05119-Precinct 044,05119-Precinct 043,14766.258194179929
05119-Precinct 044,05119-Precinct 039,2218.2711028948406
05119-Precinct 033,05119-Precinct 013,17682.9986303205
05119-Precinct 033,05119-Precinct 034,13858.856475225453
05119-Precinct 002,05119-Precinct 008,10278.297805930855
05119-Precinct 039,05119-Precinct 043,9587.601762497967
05119-Precinct 039,05119-Precinct 041,4208.5082577933845
05119-Precinct 039,05119-Precinct 038,11415.02052644821
05119-Precinct 039,05119-Precinct 040,15273.843621201519
05119-Precinct 008,05119-Precinct 007,17833.033046277236
05119-Precinct 038,05119-Precinct 040,16856.07182064763
05119-Precinct 038,05119-Precinct 034,5011.118155182947
05119-Precinct 040,05119-Precinct 041,33777.58659010861
05119-Precinct 040,05119-Precinct 034,9438.9291463531
05119-Precinct 034,05119-Precinct 041,9190.996083244128
05119-Precinct 034,05119-Precinct 013,21784.428772622963
05119-Precinct 034,05119-Precinct 035,21397.192414568348
05119-Precinct 051,05119-Precinct 130,7652.472801320132
05119-Precinct 051,05119-Precinct 047,25688.29203247772
05119-Precinct 109,05119-Precinct 124,12957.298983819926
05119-Precinct 109,05125-22,12209.160162107673
05119-Precinct 109,05119-Precinct 108,4491.242290513673
05119-Precinct 059,05125-38,14621.673145435336
05119-Precinct 059,05125-06,14127.746150277133
05119-Precinct 059,05125-13,5819.38566202895
05119-Precinct 059,05119-Precinct 058,19299.247735529254
05119-Precinct 059,05125-01,15196.819105598232
05119-Precinct 076,05125-34,7464.257086054339
05119-Precinct 076,05125-26,14254.244538611605
05119-Precinct 076,05125-06,6681.626767166652
05119-Precinct 076,05119-Precinct 108,22236.579893318692
05119-Precinct 076,05119-Precinct 075,11661.232498107729
05119-Precinct 108,05125-22,281.670016208419
05119-Precinct 108,05125-26,1875.7372260183256
05119-Precinct 075,05125-06,4393.281102896639
05119-Precinct 130,05125-37,37160.655897582445
05119-Precinct 130,05119-Precinct 124,13266.390685515917
05119-Precinct 124,05125-37,18039.847161769154
05119-Precinct 124,05125-09,6345.3278726935905
05119-Precinct 124,05125-22,14740.724585732038
05119-Precinct 058,05125-01,21023.19964120907
05119-Precinct 052,05119-Precinct 057,8887.463188946274
05119-Precinct 052,05119-Precinct 053,60711.15358755892
05119-Precinct 052,05125-23,40619.85544293827
05119-Precinct 057,05119-Precinct 053,18200.64867439336
05119-Precinct 041,05119-Precinct 035,49558.54033529757
05119-Precinct 013,05119-Precinct 007,52966.5943814806
05121-03 - Butler,05121-16 - East Roanoke,31024.82310827457
05121-03 - Butler,05121-17 - West Roanoke,14310.710068386425
05121-03 - Butler,05121-21 - Spring River,6376.726761133729
05121-28 - Ward Three,05121-27 - Ward Two,6971.652322235613
05121-28 - Ward Three,05121-29 - Demun Rural,47765.26503708519
05121-28 - Ward Three,05121-26 - Ward One,12021.05969508263
05121-25 - Wiley,05121-02 - Bristow,21291.480208585075
05121-25 - Wiley,05121-13 - Okean,31616.777490710905
05121-25 - Wiley,05121-29 - Demun Rural,27494.722118943017
05121-25 - Wiley,05121-05 - Current River,25961.354699522257
05121-25 - Wiley,05121-18 - Running Lake,1598.4628896820718
05121-27 - Ward Two,05121-29 - Demun Rural,27544.67301470096
05121-27 - Ward Two,05121-26 - Ward One,16051.336520945399
05121-02 - Bristow,05121-16 - East Roanoke,48342.72687721444
05121-02 - Bristow,05121-29 - Demun Rural,11653.646385885997
05121-21 - Spring River,05121-17 - West Roanoke,26461.649930335218
05121-21 - Spring River,05121-11 - Janes Creek,37807.33557827637
05121-21 - Spring River,05121-24 - Water Valley,10477.52364630485
05121-16 - East Roanoke,05121-17 - West Roanoke,33860.266613228065
05121-16 - East Roanoke,05121-29 - Demun Rural,19276.644833158585
05121-17 - West Roanoke,05121-29 - Demun Rural,16001.438155570822
05121-17 - West Roanoke,05121-19 - Shiloh,10866.01998843981
05121-17 - West Roanoke,05121-24 - Water Valley,16779.46583964613
05121-26 - Ward One,05121-29 - Demun Rural,72177.4758346136
05121-29 - Demun Rural,05121-19 - Shiloh,32675.647572993163
05121-29 - Demun Rural,05121-18 - Running Lake,38314.908505147585
05121-29 - Demun Rural,05121-08 - Foster,13465.837328599322
05121-29 - Demun Rural,05121-04 - Columbia,8536.34870868031
05121-07 - Elevenpoint,05121-19 - Shiloh,28965.005465948296
05121-07 - Elevenpoint,05121-24 - Water Valley,26140.488859231944
05121-07 - Elevenpoint,05121-08 - Foster,25122.396255152067
05121-07 - Elevenpoint,05121-10 - Jackson,27080.958298541897
05121-07 - Elevenpoint,05121-06 - Dalton,10459.039482806245
05121-19 - Shiloh,05121-24 - Water Valley,43180.926800759895
05121-19 - Shiloh,05121-08 - Foster,10616.187467512802
05121-18 - Running Lake,05121-05 - Current River,75440.10513341724
05121-18 - Running Lake,05121-04 - Columbia,48289.41412161502
05121-18 - Running Lake,05121-15 - Richardson,10660.978563169947
05121-24 - Water Valley,05121-11 - Janes Creek,38068.386308983005
05121-24 - Water Valley,05121-06 - Dalton,14293.365218631996
05121-05 - Current River,05121-13 - Okean,75147.02156844274
05121-05 - Current River,05121-14 - Reyno,43199.46027129451
05121-05 - Current River,05121-15 - Richardson,16015.123313476197
05121-11 - Janes Creek,05135-South Union,31728.008542800904
05121-11 - Janes Creek,05135-North Union,26348.15452853706
05121-11 - Janes Creek,05121-22 - Union,15987.550118222389
05121-11 - Janes Creek,05121-06 - Dalton,26386.456510380453
05121-08 - Foster,05121-04 - Columbia,38400.712710661464
05121-08 - Foster,05121-10 - Jackson,653.0935633824569
05121-08 - Foster,05121-09 - Ingram,17509.63788887866
05121-10 - Jackson,05121-09 - Ingram,18317.47796148014
05121-10 - Jackson,05121-06 - Dalton,19954.755963298412
05121-10 - Jackson,05121-01 - Baker,5240.344961718599
05121-10 - Jackson,05121-23 - Warm Springs,21920.762241320852
05121-04 - Columbia,05121-15 - Richardson,39491.955573986044
05121-04 - Columbia,05121-09 - Ingram,22196.32429352561
05121-04 - Columbia,05121-20 - Siloam,9356.840359675176
05121-15 - Richardson,05121-14 - Reyno,15972.056439047019
05121-15 - Richardson,05121-12 - Little Black,26813.82827871642
05121-15 - Richardson,05121-20 - Siloam,35970.08385662981
05121-09 - Ingram,05121-20 - Siloam,43378.931046845704
05121-09 - Ingram,05121-23 - Warm Springs,16069.341404026458
05121-22 - Union,05135-North Union,27087.169640015833
05121-22 - Union,05135-Lower North,1421.5080674293902
05121-22 - Union,05135-Upper North,38684.637568815386
05121-22 - Union,05121-06 - Dalton,39234.97545291569
05121-06 - Dalton,05121-01 - Baker,55563.995050604084
05121-01 - Baker,05121-23 - Warm Springs,29108.57859520761
05121-20 - Siloam,05121-12 - Little Black,25732.593405036794
05121-20 - Siloam,05121-23 - Warm Springs,18838.445214226595
05121-12 - Little Black,05121-14 - Reyno,10108.496150355637
05123-FC Ward 1,05123-Bonair,32209.76668603954
05123-FC Ward 1,05123-FC Ward 4,11886.628951361712
05123-FC Ward 1,05123-FC Ward 2,9659.584075256584
05123-FC Ward 1,05123-Forrest City Country West,8927.954777651415
05123-FC Ward 3,05123-FC Ward 4,12038.843048294646
05123-FC Ward 3,05123-FC Ward 2,25282.017749400515
05123-FC Ward 3,05123-Newcastle Parrott,17745.723146345656
05123-FC Ward 3,05123-Caldwell,5328.980133086026
05123-FC Ward 4,05123-Bonair,13045.309063172232
05123-FC Ward 4,05123-Newcastle Parrott,23987.3557449014
05123-Hughes,05123-Bonair,65825.45173645287
05123-Hughes,05123-Widener,24113.777200227276
05123-Hughes,05123-Heth Blackfish,48039.638844943845
05123-Palestine,05123-Wheatley,42578.344377691195
05123-Palestine,05123-Bonair,43370.023381338775
05123-Palestine,05123-Forrest City Country West,37657.58191211574
05123-Palestine,05123-Colt,12199.394292223533
05123-Bonair,05123-Madison,16802.863518648956
05123-Bonair,05123-FC Ward 2,19949.014525041443
05123-Bonair,05123-Forrest City Country West,41170.45549438036
05123-Bonair,05123-Widener,32417.062172001053
05123-Bonair,05123-Newcastle Parrott,10786.12905297748
05123-Bonair,05123-Caldwell,3343.2817474770122
05123-Bonair,05123-Colt,2730.883522460399
05123-FC Ward 2,05123-Caldwell,5933.081979676303
05123-Widener,05123-Madison,37759.053823375
05123-Widener,05123-Newcastle Parrott,74888.31809287719
05123-Widener,05123-Heth Blackfish,69000.01650204539
05123-Madison,05123-Newcastle Parrott,43574.59000044001
05123-Forrest City Country West,05123-Colt,43654.9620240146
05123-Newcastle Parrott,05123-Caldwell,17174.18481523857
05123-Newcastle Parrott,05123-Colt,19749.102641832455
05123-Caldwell,05123-Colt,33864.23999395514
05123-Colt,05123-Wheatley,30824.39898195711
05123-Colt,05147-Rural Hunter - 10,21891.77921758966
05123-Colt,05147-Hilleman - 13,21668.628724193924
05123-Wheatley,05147-Rural Hunter - 10,46565.53813916386
05125-18,05125-03,18396.58699571271
05125-18,05125-31,4864.178520721721
05125-18,05125-11,8879.092456683271
05125-39,05125-41,4000.011178702601
05125-39,05125-14,6777.891231843246
05125-39,05125-15,5054.609771564704
05125-39,05125-36,6419.207358986263
05125-39,05125-40,17503.05212771836
05125-39,05125-38,6107.233139148808
05125-10,05125-29,22775.504560454272
05125-10,05125-32,15288.86708183256
05125-10,05125-19,5933.863703915542
05125-10,05125-30,5437.333886294626
05125-10,05125-16,24049.154882755764
05125-28,05125-03,48586.9461939273
05125-28,05125-30,10421.634581997347
05125-28,05125-16,26487.401961502248
05125-16,05125-03,16596.51697255748
05125-16,05125-12,2753.793999252547
05125-16,05125-32,22224.2480816774
05125-16,05125-30,24068.270094396164
05125-32,05125-03,6903.697951447609
05125-32,05125-12,42139.54567610805
05125-32,05125-11,6383.755646399972
05125-32,05125-05,10465.379876372332
05125-32,05125-19,51353.74130871999
05125-32,05125-42,2474.1175636401404
05125-31,05125-03,52400.76985747736
05125-31,05125-41,9321.434263051544
05125-31,05125-11,2528.325453918493
05125-14,05125-03,27736.79380685517
05125-14,05125-41,53704.47574006307
05125-14,05125-15,35526.02765728635
05125-14,05125-36,23628.219050626987
05125-14,05125-34,20058.12746306302
05125-14,05125-26,7760.164049695459
05125-14,05125-40,1416.297262679754
05125-11,05125-03,3730.1184282497816
05125-11,05125-41,2973.694768290651
05125-11,05125-12,13473.362081648274
05125-11,05125-17,10173.399209958356
05125-11,05125-27,1557.7770392563452
05125-12,05125-05,8813.720449606039
05125-12,05125-27,267.8778372408195
05125-41,05125-03,1368.0632489618654
05125-41,05125-17,16082.719545303553
05125-41,05125-15,2890.8543494584974
05125-15,05125-17,19055.7806488136
05125-15,05125-27,1495.0365326119859
05125-15,05125-40,7486.297029163525
05125-17,05125-27,13793.515354330895
05125-40,05125-27,3240.4961558596397
05125-40,05125-38,27108.3304211355
05125-40,05125-13,2691.5790445378784
05125-40,05125-24,56277.966382888146
05125-42,05125-05,38791.144283614885
05125-42,05125-27,55592.03589071223
05125-42,05125-19,20241.93567638251
05125-42,05125-24,11396.18474430023
05125-42,05125-07,19767.212123293968
05125-05,05125-27,10188.325033402718
05125-20,05125-08,28891.88093926046
05125-20,05125-02,10743.196892669039
05125-02,05125-08,50513.1179171982
05125-02,05125-35,15335.056591771177
05125-27,05125-24,13247.857437818318
05125-36,05125-34,1312.435781671543
05125-36,05125-04,9419.069392559437
05125-36,05125-38,4668.614347342847
05125-24,05125-19,4355.302467229113
05125-24,05125-38,15926.09270222663
05125-24,05125-13,1015.7335561286874
05125-24,05125-07,12909.219042843451
05125-24,05125-21,1498.9887063561512
05125-24,05125-01,17155.22847259804
05125-33,05125-25,15064.55353032475
05125-33,05125-22,18483.73527877585
05125-33,05125-34,7530.511756460186
05125-33,05125-26,41217.6144012759
05125-04,05125-34,9269.76004707223
05125-04,05125-06,9073.759805331621
05125-04,05125-13,7086.297102737538
05125-21,05125-19,30639.872810940862
05125-21,05125-08,15051.58248517113
05125-21,05125-01,36666.8810334478
05125-21,05125-23,42108.39472118014
05125-08,05125-29,42094.27041925481
05125-08,05125-19,29543.895929949023
05125-08,05125-23,84067.4390290617
05125-08,05125-35,32099.5781377052
05125-07,05125-01,20454.877806038166
05125-19,05125-29,22937.49092328998
05125-09,05125-25,26347.644906705238
05125-09,05125-37,36501.95886641352
05125-09,05125-22,11119.172397985833
05125-03,05125-25,49583.0122719709
05125-03,05125-34,5129.120713476108
05125-22,05125-25,9507.908439666577
05125-22,05125-26,9006.22551895095
05125-34,05125-26,18546.990307494172
05125-34,05125-06,15432.350265944797
05125-06,05125-13,35372.79961518398
05125-13,05125-38,58165.56663401851
05125-38,05125-01,20718.919942915083
05125-01,05125-23,10589.461404021622
05127-22 - Mill Creek,05127-23 - Mountain,47272.70465931304
05127-22 - Mill Creek,05127-05 - Cedar Creek,42545.282588178714
05127-22 - Mill Creek,05127-25 - Parks,31478.991754998486
05127-22 - Mill Creek,05127-02 - Blansett,52524.38007669776
05127-17 - Keener,05127-23 - Mountain,16517.975654686
05127-17 - Keener,05127-25 - Parks,43354.76728293877
05127-17 - Keener,05127-18 - Lamb,10595.26308480002
05127-23 - Mountain,05127-12 - Hickman Rural West,26017.88201930397
05127-23 - Mountain,05127-25 - Parks,20333.408346930104
05127-23 - Mountain,05127-18 - Lamb,10432.854673378304
05127-23 - Mountain,05127-02 - Blansett,15749.317166001782
05127-25 - Parks,05127-05 - Cedar Creek,63328.65440202738
05127-25 - Parks,05127-19 - Lafave,20862.1890055997
05127-25 - Parks,05127-18 - Lamb,36726.18627871609
05127-25 - Parks,05127-15 - James,31557.68061611689
05127-16 - Jones/Little Texas,05127-05 - Cedar Creek,31591.372409144467
05127-16 - Jones/Little Texas,05127-19 - Lafave,31392.9218393353
05127-16 - Jones/Little Texas,05149-15 - Gravelly,26221.70675341836
05127-16 - Jones/Little Texas,05127-14 - Hunt,15825.830616755808
05127-16 - Jones/Little Texas,05149-29 - Ions Creek,31693.574268665638
05127-03 - Brawley,05127-02 - Blansett,21141.186013512164
05127-03 - Brawley,05127-01 - Blackfork,33214.316337635
05127-03 - Brawley,05127-06 - Coal/Lafayette,38670.78057487431
05127-03 - Brawley,05127-04 - Cauthron/Oliver,55582.432797611866
05127-10 - Hickman Ward 3,05127-09 - Hickman Ward 2,6382.804739719901
05127-10 - Hickman Ward 3,05127-08 - Hickman Ward 1,11028.964007249588
05127-10 - Hickman Ward 3,05127-11 - Hickman Rural East,10001.696137247774
05127-09 - Hickman Ward 2,05127-08 - Hickman Ward 1,6035.719632910595
05127-09 - Hickman Ward 2,05127-11 - Hickman Rural East,18794.298939929624
05127-19 - Lafave,05127-05 - Cedar Creek,15970.048138550377
05127-19 - Lafave,05127-15 - James,10541.79729681121
05127-19 - Lafave,05127-14 - Hunt,15863.250862110255
05127-18 - Lamb,05127-11 - Hickman Rural East,24871.57326775888
05127-18 - Lamb,05127-12 - Hickman Rural West,4013.4866056742526
05127-18 - Lamb,05127-15 - James,10622.58368753444
05127-18 - Lamb,05127-24 - Mt. Pleasant,39239.94991220318
05127-02 - Blansett,05127-12 - Hickman Rural West,5172.519289404655
05127-02 - Blansett,05127-07 - Denton,26177.96110149269
05127-02 - Blansett,05127-01 - Blackfork,36871.48029076453
05127-02 - Blansett,05127-04 - Cauthron/Oliver,10692.77853813788
05127-07 - Denton,05127-12 - Hickman Rural West,37103.02874364605
05127-07 - Denton,05127-13 - Hon,20879.853212607875
05127-07 - Denton,05127-04 - Cauthron/Oliver,41643.53284043583
05127-08 - Hickman Ward 1,05127-11 - Hickman Rural East,52758.74708948118
05127-08 - Hickman Ward 1,05127-12 - Hickman Rural West,34687.215605918966
05127-14 - Hunt,05149-15 - Gravelly,15346.152709960932
05127-14 - Hunt,05127-15 - James,15504.455748659224
05127-14 - Hunt,05127-26 - Tomlinson/Tate,26579.419212530323
05127-14 - Hunt,05149-11 - Dutch Creek,26387.3878180271
05127-15 - James,05127-24 - Mt. Pleasant,28820.235517107925
05127-15 - James,05127-26 - Tomlinson/Tate,18430.69938316499
05127-04 - Cauthron/Oliver,05127-13 - Hon,19634.405962504225
05127-04 - Cauthron/Oliver,05127-06 - Coal/Lafayette,27285.07682595371
05127-04 - Cauthron/Oliver,05131-3-SC-73,38399.76520950867
05127-24 - Mt. Pleasant,05127-11 - Hickman Rural East,23827.34385854507
05127-24 - Mt. Pleasant,05127-26 - Tomlinson/Tate,44734.133608994925
05127-11 - Hickman Rural East,05127-12 - Hickman Rural West,43359.29884263354
05127-11 - Hickman Rural East,05127-26 - Tomlinson/Tate,33337.59175598218
05127-12 - Hickman Rural West,05127-26 - Tomlinson/Tate,8742.80615978887
05127-12 - Hickman Rural West,05127-13 - Hon,31558.778815560254
05127-13 - Hon,05127-20 - Lewis 1,23839.487951559702
05127-13 - Hon,05127-21 - Lewis 2,7114.191924077884
05127-13 - Hon,05131-3-SC-73,6306.384970960753
05127-06 - Coal/Lafayette,05131-3-SC-73,43739.858497480316
05127-21 - Lewis 2,05127-20 - Lewis 1,34070.48744718521
05127-21 - Lewis 2,05131-2-SC-83,11066.751991836916
05127-21 - Lewis 2,05131-3-SC-73,30246.09831509151
05127-21 - Lewis 2,05131-3-MN-74,11127.173988836807
05127-20 - Lewis 1,05127-26 - Tomlinson/Tate,25852.44953204131
05127-20 - Lewis 1,05131-2-SC-83,30146.34073737481
05129-Wiley's Cove,05141-21 WASHINGTON,25543.828532339317
05129-Wiley's Cove,05129-Red River,49757.22505365586
05129-Wiley's Cove,05129-Bear Creek #6,51278.7836005989
05129-Wiley's Cove,05129-Oxley,44178.697776398716
05129-Wiley's Cove,05129-Long Creek,37826.81488098096
05129-Bear Creek #5,05129-Bear Creek #6,22815.459659723852
05129-Bear Creek #5,05129-Spring,17066.728629641148
05129-Bear Creek #5,05129-Bear Creek #4,18943.994527310562
05129-Red River,05141-21 WASHINGTON,9375.407578692533
05129-Red River,05129-Shady Grove,58320.99064771669
05129-Red River,05129-Mt. Pleasant,17490.26993019534
05129-Red River,05129-Bear Creek #6,21316.02739562086
05129-Red River,05129-Spring,31546.809413229777
05129-Bear Creek #6,05129-Spring,6404.460511224719
05129-Bear Creek #6,05129-Bear Creek #4,39684.562226093425
05129-Bear Creek #6,05129-Long Creek,3942.113994401114
05129-Bear Creek #4,05129-Spring,52705.38017961321
05129-Bear Creek #4,05129-Tomahawk,78155.02043168266
05129-Bear Creek #4,05129-Long Creek,26484.91304168337
05129-Bear Creek #4,05129-Rock Creek,20783.087791595764
05129-Long Creek,05129-Oxley,25642.189883639687
05129-Long Creek,05129-Rock Creek,56108.135653715464
05129-Long Creek,05137-Bethany,30311.04887453711
05129-Spring,05129-Mt. Pleasant,15610.996385748407
05129-Spring,05129-Calf Creek,65893.76281540605
05129-Spring,05129-St. Joe,7620.6628735191
05129-Spring,05129-Tomahawk,29384.83407605989
05129-St. Joe,05129-Calf Creek,104214.38122527498
05129-St. Joe,05129-Tomahawk,39524.9155290708
05129-St. Joe,05129-Prairie,44180.36041868403
05129-Tomahawk,05129-Prairie,15670.889569491233
05129-Tomahawk,05129-Rock Creek,28002.844241924216
05129-Shady Grove,05141-21 WASHINGTON,57662.90228905963
05129-Shady Grove,05129-Mt. Pleasant,19287.64372111517
05129-Oxley,05141-21 WASHINGTON,12542.917831117686
05129-Oxley,05141-17 LINN CREEK,17173.494854785517
05129-Oxley,05137-Angora Mtn,22448.69951416565
05129-Oxley,05137-Bethany,21561.884759926874
05129-Prairie,05129-Calf Creek,5850.190201870945
05129-Mt. Pleasant,05141-21 WASHINGTON,21663.533683573583
05129-Mt. Pleasant,05129-Calf Creek,62472.13508824066
05131-12-F1-14,05131-12-F1-16,1945.6939685638674
05131-12-F1-14,05131-12-F1-15,1423.4886473366591
05131-12-F1-14,05131-10-F1-31,3461.9359307208515
05131-4-SC-57,05131-4-SC-59,13042.018281917373
05131-4-SC-57,05131-4-SC-56,6264.376482595941
05131-4-SC-57,05131-4-F3-68,11122.860547670844
05131-4-SC-57,05131-4-F3-69,2110.587070462079
05131-4-SC-57,05131-4-F3-66,7163.13208733218
05131-4-F3-69,05131-4-SC-59,9885.045517843442
05131-4-F3-69,05131-4-F3-66,485.6499139450366
05131-4-SC-58,05131-4-F3-67,9750.910882466194
05131-4-SC-58,05131-4-SC-59,18727.79897669386
05131-4-SC-58,05131-4-F3-66,8958.231882933585
05131-4-SC-58,05131-6-F3-43,4603.677180841398
05131-3-BZ-81,05131-3-BZ-79,4488.128456157354
05131-3-BZ-81,05131-3-BZ-80,6439.371461365634
05131-3-BZ-81,05131-3-SC-71,6132.610694598156
05131-7-F4-32,05131-5-F4-49,2708.7419968966437
05131-7-F4-32,05131-7-F3-34,4119.038288361682
05131-7-F4-32,05131-12-F4-11,2643.645570461635
05131-13-B2-8,05131-6-F4-40,774.7540955805962
05131-13-B2-8,05131-13-B2-9,5916.785123331057
05131-13-B2-8,05131-13-B4-7,6343.685726833167
05131-13-B2-8,05131-MERGED-1-B1-95+1-B2-97+1-B3-99,2599.410530454089
05131-13-B2-8,05131-13-F4-6,781.8380399761353
05131-13-B2-8,05131-13-B3-1,2634.160666256832
05131-1-SC-102,05131-1-SC-101,63174.38262552829
05131-1-SC-102,05131-2-SC-88,13927.159253592647
05131-1-SC-102,05131-4-SC-55,49023.156123510875
05131-1-SC-102,05131-4-SC-56,6128.640683883542
05131-1-SC-102,05131-1-SC-100,7017.8924242769535
05131-1-SC-102,05131-1-F4-105,23774.07865475022
05131-1-SC-102,05131-1-C1-108,6785.253939378464
05131-1-SC-102,05131-MERGED-1-B1-95+1-B2-97+1-B3-99,6635.590188051292
05131-1-SC-102,05131-2-GW-91,15362.60922553356
05131-1-SC-102,05131-2-SC-89,20994.6876006715
05131-1-SC-102,05131-1-C3-106,23503.613557872814
05131-1-SC-102,05131-1-LV-103,66754.47803688036
05131-1-SC-102,05131-1-C2-107,25169.963201619477
05131-3-HF-77,05131-3-SC-73,36226.983140689445
05131-3-HG-76,05131-3-SC-73,22075.075840953108
05131-3-BZ-80,05131-3-BZ-79,5597.39837190987
05131-3-BZ-80,05131-3-SC-71,8206.952262085342
05131-8-F2-29,05131-11-F1-19,2368.287228448056
05131-8-F2-29,05131-11-F2-17,250.7113232614502
05131-8-F2-29,05131-10-F2-23,6660.693724861091
05131-8-F2-29,05131-8-F2-30,10546.524578559762
05131-8-F2-29,05131-9-F2-26,6314.923627519375
05131-11-F2-17,05131-11-F1-21,3513.1088664349327
05131-11-F2-17,05131-11-F1-19,2716.896065353402
05131-11-F2-17,05131-8-F2-30,6715.989172850485
05131-13-F4-3,05131-1-F4-105,7899.472086360371
05131-13-F4-3,05131-6-F4-40,5638.012029819838
05131-13-F4-3,05131-13-B2-9,11272.584508391392
05131-1-SC-100,05131-4-F3-68,9644.277464046285
05131-1-SC-100,05131-4-SC-54,2227.2586175344986
05131-1-SC-100,05131-1-F4-105,1194.8768317332833
05131-10-F2-23,05131-11-F1-19,1316.932680509662
05131-10-F2-23,05131-10-F1-24,5512.7270107263475
05131-10-F2-22,05131-9-F2-26,5423.616521845809
05131-10-F2-22,05131-10-F1-31,2645.2351960511724
05131-10-F2-22,05131-9-F2-25,3012.561190498344
05131-7-F3-36,05131-5-F3-52,5803.361383195922
05131-7-F3-36,05131-5-F3-50,7077.638352110506
05131-7-F3-36,05131-7-F3-35,13639.239374273297
05131-7-F3-36,05131-7-F4-33,1174.9624837650185
05131-7-F3-36,05131-7-F1-37,4946.953839981428
05131-7-F3-36,05131-11-F1-21,2963.409092639429
05131-9-F2-26,05131-10-F1-24,2099.703039930895
05131-9-F2-26,05131-8-F2-30,3698.9549361720437
05131-9-F2-26,05131-8-F2-28,8560.328760614968
05131-9-F2-26,05131-9-F2-25,7996.131533714404
05131-12-F4-11,05131-5-F4-49,408.4431724486554
05131-12-F4-11,05131-12-F4-12,11372.301807844053
05131-12-F4-11,05131-12-F4-13,7006.024079748403
05131-12-F4-11,05131-7-F3-34,1606.5799311382673
05131-12-F4-11,05131-7-F4-33,4999.766158553556
05131-13-F4-5,05131-13-F4-6,2711.4438836132085
05131-13-F4-5,05131-12-F4-12,7550.444194226467
05131-13-F4-5,05131-13-F4-2,3505.188544100144
05131-9-F1-27,05131-12-F1-15,2811.747106646211
05131-9-F1-27,05131-10-F1-31,1256.361620677362
05131-9-F1-27,05131-9-F2-25,3260.9105167285898
05131-5-F3-52,05131-5-F3-51,12320.019576009552
05131-7-F3-34,05131-5-F4-49,427.7927601233416
05131-7-F3-34,05131-7-F3-35,6483.965193388546
05131-7-F3-34,05131-7-F4-33,3040.460529155029
05131-12-F1-15,05131-13-F4-2,1799.0284286685344
05131-12-F1-15,05131-12-F1-16,5749.828227924553
05131-12-F1-15,05131-9-F2-25,2267.7920843678817
05131-1-C3-106,05131-1-C2-107,10199.572166030783
05131-6-F3-45,05131-6-F3-43,9651.934521928208
05131-6-F3-45,05131-6-F3-42,6662.992140990976
05131-6-F3-45,05131-5-F3-51,4847.989439075434
05131-6-F3-44,05131-4-F3-67,5368.506141519971
05131-6-F3-44,05131-6-F3-43,9057.295505094862
05131-6-F3-44,05131-5-SC-47,4615.665602121261
05131-6-F3-44,05131-5-F3-51,2201.8879621227748
05131-4-F3-67,05131-6-F3-43,438.0703334370199
05131-4-F3-67,05131-5-SC-47,4700.0765124396785
05131-2-SC-84,05131-2-SC-83,24473.000927948302
05131-2-SC-84,05131-3-SC-71,11069.82829995814
05131-2-SC-84,05131-2-SC-86,3943.930616792617
05131-2-SC-84,05131-2-SC-87,23928.42611964656
05131-2-SC-87,05131-1-SC-101,28405.977480985144
05131-2-SC-87,05131-2-SC-83,2819.1734873302817
05131-2-SC-87,05131-2-SC-88,15713.283140851665
05131-2-SC-87,05131-2-SC-86,9173.056502030131
05131-3-HC-78,05131-3-SC-71,38846.34026562706
05131-3-MD-75,05131-3-SC-71,13986.032914054973
05131-4-F3-68,05131-4-SC-56,3478.711620263317
05131-4-F3-68,05131-4-SC-54,417.5317708966743
05131-4-F3-68,05131-4-F3-66,2528.6328926965393
05131-2-GW-85,05131-2-SC-88,12627.675517081809
05131-2-GW-85,05131-2-GW-92,9741.957923801854
05131-2-GW-85,05131-4-GW-62,6532.890402773046
05131-2-SC-86,05131-2-SC-88,27828.995004624463
05131-2-SC-86,05131-3-SC-71,24494.265009853872
05131-2-SC-86,05131-3-SC-72,8620.634558066053
05131-2-GW-92,05131-2-SC-88,19238.34338682691
05131-2-GW-92,05131-4-GW-62,2363.282601408616
05131-2-GW-92,05131-2-GW-93,7297.929563371497
05131-2-GW-92,05131-4-SC-55,15400.790710278501
05131-2-GW-92,05131-2-GW-91,23889.633654443256
05131-2-GW-92,05131-2-SC-89,25794.4089762167
05131-13-B3-1,05131-13-B4-7,2823.8118237286417
05131-13-B3-1,05131-MERGED-1-B1-95+1-B2-97+1-B3-99,10237.030174890542
05131-13-B3-1,05131-13-F4-4,6510.047103567393
05131-2-SC-83,05131-3-SC-73,14070.01080220055
05131-2-SC-83,05131-3-SC-71,6821.883207439496
05131-MERGED-1-B1-95+1-B2-97+1-B3-99,05131-1-F4-105,4772.970313776376
05131-MERGED-1-B1-95+1-B2-97+1-B3-99,05131-13-B2-9,2886.2436460223093
05131-MERGED-1-B1-95+1-B2-97+1-B3-99,05131-1-C1-108,4471.014893034911
05131-MERGED-1-B1-95+1-B2-97+1-B3-99,05131-13-F4-4,3460.4957875235655
05131-MERGED-1-B1-95+1-B2-97+1-B3-99,05131-1-C2-107,5581.051659123152
05131-7-F1-37,05131-12-F1-16,406.3262608123182
05131-7-F1-37,05131-7-F4-33,11657.968639876728
05131-7-F1-37,05131-11-F1-18,7213.759111558777
05131-7-F1-37,05131-11-F1-20,5526.200492224606
05131-7-F1-37,05131-11-F1-21,1350.1950265221267
05131-2-GW-93,05131-4-GW-62,4811.006821146341
05131-2-GW-93,05131-4-SC-55,3848.7621937111435
05131-2-GW-93,05131-2-SC-89,1458.11242089336
05131-3-SC-73,05131-3-MN-74,23980.05442498295
05131-3-SC-73,05131-3-SC-71,86423.93416232416
05131-7-F4-33,05131-12-F4-13,5982.019791855199
05131-7-F4-33,05131-7-F3-35,4064.7541629654233
05131-4-SC-54,05131-4-F3-66,37406.853941124835
05131-4-SC-54,05131-4-F4-65,1967.5138465217228
05131-4-SC-54,05131-1-F4-105,3233.575158452223
05131-4-SC-54,05131-6-SC-38,1616.4655562691357
05131-4-SC-54,05131-6-F3-42,2880.3468107750696
05131-5-F4-49,05131-5-F4-48,4444.472101336899
05131-5-F4-49,05131-12-F4-12,3972.145632856845
05131-5-F4-49,05131-5-F3-50,4006.898453288401
05131-5-F4-49,05131-7-F3-35,2216.2275908047536
05131-7-F3-35,05131-5-F3-50,1334.733605260592
05131-5-F3-50,05131-5-F3-51,1115.0143295521868
05131-5-F3-50,05131-5-F4-48,206.11136216400828
05131-5-F3-51,05131-6-F3-43,3836.7178933829487
05131-5-F3-51,05131-5-SC-47,21487.892862475
05131-5-F3-51,05131-5-F4-48,6611.676777550091
05131-13-F4-2,05131-13-F4-4,9371.826676642491
05131-13-F4-2,05131-12-F4-13,3668.1263667245485
05131-13-F4-2,05131-12-F1-16,3849.3450993022716
05131-12-F1-16,05131-12-F4-13,14179.084964143
05131-12-F1-16,05131-11-F1-20,7083.279858559817
05131-12-F1-16,05131-10-F1-31,1648.0793322309046
05131-6-F4-41,05131-6-SC-38,8093.564963155842
05131-6-F4-41,05131-6-F3-42,3966.7106213208845
05131-6-F4-41,05131-5-F4-48,2437.5201444419063
05131-6-F4-41,05131-12-F4-12,10081.985716351284
05131-9-F2-25,05131-8-F2-28,5825.911118030296
05131-9-F2-25,05131-10-F1-31,6091.973084449253
05131-10-F1-31,05131-11-F1-20,2317.7103765096126
05131-10-F1-31,05131-10-F1-24,5335.7830594456445
05131-11-F1-21,05131-11-F1-18,9151.893495303037
05131-11-F1-21,05131-11-F1-20,1692.447549283715
05131-11-F1-21,05131-11-F1-19,7640.929388277404
05131-11-F1-21,05131-8-F2-30,593.8617177619518
05131-8-F2-28,05131-8-F2-30,30656.993139854403
05131-11-F1-20,05131-11-F1-18,1223.1748831074415
05131-11-F1-20,05131-11-F1-19,1818.3129628872493
05131-11-F1-20,05131-10-F1-24,4543.6908146231735
05131-4-SC-55,05131-4-GW-62,16018.252462548142
05131-4-SC-55,05131-4-SC-59,4637.310974995933
05131-4-SC-55,05131-4-SC-56,21835.760562176645
05131-4-SC-55,05131-2-SC-89,12617.526020953923
05131-11-F1-19,05131-10-F1-24,3731.889047185755
05131-12-F4-13,05131-12-F4-12,4783.980817115397
05131-13-F4-4,05131-13-F4-6,6641.020807071481
05131-13-B4-7,05131-13-F4-6,6331.176333894567
05131-13-F4-6,05131-6-F4-40,5321.1930377876
05131-13-F4-6,05131-12-F4-12,6198.933547960745
05131-12-F4-12,05131-6-SC-38,5616.342803629213
05131-12-F4-12,05131-6-F4-40,5835.89967882052
05131-12-F4-12,05131-5-F4-48,1133.2677756358014
05131-1-C1-108,05131-1-C2-107,4478.320614137824
05131-6-F3-42,05131-4-F3-66,10370.617081539762
05131-6-F3-42,05131-6-SC-38,40921.66501841629
05131-6-F3-42,05131-6-F4-40,1004.4112360699626
05131-6-F3-42,05131-6-F3-43,4750.735290202116
05131-6-F3-42,05131-5-F4-48,3390.9061974960696
05131-3-SC-72,05131-2-SC-88,2433.9702436622742
05131-3-SC-72,05131-3-SC-71,27046.579575884207
05131-3-SC-72,05131-4-SC-59,35453.79777409318
05131-1-F4-105,05131-4-F4-65,6409.916009262394
05131-1-F4-105,05131-6-F4-40,6202.978663937506
05131-1-F4-105,05131-13-B2-9,2882.1149515460897
05131-13-B2-9,05131-6-F4-40,285.2074317731819
05131-6-SC-38,05131-6-F4-40,30083.067937649324
05131-6-SC-38,05131-6-F3-43,1750.0755142866217
05131-4-F4-65,05131-4-F3-66,1823.0683466055393
05131-4-F4-65,05131-6-F4-40,6761.169681227098
05131-4-SC-59,05131-2-SC-88,5192.897271677726
05131-4-SC-59,05131-3-BZ-79,4086.9771891664113
05131-4-SC-59,05131-3-SC-71,46240.69840329625
05131-4-SC-59,05131-4-GW-62,8951.937396537753
05131-4-SC-59,05131-4-SC-56,6554.961036935864
05131-4-SC-59,05131-4-F3-66,2138.8956581556245
05131-4-F3-66,05131-6-F3-43,7940.687631686907
05131-3-BZ-79,05131-3-SC-71,29074.719902823083
05131-1-SC-101,05131-2-SC-88,1566.1949630537022
05131-2-GW-91,05131-2-SC-88,25332.462302393255
05131-2-GW-91,05131-2-SC-89,33653.71321441356
05131-4-GW-62,05131-2-SC-88,9946.191123826142
05133-Red Colony,05133-Paraclifta,88454.18760554504
05133-Red Colony,05133-Bear Creek,77145.57216470315
05133-Red Colony,05133-Mineral,43981.7638944789
05133-De Queen South,05133-Monroe,9173.48100401333
05133-De Queen South,05133-De Queen East,6077.452567173194
05133-De Queen South,05133-Bear Creek,8051.210987720173
05133-De Queen South,05133-De Queen North,7290.2776296280135
05133-De Queen North,05133-Monroe,9587.304698901542
05133-De Queen North,05133-De Queen East,10285.967518655903
05133-De Queen North,05133-Mineral,9422.880774823156
05133-Clear Creek,05133-Paraclifta,115601.50326260306
05133-Clear Creek,05133-Monroe,53810.70476220996
05133-Clear Creek,05133-Bear Creek,20219.581062503625
05133-Paraclifta,05133-Bear Creek,10186.562800034384
05133-Monroe,05133-Bear Creek,21064.419413603016
05133-Monroe,05133-Mineral,52438.40993094151
05133-De Queen East,05133-Bear Creek,23770.682809313996
05133-De Queen East,05133-Mineral,9016.649624754107
05133-Mineral,05133-Bear Creek,51479.83317827543
05135-East Sullivan,05135-West Sullivan,32869.403660364085
05135-East Sullivan,05135-Cave,27212.503779876773
05135-East Sullivan,05135-Washington,21826.287433981157
05135-East Sullivan,05135-Piney Fork,16023.012329648755
05135-Davidson,05135-Morgan,23507.355207882
05135-Davidson,05135-North Lebanon,15930.222458053278
05135-Davidson,05135-Jackson,10650.677315985746
05135-Davidson,05135-Highland,21300.3662770354
05135-Davidson,05135-Richwood,34741.889285236786
05135-Cave,05135-Scott,16140.403866091796
05135-Cave,05135-South Big Rock,15951.367198651224
05135-Cave,05135-Big Creek,778.448067393449
05135-Cave,05135-Washington,10801.222123082525
05135-West Sullivan,05135-Piney Fork,16812.382147279804
05135-South Big Rock,05135-Big Creek,21209.09613684074
05135-South Big Rock,05135-Washington,20933.359387715245
05135-South Big Rock,05135-North Big Rock,16300.284738838222
05135-Big Creek,05135-Scott,31442.952868364846
05135-Big Creek,05135-North Big Rock,5487.3305968061495
05135-Big Creek,05135-Strawberry,31972.451259190115
05135-Richwood,05135-Morgan,8372.31999541943
05135-Richwood,05135-Highland,16340.869548681014
05135-Richwood,05135-Lave Creek,31773.367413318374
05135-Washington,05135-North Big Rock,14033.273537245977
05135-Washington,05135-Morgan,37543.13623185461
05135-Washington,05135-Piney Fork,28430.809458878473
05135-Jackson,05135-North Lebanon,31645.403368129555
05135-Jackson,05135-Highland,5337.809611058388
05135-Jackson,05135-South Union,15905.926507497279
05135-Jackson,05135-Hardy,32930.536877933206
05135-Jackson,05135-Ozark,23570.26712755629
05135-Highland,05135-Hardy,31957.254704943723
05135-Highland,05135-Cherokee,32618.424193324296
05135-Ozark,05135-South Union,21098.0742934949
05135-Ozark,05135-Hardy,12271.120558183447
05135-Ozark,05135-Lower North,18440.725810683696
05135-Upper North,05135-Lower North,30594.219491055803
05135-North Big Rock,05135-Strawberry,20594.752974892206
05135-North Big Rock,05135-Morgan,43071.49672857794
05135-Strawberry,05135-South Lebanon,71376.16454519599
05135-Piney Fork,05135-Lave Creek,74287.62234627787
05135-South Lebanon,05135-Morgan,18332.91386461469
05135-South Lebanon,05135-North Lebanon,32295.583728586706
05135-Morgan,05135-North Lebanon,1405.8901876776836
05135-Morgan,05135-Lave Creek,20625.42909940482
05135-Hardy,05135-Cherokee,30385.397448658732
05135-Hardy,05135-Lower North,13471.4927646957
05135-Lower North,05135-North Union,32160.824109089463
05135-North Union,05135-South Union,20799.1137006023
05137-Angora Mtn,05137-Fox,54961.789528066365
05137-Angora Mtn,05137-Red Doors,7647.626332273101
05137-Angora Mtn,05141-17 LINN CREEK,3933.878354009084
05137-Angora Mtn,05137-Old Lexington,3781.3418167839895
05137-Angora Mtn,05137-Bethany,21648.50429786553
05137-Arbanna,05137-Ben,34882.69687794918
05137-Arbanna,05137-Pleasant Grove,52921.37414242246
05137-Arbanna,05137-Dodd Mtn,39835.03357035613
05137-Arbanna,05137-East Out,44603.12798595451
05137-Ben,05137-Pleasant Grove,16354.92624633571
05137-Ben,05137-Dodd Mtn,22144.62276729605
05137-Bethany,05137-Red Doors,57849.6979538378
05137-Bethany,05137-NORTHWEST/FIFTY SIX,31736.34421431889
05137-Dodd Mtn,05137-Fox,73027.28198694032
05137-Dodd Mtn,05137-Liberty,32746.471708748202
05137-Dodd Mtn,05137-West Out,24189.820516815704
05137-Dodd Mtn,05137-Red Doors,2421.559869164575
05137-Dodd Mtn,05137-East Out,21753.787761854375
05137-East Out,05137-West Out,3537.1101898455054
05137-East Out,05137-Pleasant Grove,22013.333086675324
05137-East Out,05137-Ward 1,40738.248491721155
05137-East Out,05137-Ward 2,28222.75229432127
05137-East Out,05137-Northeast,65574.51683415523
05137-Foothills,05137-West Out,10651.270584094582
05137-Foothills,05137-Ward 2,17982.84793303195
05137-Foothills,05137-Northeast,21484.572570750854
05137-Foothills,05137-NORTHWEST/FIFTY SIX,77636.95290796208
05137-Fox,05141-20 UNION,27778.71041318636
05137-Fox,05137-Liberty,32844.79470700925
05137-Fox,05137-Red Doors,42404.01509712273
05137-Fox,05141-05 HOLLY MOUNTAIN,5971.719486299335
05137-Fox,05137-Old Lexington,33439.2285562472
05137-Liberty,05137-Red Doors,27209.45576492953
05137-NORTHWEST/FIFTY SIX,05137-West Out,1834.6684506051956
05137-NORTHWEST/FIFTY SIX,05137-Red Doors,48483.52618550602
05137-Northeast,05137-Pleasant Grove,22933.236945724864
05137-Northeast,05137-Ward 2,4313.776006677364
05137-Old Lexington,05141-05 HOLLY MOUNTAIN,18996.32575233386
05137-Old Lexington,05141-17 LINN CREEK,21150.47980967788
05137-Red Doors,05137-West Out,28834.185097255835
05137-Ward 1,05137-West Out,16747.24304591215
05137-Ward 1,05137-Ward 2,19882.869779955905
05137-Ward 1,05137-Ward 3,11197.799959919135
05137-Ward 2,05137-West Out,1579.2184079522108
05137-Ward 2,05137-Ward 3,7034.8526242788685
05137-Ward 3,05137-West Out,29403.105093016966
05139-Huttig,05139-Felsenthal,34247.57186746227
05139-Huttig,05139-Strong,89442.23937138355
05139-Huttig,05139-New London,44549.88498001142
05139-Junction City,05139-Caledonia,38947.26547501688
05139-Junction City,05139-Wesson,21264.21448859038
05139-Junction City,05139-Three Creeks,28314.522567901182
05139-Caledonia,05139-Wesson,5468.483936347227
05139-Caledonia,05139-Country Box # 2,20571.379342935783
05139-Caledonia,05139-Country Box # 3,22069.93114165753
05139-Caledonia,05139-Hibanks,54323.0400186245
05139-Strong,05139-New London,40337.12712213851
05139-Strong,05139-Aurelle,10582.972575618605
05139-Strong,05139-Hibanks,32760.15254069182
05139-Aurelle,05139-Hibanks,81189.0107015106
05139-Wesson,05139-Country Box # 3,28880.952261482358
05139-Wesson,05139-Country Box # 4,14075.300131083372
05139-Wesson,05139-Three Creeks,37007.713668522134
05139-Ward 2,05139-Country Box # 3,11392.1544712738
05139-Ward 2,05139-Country Box # 4,11494.854028314488
05139-Ward 2,05139-Ward 3,10959.780578173499
05139-Ward 2,05139-Ward 1,1869.909609280475
05139-Ward 2,05139-Ward 4,11849.689420715373
05139-Ward 2,05139-Country Box # 6,9058.63491238207
05139-Country Box # 2,05139-Country Box # 3,10991.348857848481
05139-Country Box # 2,05139-Country Box # 7,22248.256996760872
05139-Country Box # 2,05139-Ward 3,7559.017940519149
05139-Country Box # 2,05139-Country Box # 1,8970.717002542986
05139-Country Box # 2,05139-Hibanks,28390.25449475755
05139-Country Box # 6,05139-Country Box # 4,29297.809171315905
05139-Country Box # 6,05139-Country Box # 1,6662.991937566141
05139-Country Box # 6,05139-Ward 4,24812.750794397198
05139-Country Box # 6,05139-Lisbon,48005.763757081506
05139-Country Box # 6,05139-Norphlet,10417.32125780793
05139-Country Box # 6,05139-Smackover,10511.070893866821
05139-New London,05139-Hibanks,10515.051523810258
05139-New London,05139-Lawson,58970.61037019659
05139-Hibanks,05139-Country Box # 1,3349.5161443984293
05139-Hibanks,05139-Lawson,97527.74428143525
05139-Hibanks,05139-Union,31796.452954598255
05139-Country Box # 7,05139-Country Box # 3,23797.585779131816
05139-Country Box # 7,05139-Ward 3,14070.097237194246
05139-Three Creeks,05139-Country Box # 4,10411.044572212324
05139-Three Creeks,05139-Woolleys Store,66092.3399330993
05139-Three Creeks,05139-Lisbon,21162.043227644604
05139-Country Box # 3,05139-Country Box # 4,31652.570638063058
05139-Country Box # 3,05139-Ward 3,3142.478234162062
05139-Country Box # 4,05139-Lisbon,5375.101257866508
05139-Ward 3,05139-Country Box # 1,10243.848063277912
05139-Ward 3,05139-Ward 1,13092.039656569355
05139-Woolleys Store,05139-Mt Holly,21067.37572645725
05139-Woolleys Store,05139-Lisbon,28729.64519018422
05139-Ward 1,05139-Country Box # 1,44606.65256306492
05139-Ward 1,05139-Ward 4,16546.165103050564
05139-Country Box # 1,05139-Union,32003.474733149178
05139-Country Box # 1,05139-Norphlet,21472.975476867006
05139-Lawson,05139-Union,46506.343643015716
05139-Lisbon,05139-Mt Holly,53735.42752953403
05139-Lisbon,05139-Smackover,54102.98997691137
05139-Union,05139-Norphlet,10606.476790974833
05139-Union,05139-Calion,36099.089504618576
05139-Norphlet,05139-Calion,22349.155617806256
05139-Norphlet,05139-Smackover,35427.12020799837
05141-02 BARNETT,05141-09 CARGILE,23503.72779302924
05141-02 BARNETT,05141-03 BRADLEY,42841.110469411746
05141-02 BARNETT,05141-10 DAVIS,2541.1481303160176
05141-24 SOUTH GRIGGS,05141-06 CHOCTAW,50928.83491392777
05141-24 SOUTH GRIGGS,05141-04 CULPEPPER,31851.6884618844
05141-24 SOUTH GRIGGS,05141-12 EAST GRIGGS,50372.602478122724
05141-24 SOUTH GRIGGS,05141-19 RED RIVER,21774.787395943393
05141-24 SOUTH GRIGGS,05141-07 WEST GRIGGS,6463.079296994115
05141-09 CARGILE,05141-10 DAVIS,25590.656325687232
05141-08 CRAIG,05141-11 FORMOSA,29561.36710909528
05141-08 CRAIG,05141-04 CULPEPPER,27520.919368513743
05141-08 CRAIG,05141-22 WHEELER,78686.69992611246
05141-08 CRAIG,05141-15 MOUNTAIN,24345.55845942412
05141-08 CRAIG,05141-07 WEST GRIGGS,3080.8016262695273
05141-06 CHOCTAW,05141-03 BRADLEY,41789.965236501266
05141-06 CHOCTAW,05141-11 FORMOSA,14575.876342841355
05141-06 CHOCTAW,05141-04 CULPEPPER,9085.2515772397
05141-06 CHOCTAW,05141-10 DAVIS,14648.475000896602
05141-06 CHOCTAW,05141-19 RED RIVER,11520.69535492019
05141-10 DAVIS,05141-03 BRADLEY,75517.12326974863
05141-10 DAVIS,05141-19 RED RIVER,25373.787274782204
05141-10 DAVIS,05141-26 LAKEWOOD,6344.936172295998
05141-10 DAVIS,05141-25 INDIAN HILLS,5182.3295779190175
05141-04 CULPEPPER,05141-11 FORMOSA,25695.047708208487
05141-04 CULPEPPER,05141-07 WEST GRIGGS,25035.271140366498
05141-17 LINN CREEK,05141-12 EAST GRIGGS,4145.382730989532
05141-17 LINN CREEK,05141-21 WASHINGTON,54681.48508024872
05141-17 LINN CREEK,05141-07 WEST GRIGGS,14975.04205484717
05141-17 LINN CREEK,05141-05 HOLLY MOUNTAIN,33620.25976749418
05141-25 INDIAN HILLS,05141-26 LAKEWOOD,12714.328923224402
05141-25 INDIAN HILLS,05141-23 MOUNTAIN RANCH,27253.389528446805
05141-25 INDIAN HILLS,05141-20 UNION,16751.106138102085
05141-19 RED RIVER,05141-12 EAST GRIGGS,24044.715091467006
05141-19 RED RIVER,05141-26 LAKEWOOD,13581.798632518301
05141-19 RED RIVER,05141-23 MOUNTAIN RANCH,938.2650634616265
05141-19 RED RIVER,05141-20 UNION,15271.446924278614
05141-26 LAKEWOOD,05141-23 MOUNTAIN RANCH,13540.862543276142
05141-23 MOUNTAIN RANCH,05141-20 UNION,33698.67715272628
05141-12 EAST GRIGGS,05141-20 UNION,18089.30167743276
05141-12 EAST GRIGGS,05141-07 WEST GRIGGS,24567.293822343505
05141-12 EAST GRIGGS,05141-05 HOLLY MOUNTAIN,41080.0783036644
05141-22 WHEELER,05141-15 MOUNTAIN,66748.65609118978
05141-22 WHEELER,05141-21 WASHINGTON,71101.56995747119
05141-07 WEST GRIGGS,05141-15 MOUNTAIN,33949.39570868732
05141-07 WEST GRIGGS,05141-21 WASHINGTON,37361.60189806523
05141-15 MOUNTAIN,05141-21 WASHINGTON,44681.934579679175
05141-20 UNION,05141-05 HOLLY MOUNTAIN,51405.386954334695
05141-11 FORMOSA,05141-03 BRADLEY,11541.061018012802
05143-Boston,05143-Vineyard,34127.104718683404
05143-Boston,05143-Morrow-1,17689.027533189885
05143-Boston,05143-Cane Hill-1,15562.144187269723
05143-Boston,05143-Cove Creek-1,46468.66419546615
05143-Brush Creek,05143-War Eagle,9079.235590023622
05143-Brush Creek,05143-Prairie Twp 8,1772.031041749
05143-Brush Creek,05143-Goshen Twp-1,36590.49063749502
05143-Brush Creek,05143-Spg Twp-2,51689.35252878755
05143-Cane Hill-1,05143-Morrow-2,16766.918868235043
05143-Cane Hill-1,05143-Morrow-1,17474.55883324865
05143-Cane Hill-1,05143-Lincoln,13358.750627895377
05143-Cane Hill-1,05143-Starr Hill,40480.409200884096
05143-Cane Hill-1,05143-Cove Creek-1,17509.833321592996
05143-Cane Hill-1,05143-Cane Hill-2,44416.95271085509
05143-Cane Hill-1,05143-Prairie Gr Twp-2,4922.344448937654
05143-Cane Hill-1,05143-Prairie Gr Twp-1,1739.160752811049
05143-Cane Hill-2,05143-Cove Creek-1,13240.70536727048
05143-Cane Hill-2,05143-Valley-1,17050.551680600707
05143-Cane Hill-2,05143-Prairie Gr Twp-2,23230.42589514264
05143-Center-1,05143-Prairie Gr Twp-1,2614.314053304902
05143-Center-1,05143-Prairie Gr City-4,15529.192935489209
05143-Center-1,05143-Marrs Hill-1,3341.781983538307
05143-Center-1,05143-Marrs Hill-2,22828.640650046633
05143-Center-1,05143-Center-4,3516.197665842799
05143-Center-1,05143-Farmington-5,3973.5670303799616
05143-Center-1,05143-Farmington-4,9702.729760528193
05143-Center-1,05143-Fay 46,11933.294795937529
05143-Center-1,05143-Litteral-3,1311.0104691984068
05143-Center-2,05143-Prairie Gr Twp-3,5245.532999788186
05143-Center-2,05143-Greenland Twp-2,5203.831927400921
05143-Center-2,05143-Center-3,7846.9651060011465
05143-Center-2,05143-Farmington-3,5056.6722864677095
05143-Center-2,05143-Farmington-2,17996.7952631442
05143-Center-2,05143-Prairie Twp 3,2641.325255673996
05143-Center-2,05143-Fay 26,22911.773917408107
05143-Center-3,05143-Greenland Twp-2,7948.576969416239
05143-Center-4,05143-Farmington-4,5426.230493795547
05143-Center-5,05143-Fay 51,1982.0286961384763
05143-Center-5,05143-Fay 27,16333.021052834629
05143-Center-5,05143-Fay 49,1980.8487173930282
05143-Center-5,05143-Litteral-4,1342.5616202620067
05143-Center-5,05143-Fay 40,354.08746575041994
05143-Center-5,05143-Wheeler-2,460.5252494275085
05143-Center-5,05143-Litteral-3,6800.1267862149725
05143-Cove Creek-1,05143-Lees Creek,58365.621392092195
05143-Cove Creek-1,05143-Cove Creek-3,7634.516322893986
05143-Cove Creek-1,05143-West Fork Twp-1,1993.5239318343233
05143-Cove Creek-1,05143-Valley-2,16815.15235918106
05143-Cove Creek-1,05143-Valley-1,31355.417108416397
05143-Cove Creek-3,05143-Valley-1,8918.653530915602
05143-Crawford,05143-Lees Creek,24172.746036861234
05143-Crawford,05143-West Fork Twp-1,29548.307065686342
05143-Crawford,05143-Winslow Twp,37051.97140347106
05143-Crawford,05143-West Fork Twp-3,788.0243612001552
05143-Crawford,05143-White River-1,18164.38572816908
05143-Crawford,05143-Reed-1,48620.29281123396
05143-Durham,05143-White River-2,36958.98098443777
05143-Durham,05143-White River-5,8021.36950076822
05143-Durham,05143-White River-3,1517.3131108370474
05143-Durham,05143-Richland-1,2407.2486910108664
05143-Durham,05143-Reed-1,15838.874089796436
05143-Durham,05143-Elkins-1,2597.858988046959
05143-Durham,05143-Richland-3,30284.423546892926
05143-Dutch Mills,05143-Vineyard,11592.044588990404
05143-Dutch Mills,05143-Morrow-1,28186.807818028778
05143-Dutch Mills,05143-Starr Hill,30019.39192798787
05143-Elkins-1,05143-Richland-1,5103.516920051222
05143-Elkins-1,05143-Elkins-2,21571.812817912323
05143-Elkins-1,05143-Fay 55,1596.208382331128
05143-Elkins-1,05143-Wyman,2306.4823503982416
05143-Elkins-1,05143-Richland-3,44687.59953248698
05143-Elkins-2,05143-Richland-1,25576.86025733887
05143-Elkins-2,05143-Richland-2,8572.650485828395
05143-Elkins-2,05143-Fay 55,2354.2925723057424
05143-Elm Springs City-1,05143-Elm Springs City-2,7824.213905801302
05143-Elm Springs City-1,05143-Tontitown City-1,18630.35422578204
05143-Elm Springs City-1,05143-Spg 26,8558.236174300695
05143-Elm Springs City-1,05143-Elm Springs Twp,17699.37042921373
05143-Elm Springs City-2,05143-Spg 21,7085.883313161448
05143-Elm Springs City-2,05143-Spg 27,10528.575241658622
05143-Elm Springs City-2,05143-Spg 07,1607.924340581605
05143-Elm Springs City-2,05143-Spg 26,4320.94259879391
05143-Elm Springs Twp,05143-Harmon-1,13126.805368588128
05143-Elm Springs Twp,05143-Tontitown City-6,4612.310919421439
05143-Elm Springs Twp,05143-Tontitown City-1,15861.100563363276
05143-Elm Springs Twp,05143-Tontitown Twp,1966.4233046083002
05143-Farmington-1,05143-Farmington-2,9588.377648539015
05143-Farmington-1,05143-Farmington-4,7581.37804590119
05143-Farmington-1,05143-Fay 26,5868.398514019731
05143-Farmington-1,05143-Fay 32,13169.644599673944
05143-Farmington-2,05143-Farmington-3,8052.026690913762
05143-Farmington-2,05143-Farmington-6,2615.130323957842
05143-Farmington-2,05143-Farmington-4,3940.507565473029
05143-Farmington-2,05143-Fay 26,2872.883927418702
05143-Farmington-3,05143-Prairie Gr Twp-3,5302.583656048528
05143-Farmington-3,05143-Farmington-6,10494.846129331387
05143-Farmington-3,05143-Prairie Gr City-4,826.898903950824
05143-Farmington-4,05143-Farmington-5,15628.968148162436
05143-Farmington-4,05143-Fay 46,2822.875198550011
05143-Farmington-4,05143-Fay 48,624.031387558409
05143-Farmington-4,05143-Fay 32,2252.740224936263
05143-Farmington-4,05143-Fay 53,5147.44783297727
05143-Farmington-5,05143-Farmington-6,2884.6488868503866
05143-Farmington-5,05143-Prairie Gr City-4,1032.5777524506007
05143-Farmington-5,05143-Fay 46,10046.183980141164
05143-Farmington-6,05143-Prairie Gr City-4,11869.33983110803
05143-Fay 01,05143-Greenland Twp-1,543.5678965359836
05143-Fay 01,05143-Fay 16,3876.6724034560393
05143-Fay 01,05143-Fay 10,9076.790527264902
05143-Fay 01,05143-Fay 09a,3916.4931997729936
05143-Fay 01,05143-Fay 64,972.354517860559
05143-Fay 01,05143-Fay 15,5919.612444770321
05143-Fay 01,05143-Fay 26,10053.065366597526
05143-Fay 02,05143-Fay 15,6073.541544129372
05143-Fay 02,05143-Fay 63,4998.8420386650105
05143-Fay 02,05143-Fay 04,1304.4673076446663
05143-Fay 02,05143-Fay 42,12540.269014813932
05143-Fay 02,05143-Fay 20,232.7426154497297
05143-Fay 02,05143-Fay 03,1824.8778993470441
05143-Fay 03,05143-Fay 42,5912.366557182577
05143-Fay 03,05143-Fay 34,2669.342961679821
05143-Fay 03,05143-Fay 23,4945.978330074123
05143-Fay 03,05143-Fay 13,10929.349847587418
05143-Fay 04,05143-Fay 15,1294.6583269806133
05143-Fay 04,05143-Fay 36,4836.0014072122
05143-Fay 04,05143-Fay 63,4187.0121446505955
05143-Fay 04,05143-Fay 05,4065.2094100577283
05143-Fay 04,05143-Fay 34,2091.280654676774
05143-Fay 05,05143-Fay 36,2495.987568426153
05143-Fay 05,05143-Fay 25,4010.4352464634485
05143-Fay 05,05143-Fay 34,2787.170008170584
05143-Fay 05,05143-Fay 50,2682.140910305459
05143-Fay 05,05143-Fay 14,2784.2899103735713
05143-Fay 06,05143-Fay 19,8316.199330282836
05143-Fay 06,05143-Fay 18,4191.690998506889
05143-Fay 06,05143-Fay 22,8340.074194696072
05143-Fay 06,05143-Fay 35,5190.933894348236
05143-Fay 07,05143-Fay 08,3654.436967550468
05143-Fay 07,05143-Fay 25,1338.331678183663
05143-Fay 07,05143-Fay 50,1204.6646249008725
05143-Fay 07,05143-Fay 29,6763.908836007343
05143-Fay 07,05143-Fay 17,4797.908488842167
05143-Fay 08,05143-Fay 21,2701.046651736177
05143-Fay 08,05143-Fay 09b,7673.611008265046
05143-Fay 08,05143-Fay 36,1980.9559013556498
05143-Fay 08,05143-Fay 25,4918.785251853386
05143-Fay 08,05143-Fay 12,7116.642466925745
05143-Fay 08,05143-Fay 29,3405.427174438174
05143-Fay 09a,05143-Fay 21,1769.1207526295
05143-Fay 09a,05143-Fay 10,4626.712728417144
05143-Fay 09a,05143-Fay 09b,4603.1550797366535
05143-Fay 09a,05143-Fay 24,5012.543561606299
05143-Fay 09b,05143-Fay 21,8495.52530257681
05143-Fay 10,05143-Fay 16,5090.106315231975
05143-Fay 10,05143-Fay 21,11382.79266787791
05143-Fay 11,05143-Prairie Twp 2,13552.99672098663
05143-Fay 11,05143-Fay 56,6520.077403491104
05143-Fay 11,05143-Fay 55,2804.1418606339676
05143-Fay 11,05143-Prairie Twp 7,7432.006221270695
05143-Fay 11,05143-Fay 21,2017.8336840986262
05143-Fay 11,05143-Prairie Twp 5,23766.164989977216
05143-Fay 11,05143-Fay 12,5869.945852706714
05143-Fay 12,05143-Fay 21,1399.9480958265087
05143-Fay 12,05143-Prairie Twp 5,26640.517309009447
05143-Fay 12,05143-Fay 29,5507.088166469519
05143-Fay 12,05143-Prairie Twp 6,2291.5376345739587
05143-Fay 12,05143-Fay 28,3972.7115269393207
05143-Fay 12,05143-Prairie Twp 1,1799.3965173538054
05143-Fay 13,05143-Fay 34,2923.179311838187
05143-Fay 13,05143-Fay 23,674.7102598150614
05143-Fay 13,05143-Fay 14,4166.402009418853
05143-Fay 13,05143-Fay 59,10651.839885721449
05143-Fay 13,05143-Fay 22,8081.026902655391
05143-Fay 13,05143-Fay 37,581.5468975662702
05143-Fay 13,05143-Johnson City-3,3740.115719048104
05143-Fay 13,05143-Johnson City-2,938.8548681235774
05143-Fay 14,05143-Fay 18,3974.3971103833524
05143-Fay 14,05143-Fay 22,2344.3658668670532
05143-Fay 15,05143-Fay 64,1134.2907449496333
05143-Fay 15,05143-Fay 63,1346.4811030689282
05143-Fay 15,05143-Fay 26,3862.250644834933
05143-Fay 16,05143-Greenland Twp-1,27291.01677565636
05143-Fay 16,05143-Greenland City-1,13057.212654918352
05143-Fay 16,05143-Fay 57,1003.3124099398038
05143-Fay 16,05143-Fay 21,3360.9576243661704
05143-Fay 17,05143-Fay 50,2473.889300011204
05143-Fay 17,05143-Fay 29,2418.0307922004286
05143-Fay 17,05143-Fay 44,3019.3932271034982
05143-Fay 17,05143-Fay 19,3766.224891554304
05143-Fay 17,05143-Fay 18,3544.5210113314542
05143-Fay 18,05143-Fay 50,4204.214476630247
05143-Fay 19,05143-Fay 44,1301.822603333259
05143-Fay 19,05143-Fay 28,8417.580159345687
05143-Fay 19,05143-Fay 35,4153.457560096376
05143-Fay 20,05143-Fay 42,5368.246839852233
05143-Fay 20,05143-Fay 26,9221.542353816889
05143-Fay 20,05143-Fay 32,5291.333028238171
05143-Fay 20,05143-Fay 23,3224.4319023778476
05143-Fay 20,05143-Fay 27,1996.7617656801428
05143-Fay 20,05143-Fay 40,3681.808649458752
05143-Fay 21,05143-Prairie Twp 2,4369.073521722422
05143-Fay 21,05143-Fay 65,3251.9944431461226
05143-Fay 21,05143-Fay 56,13677.581005117456
05143-Fay 21,05143-Fay 57,6114.194747036876
05143-Fay 22,05143-Fay 38,5461.058786624252
05143-Fay 23,05143-Fay 40,5307.059370665005
05143-Fay 23,05143-Fay 58,1341.7918316100825
05143-Fay 23,05143-Fay 31,4680.580788014899
05143-Fay 24,05143-Fay 64,1077.5812887275658
05143-Fay 24,05143-Fay 36,5894.209114177091
05143-Fay 25,05143-Fay 50,2559.8541651292526
05143-Fay 26,05143-Greenland Twp-2,3423.9978351376913
05143-Fay 26,05143-Fay 52,7073.276664486588
05143-Fay 26,05143-Prairie Twp 3,14221.059249161695
05143-Fay 26,05143-Fay 32,2699.428427269892
05143-Fay 27,05143-Fay 32,6636.850319563863
05143-Fay 27,05143-Fay 53,648.6791916929445
05143-Fay 27,05143-Fay 51,1323.032250885988
05143-Fay 27,05143-Fay 49,4057.2752397956656
05143-Fay 27,05143-Fay 40,687.8980054342915
05143-Fay 27,05143-Fay 43,686.3365256564699
05143-Fay 27,05143-Litteral-3,3852.7422478926596
05143-Fay 28,05143-Fay 44,2620.4669706196946
05143-Fay 28,05143-Prairie Twp 6,324.62107380538583
05143-Fay 28,05143-Prairie Twp 1,22291.140162098895
05143-Fay 28,05143-Fay 35,2298.659790840723
05143-Fay 29,05143-Fay 44,1333.2728291811222
05143-Fay 30,05143-Prairie Twp 1,1910.946587657371
05143-Fay 30,05143-Prairie Twp 8,966.1577886722998
05143-Fay 30,05143-Fay 35,13443.095852047603
05143-Fay 30,05143-Fay 39,3604.2362656684413
05143-Fay 30,05143-Spg 25,5359.006661758344
05143-Fay 30,05143-Fay 45,330.9560396078339
05143-Fay 30,05143-Spg 17,13006.838960665922
05143-Fay 30,05143-Fay 38,3761.8169843567644
05143-Fay 30,05143-Spg 10,1736.4114310964371
05143-Fay 31,05143-Fay 58,6107.228120647885
05143-Fay 31,05143-Johnson Twp-3,354.42477323885834
05143-Fay 31,05143-Fay 59,9661.101296031486
05143-Fay 31,05143-Fay 41,399.42607494274034
05143-Fay 31,05143-Prairie Twp 4,7175.713093264785
05143-Fay 32,05143-Fay 53,6125.436786608565
05143-Fay 33,05143-Fay 40,3413.873460494374
05143-Fay 33,05143-Wheeler-2,10299.101763463977
05143-Fay 35,05143-Prairie Twp 1,775.6845346475905
05143-Fay 35,05143-Prairie Twp 8,3263.3356342467087
05143-Fay 35,05143-Fay 38,2479.072930505931
05143-Fay 36,05143-Fay 64,1360.5733857200746
05143-Fay 37,05143-Fay 38,5209.899036489909
05143-Fay 37,05143-Johnson City-3,6329.398640645072
05143-Fay 38,05143-Johnson City-3,3197.7103649160417
05143-Fay 38,05143-Johnson City-4,2913.2781413337057
05143-Fay 38,05143-Spg 10,710.9879396332232
05143-Fay 39,05143-Prairie Twp 8,3957.5205654383517
05143-Fay 39,05143-Spg 25,6914.9405842488995
05143-Fay 39,05143-Fay 45,1989.6567184955297
05143-Fay 40,05143-Fay 49,8510.298473633173
05143-Fay 40,05143-Fay 60,786.6566145704213
05143-Fay 40,05143-Fay 58,5953.70544769127
05143-Fay 40,05143-Wheeler-2,2393.035500566139
05143-Fay 40,05143-Johnson Twp-3,658.0022351243957
05143-Fay 40,05143-Wheeler-5,10994.367133934189
05143-Fay 41,05143-Fay 59,3514.757680569033
05143-Fay 41,05143-Johnson City-2,336.53566583981774
05143-Fay 41,05143-Johnson Twp-1,6255.922709076958
05143-Fay 43,05143-Fay 46,13511.418050372891
05143-Fay 43,05143-Fay 51,3572.213715231929
05143-Fay 43,05143-Litteral-3,10474.286738022813
05143-Fay 45,05143-Spg 25,4280.435579827756
05143-Fay 46,05143-Fay 48,1908.318951866342
05143-Fay 46,05143-Fay 53,5288.2760349534765
05143-Fay 46,05143-Litteral-3,1309.7274312497907
05143-Fay 51,05143-Litteral-3,4687.823876365743
05143-Fay 52,05143-Greenland Twp-2,7295.068878198644
05143-Fay 55,05143-Richland-2,1376.2741958346867
05143-Fay 55,05143-Prairie Twp 2,8794.372803089533
05143-Fay 55,05143-Fay 66,1869.890317137013
05143-Fay 55,05143-Wyman,5680.814764394171
05143-Fay 55,05143-Prairie Twp 5,2869.0105975896604
05143-Fay 56,05143-Prairie Twp 2,26436.765285894206
05143-Fay 56,05143-Prairie Twp 7,740.5227229791034
05143-Fay 57,05143-Prairie Twp 2,10959.14460364902
05143-Fay 58,05143-Johnson Twp-3,5333.928761447681
05143-Fay 58,05143-Wheeler-5,665.3679758630522
05143-Fay 60,05143-Wheeler-2,496.64729316564643
05143-Fay 65,05143-Prairie Twp 2,6639.192995164162
05143-Fay 66,05143-Wyman,7932.026812097738
05143-Fay 66,05143-Prairie Twp 5,8673.003057995362
05143-Goshen City-1,05143-Wyman,11046.23240340307
05143-Goshen City-1,05143-Prairie Twp 1,8597.591631767415
05143-Goshen City-1,05143-Goshen Twp-2,36159.240971215266
05143-Goshen City-1,05143-Prairie Twp 8,5270.538881710338
05143-Goshen City-1,05143-Goshen City-2,840.7744155658972
05143-Goshen City-1,05143-Goshen Twp-1,57357.071046951874
05143-Goshen City-2,05143-Goshen Twp-2,1037.3823181528587
05143-Goshen Twp-1,05143-Goshen Twp-2,4426.8078845938635
05143-Goshen Twp-1,05143-Prairie Twp 8,5327.943706288148
05143-Goshen Twp-2,05143-Wyman,13838.672507055537
05143-Goshen Twp-2,05143-Richland-3,28978.67019471774
05143-Greenland City-1,05143-Greenland Twp-1,54164.84609612115
05143-Greenland City-1,05143-Greenland City-2,11897.1053705868
05143-Greenland City-2,05143-Greenland Twp-2,21228.838031458967
05143-Greenland Twp-1,05143-West Fork Twp-2,22652.693788637313
05143-Greenland Twp-1,05143-West Fork City-2,2762.201857348798
05143-Greenland Twp-1,05143-West Fork City-3,10245.807745522157
05143-Greenland Twp-1,05143-Greenland Twp-3,25313.166047258965
05143-Greenland Twp-1,05143-Prairie Twp 2,7690.395364290534
05143-Greenland Twp-1,05143-Valley-3,5210.773038671863
05143-Greenland Twp-1,05143-Prairie Gr Twp-3,246.0995579196287
05143-Greenland Twp-1,05143-Greenland Twp-2,21938.992924161354
05143-Greenland Twp-2,05143-West Fork Twp-2,5370.739462206289
05143-Greenland Twp-2,05143-Prairie Gr Twp-3,15564.246912335868
05143-Greenland Twp-3,05143-West Fork Twp-3,2262.0181380958443
05143-Greenland Twp-3,05143-White River-1,7648.892528731246
05143-Greenland Twp-3,05143-Prairie Twp 2,18657.56170678964
05143-Harmon-1,05143-Harmon-6,3238.688858610365
05143-Harmon-1,05143-Harmon-2,10565.826906449322
05143-Harmon-1,05143-Harmon-4,7923.4359116557225
05143-Harmon-1,05143-Harmon-3,17922.270010455213
05143-Harmon-1,05143-Tontitown City-2,6590.539921119365
05143-Harmon-1,05143-Tontitown City-3,10680.419716903916
05143-Harmon-1,05143-Tontitown Twp,6526.273516873507
05143-Harmon-2,05143-Wedington,20737.828687789515
05143-Harmon-2,05143-Litteral-1,1290.0785713429577
05143-Harmon-2,05143-Harmon-6,6514.729051112529
05143-Harmon-3,05143-Litteral-3,5165.260369014502
05143-Harmon-3,05143-Harmon-6,3903.9536282016725
05143-Harmon-3,05143-Litteral-2,2605.3535629621556
05143-Harmon-3,05143-Wheeler-3,5997.046755269817
05143-Harmon-4,05143-Wheeler-2,7099.6499320514695
05143-Harmon-4,05143-Wheeler-1,6265.48641395534
05143-Harmon-5,05143-Wheeler-2,4854.818100377297
05143-Harmon-5,05143-Tontitown City-2,10766.134270783803
05143-Harmon-6,05143-Litteral-3,11316.340672254915
05143-Illinois,05143-Starr Hill,29084.00958751374
05143-Illinois,05143-Rheas Mill,10534.99626349595
05143-Illinois,05143-Wedington,33159.81689222519
05143-Johnson City-1,05143-Johnson City-3,7068.103675196384
05143-Johnson City-1,05143-Johnson City-2,4212.109063771238
05143-Johnson City-1,05143-Spg 19,6292.847164556082
05143-Johnson City-1,05143-Spg 08,13336.81095529156
05143-Johnson City-1,05143-Spg 04,1181.3056963364927
05143-Johnson City-2,05143-Johnson Twp-4,2086.2040802919446
05143-Johnson City-2,05143-Johnson City-3,8151.7466728616455
05143-Johnson City-2,05143-Johnson Twp-1,9246.51930452277
05143-Johnson City-2,05143-Johnson Twp-2,3146.3944417029957
05143-Johnson City-2,05143-Tontitown City-2,878.0585555300029
05143-Johnson City-3,05143-Johnson City-4,1114.5555232469935
05143-Johnson City-3,05143-Spg 10,1913.6410534406982
05143-Johnson City-3,05143-Spg 19,1719.1257436329954
05143-Johnson City-4,05143-Spg 10,1598.7972938752027
05143-Johnson Twp-1,05143-Johnson Twp-3,1362.2030873030435
05143-Johnson Twp-1,05143-Johnson Twp-4,5075.250566072131
05143-Johnson Twp-1,05143-Prairie Twp 4,3969.580069416623
05143-Johnson Twp-1,05143-Wheeler-5,4859.324835005048
05143-Johnson Twp-1,05143-Tontitown City-2,3635.975871504068
05143-Johnson Twp-2,05143-Spg 08,1606.4308632317616
05143-Johnson Twp-2,05143-Tontitown City-2,1573.6889954723324
05143-Johnson Twp-3,05143-Prairie Twp 4,2590.8791871154453
05143-Johnson Twp-3,05143-Wheeler-5,2011.4972204068013
05143-Johnson Twp-4,05143-Tontitown City-2,3673.826353603164
05143-Lees Creek,05143-West Fork Twp-1,18671.064564638473
05143-Lees Creek,05143-Winslow Twp,52518.308653906824
05143-Lincoln,05143-Starr Hill,61733.170878998564
05143-Litteral-1,05143-Marrs Hill-1,7748.025302597829
05143-Litteral-1,05143-Wedington,13206.568429228251
05143-Litteral-1,05143-Litteral-3,18588.722488134263
05143-Litteral-2,05143-Litteral-3,5230.5312551668
05143-Litteral-3,05143-Marrs Hill-2,5338.266565066922
05143-Litteral-3,05143-Litteral-4,2991.902999698311
05143-Litteral-3,05143-Wheeler-1,21068.85397267893
05143-Litteral-3,05143-Wheeler-3,5254.820833559512
05143-Litteral-4,05143-Wheeler-2,2933.1048579200105
05143-Marrs Hill-1,05143-Prairie Gr Twp-1,18642.773983766943
05143-Marrs Hill-1,05143-Prairie Gr City-1,2422.334622539669
05143-Marrs Hill-1,05143-Marrs Hill-2,30311.571889771567
05143-Marrs Hill-1,05143-Rheas Mill,21176.425968335207
05143-Marrs Hill-1,05143-Wedington,18529.008230691863
05143-Morrow-1,05143-Vineyard,4474.716627328315
05143-Morrow-1,05143-Morrow-2,16214.319957975344
05143-Morrow-1,05143-Starr Hill,2649.5788411630747
05143-Prairie Gr City-1,05143-Prairie Gr Twp-2,8688.982532385246
05143-Prairie Gr City-1,05143-Prairie Gr City-5,1082.5804370255669
05143-Prairie Gr City-1,05143-Prairie Gr City-2,11995.085388333397
05143-Prairie Gr City-1,05143-Prairie Gr Twp-1,23941.307461834953
05143-Prairie Gr City-2,05143-Prairie Gr Twp-2,11930.688290516435
05143-Prairie Gr City-2,05143-Prairie Gr Twp-1,9033.185908652222
05143-Prairie Gr City-2,05143-Prairie Gr Twp-3,6012.12444100878
05143-Prairie Gr City-2,05143-Prairie Gr City-3,8274.17497080564
05143-Prairie Gr City-2,05143-Prairie Gr City-4,2218.4275368391627
05143-Prairie Gr City-3,05143-Prairie Gr Twp-3,11233.209708884233
05143-Prairie Gr City-3,05143-Prairie Gr City-4,5744.65729904082
05143-Prairie Gr City-5,05143-Prairie Gr Twp-2,3389.1275152750877
05143-Prairie Gr Twp-1,05143-Starr Hill,7938.572414351281
05143-Prairie Gr Twp-1,05143-Prairie Gr Twp-2,6466.076275341132
05143-Prairie Gr Twp-1,05143-Rheas Mill,7905.908483822115
05143-Prairie Gr Twp-2,05143-Valley-1,10752.18277762679
05143-Prairie Gr Twp-2,05143-Valley-3,10083.647236878538
05143-Prairie Gr Twp-2,05143-Prairie Gr Twp-3,6594.520380615009
05143-Prairie Gr Twp-3,05143-Valley-3,13177.046517920962
05143-Prairie Twp 1,05143-Wyman,7342.653008220453
05143-Prairie Twp 1,05143-Prairie Twp 5,9508.74025741276
05143-Prairie Twp 1,05143-Prairie Twp 6,2750.93359608463
05143-Prairie Twp 1,05143-Prairie Twp 8,25192.330161144313
05143-Prairie Twp 2,05143-White River-1,19813.375055442855
05143-Prairie Twp 2,05143-Richland-2,11837.383269201287
05143-Prairie Twp 2,05143-Prairie Twp 7,2373.1774000506307
05143-Prairie Twp 5,05143-Wyman,12182.119532897505
05143-Prairie Twp 8,05143-Spg 25,4033.549716753917
05143-Prairie Twp 8,05143-Spg Twp-3,3900.4329487766913
05143-Prairie Twp 8,05143-Spg 23,2638.7836578099204
05143-Prairie Twp 8,05143-Spg Twp-2,2204.1854723484166
05143-Reed-1,05143-Winslow Twp,745.7126574376044
05143-Reed-1,05143-White River-2,13120.710214102985
05143-Reed-1,05143-White River-5,6805.382334895917
05143-Reed-1,05143-Reed-2,28478.848453266928
05143-Reed-2,05143-Winslow Twp,27661.600068701275
05143-Rheas Mill,05143-Starr Hill,26216.99537082994
05143-Rheas Mill,05143-Wedington,28732.282218219854
05143-Richland-1,05143-White River-3,7964.398922367436
05143-Richland-1,05143-Richland-2,6859.840018626454
05143-Richland-1,05143-Richland-3,3324.261241739057
05143-Richland-2,05143-White River-3,10633.408422004017
05143-Richland-3,05143-Wyman,19774.444455587553
05143-Spg 01,05143-Spg 18,6718.969949812831
05143-Spg 01,05143-Spg 28,4572.868700329662
05143-Spg 01,05143-Spg 09,7309.1711264577725
05143-Spg 02,05143-Spg 31,1947.9983380789452
05143-Spg 02,05143-Spg 32,2875.0530704507282
05143-Spg 02,05143-Spg 03,4350.404342060968
05143-Spg 02,05143-Spg 37,605.2149362892585
05143-Spg 02,05143-Spg 15,13442.536083729867
05143-Spg 02,05143-Spg 41,5020.242216972697
05143-Spg 02,05143-Spg 29,7390.988045215943
05143-Spg 02,05143-Spg 30,8198.399480003185
05143-Spg 02,05143-Spg 09,2247.497326656857
05143-Spg 03,05143-Spg 17,3712.6879664634284
05143-Spg 03,05143-Spg 31,6429.386323184309
05143-Spg 03,05143-Spg 13,5319.1528364900605
05143-Spg 04,05143-Spg 17,3324.864306101789
05143-Spg 04,05143-Spg 19,6759.040778219593
05143-Spg 04,05143-Spg 08,1336.895027819754
05143-Spg 04,05143-Spg 31,3686.1919720169003
05143-Spg 04,05143-Spg 12,10525.299089783297
05143-Spg 04,05143-Spg 32,3531.472856809988
05143-Spg 04,05143-Spg 36,1263.2546087830542
05143-Spg 04,05143-Spg 35,4026.2881654042303
05143-Spg 04,05143-Spg 05,3906.3106062833817
05143-Spg 05,05143-Spg 35,2575.420351219092
05143-Spg 05,05143-Spg 33,6547.406712001689
05143-Spg 05,05143-Spg 16,2623.9289696438914
05143-Spg 05,05143-Spg 34,2229.299747068144
05143-Spg 05,05143-Spg 14,2498.0632696061652
05143-Spg 06,05143-Spg 16,4127.4914096325665
05143-Spg 06,05143-Spg 34,2676.2746335218576
05143-Spg 06,05143-Spg 18,6686.738297589408
05143-Spg 06,05143-Spg 29,2672.340330047208
05143-Spg 06,05143-Spg 28,2528.0302787081223
05143-Spg 07,05143-Spg 33,1672.202322670724
05143-Spg 07,05143-Spg 21,746.8753874165277
05143-Spg 07,05143-Spg 27,8245.886482347632
05143-Spg 07,05143-Spg 14,6634.61649977079
05143-Spg 07,05143-Spg 18,218.73286072008904
05143-Spg 08,05143-Spg 12,19629.96789295417
05143-Spg 08,05143-Tontitown City-2,2029.8356284101585
05143-Spg 09,05143-Spg Twp-1,1899.590116788619
05143-Spg 09,05143-Spg 41,8245.366765195138
05143-Spg 09,05143-Spg 18,3632.1741675383714
05143-Spg 09,05143-Spg 30,7435.701178024087
05143-Spg 09,05143-Spg 28,1552.108399058654
05143-Spg 10,05143-Spg 17,615.3656346929765
05143-Spg 10,05143-Spg 19,3795.2510065713723
05143-Spg 11,05143-Spg 12,7183.081270986147
05143-Spg 11,05143-Spg 33,4806.339609526362
05143-Spg 11,05143-Spg 21,2964.3982096789073
05143-Spg 11,05143-Spg 27,3145.5629538613275
05143-Spg 11,05143-Spg 20,1332.0634158358102
05143-Spg 11,05143-Spg 22,2597.7006253866016
05143-Spg 11,05143-Spg 26,3659.211273504982
05143-Spg 12,05143-Spg 33,3406.862863392408
05143-Spg 12,05143-Tontitown City-2,8859.697671117425
05143-Spg 12,05143-Tontitown City-4,2981.9061006060415
05143-Spg 12,05143-Tontitown City-6,2753.8761969618686
05143-Spg 12,05143-Spg 20,554.9741000568956
05143-Spg 13,05143-Spg 17,4392.931682883079
05143-Spg 13,05143-Spg 24,2726.907866504333
05143-Spg 13,05143-Spg 40,3383.201972613371
05143-Spg 13,05143-Spg 15,5234.291052942261
05143-Spg 14,05143-Spg 34,2964.8282169276245
05143-Spg 14,05143-Spg 18,9269.271129059525
05143-Spg 15,05143-Spg 24,2255.26149391172
05143-Spg 15,05143-Spg 37,5546.831061212257
05143-Spg 16,05143-Spg 35,4080.7058226932245
05143-Spg 16,05143-Spg 29,2453.716778324932
05143-Spg 17,05143-Spg 25,3696.462349633938
05143-Spg 17,05143-Spg 39,1925.6190092832253
05143-Spg 17,05143-Spg 19,2035.945345632943
05143-Spg 17,05143-Spg 31,5077.717031046543
05143-Spg 17,05143-Spg 40,334.77327846030255
05143-Spg 20,05143-Tontitown City-6,320.64526022235736
05143-Spg 20,05143-Spg 22,1110.234835443069
05143-Spg 20,05143-Tontitown City-1,1479.2115213514066
05143-Spg 21,05143-Spg 27,1060.5066639581064
05143-Spg 21,05143-Spg 26,2081.8725656753563
05143-Spg 22,05143-Tontitown City-1,2914.5037808838724
05143-Spg 22,05143-Spg 26,4372.894974004813
05143-Spg 23,05143-Spg 25,2897.3482292795143
05143-Spg 23,05143-Spg Twp-3,7115.721867989232
05143-Spg 23,05143-Spg 39,2381.180612312134
05143-Spg 23,05143-Spg Twp-1,277.0469132270292
05143-Spg 23,05143-Spg 41,3140.0365619473914
05143-Spg 24,05143-Spg 40,6754.273428581068
05143-Spg 24,05143-Spg 37,2925.4518206734333
05143-Spg 24,05143-Spg 41,931.9724057029516
05143-Spg 25,05143-Spg 39,6109.63109731697
05143-Spg 26,05143-Tontitown City-1,7494.672977931936
05143-Spg 27,05143-Spg 33,2564.2590839344502
05143-Spg 28,05143-Spg 29,3280.3850762454554
05143-Spg 28,05143-Spg 30,2246.3059169758435
05143-Spg 29,05143-Spg 36,5309.778168099699
05143-Spg 31,05143-Spg 32,1154.9388156844886
05143-Spg 32,05143-Spg 36,1303.2938393258175
05143-Spg 35,05143-Spg 36,2627.2183651031546
05143-Spg 37,05143-Spg 40,5031.868956228756
05143-Spg 37,05143-Spg Twp-1,1060.1109836820185
05143-Spg 37,05143-Spg 38,865.2929207573034
05143-Spg 37,05143-Spg 41,2669.5046132989155
05143-Spg 38,05143-Spg Twp-1,933.3471482596478
05143-Spg 39,05143-Spg 40,4983.198700093613
05143-Spg 40,05143-Spg Twp-1,6162.820376256236
05143-Spg 40,05143-Spg 41,3601.7036865857735
05143-Spg 41,05143-Spg Twp-3,452.1943667895451
05143-Spg 41,05143-Spg Twp-1,48683.59460452294
05143-Spg Twp-1,05143-Spg Twp-3,3677.880031548776
05143-Spg Twp-1,05143-Spg Twp-2,32658.122510031142
05143-Spg Twp-2,05143-Spg Twp-3,2896.916173320336
05143-Tontitown City-1,05143-Tontitown City-6,26634.479239161014
05143-Tontitown City-2,05143-Wheeler-2,10824.467566575102
05143-Tontitown City-2,05143-Wheeler-5,1640.2761438545251
05143-Tontitown City-2,05143-Tontitown City-3,3981.346411632524
05143-Tontitown City-2,05143-Tontitown City-4,2316.2057604713505
05143-Tontitown City-2,05143-Tontitown City-6,22396.998660419602
05143-Tontitown City-3,05143-Tontitown City-6,6594.1990395257535
05143-Tontitown City-4,05143-Tontitown City-6,654.6069750050548
05143-Tontitown City-6,05143-Tontitown Twp,8553.396180665377
05143-Valley-1,05143-West Fork Twp-1,18828.33919811629
05143-Valley-1,05143-Valley-2,13888.99335820883
05143-Valley-1,05143-Valley-3,22643.237058345978
05143-Valley-3,05143-West Fork Twp-2,14283.737910755139
05143-West Fork City-1,05143-West Fork Twp-1,76862.44763208134
05143-West Fork City-1,05143-West Fork Twp-2,11092.648857006612
05143-West Fork City-1,05143-West Fork City-2,5427.030398985249
05143-West Fork City-2,05143-West Fork Twp-1,3395.2507146525195
05143-West Fork City-2,05143-West Fork Twp-2,74017.20154634939
05143-West Fork City-2,05143-West Fork City-3,2152.783713839035
05143-West Fork Twp-1,05143-West Fork Twp-2,21654.636780726065
05143-West Fork Twp-1,05143-West Fork Twp-3,13295.243371389783
05143-West Fork Twp-2,05143-West Fork Twp-3,13620.231648928793
05143-West Fork Twp-3,05143-White River-1,18349.813130518003
05143-Wheeler-1,05143-Wheeler-2,16426.378878527288
05143-Wheeler-1,05143-Wheeler-3,4190.064867836436
05143-Wheeler-2,05143-Wheeler-5,7875.460311908241
05143-White River-1,05143-White River-5,35704.583391601045
05143-White River-1,05143-White River-4,1100.9803031809608
05143-White River-1,05143-White River-3,16498.257304062903
05143-White River-2,05143-White River-5,39199.99939249326
05143-White River-2,05143-White River-4,1532.877781766735
05143-White River-3,05143-White River-5,13078.557999824046
05143-Winslow City,05143-Winslow Twp,45238.45553635271
05145-71 - Searcy Ward 2 B,05145-32 - Gray B,7017.8316637583175
05145-71 - Searcy Ward 2 B,05145-74 - Searcy Ward 3 A,5664.670057901703
05145-71 - Searcy Ward 2 B,05145-72 - Searcy Ward 2 C,2326.6740358909406
05145-71 - Searcy Ward 2 B,05145-92 - Searcy Ward 1 E,5284.947463898949
05145-29 - Garner City,05145-28 - Garner TWP,24870.418873409893
05145-29 - Garner City,05145-32 - Gray B,3319.062339906668
05145-86 - Georgetown City,05145-27 - Francure,12124.056377157256
05145-92 - Searcy Ward 1 E,05145-74 - Searcy Ward 3 A,661.4218028499045
05145-92 - Searcy Ward 1 E,05145-66 - Searcy Ward 1 A,8181.0544350166465
05145-92 - Searcy Ward 1 E,05145-31 - Gray A,4498.4089714515085
05145-18 - Cleveland,05145-63 - Royal,17166.73306955803
05145-18 - Cleveland,05145-26 - El Paso,5291.011148164945
05145-18 - Cleveland,05145-41 - Jefferson,27906.799023401818
05145-18 - Cleveland,05145-19 - Coffey,15690.38062245726
05145-96 - Higginson Ward 3,05145-38 - Higginson TWP,8327.185774747206
05145-96 - Higginson Ward 3,05145-95 - Higginson Ward 2,3653.608800898852
05145-40 - Jackson,05145-10 - Big Creek,29953.31853736065
05145-40 - Jackson,05145-37 - Hartsell,58543.87534632306
05145-09 - Beebe Ward 3,05145-90 - Beebe Ward 3 C,16068.584153412483
05145-09 - Beebe Ward 3,05145-08 - Beebe Ward 2,11940.799155703364
05145-09 - Beebe Ward 3,05145-82 - Union,16404.148704275423
05145-72 - Searcy Ward 2 C,05145-32 - Gray B,18519.001354186963
05145-72 - Searcy Ward 2 C,05145-73 - Searcy Ward 2 D,2602.498940004454
05145-72 - Searcy Ward 2 C,05145-81 - Searcy Ward 2 E,8064.292835016933
05145-72 - Searcy Ward 2 C,05145-74 - Searcy Ward 3 A,1065.6717376221366
05145-68 - Searcy Ward 1 C,05145-78 - Searcy Ward 4 A,1051.9835853014572
05145-68 - Searcy Ward 1 C,05145-79 - Searcy Ward 4 B,2014.5943545346806
05145-68 - Searcy Ward 1 C,05145-69 - Searcy Ward 1 D,6575.605318777073
05145-68 - Searcy Ward 1 C,05145-66 - Searcy Ward 1 A,6334.620368043266
05145-68 - Searcy Ward 1 C,05145-31 - Gray A,2378.5403352843455
05145-07 - Beebe Ward 1,05145-08 - Beebe Ward 2,15137.690709391774
05145-07 - Beebe Ward 1,05145-82 - Union,34905.02439035036
05145-07 - Beebe Ward 1,05145-16 - Chrisp,273.1347165347651
05145-08 - Beebe Ward 2,05145-90 - Beebe Ward 3 C,694.9245702328518
05145-08 - Beebe Ward 2,05145-82 - Union,7517.564910124887
05145-80 - Searcy Ward 4 C,05145-38 - Higginson TWP,7807.0414530441485
05145-80 - Searcy Ward 4 C,05145-49 - Kensett TWP,1876.9423046426316
05145-80 - Searcy Ward 4 C,05145-78 - Searcy Ward 4 A,9550.303351174634
05145-80 - Searcy Ward 4 C,05145-47 - Kensett Ward 2,5153.156661452412
05145-80 - Searcy Ward 4 C,05145-79 - Searcy Ward 4 B,7844.116523273056
05145-80 - Searcy Ward 4 C,05145-69 - Searcy Ward 1 D,7124.868210640463
05145-48 - Kensett Ward 3,05145-49 - Kensett TWP,9917.606077270422
05145-48 - Kensett Ward 3,05145-46 - Kensett Ward 1,3055.7208268426616
05145-48 - Kensett Ward 3,05145-47 - Kensett Ward 2,3286.4260529612748
05145-74 - Searcy Ward 3 A,05145-75 - Searcy Ward 3 B,2136.032791695229
05145-74 - Searcy Ward 3 A,05145-73 - Searcy Ward 2 D,440.8114708057089
05145-74 - Searcy Ward 3 A,05145-76 - Searcy Ward 3 C,3737.2816532601855
05145-74 - Searcy Ward 3 A,05145-66 - Searcy Ward 1 A,2332.553676194843
05145-66 - Searcy Ward 1 A,05145-75 - Searcy Ward 3 B,1280.3382752356356
05145-66 - Searcy Ward 1 A,05145-78 - Searcy Ward 4 A,2921.21518555879
05145-66 - Searcy Ward 1 A,05145-31 - Gray A,2789.3540369854895
05145-79 - Searcy Ward 4 B,05145-78 - Searcy Ward 4 A,4465.86656681746
05145-79 - Searcy Ward 4 B,05145-69 - Searcy Ward 1 D,3711.238153945317
05145-03 - Bald Knob Ward 1,05145-06 - Bald Knob TWP,21601.157263811216
05145-03 - Bald Knob Ward 1,05145-05 - Bald knob Ward 3,8982.05517501827
05145-03 - Bald Knob Ward 1,05145-91 - Harrison East,4213.028017116715
05145-03 - Bald Knob Ward 1,05145-04 - Bald Knob Ward 2,9798.959333201354
05145-90 - Beebe Ward 3 C,05145-82 - Union,42462.941865272085
05145-04 - Bald Knob Ward 2,05145-06 - Bald Knob TWP,34348.51418123276
05145-04 - Bald Knob Ward 2,05145-05 - Bald knob Ward 3,4338.770705980203
05145-55 - McRae Ward 1,05145-57 - McRae TWP,10365.833707562371
05145-55 - McRae Ward 1,05145-56 - McRae Ward 2,3158.450267525175
05145-56 - McRae Ward 2,05145-57 - McRae TWP,20642.004770669468
05145-33 - Griffithville City,05145-25 - Dogwood TWP,28501.60456412125
05145-57 - McRae TWP,05145-28 - Garner TWP,56970.02234358642
05145-57 - McRae TWP,05145-82 - Union,64574.57164974453
05145-57 - McRae TWP,05145-16 - Chrisp,13652.941444559561
05145-57 - McRae TWP,05145-15 - Cane,31175.556305132694
05145-39 - Higginson  Ward 1,05145-38 - Higginson TWP,10745.612188656662
05145-39 - Higginson  Ward 1,05145-95 - Higginson Ward 2,2967.80185762876
05145-39 - Higginson  Ward 1,05145-77 - Searcy Ward 3 D,1633.2152589111672
05145-39 - Higginson  Ward 1,05145-75 - Searcy Ward 3 B,1243.1216160399651
05145-95 - Higginson Ward 2,05145-38 - Higginson TWP,13931.233901869064
05145-20 - Coldwell,05145-91 - Harrison East,10812.99730485039
05145-20 - Coldwell,05145-87 - Bald Knob North,10706.71192237556
05145-20 - Coldwell,05145-83 - Velvet Ridge,26460.15323070971
05145-20 - Coldwell,05145-36 - Harrison,5176.487644336526
05145-20 - Coldwell,05145-35 - Guthrie,31948.915967696223
05145-20 - Coldwell,05145-23 - Denmark,10664.41476718874
05145-02 - Antioch,05145-82 - Union,30352.63877579179
05145-02 - Antioch,05145-16 - Chrisp,19026.228979149855
05145-02 - Antioch,05145-15 - Cane,7418.479444382347
05145-02 - Antioch,05145-19 - Coffey,37164.55185140259
05145-16 - Chrisp,05145-82 - Union,30243.095587970376
05145-16 - Chrisp,05145-15 - Cane,22030.296603709317
05145-41 - Jefferson,05145-26 - El Paso,13478.864709650617
05145-41 - Jefferson,05145-54 - Marshall,30659.063364877566
05145-41 - Jefferson,05145-19 - Coffey,9510.10434713924
05145-85 - West Point,05145-61 - Red River,23465.18912493444
05145-22 - Cypert,05147-Gregory - 06,4410.524092468777
05145-22 - Cypert,05145-27 - Francure,55704.03940297982
05145-22 - Cypert,05147-South Rural Augusta - 05,104040.48536248179
05145-22 - Cypert,05145-06 - Bald Knob TWP,52817.19640466926
05145-22 - Cypert,05147-North Rural Augusta - 04,38091.37622632827
05145-22 - Cypert,05145-65 - Russell TWP,25816.224898430795
05145-54 - Marshall,05145-19 - Coffey,7513.6834863700515
05145-54 - Marshall,05145-30 - Gravel Hill,24952.73807152898
05145-54 - Marshall,05145-50 - Kentucky,26305.12306288936
05145-15 - Cane,05145-28 - Garner TWP,22339.770916804373
05145-15 - Cane,05145-19 - Coffey,19884.488483999023
05145-15 - Cane,05145-24 - Des Arc,32647.120563035394
05145-15 - Cane,05145-32 - Gray B,25067.730900107486
05145-46 - Kensett Ward 1,05145-49 - Kensett TWP,15377.895503643373
05145-46 - Kensett Ward 1,05145-47 - Kensett Ward 2,5885.124069142329
05145-91 - Harrison East,05145-06 - Bald Knob TWP,29343.94507229282
05145-91 - Harrison East,05145-44 - Judsonia Ward 2,236.81102831515176
05145-91 - Harrison East,05145-36 - Harrison,35437.90410226339
05145-91 - Harrison East,05145-43 - Judsonia Ward 1,5540.818836088432
05145-19 - Coffey,05145-63 - Royal,15907.987877268275
05145-19 - Coffey,05145-30 - Gravel Hill,29750.336451119645
05145-19 - Coffey,05145-24 - Des Arc,15849.433896111976
05145-93 - Searcy Ward 3 E,05145-34 - Gum Springs,6319.391217912527
05145-93 - Searcy Ward 3 E,05145-75 - Searcy Ward 3 B,5635.93775938069
05145-93 - Searcy Ward 3 E,05145-73 - Searcy Ward 2 D,7386.697847894631
05145-93 - Searcy Ward 3 E,05145-81 - Searcy Ward 2 E,4000.7959849241242
05145-93 - Searcy Ward 3 E,05145-76 - Searcy Ward 3 C,3906.1771217868195
05145-77 - Searcy Ward 3 D,05145-38 - Higginson TWP,7967.601574837858
05145-77 - Searcy Ward 3 D,05145-75 - Searcy Ward 3 B,15363.544533124352
05145-77 - Searcy Ward 3 D,05145-78 - Searcy Ward 4 A,12075.26287296105
05145-61 - Red River,05145-84 - Walker,5407.48098155699
05145-61 - Red River,05145-25 - Dogwood TWP,37210.15233312656
05145-61 - Red River,05145-27 - Francure,14320.493590910353
05145-61 - Red River,05145-06 - Bald Knob TWP,15035.421170632366
05145-61 - Red River,05145-49 - Kensett TWP,39586.0336469127
05145-61 - Red River,05145-36 - Harrison,36879.6497649034
05145-81 - Searcy Ward 2 E,05145-32 - Gray B,4127.123477848196
05145-81 - Searcy Ward 2 E,05145-73 - Searcy Ward 2 D,8513.088139131765
05145-76 - Searcy Ward 3 C,05145-75 - Searcy Ward 3 B,3345.125354777468
05145-76 - Searcy Ward 3 C,05145-73 - Searcy Ward 2 D,3059.747454587305
05145-47 - Kensett Ward 2,05145-49 - Kensett TWP,11240.965978520986
05145-47 - Kensett Ward 2,05145-69 - Searcy Ward 1 D,3352.4314296958046
05145-75 - Searcy Ward 3 B,05145-38 - Higginson TWP,6191.978214516729
05145-75 - Searcy Ward 3 B,05145-34 - Gum Springs,17302.754424604962
05145-75 - Searcy Ward 3 B,05145-78 - Searcy Ward 4 A,3937.684932487125
05145-49 - Kensett TWP,05145-84 - Walker,5261.592702829695
05145-49 - Kensett TWP,05145-38 - Higginson TWP,30221.5710666587
05145-49 - Kensett TWP,05145-69 - Searcy Ward 1 D,4928.438928117581
05145-49 - Kensett TWP,05145-44 - Judsonia Ward 2,5945.131984804647
05145-49 - Kensett TWP,05145-45 - Judsonia Ward 3,5869.991670564199
05145-49 - Kensett TWP,05145-36 - Harrison,28743.933200719093
05145-50 - Kentucky,05145-30 - Gravel Hill,7617.46564283261
05145-50 - Kentucky,05145-42 - Joy,16043.755643740527
05145-50 - Kentucky,05145-14 - Cadron,15954.717737539788
05145-50 - Kentucky,05145-62 - Rose Bud City,54950.75111545673
05145-69 - Searcy Ward 1 D,05145-36 - Harrison,19452.50954621507
05145-69 - Searcy Ward 1 D,05145-31 - Gray A,9287.744693080887
05145-30 - Gravel Hill,05145-24 - Des Arc,14566.0063233684
05145-30 - Gravel Hill,05145-42 - Joy,20773.36240308278
05145-45 - Judsonia Ward 3,05145-44 - Judsonia Ward 2,12505.616117672389
05145-45 - Judsonia Ward 3,05145-36 - Harrison,8809.076525420562
05145-45 - Judsonia Ward 3,05145-43 - Judsonia Ward 1,6000.0155073871465
05145-36 - Harrison,05145-06 - Bald Knob TWP,38683.578550962804
05145-36 - Harrison,05145-43 - Judsonia Ward 1,23222.38950802508
05145-36 - Harrison,05145-31 - Gray A,30166.164498347374
05145-36 - Harrison,05145-17 - Clay,20194.092241285663
05145-36 - Harrison,05145-35 - Guthrie,22223.886329026045
05145-21 - Crosby,05145-24 - Des Arc,18835.049446195124
05145-21 - Crosby,05145-32 - Gray B,26282.437517616032
05145-21 - Crosby,05145-58 - Mt. Pisgah,24129.497462016232
05145-05 - Bald knob Ward 3,05145-06 - Bald Knob TWP,13424.392650773141
05145-24 - Des Arc,05145-32 - Gray B,20115.59681312298
05145-24 - Des Arc,05145-42 - Joy,26658.25139755491
05145-24 - Des Arc,05145-58 - Mt. Pisgah,12731.26719112291
05145-42 - Joy,05145-58 - Mt. Pisgah,5013.697415783881
05145-42 - Joy,05145-14 - Cadron,38791.95567707157
05145-31 - Gray A,05145-32 - Gray B,25133.866231757525
05145-31 - Gray A,05145-01 - Albion,16613.499651534938
05145-31 - Gray A,05145-17 - Clay,9178.330017376307
05145-58 - Mt. Pisgah,05145-32 - Gray B,16386.262831204967
05145-58 - Mt. Pisgah,05145-01 - Albion,23862.966452668792
05145-58 - Mt. Pisgah,05145-14 - Cadron,490.65337361980687
05145-58 - Mt. Pisgah,05145-53 - Marion,25691.609103129762
05145-65 - Russell TWP,05145-06 - Bald Knob TWP,10620.030583231568
05145-65 - Russell TWP,05147-North Rural Augusta - 04,44560.8134233042
05145-65 - Russell TWP,05145-64 - Russell City,13476.810370042484
05145-65 - Russell TWP,05145-87 - Bald Knob North,10737.75901510339
05145-65 - Russell TWP,05145-52 - Liberty,35199.76728483213
05145-06 - Bald Knob TWP,05145-27 - Francure,6334.433642187987
05145-06 - Bald Knob TWP,05145-87 - Bald Knob North,15599.890516747926
05145-14 - Cadron,05145-53 - Marion,10553.481239677694
05145-51 - Letona,05145-01 - Albion,4668.66140328421
05145-51 - Letona,05145-53 - Marion,9355.290215835876
05145-53 - Marion,05145-01 - Albion,9688.881839369022
05145-53 - Marion,05145-10 - Big Creek,18103.869040622925
05145-01 - Albion,05145-32 - Gray B,1753.5412274109976
05145-01 - Albion,05145-17 - Clay,37861.533271465865
05145-01 - Albion,05145-10 - Big Creek,15176.836194219386
05145-87 - Bald Knob North,05145-83 - Velvet Ridge,15728.140469839851
05145-52 - Liberty,05147-North Rural Augusta - 04,67984.08198589564
05145-52 - Liberty,05145-83 - Velvet Ridge,24566.96327951403
05145-52 - Liberty,05145-13 - Bradford Ward 3,11578.35380162561
05145-52 - Liberty,05145-11 - Bradford Ward 1,4640.503222248603
05145-52 - Liberty,05145-12 - Bradford Ward 2,5806.499762994782
05145-17 - Clay,05145-35 - Guthrie,24152.802160170228
05145-17 - Clay,05145-10 - Big Creek,45583.07758661757
05145-17 - Clay,05145-37 - Hartsell,8049.793222483286
05145-94 - Pangburn Ward 3,05145-10 - Big Creek,4619.1571307441245
05145-94 - Pangburn Ward 3,05145-60 - Pangburn Ward 2,4807.896517465587
05145-11 - Bradford Ward 1,05145-13 - Bradford Ward 3,2473.543057697229
05145-11 - Bradford Ward 1,05145-12 - Bradford Ward 2,3307.649455591882
05145-60 - Pangburn Ward 2,05145-10 - Big Creek,6893.882064270711
05145-60 - Pangburn Ward 2,05145-59 - Pangburn Ward 1,4559.957102797948
05145-59 - Pangburn Ward 1,05145-10 - Big Creek,5107.287838646659
05145-13 - Bradford Ward 3,05145-12 - Bradford Ward 2,2434.1081855774223
05145-10 - Big Creek,05145-37 - Hartsell,11457.308550590642
05145-35 - Guthrie,05145-37 - Hartsell,35187.7764740007
05145-35 - Guthrie,05145-23 - Denmark,2976.647023037221
05145-23 - Denmark,05145-83 - Velvet Ridge,5384.604865748385
05145-23 - Denmark,05145-37 - Hartsell,60216.5454500894
05145-34 - Gum Springs,05145-28 - Garner TWP,25658.339148611427
05145-34 - Gum Springs,05145-38 - Higginson TWP,8704.816696903781
05145-34 - Gum Springs,05145-32 - Gray B,12771.789535789447
05145-34 - Gum Springs,05145-73 - Searcy Ward 2 D,6585.347021106818
05145-32 - Gray B,05145-73 - Searcy Ward 2 D,4050.6639992367227
05145-25 - Dogwood TWP,05145-84 - Walker,35643.77271086717
05145-25 - Dogwood TWP,05145-27 - Francure,21261.825964806358
05145-44 - Judsonia Ward 2,05145-43 - Judsonia Ward 1,10549.765080391937
05145-82 - Union,05145-63 - Royal,24616.647074341647
05145-84 - Walker,05145-28 - Garner TWP,53239.175430566145
05145-84 - Walker,05145-38 - Higginson TWP,24711.237502102827
05145-28 - Garner TWP,05145-38 - Higginson TWP,23709.858794498577
05145-63 - Royal,05145-26 - El Paso,24749.146668879468
05145-27 - Francure,05147-Gregory - 06,98278.08182390321
05147-Cotton Plant - 09,05147-Cotton Plant/ Freeman - 07,7866.426084054033
05147-Cotton Plant - 09,05147-Cotton Plant - 08,6592.9191440899585
05147-Cotton Plant - 08,05147-Cotton Plant/ Freeman - 07,14936.30414315945
05147-Hunter - 11,05147-Rural Hunter - 10,18555.74929702948
05147-Augusta - 02,05147-South Rural Augusta - 05,12145.556397575809
05147-Augusta - 02,05147-Augusta - 03,3685.9635667696903
05147-Augusta - 02,05147-Augusta - 01,7673.172098948134
05147-Augusta - 02,05147-North Rural Augusta - 04,6614.880597650198
05147-Gregory - 06,05147-Cotton Plant/ Freeman - 07,35839.92439683678
05147-Gregory - 06,05147-South Rural Augusta - 05,44921.59251943414
05147-Gregory - 06,05147-Howell - 12,52649.01654794027
05147-Augusta - 01,05147-North Rural Augusta - 04,32712.689146708297
05147-Fakes Chapel - 20,05147-South Rural Augusta - 05,407.8271632769413
05147-Fakes Chapel - 20,05147-McCrory - 18,3916.092049154742
05147-Fakes Chapel - 20,05147-Patterson - 16,12283.575390374383
05147-Fakes Chapel - 20,05147-McCrory - 17,7689.163485787267
05147-Fakes Chapel - 20,05147-Pumkin Bend - 19,25429.661004032845
05147-Fakes Chapel - 20,05147-North Rural Augusta - 04,53810.73575463555
05147-Howell - 12,05147-Cotton Plant/ Freeman - 07,36599.35545769479
05147-Howell - 12,05147-Rural Hunter - 10,19497.809393662475
05147-Howell - 12,05147-Hilleman - 13,30431.73410969245
05147-Howell - 12,05147-McCrory Rural - 15,48713.293381748656
05147-South Rural Augusta - 05,05147-McCrory Rural - 15,49047.213614872046
05147-South Rural Augusta - 05,05147-Patterson - 16,7098.491464398876
05147-South Rural Augusta - 05,05147-Augusta - 03,19377.507382240998
05147-South Rural Augusta - 05,05147-North Rural Augusta - 04,46373.01146247633
05147-McCrory - 18,05147-McCrory Rural - 15,31270.508883647763
05147-McCrory - 18,05147-McCrory - 17,9315.048875716
05147-Morton - 14,05147-Hilleman - 13,21553.912529126217
05147-Morton - 14,05147-McCrory Rural - 15,41815.80488125238
05147-Morton - 14,05147-Pumkin Bend - 19,22538.26324615533
05147-McCrory Rural - 15,05147-Patterson - 16,13953.651040973744
05147-McCrory Rural - 15,05147-McCrory - 17,9868.055892854654
05147-McCrory Rural - 15,05147-Pumkin Bend - 19,22521.564731243292
05147-McCrory - 17,05147-Pumkin Bend - 19,2869.9777676302683
05147-North Rural Augusta - 04,05147-Pumkin Bend - 19,14258.114511920037
05147-Cotton Plant/ Freeman - 07,05147-Rural Hunter - 10,46497.757400127965
05147-Rural Hunter - 10,05147-Hilleman - 13,51807.207781254685
05149-05 - Crawford,05149-29 - Ions Creek,58681.006396371784
05149-05 - Crawford,05149-04 - Compton,5289.760184902228
05149-05 - Crawford,05149-26 - Rover,15616.661331689946
05149-05 - Crawford,05149-14 - Gilkey,5459.4763113485105
05149-05 - Crawford,05149-17 - Lamar,21594.378203056698
05149-16 - Herring,05149-01 - Bluffton,5256.356455643251
05149-16 - Herring,05149-02 - Briggsville,21185.26212081438
05149-16 - Herring,05149-04 - Compton,21869.73307489181
05149-16 - Herring,05149-26 - Rover,5474.44830388237
05149-16 - Herring,05149-11 - Dutch Creek,26422.567751505914
05149-16 - Herring,05149-06 - Danville,4992.25466152526
05149-16 - Herring,05149-12 - Ferguson,32286.091565594626
05149-12 - Ferguson,05149-11 - Dutch Creek,8548.582498631726
05149-12 - Ferguson,05149-06 - Danville,56519.16100202166
05149-12 - Ferguson,05149-23 - Richland,23209.256407761306
05149-12 - Ferguson,05149-22 - Prairie,21265.042949690975
05149-12 - Ferguson,05149-25 - Riley,34618.06315506315
05149-12 - Ferguson,05149-21 - Mountain,31993.913037969098
05149-09 - Dardanelle Ward 2,05149-07 - Dardanelle Outside,13059.824173537736
05149-09 - Dardanelle Ward 2,05149-08 - Dardanelle Ward 1,5994.170757742
05149-09 - Dardanelle Ward 2,05149-10 - Dardanelle Ward 3,4145.649194825799
05149-17 - Lamar,05149-14 - Gilkey,63832.41260351125
05149-17 - Lamar,05149-28 - Ward,49005.81519924315
05149-17 - Lamar,05149-06 - Danville,26466.984507470203
05149-17 - Lamar,05149-20 - Mason,11693.897975855034
05149-02 - Briggsville,05149-29 - Ions Creek,31771.936766373015
05149-02 - Briggsville,05149-01 - Bluffton,31774.773193729037
05149-02 - Briggsville,05149-04 - Compton,20882.283062982744
05149-01 - Bluffton,05149-15 - Gravelly,41910.15984528284
05149-01 - Bluffton,05149-29 - Ions Creek,36832.21920669144
05149-01 - Bluffton,05149-11 - Dutch Creek,20777.55109574317
05149-15 - Gravelly,05149-29 - Ions Creek,20750.424090938708
05149-15 - Gravelly,05149-11 - Dutch Creek,20412.904546943806
05149-11 - Dutch Creek,05149-23 - Richland,41366.962226688804
05149-04 - Compton,05149-29 - Ions Creek,10580.899926735447
05149-04 - Compton,05149-26 - Rover,47801.10585834168
05149-26 - Rover,05149-14 - Gilkey,47625.34888262388
05149-26 - Rover,05149-06 - Danville,21005.20322369967
05149-14 - Gilkey,05149-06 - Danville,22937.279974523888
05149-23 - Richland,05149-24 - Waveland,35448.25938258055
05149-23 - Richland,05149-25 - Riley,38787.701601848734
05149-28 - Ward,05149-06 - Danville,10632.45267467262
05149-28 - Ward,05149-20 - Mason,20798.95108609822
05149-28 - Ward,05149-19 - Magazine 2,15962.33458209265
05149-28 - Ward,05149-03 - Centerville,29853.305955699157
05149-06 - Danville,05149-22 - Prairie,31937.861368343227
05149-20 - Mason,05149-13 - Galla Rock,26360.542231255396
05149-20 - Mason,05149-03 - Centerville,31991.74586155086
05149-19 - Magazine 2,05149-03 - Centerville,26532.027119090202
05149-19 - Magazine 2,05149-22 - Prairie,21312.878839591995
05149-19 - Magazine 2,05149-18 - Magazine 1,21310.53511927049
05149-22 - Prairie,05149-18 - Magazine 1,10431.178539235698
05149-22 - Prairie,05149-21 - Mountain,21202.054965906744
05149-13 - Galla Rock,05149-03 - Centerville,34547.64321699178
05149-13 - Galla Rock,05149-07 - Dardanelle Outside,14741.06371500134
05149-03 - Centerville,05149-18 - Magazine 1,10616.10278966117
05149-03 - Centerville,05149-07 - Dardanelle Outside,29580.630318403193
05149-25 - Riley,05149-24 - Waveland,17292.81707750079
05149-25 - Riley,05149-21 - Mountain,10541.873385864503
05149-08 - Dardanelle Ward 1,05149-07 - Dardanelle Outside,33919.71100426823
05149-21 - Mountain,05149-18 - Magazine 1,40236.312189537595
05149-10 - Dardanelle Ward 3,05149-07 - Dardanelle Outside,18514.192958099902
05149-18 - Magazine 1,05149-07 - Dardanelle Outside,37486.85929315335
