Unique_ID,COUNTYFP,Kamala D. Harris,Donald J. Trump,Other_candidates,Total_votes,White_population,Black_population,Latino_population,Other_population,Total_population
05001-81 - Stuttgart 2,001,293,639,19,951,486.16939472805,356.60497356812806,32.72884029401412,0.7389386744665378,876.2421472646587
05001-36 - Gillett Ward 3,001,25,39,2,66,63.524419028530055,10.5653005341152,0.9828186543362977,2.2136067586220394,77.28614497560359
05001-53 - Dewitt 2,001,49,188,5,242,230.34894005346632,133.05516810259883,0.11986774537330631,4.781285645983062,368.3052615474215
05001-51 - DeWitt 1,001,101,61,5,167,332.71326205923805,201.77219125126064,0.0,7.098114938305908,541.5835682488047
05001-55 - Dewitt 3,001,42,272,3,317,36.16785548801459,9.010093952712447,0.7133211688754711,0.2819766367879862,46.173247246390495
05001-35 - Gillett Ward 2,001,14,82,2,98,22.66630567519245,3.7777175826256753,0.35141558908145815,0.7906850784976938,27.586123925397278
05001-34 - Gillett Ward 1,001,12,58,2,72,41.31370298555026,6.885585568148323,0.6405195877347277,1.4411723099552112,50.280980451388515
05001-15 - Almyra,001,7,93,0,100,1.3899251779935742,0.0615366296320543,0.08160292190337635,0.009364269726616959,1.542428999255622
05001-21 - Prairie,001,18,154,2,174,397.0914274766201,56.468791850788705,0.0,11.237346558971513,464.7975658863803
05001-48 - Humphrey Ward 3,001,8,12,1,21,1.8061291853089254,0.07998027481196031,0.10603895202093568,0.01216867093177319,2.0043170830735946
05001-71 - Stuttgart 1,001,419,153,11,583,559.9847965931098,1108.7236920194778,20.93311139332579,45.8201768048575,1735.4617768107707
05001-37 - PT Deluce,001,5,84,1,90,268.7665344708374,34.30659570329493,0.0,4.48865879146707,307.5617889655995
05001-22 - Lagrue,001,38,399,3,440,1349.827263470036,133.4561099513598,23.076359447246663,10.006672436064408,1516.3664053047069
05001-91 - Stuttgart 3,001,252,672,20,944,1167.6349669752358,443.269210410447,33.18253593400608,20.004126171119673,1664.0908394908088
05001-46 - Garland,001,6,48,1,55,302.0417905388329,12.513178538139092,13.528596808181144,1.2824660333600377,329.3660319185132
05001-23 - St. Charles,001,5,64,0,69,2.251880278045012,0.31844771608717337,0.0,0.06498932981370885,2.6353173239458942
05001-14 - Mill Bayou,001,13,87,4,104,433.62038506281493,37.33310404243747,15.623125151480874,2.5011466994047797,489.07776095613804
05001-41 - Morris,001,10,72,2,84,346.0432543511857,87.75141085533934,25.2397349157674,1.1057170737967148,460.14011719608914
05001-31 - Chester,001,12,86,2,100,208.65721019522073,1.6621082497369035,0.0,3.701491586859057,214.02081003181667
05001-47 - Humphrey Ward 1,001,32,16,1,49,1.770853467054013,0.07901931232016612,0.10398811627489593,0.011942804958870047,1.9658037006079452
05001-32 - Arkansas,001,11,25,1,37,95.98830060228153,0.003232539260013835,0.00030194816697196654,1.6393369033398983,97.63117199304841
05001-11 - McFall,001,8,35,0,43,323.9263120095711,41.739855342676904,6.53959062670761,2.82967043175507,375.03542841071067
05001-38 - Bayou Meto,001,9,61,1,71,149.74556391279864,2.3779451352995666,2.3536630950361093,1.7529461134908257,156.23011825662513
05001-45 - Brewer,001,0,22,0,22,171.10137635073872,7.5753858553001,10.045949824762536,1.1527391668166314,189.875451197618
05001-42 - Gum Pond,001,20,121,2,143,885.0420979795442,398.70280834000164,1.0464664246536877,13.168467072211751,1297.9598398164114
05001-12 - Crockett,001,9,25,0,34,106.51825796772332,15.1733136893812,0.0,3.0250971083261513,124.71666876543065
05001-43 - Barton,001,2,64,0,66,129.74947488336304,5.746564704326571,7.617701774273003,0.8741959681957386,143.98793733015833
05001-44 - Henton,001,9,79,1,89,108.39459329249529,4.832863191335979,6.365030113086209,0.7309484233853538,120.32343502030282
05001-13 - Keaton,001,70,236,1,307,536.4141076925999,67.37789064928752,4.597569978002757,8.74237626954538,617.1319445894356
05001-33 - Stanley,001,4,4,1,9,185.2842969596259,21.770169807382892,2.025281027474386,5.490061644303913,214.5698094387871
05003-09 - Hickory Grove,003,35,438,6,479,1998.8317224084067,425.3257143113133,16.97035228906556,55.305666143881744,2496.433455152667
05003-25 - Montrose City,003,55,22,2,79,0.764706137685876,0.9524067351178638,0.09385029871599387,0.06256686581066258,1.8735300373303962
05003-27 - Parkdale City,003,43,19,1,63,2.4416792022267826,1.3615237701890885,0.12617580860091632,0.08411720573394421,4.013495986750732
05003-29 - Wilmot City,003,113,37,3,153,5.644985404924316,11.42767337588447,0.0,0.0,17.072658780808787
05003-02 - Crossett Ward 2,003,278,246,11,535,222.72064240914452,643.6696694765386,16.722662379511757,0.9168607268145997,884.0298349920096
05003-30 - Wilmot Rural,003,13,42,2,57,225.6784535155396,301.61251620618657,3.74718535269328e-05,0.0001124155605807984,527.2911196091402
05003-03 - Crossett Ward 3,003,160,598,9,767,327.3095222404909,47.2958552725253,8.774266337352856,3.2531138939243163,386.63275774429326
05003-06 - West Crossett Rural,003,136,366,10,512,614.0881802748717,245.94178343780717,9.766820302335475,89.98105339578086,959.777837410795
05003-28 - Parkdale Rural,003,1,4,1,6,76.30672323170175,34.645014965666256,3.126658837422942,2.0844474090749108,116.16284444386585
05003-15 - Mt. Zion,003,8,143,3,154,438.4482278565769,54.712856339788395,13.860905117812315,1.8542981852782958,508.876287499456
05003-01 - Crossett Ward 1,003,246,189,7,442,270.8260769542214,226.15605148142808,0.7661678729029768,16.831082368044747,514.5793786765972
05003-21 - Portland City,003,70,91,0,161,2.1517339452965443,2.6798868227784234,0.2640764387409395,0.17605095916062635,5.2717481659765335
05003-04 - North Crossett East,003,61,320,12,393,537.1577596426622,175.6817437954566,16.153867041329683,0.0002896191922765176,728.9936600986409
05003-05 - North Crossett West,003,44,192,3,239,554.3115603664171,174.0276839821374,9.35600122048222,8.613092553678637,746.3083381227154
05003-07 - VO - Tech,003,57,200,2,259,355.5601992088526,121.17400531653367,6.577296706551298,4.998916162796153,488.31041739473375
05003-11 - Hamburg Ward 3,003,64,280,7,351,56.763369826339655,7.842979006760331,3.1616743321955108,0.6409752972311524,68.40899846252665
05003-08 - Cooter,003,23,169,3,195,488.9365301002621,63.19910819828903,1.7152791697580774,27.338570281146474,581.1894877494557
05003-17 - Beech Creek,003,0,19,0,19,85.03429340450113,4.857975242106991,0.41428215011130504,0.43575389750885346,90.74230469422828
05003-13 - Hamburg Ward 1,003,121,30,2,153,14.626398414683937,11.331125984537751,6.4556027824551405,0.0,32.41312718167683
05003-12 - Hamburg Ward 2,003,62,176,4,242,32.8977898339357,2.8094640814524383,2.0642801885280573,0.18372462684662194,37.95525873076281
05003-14 - Hamburg Rural,003,48,507,7,562,1568.6471727009048,410.02612146196407,215.8764184039445,10.130770832380165,2204.6804833991932
05003-10 - Cross Roads,003,40,341,4,385,725.273578037824,96.51719624487865,26.581802806208916,5.019522213758148,853.3920993026697
05003-22 - Portland Rural,003,9,21,1,31,134.97191791724532,141.01008425093022,14.485920293958054,9.933215553252278,300.4011380153859
05003-16 - Milo,003,32,306,6,344,524.9879260835423,21.65577669948729,22.471999857719915,5.240108834716622,574.3558114754662
05003-18 - Mist,003,4,63,2,69,115.61836143243008,2.9328110848660485,3.580951474396694,3.906492517523666,126.03861650921648
05003-26 - Montrose Rural,003,0,6,0,6,45.61043169117556,56.80350395331171,5.597458802485259,3.7316766242632085,111.74307107123576
05003-19 - Fountain Hill City,003,21,35,1,57,3.597943014696907,0.1751807460339318,0.3570992130691687,0.026950884005220277,4.157173857805228
05003-23 - Boydell,003,3,8,0,11,38.288674635020776,39.86246146923682,4.110641175162504,2.824680411461974,85.08645769088207
05003-24 - Snyder / Trafalgar,003,2,48,1,51,83.18951985193056,2.1107128340838224,2.5778238408216128,2.8120994259522916,90.69015595278829
05003-20 - Fountain Hill Rural,003,25,229,1,255,370.13282104578,18.11482787370822,32.97736224646358,4.607101944193036,425.83211311014486
05005-01,005,398,1628,31,2057,2442.1880602209117,0.0,16.635178417622594,113.61139254886454,2572.4346311873983
05005-02,005,333,1761,35,2129,3260.097953626577,2.514111510869839e-05,198.48663793135538,122.05007095982832,3580.634687658876
05005-03,005,393,1641,40,2074,3370.4522279833236,0.020334582410303517,77.21036824278458,32.72541603371757,3480.408346842236
05005-04,005,368,1295,38,1701,3163.5327295809707,0.0004511682733704783,56.54375397654809,122.57117756224233,3342.6481122880346
05005-05,005,415,1066,27,1508,1647.3282318996116,1.6220152092698745,24.579799383105062,27.865468411705308,1701.395514903692
05005-06,005,417,1435,30,1882,3306.0053819364134,74.17241586708093,49.69523377835607,124.68360251498467,3554.5566340968353
05005-07,005,472,1424,18,1914,2018.1280481164795,0.0,45.99044323801388,40.24516492389433,2104.3636562783877
05005-08,005,399,1526,32,1957,4015.478796747722,1.204946037357591,84.7554572719029,142.67035236995181,4244.109552426934
05005-09,005,415,1585,31,2031,4174.8938528514345,3.923835212716493,62.06376623956842,104.80853245735003,4345.689986761069
05005-10,005,294,1215,37,1546,2555.4817628058704,11.99975844203973,21.99835503641749,80.7545534085157,2670.234429692843
05005-11,005,437,1677,41,2155,2815.608961120821,9.064203292066173,163.98591939059415,56.95313175497426,3045.6122155584553
05007-081,007,5,2,0,7,0.037662276153764954,0.0,0.002913337505167917,0.0015622244592929408,0.04213783811822581
05007-234,007,2,0,0,2,7.43451693476794,0.1752170263046533,1.2197024063416342,0.6329828708526724,9.4624192382669
05007-244,007,1,1,0,2,4.350665368272987,0.020190170545598185,0.4071443671885386,0.3533025464556238,5.131302452462749
05007-215,007,13,11,0,24,99.5130839600333,1.7080178227782148,14.794616330584358,9.023978721572945,125.03969683496882
05007-138,007,0,2,0,2,3.1485612376125633,0.0,0.43321727102285884,0.21660863551142942,3.7983871441468517
05007-179,007,0,1,0,1,14.226735174862224,0.2772900277098876,3.992499329985984,0.8021355532959701,19.298660085854063
05007-221,007,0,1,0,1,48.58583003803625,0.0,5.106831770421328,5.213224098971772,58.90588590742935
05007-188,007,15,17,0,32,33.040971324909044,0.6438331891669673,9.273937639702911,1.8630066750363308,44.82174882881525
05007-146,007,51,105,7,163,197.3755398470818,4.733894148242065,25.39594978351037,22.221456060571576,249.7268398394058
05007-042,007,7,23,0,30,48.123098201225325,0.0,0.7380192032577038,0.7859460406657144,49.647063445148746
05007-077,007,0,2,0,2,19.465802725988084,0.0,1.2013413816247878,0.8755538883028113,21.542697995915685
05007-078,007,5,8,0,13,54.211243354368726,0.0,3.343775330848189,2.4384295522132935,59.993448237430215
05007-026,007,12,30,0,42,15.268838131465097,0.0,1.5696936396833279,0.4280982653681803,17.266630036516606
05007-022,007,9,28,0,37,19.926753520375833,0.03587359881157348,2.2779633636533725,0.5390329928114039,22.779623475652183
05007-147,007,89,113,3,205,554.9316247258766,22.149642744718307,103.73015732133155,34.42889839839228,715.2403231903187
05007-066,007,7,22,0,29,79.5109759811528,0.0005047218246868766,3.7815755603845007,7.8425332157729,91.1355894791349
05007-115,007,0,7,0,7,104.32477770925766,4.887842579455889,2.0712156609012267,4.429057379190298,115.71289332880507
05007-149,007,101,209,9,319,499.96638141237827,47.8320479879556,38.286197223373215,24.932439998610036,611.0170666223172
05007-114,007,3,12,1,16,72.25195625070222,3.3853226196647492,1.4343208114985215,3.0672263509775752,80.13882603284307
05007-177,007,6,21,2,29,15.057708748286503,0.7011136844537788,0.34130207235942006,0.6414334487746672,16.74155795387437
05007-401,007,19,23,0,42,60.847438111451766,0.0211836483282773,8.927709543979715,6.870376654037989,76.66670795779775
05007-168,007,8,7,1,16,69.36892246325304,4.593859423315944,4.039834530202048,4.119335908001037,82.12195232477208
05007-159,007,257,354,24,635,701.2217699736142,31.267472821514932,128.02971092478285,47.64678460593459,908.1657383258465
05007-334,007,343,487,26,856,467.6922556138576,0.23997006559180523,11.51411781558857,32.851670341130344,512.2980138361683
05007-327,007,93,131,9,233,96.31082986449731,0.0,4.528146484964612,2.613176790506548,103.45215313996847
05007-260,007,157,216,7,380,266.63565227187416,0.0,37.684814794747844,39.66173110020114,343.9821981668231
05007-265,007,32,49,4,85,193.42189689241357,3.4873505848594863,39.22686667783226,8.603098681647088,244.7392128367524
05007-272,007,7,9,1,17,420.8640676098782,0.00509732446933594,26.827058929552116,4.910837995637774,452.6070618595374
05007-309,007,2,4,0,6,41.566792348525325,0.9784242317969353,6.852582303731072,3.512519673166695,52.91031855722003
05007-218,007,138,250,6,394,115.77968628761064,5.697486199082596e-05,12.169688286533964,12.423020649945116,140.37245219895172
05007-092,007,5,22,0,27,219.94522731212615,3.8606395618266625,23.845329594972,19.64393807084888,267.2951345397737
05007-302,007,42,161,7,210,22.199559585599943,0.0,1.6956017911979417,2.7357608731933176,26.630922249991205
05007-300,007,2,9,0,11,35.996768708610006,0.7821973443234999,3.5280102044116233,7.35304982949296,47.66002608683809
05007-289,007,5,20,0,25,110.10992930427719,0.4991765148075153,4.455926500497316,25.812861078836228,140.87789339841825
05007-296,007,12,85,5,102,40.27319955451067,0.0,3.0795855640198346,4.960703802449124,48.31348892097963
05007-005,007,3,31,4,38,10.010345045879745,0.0,0.6103902712072916,0.4259663447001333,11.04670166178717
05007-120,007,2,9,0,11,74.16399881948938,0.0,3.5280424209289323,7.3109487296915185,85.00298997010982
05007-140,007,3,10,0,13,101.00938062017428,0.0,0.0,0.0,101.00938062017428
05007-299,007,1,10,0,11,5.353171969295842,0.004088433134700143,0.40175642265114353,0.7010400890202243,6.4600569141019095
05007-298,007,29,114,1,144,33.375222151037654,0.0,2.549369165303566,4.114643746658559,40.03923506299978
05007-367,007,2,3,1,6,2.5796137496612386,0.0,0.19703083197027432,0.3178984851957367,3.0945430668272498
05007-295,007,9,54,1,64,97.34336423049412,0.18410116208946153,3.082027968256926,23.263551922716598,123.8730452835571
05007-292,007,86,316,6,408,468.3497836545173,0.0,86.99813590409664,23.362836301942234,578.7107558605562
05007-294,007,8,17,0,25,66.5204423902021,0.0,12.383425770631103,3.3004487605132686,82.20431692134648
05007-293,007,4,17,1,22,15.670143163291876,0.0,2.9174494182063735,0.7771371812689466,19.364729762767194
05007-291,007,83,228,10,321,175.9612532505618,0.0006415437250016434,14.15111180852071,31.020549620532748,221.13355622334024
05007-288,007,54,177,3,234,299.1326558985258,4.9951752876854215e-06,55.6915867191118,14.83590969059163,369.6601573034045
05007-359,007,10,38,3,51,257.42688758670704,0.0,47.82266551312022,12.8372808763228,318.08683397615005
05007-375,007,10,50,2,62,339.2069373186809,1.1797559407545148,20.195186401321294,11.161277852510064,371.7431575132668
05007-216,007,32,71,4,107,169.57240453848758,0.0,13.35251811977501,13.630695580603655,196.55561823886623
05007-095,007,4,11,0,15,152.38702494152164,11.098361421547546,34.183556224687884,13.783506588900702,211.45244917665778
05007-230,007,7,8,0,15,11.862910301370096,0.28189274429594285,1.7500140519695964,1.1621673848471155,15.056984482482752
05007-227,007,14,15,1,30,183.5200010832891,4.401580161422001,23.613182983628615,20.66153511067504,232.19629933901473
05007-385,007,170,243,8,421,848.9752068657219,45.23917135674611,77.80550551550846,74.90419129416857,1046.924075032145
05007-397,007,11,41,3,55,55.0111326257022,0.7094815863721688,47.91660327014322,4.965073047214967,108.60229052943255
05007-396,007,27,34,0,61,23.346919660557404,0.10377934186246035,16.720369731919856,1.1642842440520613,41.33535297839178
05007-390,007,57,108,2,167,64.64790270708036,3.328120152984015,10.69126848972549,12.805686027830282,91.47297737762014
05007-097,007,3,13,0,16,96.89551062671316,1.7215530687403526,5.827767801818047,14.655349842669882,119.10018133994143
05007-099,007,173,368,20,561,923.9750169759267,18.930830200076766,52.0723900550609,115.6757356729783,1110.6539729040428
05007-342,007,169,266,17,452,268.76523019779177,0.04484138424494262,41.121502294712386,13.379845156498067,323.31141903324715
05007-021,007,6,40,0,46,123.11271254891177,0.020317128417644933,12.785769261454456,3.440810464964163,139.35960940374807
05007-027,007,0,2,0,2,8.666833771648424,0.0,0.8908950292449791,0.24300896921737608,9.800737770110779
05007-343,007,163,179,10,352,294.1327089695703,0.0029481271999468135,186.4662154607,8.416485409584638,489.01835796705484
05007-391,007,3,1,0,4,1.245723386902374,0.06413240525394437,0.2060010593005486,0.246812589916695,1.762669441373562
05007-399,007,41,96,0,137,478.1876223134533,8.385264593718832,330.59885207807315,33.90178367657653,851.0735226618218
05007-370,007,20,94,2,116,527.9655672989588,14.77532034644509,22.012070034363813,23.667229770101883,588.4201874498697
05007-306,007,5,39,3,47,57.635811200611556,1.357542684012385,9.50354535687636,4.8696848823514856,73.36658412385178
05007-368,007,48,150,4,202,375.5252881715316,1.8256851691752183,14.446133971398416,21.676871091513366,413.47397840361856
05007-301,007,1,16,0,17,24.514188740673543,0.0,1.872393106636811,3.0210040039854427,29.407585851295796
05007-297,007,3,20,0,23,48.91229657679953,0.0,3.735919956764534,6.0277027873847935,58.67591932094885
05007-423,007,18,164,3,185,136.55901249707046,6.990052260650076e-05,7.291246337594839,19.347750315540456,163.19807905072838
05007-303,007,31,188,3,222,573.7988540672081,8.639007843633214e-05,45.29168745408683,75.25748895331719,694.3481168646906
05007-209,007,0,4,1,5,204.36968122925958,0.000902499711252555,19.6547893020108,37.7366909228774,261.76206395385907
05007-202,007,2,21,0,23,37.08603551362332,1.162659667940844,4.817152756875484,6.976635407580275,50.04248334601993
05007-358,007,3,12,0,15,46.402832313118196,0.0,3.5306520585207246,4.172594335425075,54.10607870706399
05007-212,007,10,63,0,73,258.2207249627249,0.0,22.667239072401628,23.141486385700027,304.02945042082655
05007-285,007,38,272,4,314,408.62149918012744,7.1069426260112785,49.134601623755415,82.05743046874612,546.9204738986402
05007-354,007,4,27,1,32,10.034503921970497,0.0,1.068553697927646,2.192473992792542,13.295531612690684
05007-362,007,26,148,1,175,581.3357660211233,2.7001645138900588e-05,41.034828673703146,68.07418854171299,690.4448102381846
05007-360,007,8,58,1,67,123.58814042098335,3.755050221454557e-05,5.34194010721033,10.097433156792643,139.02755123548854
05007-364,007,4,17,1,22,2.4767096887658604,0.0,0.18917102244103812,0.30521711183764133,2.97109782304454
05007-050,007,3,1,0,4,0.4798734571773778,0.0,0.0,0.010479995041804802,0.4903534522191826
05007-421,007,92,404,19,515,1060.9283764536854,1.986151593840571,184.67808338686493,119.24706752020701,1366.8396789545977
05007-416,007,8,61,2,71,316.73882083834127,0.0,2.9251917466479647,16.591855512748882,336.2558680977381
05007-211,007,7,68,0,75,86.0196570096052,0.0,10.218300599279214,21.920981902142554,118.15893951102697
05007-137,007,9,43,3,55,94.10881007112927,0.0,8.463011531958456,4.2318235138017455,106.80364511688947
05007-413,007,86,363,9,458,1086.3114141616427,15.204664676394872,185.94031521829905,71.98260766747174,1359.4390017238086
05007-422,007,0,1,0,1,1.5225333008297095,0.024674038240328943,0.29318563085567334,0.0914390828906308,1.9318320528163426
05007-410,007,9,16,0,25,253.45525179882316,2.057804344960789,112.83647946837276,25.036988840431103,393.3865244525878
05007-355,007,71,263,8,342,453.0836150478915,0.810375618285677,71.71264609799725,43.308222355222284,568.9148591193966
05007-352,007,83,329,16,428,1048.585236700773,12.979412236116849,117.33586886387093,119.14431915797496,1298.0448369587357
05007-286,007,30,94,4,128,223.58113614345677,0.00017702932610924967,23.852859219415013,49.037074592132285,296.47124698433015
05007-353,007,11,41,1,53,33.40163652422054,0.0,2.548312448939066,3.032619049973143,38.98256802313275
05007-210,007,27,168,3,198,422.0015230590723,3.1304575098147066e-05,46.04397328997413,63.48304006271958,531.5285677163411
05007-035,007,31,107,1,139,159.0650797179368,0.0,2.9479242573208366,7.861131352855565,169.87413532811323
05007-067,007,3,13,0,16,57.87853421997647,1.1228311189014166,5.895474744630494,1.450490265962285,66.34733034947067
05007-073,007,14,57,2,73,281.75238088749154,0.15856034005430164,16.237316143160037,13.59105515811974,311.7393125288256
05007-103,007,3,6,0,9,222.23686838569157,6.255582446688043,9.43826390605383,10.09670418919041,248.0274189276238
05007-034,007,53,354,5,412,1236.1913998533628,27.676124809963948,51.02286602989028,81.18349611092978,1396.0738868041467
05007-023,007,37,172,3,212,543.2378536590344,0.016799842506113116,29.587638368451874,23.308861925893755,596.1511537958861
05007-030,007,0,16,0,16,42.52553655760306,0.00012379399523892263,4.227025930483628,1.2367368698451495,47.98942315192708
05007-031,007,8,42,0,50,50.57268984629645,2.8755286199703276,1.8195771855138463,4.865903143086417,60.13369879486704
05007-162,007,0,3,0,3,74.28810464664923,6.606670833471204,7.534324148813261,8.829611914816931,97.25871154375064
05007-068,007,37,127,5,169,686.1139013185082,0.6927716358280176,34.56539541683322,65.05648986065015,786.4285582318197
05007-028,007,7,17,1,25,38.16161919988175,0.04874442726438115,3.919323654690854,1.0626997944925667,43.19238707632955
05007-024,007,25,50,3,78,582.4263959668983,4.450108560324736,40.844673228084346,18.569258323827622,646.2904360791351
05007-201,007,16,49,1,66,154.93762972734945,3.887122345413831,19.77976488661296,31.21595207889894,209.82046903827518
05007-178,007,0,7,0,7,2.3638040317241575,0.10873299515282876,0.06625182276268056,0.10137130117651706,2.640160150816184
05007-136,007,10,60,2,72,297.67929684859433,0.003675233906627496,40.9571621832972,20.49527926181462,359.1354135276128
05007-131,007,5,33,0,38,91.84329568826672,2.879618618038455,11.929167237195252,17.27712039141907,123.9292019349195
05007-130,007,10,87,3,100,163.12800721520523,3.041489330881258,13.151507653397587,39.280748414189894,218.60175261367397
05007-208,007,11,76,4,91,73.32847631063834,0.0,8.710846745651246,18.68727331252924,100.72659636881882
05007-037,007,0,19,1,20,10.824021173833712,0.0,0.20059962021004563,0.5349323205601216,11.559553114603878
05007-278,007,1,9,0,10,61.873072409900885,3.916619186775684,127.11841850908264,11.14761739393759,204.05572749969681
05007-129,007,32,145,5,182,350.91716561772677,2.4648165985594783,13.41790613009025,82.94011901593407,449.74000736231056
05007-089,007,30,113,5,148,620.385049655494,6.152551336567749,41.827355967686756,38.04667896895894,706.4116359287073
05007-090,007,8,56,0,64,73.38928431016426,0.0,2.534490974880652,2.4677171581558985,78.3914924432008
05007-400,007,161,437,22,620,965.8767206827332,4.7179837115093886,310.89344208257523,117.55095076822866,1399.0390972450464
05007-085,007,102,493,13,608,719.4010725599106,0.0005944063808879628,50.98694180208521,42.34182897750651,812.7304377458831
05007-047,007,17,108,5,130,204.5166392735084,0.0,10.916341890883805,14.598862347357088,230.03184351174926
05007-002,007,72,241,5,318,1308.743497142786,0.0,65.22344677065992,74.98705346134433,1448.9539973747903
05007-387,007,483,958,39,1480,1194.5900365058858,45.55376592512175,340.50324347610405,90.33101151336977,1670.9780574204815
05007-001,007,117,716,22,855,2136.8773432481203,36.58634822031159,32.293403106603606,192.04873865664908,2397.8058332316846
05007-200,007,47,145,3,195,224.66994066446904,0.7544404108696396,4.797277848513074,68.33134776476976,298.5530066886215
05007-304,007,5,23,1,29,43.127533568296435,0.0,3.2940799066927315,5.3148180007143235,51.73643147570349
05007-376,007,2,10,0,12,24.935531453420317,0.5601153116582028,1.9402290622084961,0.9200314268343673,28.355907254121387
05007-419,007,52,66,2,120,349.5972823060346,0.0,46.59150202148366,39.23690377583209,435.42568810335035
05007-366,007,36,214,2,252,399.8493682244702,0.0,9.716645874383456,27.209576871444874,436.77559097029854
05007-365,007,1,15,0,16,24.81707923005386,0.0,0.6197119497552181,1.7064217737807303,27.14321295358981
05007-417,007,61,312,14,387,766.0455635053981,0.02955806226915471,20.45637988452872,66.73176126211253,853.2632627143087
05007-036,007,18,31,0,49,278.38330756771154,0.002025909984283447,6.670109410355261,13.562267217790346,298.6177101058414
05007-415,007,46,135,4,185,373.905464988927,0.5770089114221617,24.336002897721634,48.90375925704484,447.7222360551157
05007-351,007,6,24,0,30,81.96684804977949,0.0,2.343523960416035,3.977238786489336,88.28761079668485
05007-079,007,1,12,2,15,8.923988792367467,0.04319961709149878,0.9264244841269601,0.5153103562116795,10.408923249797606
05007-040,007,6,29,0,35,89.05889336742587,0.0,1.6505123095121397,4.401366158699039,95.11077183563705
05007-051,007,395,922,24,1341,1168.0868898121075,0.0,35.74151010191068,27.140609206957464,1230.9690091209754
05007-011,007,573,980,46,1599,1802.6437131762257,0.32885677896297305,1.5744159118104863,40.41190537513154,1844.9588912421307
05007-409,007,156,480,21,657,494.95439125343404,4.022479308083524,75.34225555743498,82.99528778404819,657.3144139030007
05007-008,007,536,1213,38,1787,1830.1448399459184,0.0,2.5553653130123593,2.0619508701497136,1834.7621561290807
05007-055,007,38,89,3,130,78.53957508103566,0.0,7.193113284980017,3.307188641103959,89.03987700711963
05007-004,007,12,46,1,59,23.58727462153463,0.0,1.3000490416411763,1.5279971896619162,26.415320852837723
05007-003,007,8,39,0,47,7.34745294234117,0.0,0.3801702327961286,0.2667183411964522,7.99434151633375
05007-414,007,163,381,19,563,100.48622221002678,1.1475831502470764,13.903047239756617,5.79129538303667,121.32814798306713
05007-412,007,112,307,18,437,666.8062778026616,3.512817132669723,129.63737964098004,157.33332918885037,957.2898037651618
05007-420,007,161,428,18,607,428.0787874056963,1.4493716536894903,142.81367864563362,56.36649640929322,628.7083341143126
05007-404,007,181,387,27,595,1299.0144764907823,4.1260529341135905,110.40293280486085,205.9558463417644,1619.4993085715214
05007-406,007,46,86,5,137,106.11262515711772,1.50911529453125,21.387444803076107,24.790184406119522,153.79936966084458
05007-403,007,234,578,52,864,1965.4116860572713,117.60339746647062,219.01920127506688,140.68321257260797,2442.7174973714164
05007-006,007,0,11,0,11,44.27020078492814,0.0,2.362557969707099,3.15973624923764,49.79249500387288
05007-405,007,177,480,27,684,362.40715885597365,9.10738576065801,20.423543837537714,50.66074000239329,442.5988284565626
05007-402,007,19,31,1,51,40.67256507007993,1.0983308710907662,2.230984581903119,5.834882752669696,49.836763275743515
05007-407,007,182,351,23,556,824.1013924604847,0.0007112177229685452,100.51134763983583,142.24108014450422,1066.8545314625478
05007-411,007,8,17,1,26,53.66872543896107,0.4357406666221467,23.893113219781046,5.301511443902785,83.29909076926705
05007-408,007,215,624,19,858,641.5833275955379,1.209134265291699,140.30477087534507,114.3338167699666,897.4310495061413
05007-070,007,87,308,5,400,45.40951531590551,0.2042908274230036,2.680013410754736,1.8496184878129525,50.1434380418962
05007-032,007,12,62,3,77,230.36932992280344,17.030137651091195,7.590494173329705,25.67487016127198,280.6648319084963
05007-029,007,247,707,22,976,331.4379773390152,7.522425066622656,19.55297342492209,20.056350297900536,378.5697261284605
05007-033,007,2,5,0,7,8.478655904414728,0.0,0.39074613700901206,0.38539345020066945,9.25479549162441
05007-071,007,108,240,5,353,240.79189093418776,27.107756213255087,32.08172510024035,27.58928883709384,327.57066108477704
05007-086,007,2,2,0,4,1.8502922145170415,0.07776991178813414,4.8975337267676235e-06,0.1682065914881158,2.0962736153270183
05007-069,007,262,768,28,1058,282.58009311886457,0.687653323263205,15.360193298000508,25.27002004398192,323.8979597841102
05007-076,007,11,51,1,63,110.30185857612084,18.551204045729115,27.657203476243676,13.998392554301342,170.50865865239496
05007-074,007,208,699,20,927,636.9564222166377,72.79357570224599,119.85279992392384,65.84689630637001,895.4496941491776
05007-072,007,68,174,8,250,51.93017444428757,0.001720281177774238,2.6193200573370587,4.562326767479038,59.113541550281454
05007-206,007,14,38,3,55,3.075838720161781,8.6963608274623e-05,0.3654112197548556,0.7837219843769074,4.2250588879018185
05007-418,007,33,86,0,119,32.28057512076784,0.9326856422998699,0.8799539098411799,1.306471225653188,35.39968589856208
05007-135,007,20,59,5,84,68.58374412999376,0.38641489279651553,9.256749809643786,7.030391117579155,85.2572999500132
05007-207,007,6,11,1,18,4.754119436529069,0.0,0.5648874859482282,1.2102151487475428,6.52922207122484
05007-203,007,0,1,0,1,8.67654880707916,0.2720530421032659,1.1270768887135303,1.6323182526195956,11.707996990515552
05007-132,007,2,16,1,19,39.04256939120857,1.2241791074511088,5.071599159440307,7.345074644706652,52.68342230280664
05007-133,007,5,19,0,24,12.634283665867514,0.39614775212126585,1.641183544502387,2.376886512727595,17.04850147521876
05007-134,007,26,49,3,78,17.025639609480884,0.5338386439702854,2.211617239305468,3.2030318638217117,22.97412735657835
05007-204,007,26,47,0,73,20.456117694398277,0.41873109081363513,2.5783441182875944,4.322294204469586,27.77548710796909
05007-205,007,17,28,0,45,4.661287207612297,0.14615458209758603,0.6054975544042849,0.876927492585516,6.289866836699684
05007-038,007,0,4,1,5,5.817961060839587,0.0,0.10782321657154448,0.2875285775241186,6.21331285493525
05007-084,007,85,355,13,453,179.24551926748413,7.534132708184655,0.00018780558386492522,16.294893143253297,203.07473292450592
05007-048,007,86,330,19,435,34.183393123832595,0.00019212309373239434,1.8243382297490858,2.440180980319736,38.44810445699514
05007-045,007,15,35,0,50,20.108978907724477,0.0005957629835716244,1.2433012059162032,0.7866903430393083,22.13956621966356
05007-046,007,4,15,0,19,11.750423426230238,0.4938417577121564,8.869818851831463e-05,1.068173540209335,13.312527422340247
05007-049,007,42,230,10,282,882.4282132035364,8.449565877690176,80.80913026048212,58.0882037583303,1029.7751131000389
05007-372,007,68,180,5,253,160.94538386238497,4.651110135447773,4.386821805920095,6.5126159347739065,176.49593173852674
05007-087,007,20,109,5,134,83.69719537654787,0.0005164004577933979,4.466782969452308,5.974766379470321,94.1392611259283
05007-088,007,9,47,0,56,57.85285520973145,0.0,3.0876166060587487,4.129365125146574,65.06983694093678
05007-052,007,8,43,1,52,119.87863309064295,7.688774084391163e-05,10.986733092284222,5.050526039469997,135.915969110138
05007-007,007,8,59,1,68,316.33466119964726,2.8349737136330515,24.337545116549265,19.317903555710416,362.82508358553997
05007-282,007,0,2,0,2,18.54523339226281,0.16693745279450972,1.1382099054171118,0.15176132072228157,20.00214207119671
05007-287,007,23,66,3,92,67.08137569225127,0.03737535005641305,6.9222696966278985,13.521282551475624,87.56230329041121
05007-361,007,4,0,0,4,4.424497421237878,0.0,0.33972927730305097,0.5507704410680482,5.314997139608978
05007-357,007,0,1,0,1,3.737893517795469,0.0,0.03795200262306884,0.19606705670750169,3.971912577126039
05007-363,007,0,6,0,6,0.691971205502762,0.0,0.05342978998443412,0.08488799194255832,0.8302889874297544
05007-290,007,11,42,0,53,104.41056399708822,1.1870507620093907e-05,12.61646969097444,13.351108945459366,130.37815450402962
05007-356,007,1,13,2,16,27.131409968703796,0.0,2.0668969371910273,2.450468867507718,31.64877577340254
05007-374,007,1,12,0,13,1.1296883002519988,0.026613290582703467,0.18629303407892428,0.09544076622762623,1.438035391141253
05007-041,007,6,17,0,23,26.350011785483616,0.0,0.4883399867579975,1.3022399646879934,28.140591736929608
05007-305,007,14,87,0,101,110.93297561507303,2.6130808683126303,18.29181041085551,9.371758179786916,141.20962507402808
05007-369,007,26,107,2,135,87.95113513623257,0.7581270415650607,5.804539047089137,5.605169010498505,100.11897023538528
05007-307,007,1,8,0,9,32.615520244881935,6.594082666878298e-05,3.4283680445817573,3.4995576541340037,39.54351188442437
05007-213,007,2,2,0,4,14.090414821952079,0.0,1.4810363024533573,1.5118912254211354,17.083342349826573
05007-043,007,18,104,1,123,170.96510363578614,0.0,3.0415787032512194,7.135865326881036,181.14254766591839
05007-166,007,2,2,0,4,132.7767595013035,23.95356833501504,2.9606745366061578,42.075795932335836,201.76679830526055
05007-377,007,388,806,29,1223,1376.8665742347239,14.657462185504736,85.22763586260162,103.12003617176241,1579.8717084545926
05007-384,007,0,2,0,2,0.12323085460416833,0.00021386250364790316,0.009856120318324288,0.010910872300323723,0.14421170972646422
05007-393,007,398,411,16,825,587.0197970146958,22.951068570924928,260.7747880875234,28.41560298024758,899.1612566533918
05007-398,007,27,42,3,72,136.7888550205899,5.485002470992043,172.24959573165103,18.23895641409309,332.7624096373261
05007-392,007,0,2,0,2,0.5877615538656183,0.03025917516000843,0.09719613839275436,0.11645197713094153,0.8316688445493227
05007-231,007,3,7,0,10,453.0483401211697,30.474831717933938,49.274827205073095,86.94600057457666,619.7439996187534
05007-252,007,1,0,0,1,17.5702677071006,0.6295915435855557,2.448411558388272,1.0143419313322841,21.66261274040671
05007-346,007,47,114,4,165,629.5744900288742,7.155945502594994,435.4402858500018,40.24789178898855,1112.4186131704596
05007-349,007,87,263,10,360,702.5893205241969,2.2562947954754837,198.04251522849148,31.808247363125396,934.6963779112892
05007-347,007,12,16,4,32,108.29409528122447,5.968520554674541,164.1944865169578,16.3220350238639,294.7791373767207
05007-316,007,19,35,2,56,182.89072792347713,0.5572347222762584,11.384670428532596,6.316067103601426,201.1487001778874
05007-233,007,1,15,0,16,12.091910871956244,0.284862238250797,1.9940356677555788,1.0215749233821685,15.392383701344789
05007-314,007,5,26,1,32,16.653178501504986,0.39231695901189645,2.7462187130832754,1.4069297840426631,21.19864395764282
05007-315,007,0,29,0,29,5.786857235911238,0.13632726225948488,0.9542908358163942,0.4888977681029803,7.3663731020900975
05007-311,007,19,43,2,64,38.48391237825045,0.9066071965631708,6.346250375942195,3.2512809807782674,48.98805093153409
05007-371,007,13,23,2,38,60.85736152226083,1.4379849830364573,9.924951075815736,5.106040761502544,77.32633834261557
05007-382,007,7,15,0,22,34.405538761918464,0.0,2.757904297582353,3.1948000278924287,40.35824308739325
05007-379,007,7,16,0,23,27.0344361248542,0.7748417439273704,0.7880085552555215,1.090275505405473,29.687561929442563
05007-226,007,2,6,0,8,213.51679553148517,5.12102923552266,27.472815905447145,24.038713541658677,270.14935421411366
05007-139,007,72,286,8,366,929.6910885734363,16.366371499197108,107.71134631838277,76.14224031686187,1129.911046707878
05007-096,007,14,29,1,44,195.13862845942776,13.50110369764595,42.28288767781005,17.63604291011923,268.558662745003
05007-161,007,5,4,0,9,5.429120200156616,0.12726022527375652,0.5196157876134737,0.5612718359903948,6.637268049034242
05007-158,007,1,1,0,2,3.883725092672781,0.13575201523301506,0.5366459548296224,0.4305736998108535,4.986696762546272
05007-228,007,10,34,2,46,41.7096063108002,0.9937443716842757,5.930292013468712,4.258832126463194,52.892474822416375
05007-057,007,32,96,3,131,1074.86569791289,30.888405951165083,52.13719146401641,148.1348865420319,1306.0261818701035
05007-061,007,35,79,2,116,477.5815554976006,12.241895851412334,28.221367290099824,26.815548777232756,544.8603674163455
05007-109,007,12,17,1,30,173.92472885242893,0.006300575614697182,17.879081270059896,17.522905826112428,209.33301652421594
05007-111,007,15,31,1,47,172.38441664484927,0.0009471792730503458,17.63342691479526,17.1733171520946,207.1921078910122
05007-062,007,177,457,15,649,1037.1176596999828,12.991834472101166,103.07205913723419,54.31730443277576,1207.4988577420938
05007-020,007,7,19,2,28,194.71877801980003,0.0,14.267677947209222,12.623781139814737,221.610237106824
05007-348,007,4,1,0,5,74.67305547798986,0.019436387943281147,45.57247619654163,3.0769808964183265,123.3419489588931
05007-122,007,56,132,5,193,150.428037681548,0.00014607231729072963,14.262078440462808,5.599599131031549,170.28986132535962
05007-121,007,8,20,4,32,76.00450121387993,1.457920984256248,9.133889407310779,1.9876532101495288,88.58396481559649
05007-194,007,13,7,1,21,124.15629104397631,0.0,21.355719538761523,9.631010772382648,155.14302135512048
05007-053,007,18,75,3,96,110.13197028630438,0.020062625450672937,10.126383561299471,4.66020025187939,124.93861672493391
05007-091,007,24,85,2,111,164.94639209360795,0.0001386529651454402,0.0012279775306306305,3.602937332954729,168.55069605705845
05007-025,007,0,2,0,2,16.82027373477816,0.0,1.7288148564390073,0.47165417958187855,19.020742770799046
05007-279,007,284,679,20,983,1478.4350658721287,0.0070486443140450935,665.2131234208239,62.05472648530724,2205.7099644225736
05007-283,007,264,578,27,869,999.3701873024146,0.00021311546904020603,93.13120917081302,16.240935906571092,1108.7425454952677
05007-281,007,17,15,5,37,105.19455575948895,4.632651106619938e-05,36.02456425465556,4.644674870927665,145.86384121158324
05007-257,007,54,29,1,84,375.213663983051,0.002447807500775197,7.1968533499059335,25.681939209978356,408.0949043504361
05007-198,007,126,266,11,403,216.46253378567584,0.0,0.339917551716135,16.523416863828608,233.3258682012206
05007-350,007,208,381,15,604,789.1370209409761,0.0013580828534509343,21.286907621742277,38.05704814205692,848.4823347876286
05007-199,007,114,235,10,359,748.7244134222575,0.0,0.0015482673677813957,58.527296161049314,807.2532578506747
05007-127,007,97,281,8,386,430.1913444313839,1.9597486666191666,43.988387483778496,24.42878172545293,500.56826230723453
05007-012,007,408,582,20,1010,1496.8819196877012,16.614422641801458,79.24020734487516,95.14599595035227,1687.88254562473
05007-080,007,119,392,10,521,995.0759501309092,0.00011917089376037283,42.172821101680846,27.81041998463203,1065.0593103881158
05007-039,007,21,98,1,120,312.70854602450333,0.0,5.8004087405665095,15.453641823733664,333.96259658880354
05007-197,007,498,978,33,1509,1646.7833634035255,7.471799951460422,51.54228348449946,59.407698672279864,1765.2051455117653
05007-125,007,157,478,11,646,1131.1667518766178,6.724901861284375,107.747821604222,62.8388422875373,1308.4783176296614
05007-128,007,216,505,16,737,874.6675665529316,0.015021438797400758,4.8907961475447665,26.187679688272638,905.7610638275465
05007-284,007,11,17,0,28,87.2986141947957,0.0,0.04019789081048068,5.528246213927549,92.86705829953374
05007-124,007,109,275,12,396,896.0846654031834,1.7619003383478993,152.77835539806188,28.88315190230073,1079.508073041894
05007-196,007,21,46,0,67,83.8679587359331,0.0,8.70041750626201,3.888711803934684,96.4570880461298
05007-195,007,84,165,4,253,445.63074642808874,0.055748668524760285,39.784083074439145,15.051903619693558,500.5224817907462
05007-063,007,77,100,4,181,209.48605665553245,0.0,10.372495928855573,7.609113651371278,227.4676662357593
05007-013,007,1,0,0,1,3.0460823284787795,0.0,0.0,0.15132150922120388,3.197403837699983
05007-256,007,242,427,9,678,1023.6799954776927,9.23215043547608,79.41082107604333,68.32016547026294,1180.643132459475
05007-018,007,528,847,47,1422,1973.226859963936,0.0,55.84516577923763,119.34454699638772,2148.416572739561
05007-016,007,350,657,27,1034,1551.5929990362351,5.198393751717596,86.47702738081819,48.775507819348505,1692.0439279881193
05007-098,007,370,655,32,1057,1897.406373903348,175.8528390201778,192.17277298083212,106.88944509451467,2372.3214309988725
05007-056,007,430,723,31,1184,1475.381887259281,50.53223986222342,50.352008543843375,137.9497863580891,1714.2159220234369
05007-058,007,657,1034,45,1736,1990.587633321335,27.15046894446663,72.91387769805793,55.892431504157884,2146.544411468017
05007-117,007,0,3,0,3,75.21809163120558,3.5245246333594853,1.4927678741952757,3.1928628185755756,83.4282469573359
05007-017,007,420,622,20,1062,1119.9520807848903,1.0483220410105023,44.31452183257388,61.5619129791332,1226.8768376376079
05007-064,007,228,384,23,635,618.5309186234559,0.012360603163919709,62.26352156406759,60.38962428091047,741.1964250715979
05007-181,007,20,49,3,72,45.546863686872534,2.1335315379141,0.910511213778797,1.9337092847101163,50.524615723275545
05007-184,007,53,79,4,136,190.25396804222058,3.707270521552391,53.40047112959508,10.72742108364096,258.089130777009
05007-119,007,124,380,14,518,1278.9771007594022,46.62894050926121,55.05414085705157,71.99552314295195,1452.655705268667
05007-118,007,13,22,2,37,147.95846681071595,6.932560203692432,2.9389318332837777,6.280838212114696,164.11079705980683
05007-191,007,5,17,0,22,72.84615904341635,1.4492851730768845,26.869069298864293,7.507848257892916,108.67236177325044
05007-186,007,127,200,9,336,976.8970279752031,19.036598081200605,274.1872977941353,55.08177275844792,1325.202696608987
05007-185,007,5,10,2,17,47.46034051574585,2.2229251577086404,0.9510358401796679,2.0150681177540863,52.64936963138823
05007-180,007,39,62,4,105,333.2446424928635,6.493724242447286,93.5336433957174,18.789836523533285,452.06184665456146
05007-151,007,482,607,37,1126,1790.211128140303,78.11937515745097,358.4128573919042,89.72372350938099,2316.467084199039
05007-154,007,120,175,10,305,780.72016445421,27.297475402933195,107.8630994816549,86.5459024082616,1002.4266417470598
05007-152,007,21,37,1,59,35.813065193325244,0.8589476697044712,4.608001616296928,4.0320014142598115,45.312015893586455
05007-153,007,141,243,16,400,146.1392090847313,3.505031820598804,18.803464825800642,16.45303172257556,184.9007374537063
05007-093,007,509,998,34,1541,1078.452857098404,81.19675843305976,161.01025168193507,79.47957102100749,1400.1394382344063
05007-094,007,170,220,11,401,295.784187100102,15.957029498855446,54.620222354823206,26.663314036518695,393.0247529902993
05007-101,007,70,127,10,207,89.23780319718334,1.5527665952663998,5.271651495783066,13.530667892042034,109.59288918027484
05007-100,007,168,185,16,369,79.88994460884483,1.389109429106481,4.716511084873168,12.114326416626287,98.10989153945077
05007-219,007,2,0,0,2,2.115931329439971,0.0,0.0,0.0,2.115931329439971
05007-220,007,14,31,2,47,275.04251819805836,0.0,10.062443240298808,10.2720774744717,295.3770389128288
05007-148,007,77,192,6,275,433.2228644589016,21.803498894605447,97.49921698638276,12.552361844052148,565.0779421839419
05007-145,007,450,694,28,1172,240.68913698303086,11.39470488153084,41.1279451724559,21.644226554616047,314.85601359163365
05007-142,007,144,254,20,418,189.32151057828,0.000763062190242068,0.004093604220592741,0.0035819036930186485,189.32994914838386
05007-141,007,4,20,1,25,239.63041525953798,4.223213932068703,24.291939225639148,16.58039133236626,284.7259597496121
05007-143,007,157,239,8,404,96.5501456877069,0.001443587885276725,0.006691400658075677,0.0016381778940369896,96.55991885414429
05007-075,007,28,44,0,72,42.06959958125328,0.0,2.596345580851405,1.892251864010346,46.55819702611503
05007-054,007,1,5,0,6,97.7791784565032,0.017218405016525228,8.928991740750131,4.227742502494275,110.95313110476414
05007-126,007,64,106,3,173,249.45150063920335,1.080740479026084,29.33428690880463,11.803772201452816,291.6703002284869
05007-308,007,10,78,2,90,139.82345479768162,3.2369240296285273,22.913002464813413,11.868116333110999,177.84149762523458
05007-310,007,8,51,0,59,81.3295110721342,1.91596736075702,13.41177152529914,6.87105536271483,103.52830532090518
05007-214,007,91,170,9,270,159.85429318272034,0.00022220479576919957,16.802767097807056,17.152033779612637,193.80931626493583
05007-044,007,7,38,0,45,87.59830281129689,0.0,1.5531389545723555,3.6014757943574427,92.75291756022669
05007-388,007,1,2,0,3,18.87305770843378,0.9716238757852024,3.1209736616130743,3.739279764385476,26.704935010217532
05007-380,007,42,81,1,124,97.34930266737405,0.5101864001027276,6.8799402100107985,8.110580409854903,112.85000968734248
05007-378,007,3,13,0,16,37.38330741902044,0.34060815777647113,2.3730692639633775,2.8538331857399806,42.950818026500265
05007-386,007,1,4,0,5,18.243408282089412,0.9392082266910305,3.0168506675530073,3.614528629992754,25.813995806326204
05007-383,007,3,16,0,19,137.40379403393177,2.575327913323027,10.75029190036608,6.352677629386458,157.08209147700734
05007-395,007,73,97,2,172,50.94745105068331,3.7607172306818994,18.6025711550293,2.4836141805156675,75.79435361691019
05007-250,007,5,14,0,19,327.30846167146484,9.657882212368092,42.57228917737626,20.453994681838353,399.99262774304754
05007-394,007,274,371,15,660,260.9597868580062,3.3984989157403227,227.01317367089817,23.534286471002748,514.9057459156476
05007-335,007,62,161,4,227,705.7140640667918,37.360528132663504,71.57580765521588,68.2467311283297,882.8971309830008
05007-329,007,396,804,21,1221,1255.1526190726918,16.122954309434853,81.10903681635277,41.056430494317574,1393.441040692797
05007-341,007,245,426,8,679,674.0738830106538,25.39394317472649,69.97757321060071,42.139928460322395,811.5853278563035
05007-340,007,3,3,1,7,161.63532409355778,8.567712186910832,15.925828076970882,14.889066993985331,201.01793135142483
05007-389,007,14,30,1,45,59.895203730191575,3.0834121366187808,9.90626895919679,11.865101563485398,84.74998638949255
05007-344,007,96,133,2,231,229.62908281683536,8.445036654333638e-05,91.05164572760171,4.948599150192001,325.6294121449956
05007-258,007,300,386,34,720,1128.3677302283215,21.348215934053634,95.58803679386592,56.58808385770637,1301.8920668139472
05007-175,007,664,630,35,1329,1021.7000525243113,34.377364116588595,369.1110439752282,93.36375779314811,1518.5522184092763
05007-262,007,446,560,22,1028,822.8374678137021,1.6858658783867624,217.4472317406229,25.325932045018362,1067.29649747773
05007-176,007,457,588,26,1071,2218.7102215127306,48.019319376429294,456.49301905489773,323.78704469514855,3047.009604639206
05007-263,007,175,216,11,402,725.7666512540559,4.289281633456616,72.90220159551784,11.263683502356074,814.2218179853863
05007-187,007,145,195,5,345,763.6235946321588,20.997160636747516,174.77484518509075,27.993769165487073,987.3893696194842
05007-183,007,15,42,0,57,64.21522057310085,1.2512210398763914,18.02467072353005,3.620554498365728,87.11166683487302
05007-189,007,115,148,11,274,179.481886039109,3.497034321198711,50.39169861071849,10.124596634857978,243.4952156058842
05007-248,007,151,348,22,521,1089.2680124011815,12.535912998544463,100.64400499184218,71.7652652550166,1274.2131956465848
05007-255,007,1,0,0,1,4.161954285665627,0.05167666780898855,0.38389581134336775,0.2657753526017828,4.8633021174197655
05007-253,007,452,555,24,1031,1100.617782811691,33.056089781021264,139.0346910063207,64.83648071227745,1337.5450443113104
05007-322,007,536,978,24,1538,1120.0346310608002,9.35364982394611,103.51072420039782,79.85700173218571,1312.7560068173298
05007-328,007,42,69,2,113,175.47814570060584,0.0,15.369465175156513,12.343979904456411,203.19159078021877
05007-333,007,492,791,32,1315,1468.37795512064,19.620850553815743,118.57281690301383,169.65914654154216,1776.2307691190117
05007-330,007,378,589,26,993,330.59218263885,0.0014535090631825351,18.58321329047008,12.21343963645855,361.3902890748418
05007-331,007,61,95,3,159,137.61168380212928,0.0010480406657615434,12.052349199731765,9.683815242381707,159.3488962849085
05007-336,007,320,568,23,911,920.9636285311357,4.209185122897546,135.46252427506363,47.093094532831174,1107.7284324619282
05007-337,007,126,223,7,356,283.2326370376329,2.3247075592798327e-05,5.386356269060358,19.36017332573886,307.9791898795077
05007-266,007,426,450,28,904,1293.6081980058293,68.0025560058763,526.6682117747248,55.01474489118241,1943.2937106776128
05007-193,007,26,29,2,57,135.8611596704978,2.7016010179848315,50.12399281425365,13.99920527501231,202.6859587777486
05007-267,007,157,188,21,366,477.28113674525946,8.544253256697129,96.22812114411305,21.172143185246615,603.2256543313162
05007-271,007,150,150,8,308,614.7779850894407,11.005256454639719,123.93156711964747,27.27133249222796,776.9861411559557
05007-192,007,308,217,16,541,701.0337989220901,1.3644070514159174,99.27431811666968,24.236622544477893,825.9091466346536
05007-273,007,55,34,2,91,127.08014832536894,0.0013959918900582438,45.31653537670954,1.4530421786252028,173.85112187259372
05007-275,007,168,144,16,328,528.2699522320553,1.234392652477952,93.40859017694856,18.13667186551337,641.0496069269952
05007-276,007,536,532,32,1100,968.589114947856,0.0030127655541726684,912.0740716059464,30.59133333625733,1911.2575326556137
05007-277,007,27,25,4,56,76.13505687728123,0.0,64.13092540612777,1.491199757146909,141.75718204055593
05007-280,007,61,91,6,158,235.80301930755402,2.122322195246001,14.477767016263982,1.9308502163039958,254.33395873536801
05007-123,007,164,329,12,505,290.008098983093,4.063639493925848,54.463540634301296,11.078478640946166,359.61375775226634
05007-190,007,316,403,16,735,1208.7348205228723,12.046205810346036,330.7606354958881,99.02358100065638,1650.5652428297628
05007-345,007,124,134,10,268,235.30599052091281,0.09859406367273559,17.19189305943717,2.9758512070523877,255.5723288510751
05007-339,007,0,9,0,9,288.45182091936726,0.0,44.15424621512891,14.297910504782031,346.9039776392782
05007-338,007,606,739,33,1378,1694.0337492790045,0.0,272.64189492207134,143.90698062110965,2110.5826248221856
05007-264,007,324,383,15,722,1046.9629286469194,30.466028978825705,471.94376096052287,87.0508083153026,1636.4235269015708
05007-268,007,35,20,1,56,60.78049531087599,0.0,19.55645957656277,5.037154428748606,85.37410931618737
05007-270,007,261,288,12,561,943.5792115224548,32.4858500818732,512.4329715693368,44.86535391931294,1533.363387092978
05007-269,007,61,61,1,123,159.23294434245005,0.0,76.6265397468617,0.0013623039315990401,235.86084639324335
05007-259,007,169,302,13,484,942.3501592057145,0.001798046935351429,133.18255326881925,140.15781491767427,1215.6923254391434
05007-274,007,464,335,18,817,566.63098743129,32.98509197917835,1225.5864922451678,99.56316819008183,1924.765739845718
05007-167,007,61,73,4,138,509.18279003309186,46.000168088480436,25.785420325731867,57.945970636209644,638.9143490835138
05007-170,007,451,553,32,1036,1277.641014724351,43.400753857236666,157.8706980436911,236.7493619122659,1715.6618285375446
05007-246,007,99,98,7,204,277.7870842116826,9.705099183716845,44.643245955221545,21.972558933389195,354.1079882840102
05007-171,007,66,89,5,160,476.53410146026863,15.993746732407768,102.1696475228267,78.24407753497002,672.9415732504731
05007-251,007,2,4,0,6,25.478852642998326,0.9129781305387589,3.550470507650729,1.4709092103124448,31.41321049150026
05007-172,007,409,591,43,1043,930.626275987642,17.580482910989446,162.66622366768084,155.59328996724742,1266.4662725335597
05007-155,007,365,422,34,821,1488.1140714608678,64.58965379177542,238.52225736194265,151.18467079197003,1942.410653406556
05007-102,007,62,89,4,155,188.27273086229155,15.249512718314111,0.000523199122214378,13.96701136703109,217.48977814675897
05007-157,007,260,363,26,649,831.7604468711558,22.37078331287728,36.94253364568605,48.09310186930766,939.1668656990267
05007-164,007,463,564,46,1073,797.2538619597304,22.445256926670915,33.86247923350287,36.22619883285369,889.7877969527578
05007-163,007,474,556,28,1058,1437.483207680694,119.27995994724736,128.30780665343306,146.8316795890823,1831.9026538704568
05007-105,007,11,7,0,18,25.169016668832644,0.708484444315821,1.068956284672101,1.1434962086277518,28.089953606448315
05007-104,007,413,567,30,1010,644.8647791569837,22.457666661267925,35.68651287703319,32.083255069654854,735.0922137649397
05007-173,007,113,127,8,248,206.25224925226016,0.000826911003433001,10.43938576971249,11.458227091242438,228.1506890242185
05007-106,007,635,546,47,1228,1624.7970349057048,21.493622446870862,67.12634177938195,216.31636146265544,1929.733360594613
05007-107,007,39,20,1,60,50.84779378073422,2.8858067883481238,2.5066436694133376,1.5491766790014099,57.7894209174971
05007-110,007,311,312,16,639,484.9685712087317,0.0,24.54886176720347,26.949005492621396,536.4664384685566
05007-424,007,220,262,24,506,782.9070399961171,3.562008126209996,21.44122387633956,83.85413303180809,891.7644050304747
05007-116,007,0,7,0,7,1.6949157114231939,0.07941997545257523,0.03363669548579657,0.07194515423350933,1.879917536595075
05007-113,007,345,447,18,810,239.16549618674765,11.20514339089871,4.748178835587665,10.15307704652549,265.2718954597595
05007-319,007,172,281,8,461,476.6844478663838,0.25190390806615004,23.666316626267374,13.540805240199289,514.1434736409166
05007-112,007,160,221,16,397,370.503713526304,0.5290687217694187,38.30643276443492,35.23498041989443,444.5741954324028
05007-165,007,464,469,26,959,1037.5786027707024,187.08499590067336,23.17677192860977,328.6084523222727,1576.448822922258
05007-240,007,233,298,15,546,613.1685368261686,19.417246155780795,146.26896848416033,96.21898811941804,875.0737395855278
05007-429,007,87,110,9,206,404.9530389612681,12.8284640491551,96.59590626848343,63.55567770874681,577.9330869876534
05007-237,007,0,4,0,4,15.258111639482713,0.35944383894182236,2.5065553392324262,1.2932474590879608,19.417358276744924
05007-242,007,39,23,2,64,14.774489759401066,0.06916070575652736,1.3826625481561,1.2008553084114952,17.427168321725187
05007-235,007,592,570,19,1181,1138.0778396582366,97.43353630704942,114.19763762814573,256.68862303236665,1606.3976366257987
05007-313,007,4,24,0,28,36.96377450293506,0.8609236399422718,6.046160542503916,3.0988128312584733,46.96967151663972
05007-317,007,7,7,0,14,3.959832294581681,0.0932860573053361,0.6530024011373528,0.3345431020605157,5.040663855084885
05007-312,007,0,11,0,11,3.1642582190895596,0.07454385731405136,0.5218070011983595,0.26732969519521865,4.02793877279719
05007-225,007,50,97,4,151,570.5374788362507,13.683756970756452,73.40949317355407,64.2332435485417,721.8639725291029
05007-224,007,17,8,2,27,203.8024752971678,0.0032595985163619444,10.438465492393007,10.653383366998197,224.89758375507535
05007-160,007,269,315,16,600,921.8250724962486,72.95798634525117,103.24835807454284,224.13440533952686,1322.1658222555695
05007-241,007,18,30,2,50,101.07887165197984,0.46984681324852406,9.462072464187981,8.208400222316122,119.21919115173247
05007-229,007,162,257,8,427,305.2850738282073,7.3080958181761,40.4644519263771,33.45231523013901,386.5099368028995
05007-150,007,236,385,14,635,707.2625392218882,16.963124056827876,91.00227795329295,79.62682780189513,894.8547690339043
05007-223,007,196,270,5,471,149.53866462984772,1.2920850524019012,18.99564517063356,14.795555826399923,184.6219506792831
05007-156,007,65,105,1,171,83.27155054335395,1.997490210908267,10.714390671608637,9.375798132801753,105.35922955867261
05007-320,007,143,263,9,415,484.20882625661403,0.0007419654639985022,22.7589107199152,13.130085651702029,520.0985645936953
05007-381,007,197,509,15,721,466.43188423390416,7.776845459058241,36.59116307522823,23.96478827183923,534.7646810400298
05007-324,007,139,294,7,440,243.75784955176897,3.9181422780864708,17.022821012115482,8.694653969387419,273.39346681135834
05007-247,007,2,6,0,8,17.10247164267859,0.6127487351245436,2.38310638183776,0.987396279647454,21.085723039288347
05007-245,007,25,33,2,60,86.69472199242213,0.4022956937003347,8.112963156290084,7.0401746397558576,102.25015548216841
05007-243,007,57,117,6,180,148.65587045146998,0.7221799671610086,13.962839945641743,12.135170889440483,175.47606125371323
05007-249,007,7,9,0,16,44.93998100027045,0.7290423675199292,4.969260369495824,3.257678646422518,53.89596238370872
05007-321,007,268,307,25,600,1125.1688114677984,0.23196173563960631,98.77196021686541,79.47142269552864,1303.6441561158322
05007-325,007,125,131,9,265,302.38121147565386,0.0,26.484403717283794,21.270933275475986,350.13654846841365
05007-318,007,106,304,7,417,637.4993125896299,7.544698668073468,40.313724596412854,20.57582469169974,705.9335605458159
05007-323,007,35,48,0,83,105.08034034627998,0.00014123877275776424,4.940286047468938,2.850794442379821,112.8715620749015
05007-222,007,0,2,0,2,144.62162729325905,3.401356524542019,23.834712198605946,12.223710097064185,184.0814061134712
05007-019,007,308,525,24,857,883.8887317296335,7.300760133132882e-05,43.75042568261993,32.090927886493816,959.7301583063485
05007-169,007,763,521,45,1329,1558.2185367852337,51.60642595056735,99.2144497390375,95.04045384448818,1804.0798663193268
05007-082,007,28,120,3,151,76.93398428159345,0.0,4.7766036868993265,3.164934920613204,84.87552288910598
05007-083,007,27,102,5,134,41.04375983829932,0.0,0.7607695539603553,2.0283842107032775,43.832913602962954
05007-065,007,425,750,24,1199,896.4157052093274,5.388195324276245e-05,79.1885618020645,74.32789506649178,1049.9322159598369
05007-427,007,82,71,9,162,736.192056259904,5.31302736378568,72.2643719507927,89.4257613946116,903.195216969094
05007-014,007,278,477,23,778,1121.2796118058766,0.06108591750257759,117.50602751771413,72.3633582488359,1311.2100834899293
05007-015,007,545,1053,44,1642,1401.917304547894,8.43754419121238,310.23235012826245,91.23763758114087,1811.8248364485098
05007-326,007,428,600,42,1070,560.3245522353021,0.01379596848927564,49.08187225146055,39.40872681508288,648.8289472703348
05007-010,007,250,540,20,810,762.9516056193047,0.0,0.0,26.79302041550033,789.744626034805
05007-009,007,321,760,24,1105,881.9327271327076,0.0,3.8023466881059638e-06,22.067534577045226,904.0002655120994
05007-232,007,189,311,14,514,282.36063974550046,6.880372455758597,36.28225942910147,31.989360569242677,357.51263219960316
05007-174,007,168,187,16,371,770.3110616995273,48.255036692653086,70.72977473415898,132.71101639818892,1022.0068895245283
05007-144,007,177,271,19,467,144.07248536381883,3.5687703166882834,19.26276278357246,13.369895138834181,180.27391360291375
05007-261,007,175,263,25,463,428.0415087145083,8.146705583569675,37.26538914155524,21.94935850226296,495.4029619418962
05007-059,007,222,370,17,609,518.1409167009476,7.140014198958133,18.232749291300916,20.844798087995667,564.3584782792022
05007-108,007,354,322,19,695,445.3404368075588,7.107245951091347,13.515106062531117,40.961684968492236,506.92447378967347
05007-238,007,218,243,18,479,333.8807481917007,10.772973609952988,79.36168542951926,52.61124798058168,476.6266552117547
05007-428,007,64,84,7,155,71.14857260536475,6.091954459500879,7.137588433892821,16.048208389580672,100.42632388833911
05007-425,007,193,259,6,458,536.3165177933982,12.132374875584075,34.799726246003814,51.6281333649631,634.8767522799492
05007-060,007,194,196,14,404,157.4303694539834,0.054778669361258664,15.212459658747877,15.977857463459108,188.67546524555164
05007-426,007,140,152,7,299,160.3064020387474,28.91171660967413,3.576670284783447,50.7880209173843,243.58280985058929
05009-District 7,009,166,1308,26,1500,2962.4056105771665,13.35969598880459,53.883025522168836,122.60496558164512,3152.2532976697853
05009-District 1,009,296,1079,34,1409,2895.6550817195102,11.454295026393913,73.67563023628298,140.28993345992018,3121.074940442107
05009-District 8,009,300,1409,33,1742,2287.295250896743,11.043057646224222,33.412187812675235,97.5808107028686,2429.331307058511
05009-District 3,009,254,810,26,1090,2092.165602263649,0.8521408156797112,114.17373467244774,74.63770822852884,2281.829185980305
05009-District 2,009,372,1117,23,1512,2084.235051797599,1.0963790922271837,41.809097593240324,57.41066041958605,2184.551188902653
05009-District 4,009,281,1089,25,1395,1819.8051486315733,18.500976869075558,83.82860730166597,42.05113858667863,1964.1858713889933
05009-District 11,009,187,1091,16,1294,2841.158116848102,10.974717366918188,32.078180875296795,100.52349921380818,2984.7345143041252
05009-District 5,009,265,1322,24,1611,2824.0087834636547,9.951388516932777,69.41805258577675,78.99809662915723,2982.3763211955215
05009-District 6,009,198,1495,25,1718,2383.3077925626494,0.0,66.02552377677354,117.59906971363803,2566.9323860530612
05009-District 10,009,203,1535,31,1769,2647.643441247343,0.0,0.6866206184945669,84.27559632221562,2732.605658188054
05009-Diamond City 12,009,73,288,4,365,120.96688038991746,3.0241720097479368,3.0241720097479368,6.264356305906441,133.27958071531978
05009-District 9,009,259,1425,23,1707,2611.934430666277,4.737208586437027,37.9769238305743,98.74362938150223,2753.3921924647902
05011-09 - Hermitage City,011,41,54,2,97,9.309112502378484,1.6013381598128127,0.46972586021175844,0.0,11.380176522403056
05011-07 - Banks Rural,011,39,109,3,151,147.904801060743,41.29942238973118,0.0008154310569324407,13.51189276519537,202.7169316467265
05011-01 - Warren Ward 1,011,272,115,1,388,77.13627160023617,224.28766733545697,62.164328272072154,38.51697603727611,402.10524324504144
05011-10 - Hermitage Rural,011,19,184,5,208,486.5634758585288,106.96299244438873,27.666073697079284,3.1582722960390557,624.3508142960359
05011-14 - Marion,011,2,75,0,77,75.74434904404936,45.10146314602853,55.07277372505139,4.246842904532948,180.16542881966222
05011-03 - Warren Ward 3,011,252,188,2,442,52.9101920799079,23.570443473757273,1.4071843581208627,2.0750890115604075,79.96290892334643
05011-08 - Springhill,011,7,115,0,122,226.2584034190325,138.5154043693419,18.039176139866058,3.7108788673238884,386.52386279556436
05011-06 - Banks City,011,7,27,1,35,0.5900537839653137,0.1647358280106206,0.0,0.053913543712566736,0.808703155688501
05011-05 - South,011,41,316,4,361,690.31855052161,659.1249084583907,260.03962916861485,45.94487113596527,1655.4279592845808
05011-02 - Warren Ward 2,011,159,272,12,443,61.137892845015266,25.581123490704314,6.969903661926213,1.4319567273021645,95.12087672494796
05011-04 - North,011,64,548,4,616,2071.316649253968,753.0960086387274,74.51015855134423,50.05657163922363,2948.9793880832635
05011-11 - Eagle Lake,011,11,64,1,76,228.88941963110187,26.545250733190485,0.6559083739765468,3.296750139491532,259.38732887776047
05011-13 - Johnsville,011,28,82,0,110,125.10036131776603,14.08425916415076,0.0004428144654665237,1.9098214380043135,141.09488473438657
05011-12 - Jersey,011,19,64,0,83,139.776744167375,20.002495969302927,0.00045344697414557967,4.07957398741142,163.8592675710635
05013-Hampton,013,133,257,13,403,52.66459686352575,15.342365649534576,0.3376317266723853,1.4847530241928855,69.8293472639256
05013-Tinsman,013,22,218,3,243,355.8287168114325,116.66522853731611,6.6596488967585135,4.108680382651194,483.26227462815825
05013-Locust,013,27,219,4,250,370.5193499488807,50.8690009982697,11.025580835663622,58.74251908230176,491.15645086511574
05013-Harrell,013,60,211,10,281,327.12788819432706,114.31363792214813,5.728314347836637,2.4780478770438794,449.6478883413557
05013-Bearden,013,71,283,2,356,117.35735075302185,44.472388219694786,1.1641915093438702,2.794288165045426,165.7882186471059
05013-Woodberry,013,12,176,4,192,241.67552239897617,37.225159811596605,4.976417867180774,31.827348713121225,315.7044487908748
05013-Chambersville,013,8,58,0,66,517.4904649476367,127.38014215589742,3.542564785066271,26.917815441386438,675.3309873299868
05013-Champagnolle,013,46,252,3,301,854.0117412115692,198.33481529026346,15.579990328855297,59.72148963359626,1127.6480364642844
05015-Lakes Area,015,716,817,38,1571,3016.527161301808,39.15481243630416,80.17929901016649,163.2026165373302,3299.063889285609
05015-Berryville West,015,171,523,13,707,308.5262268399182,2.92764864493173,31.461573606281416,16.082817060594415,358.9982661517257
05015-Eureka Springs,015,924,470,35,1429,1702.5486868059324,14.632688595568354,169.29429104866745,58.32693283822822,1944.8025992883968
05015-Holiday Island,015,684,823,30,1537,1555.4476113675228,9.905560876398481e-05,23.497233937553602,103.34695066833282,1682.291895029018
05015-Kings River,015,336,854,27,1217,2049.163744761614,16.6184338669297,70.3752861032031,57.14866545623785,2193.3061301879848
05015-South Hickory,015,81,392,6,479,678.122928928455,0.06871373401252029,484.9124190845648,191.18598029018574,1354.2900420372182
05015-Berryville East,015,183,451,15,649,284.7736944020348,0.7053138895234,38.63623206238988,19.061179462952982,343.1764198169011
05015-North Hickory,015,148,549,16,713,762.8366075316793,0.14123620885893295,194.13509749452285,60.37683569068717,1017.4897769257482
05015-Prairies,015,240,840,32,1112,3769.8208425034386,20.733445404136774,339.8957781972292,258.9598695491135,4389.409935653918
05015-Yocum,015,148,853,13,1014,2021.1981828957714,0.0,94.29990727523524,131.44283280677163,2246.9409229777784
05015-South Carroll,015,181,898,31,1110,1799.4073259619856,0.00010062298706580993,36.27635521806823,76.85449182262391,1912.5382736256647
05017-104 - Carlton Rural,017,190,823,4,1017,1606.8470977806455,1050.0990870063615,174.27659267697365,56.01223549063097,2887.2350129546116
05017-202 - Planters 2,017,131,12,0,143,1.8607595160675103,63.6138532312431,0.0,0.27818425684968395,65.75279700416029
05017-304 - Bowie Rural,017,23,72,1,96,584.7125641195728,803.3521254840618,39.817433259823616,49.82119814717201,1477.7033210106306
"05017-BOWIE 1, 2, 3",017,273,32,2,307,15.406755955702783,56.63638485845363,0.17343530810920088,2.668107362230837,74.88468348449646
"05017-BOWIE 1, 2, 3 JP. DIST 2",017,203,89,2,294,119.51163351232366,260.46240586651254,0.0,8.605539539681123,388.5795789185173
"05017-CARLTON 1, 2, 3",017,530,310,20,860,108.21833217091171,184.42141728960252,15.959296030664618,3.5883005047656944,312.1873459959445
"05017-PLANTERS 1, 3, 4, Rural",017,446,320,7,773,749.236754224775,1478.833691625675,68.54024354564555,18.993725875416878,2315.604415271512
05019-Amity City,019,18,186,3,207,20.782773151371998,2.6830530207182845e-05,0.5902871910328106,1.1020212262795113,22.47510839921453
05019-Arkadelphia Ward 1,019,128,109,10,247,377.4285657934295,109.32589022262249,24.18095048213423,38.629512671707644,549.5649191698939
05019-Arkadelphia Ward 2,019,503,383,27,913,456.31093074718075,333.2496914799213,1.1707532305039068,9.020208935122698,799.7515843927287
05019-Arkadelphia Ward 3,019,220,131,4,355,1288.3380346618508,493.91979619564,96.81591535091682,106.3098638734208,1985.3836100818285
05019-Arkadelphia Ward 4,019,346,146,17,509,434.81292634219295,326.79892412663895,7.786781358643909,29.99978740213123,799.398419229607
05019-Arkadelphia Ward 5,019,439,423,27,889,935.3589305962003,245.60794056410458,78.37105943234225,45.69237426441441,1305.0303048570615
"05019-Caddo Valley Wards 1,2,3",019,82,139,5,226,82.44429903064832,13.867945361636831,5.8525274003238,1.0814452804946153,103.24621707310357
05019-Central 1,019,116,375,10,501,228.55057388063008,56.9848346044396,7.06889805345487,5.895999841315951,298.5003063798405
05019-Curtis 1,019,64,197,4,265,304.33857492659115,43.11384495520523,12.20360741089743,0.09058218756736358,359.74660948026116
05019-East County 1,019,229,240,12,481,835.8622927726944,357.4528049529327,15.570400657998002,12.383499723320917,1221.2689981069461
05019-Gum Springs Inside/Outside 1,019,77,188,6,271,831.1912569781407,491.08514285461985,2.693296383959219,17.74325627634688,1342.7129524930665
05019-Gurdon Gen 1,019,55,204,6,265,626.1313016752157,178.4257297993916,23.535969198685567,11.010225604242915,839.1032262775358
"05019-Gurdon Wards 1, 2, 3, 4, 5",019,236,279,7,522,110.30353140788651,107.96475898001925,0.9301058907817232,0.44064816537636636,219.63904444406384
05019-Hollywood 1,019,33,112,0,145,428.2946423957348,101.91812196792407,6.523044390483566,6.694810812781784,543.4306195669242
05019-North County,019,77,451,12,540,1148.8720970327608,26.630107495153197,26.679391850812106,51.952912714037424,1254.1345090927634
05019-North East County,019,161,525,13,699,2226.6363664861924,391.25562140853924,152.57302496341515,121.39108654828684,2891.8560994064337
05019-Okolona City 1,019,16,26,0,42,4.782808990333264,1.4682111319162578,0.2113334205030977,0.2168948263058108,6.67924836905843
05019-South County 1,019,42,199,3,244,870.1556942410915,296.4559103137356,22.125010151164645,6.526003540540053,1195.2626182465317
05019-West County 1,019,114,189,6,309,613.1962161829547,188.2319088719623,27.09593228408228,27.80722636247691,856.3312837014762
05019-Whelen Springs 1,019,3,24,0,27,1.2843109938641917,0.2253923267377555,0.02126342705073165,0.00850537082029266,1.5394721184729714
05021-07 - Johnson,021,16,87,2,105,194.39204297784227,0.0,0.0,2.2377422237146267,196.62978520155687
05021-15 - Nelson,021,7,53,2,62,135.69159165395632,0.0,0.000516597562718423,0.7458601318989186,136.43796838341794
05021-13 - Cache & Wilson,021,11,54,0,65,465.83500176515895,0.0,0.0,4.3096776325368245,470.1446793976958
05021-06 - Bradshaw & Haywood,021,26,192,3,221,268.61590345997695,0.0,4.0168442587655506e-06,15.303185235346488,283.9190927121677
05021-05 - Bennett & Lemmons,021,18,139,1,158,288.4941071896329,0.0,0.0,3.0277534544135087,291.5218606440464
05021-02 - South St Francis,021,114,427,11,552,778.5674017396447,0.0,1.395624698012027,8.888442653735384,788.8514690913921
05021-11 - Pollard,021,32,167,5,204,309.27235790465454,0.0,2.537394584036573,5.982838129142232,317.79259061783335
05021-17 - Gleghorn & S Kilgore,021,85,458,7,550,1242.128672129938,0.0,0.0004574992801277202,28.37913995365335,1270.5082695828714
05021-01 - North St Francis,021,201,777,21,999,2090.0190476692437,0.0,98.85866696579232,41.50225613860158,2230.379970773638
05021-12 - Brown & Carpenter,021,32,69,3,104,281.6049446757176,0.0,0.0,14.174245866633642,295.7791905423512
05021-09 - Liddell & chalk Bluff,021,33,176,2,211,201.70706557154458,0.0,3.1573595497216864,12.989095205887363,217.85352032715363
05021-03 - E Oak Bluff & Blue Cane,021,83,295,10,388,1269.7982052621976,0.0,5.9998029091327085,57.12687964841126,1332.9248878197416
05021-04 - West Oak Bluff,021,112,298,6,416,836.0768538323423,0.0,0.00019709086728734527,39.87076868095835,875.947819604168
05021-08 - Knob,021,9,55,1,65,301.5393446968254,0.0,0.0,3.6198953971505117,305.15924009397594
05021-14 - Clark,021,10,44,2,56,137.71451774866026,0.0,0.0004474034441703461,0.7571280261851336,138.47209317828955
05021-10 - Payne & Swain,021,16,95,3,114,290.4263073808893,0.0,1.0504901076441489,26.90282255058936,318.3796200391228
05021-16 - Cleveland & N Kilgore,021,102,582,13,697,1544.9746159790311,0.0,10.999542500719832,124.16450912064025,1680.1386676003913
05023-05 - South Cadron Outside,023,32,230,4,266,419.7303622482607,0.9136341793746348,14.77339375217705,9.167016824666787,444.58440700447915
05023-14 - Healing Springs,023,48,393,3,444,454.6229393046126,0.0,10.076900208717158,30.323457677591392,495.0232971909211
05023-03 - North Cadron Outside,023,26,253,4,283,493.89412295822206,0.0,16.073349742626306,11.965323355714755,521.9327960565631
05023-06 - California,023,6,176,2,184,410.42818071370164,0.0,0.5203532960629836,12.57649938345783,423.5250333932225
05023-02 - North Cadron Inside,023,17,93,2,112,31.77893440864394,0.0,1.2284837309546996,0.7758844616555998,33.78330260125424
05023-27 - Piney,023,60,499,11,570,887.8989720778294,11.915938306327297,29.20894379998476,7.479682341980709,936.5035365261222
05023-22 - Mountain,023,42,374,5,421,819.2519137180542,1.7505512542825696,5.893429660898649,12.394953251211962,839.2908478844475
05023-04 - South Cadron Inside,023,39,126,5,170,25.691942242526693,0.0,0.9931763292288661,0.6272686882169721,27.31238725997253
05023-08 - Clayton,023,78,518,5,601,688.981647039968,1.4679409356180744,3.749570519061165,14.446737178554892,708.6458956732022
05023-26 - Pine,023,17,103,5,125,265.00646457070314,3.238067375333679e-05,0.0,1.8069475836145938,266.81344453499156
05023-20 - McJester,023,28,176,0,204,439.8084950151062,4.5553152079179845e-05,1.928879916629497e-06,3.548727560052182,443.3572700571904
05023-25 - Pickens,023,40,246,2,288,743.4007043888193,1.555671784321777,5.403654861791077,11.18242073115022,761.5424517660824
05023-18 - Heber Springs Ward 4,023,142,604,23,769,958.2236501639028,3.2359951584163675,33.551203004383346,29.408915513346688,1024.4197638400492
05023-15 - Heber Springs Ward 1,023,120,496,18,634,666.7159950595762,5.98037414416691,41.62519409129513,10.334951203850169,724.6565144988883
05023-16 - Heber Springs Ward 2,023,124,506,14,644,1223.004725627399,11.278888086449172,36.5581381903227,64.3702387690234,1335.2119906731944
05023-07 - Center Post,023,63,325,6,394,853.4123960808713,0.0,6.926234529728669,19.058853114308555,879.3974837249085
05023-33 - Valley,023,41,185,7,233,625.1574212191961,0.0022736850831258752,33.665160179838715,23.50573129014385,682.3305863742618
05023-17 - Heber Springs Ward 3,023,181,682,13,876,703.8665552717956,9.620343192764699,7.551241152613845,14.31508282916315,735.3532224463372
05023-24 - West Peter Creek,023,97,455,6,558,242.35378943291383,0.0005011668349423381,4.0163954432074345,10.805933251551046,257.17661929450725
05023-34 - Wilburn,023,19,112,4,135,520.7891022948772,0.0,7.8035730344233265,22.36012593744981,550.9528012667504
05023-30 - Saline Outside,023,43,208,7,258,337.50882958758007,0.0,2.6209910343513394e-05,7.197083429379491,344.70593922686993
05023-32 - Sugar Loaf,023,72,275,3,350,418.08273639396407,0.00013871506927386952,2.8267962813162506,8.265885483312584,429.1755568736622
05023-29 - Saline Inside,023,17,69,0,86,13.054287914653923,0.0,0.0,0.2783742652956504,13.332662179949573
05023-09 - Francis,023,48,362,3,413,457.75207591769544,0.0010020195542920283,0.048388355875051296,10.113843090518165,467.915309383643
05023-19 - Heber Springs Outside,023,182,1231,18,1431,3085.41585926256,25.270823158846834,78.60166881171703,82.78044206947357,3272.0687933025974
05023-12 - Greers Ferry Giles,023,93,385,5,483,313.0122120907796,0.0,1.0089653278212056,3.1712095791670603,317.19238699776787
05023-21 - Morgan Outside,023,59,168,3,230,185.6421025918149,0.0,0.15063817436098706,1.4603363586934264,187.25307712486932
05023-13 - Giles,023,39,292,7,338,655.4704835740146,0.0,0.9172023608194442,7.381352780703748,663.7690387155377
05023-35 - Morgan Inside,023,45,90,3,138,38.32115834512756,3.4422876075682823e-07,6.103375693095372e-06,0.23295777633121517,38.55412256906323
05023-23 - East Peter Creek,023,23,296,8,327,480.9160091256918,0.0,8.72337012701147,22.96150470833766,512.600883961041
05023-10 - Grassey Inside,023,5,98,1,104,57.72562403056088,0.0,0.0,2.033856183460176,59.75948021402105
05023-31 - Sugar Camp,023,35,207,1,243,504.91410342190574,0.0,5.356939585048987,3.55260485950242,513.8236478664571
05023-28 - Poff,023,12,45,0,57,469.0821292268216,0.00012881052472117708,0.0016748520372919917,2.851466395710764,471.9353992850944
05023-11 - Grassey Outside,023,48,317,5,370,777.6045399097025,0.0,6.733323126815302,37.266505329100816,821.6043683656187
05025-15 - Whiteoak,025,20,144,1,165,111.22349373596059,0.005813874197619497,0.0,1.3418909484280033,112.57119855858622
05025-02A - Kingsland Inside,025,43,79,1,123,7.987963786924177,4.684160067686415,0.0,0.0,12.672123854610593
05025-07 - Lee,025,15,129,2,146,430.1526234389922,47.261313494672876,2.1398475582570067e-05,5.4685110489678634e-05,477.4140130172512
05025-06 - Hurricane,025,16,190,1,207,319.0709339795411,35.94769571623759,0.00011845831047608668,1.095428881722742e-05,355.01875910837805
05025-04 - Harper,025,26,187,2,215,249.339996207259,18.08453766353806,4.325672263005527,0.002959215601732283,271.7531653494043
05025-01A - Rison Inside,025,150,221,10,381,46.58868176086368,17.338065107465933,0.0,0.6009302642470572,64.52767713257667
05025-12 - Saline,025,2,18,0,20,253.3787263522906,0.001125351060570232,0.0,3.05774669885145,256.43759840220264
05025-11 - Rowell,025,11,155,3,169,293.8515715811157,0.0,14.31364897285156,0.0001579057783137322,308.16537845974557
05025-01B - Rison Outside,025,11,111,2,124,269.77533741067407,84.8088488614738,9.150337015197337e-06,1.3306555309157524,355.9148509534007
05025-14 - Smith,025,14,179,2,195,461.48123499476765,84.2667138563059,12.22871334753986,9.460715678923388e-05,557.9767568057702
05025-08 - Miller,025,22,270,3,295,337.6340958286199,0.0007904890148441601,3.6970244646660895,22.633078416206907,363.9649891985077
05025-05 - Hudgin,025,12,111,2,125,376.69982431302225,0.054045956304471315,2.143314191421958,28.763919139563036,407.6611036003117
05025-09 - Niven,025,24,118,0,142,294.02563718252816,85.07909523363176,0.0,7.562266692521748,386.6669991086817
05025-03 - Bowman,025,49,111,4,164,340.51863708609517,101.29997412260828,0.2830160351739671,13.445390354977487,455.54701759885484
05025-16 - Whiteville,025,48,361,8,417,308.0921044682626,24.190999938717034,1.0114930288908555,21.145089588567004,354.4396870244375
05025-02B - Kingsland Out,025,13,218,0,231,555.7678754892746,202.96455313229424,0.0019765942563167082,2.113505199840274,760.8479104156655
05025-10 - Redland,025,48,202,5,255,314.4366414872243,20.128018962023326,0.00030908968161279043,5.3123147926959554e-05,334.5650226620771
05027-Emerson City,027,37,40,5,82,4.5533660811923715,2.285646359653651,0.3316428051262161,0.05377991434479179,7.224435160317031
05027-McNeil City,027,54,72,0,126,33.256818370235884,28.98505587523224,1.7545608271110784,4.915000154995426,68.91143522757463
05027-Taylor City,027,22,200,3,225,11.761196912358118,1.6461933528737487,0.07849906477680045,0.17792536461169245,13.663814694620362
05027-Columbia North,027,231,1111,15,1357,2311.1495965149525,611.1715176230159,24.59069902503508,143.98986940156837,3090.9016825645717
05027-Columbia South,027,322,650,10,982,1425.483316654918,828.6847025744119,3.4434290897024247,32.66263965057452,2290.2740879696066
05027-Mag Ward 1,027,315,428,16,759,493.97542197275794,757.7510161330657,22.71732348637647,11.097543901245766,1285.5413054934459
05027-Mag Ward 4,027,292,691,10,993,974.1718330879478,775.246913205093,69.01531942018298,68.72707292862084,1887.1611386418447
05027-Mag Ward 2,027,391,115,12,518,387.4867102717111,550.7383177053999,7.723041249163771,40.592336157235025,986.5404053835098
05027-Mag Ward 3,027,196,628,8,832,1750.649020173173,767.757507916213,155.31530129582444,92.94893272749593,2766.670762112707
05027-Waldo City,027,233,93,11,337,38.35664535770892,42.411784957724095,2.4717750198541655,2.310572301168024,85.55077763645521
05027-Emerson Township,027,102,528,7,637,947.6278873957143,292.25300214498395,37.39010974327561,23.63927940210739,1300.910278686081
05027-Taylor Township,027,60,347,2,409,857.9661882036519,194.7932828595784,3.770510391293428,26.288094718491664,1082.8180761730152
05027-McNeil Township,027,125,233,3,361,626.0650998332316,364.27948679778683,17.39846765037636,67.05929150106482,1074.8023457824595
05027-Waldo Township,027,86,231,5,322,784.4309912927179,548.9888623518041,16.998571097578342,16.535797229432426,1366.9542219715327
05029-022 - Bentley Rural,029,31,186,3,220,921.8345719259472,11.167357259545179,8.560191895134713,0.25819326695354267,941.8203143475806
05029-016 - White Eagle,029,2,19,0,21,56.96244867226035,9.657837879751723,3.994117987600807e-05,2.3652087673223856,68.98553526051433
05029-007 - Howard City,029,132,166,9,307,16.666369844107948,11.277428826995987,0.5185810060479232,1.3928305146908053,29.855210191842662
05029-019 - Martin,029,11,64,1,76,168.2048239050603,10.566543364122438,1.0587070412287667,2.2814324978093166,182.11150680822084
05029-017 - Morrilton Ward 3,029,291,399,21,711,140.42028969990045,90.57136179304109,5.990040334464366,9.899466189656373,246.88115801706226
05029-029 - Morrilton Ward 1,029,248,331,15,594,698.4701227284393,57.69064813606578,47.249560293337325,24.576583641962532,827.9869147998048
05029-021 - Union,029,106,261,9,376,580.7169561723567,41.69592705096271,7.866868473926953,12.139527568969033,642.4192792662154
05029-020 - Morrilton Ward 2,029,166,244,7,417,285.5665624295106,140.0210604729798,34.12496338953704,11.915973238052118,471.6285595300796
05029-028 - Old Hickory,029,10,72,1,83,177.8056762973432,1.3356382975412524,0.9138472139897492,4.9818781819783995,185.03703999085263
05029-018 - Morrilton Ward 4,029,253,435,23,711,1019.2746685583857,155.95423492884666,10.64035189579674,38.036795811395166,1223.9060511944242
05029-002 - Bentley City,029,56,247,8,311,143.74081570787345,1.5876215838592649,1.343372109419378,0.0,146.67180940115207
05029-008 - Higgins,029,2,29,0,31,40.06849079169622,6.793552883903291,1.685723890609421e-05,1.6637376486983055,48.52579818153673
05029-030 - Welbourne East,029,189,507,13,709,1197.127686745558,204.91358199304307,104.51555140902013,7.301094190870858,1513.857914338492
05029-006-Menifee City,029,117,18,2,137,34.09855899557695,25.019061038174804,1.160158072334719,3.329149251047454,63.606927357133934
05029-031 - Menifee Rural,029,28,51,2,81,279.9723833910919,205.27290688473428,9.520853154820133,27.31714750470946,522.0832909353556
05029-005 - Steele,029,30,179,9,218,357.116602135623,0.0,0.0,5.340061340345764,362.45666347596875
05029-024 - Bird,029,65,264,6,335,434.8849202126403,33.4961670598353,3.060468030186502,9.023002218170005,480.4645575208321
05029-023 - Washington West,029,47,170,6,223,333.6196767729039,44.489363570962325,51.99179153040837,13.95904965514108,444.05988152941575
05029-013 - Washington East,029,102,424,12,538,541.2991028284565,31.541194825895403,42.75275155323683,13.099448464051337,628.69249767164
05029-003 - Welbourne West,029,72,205,7,284,1726.5908421012389,309.7511757079477,30.714011764053332,93.08064823228176,2160.1366778055217
05029-010 - Gregory,029,28,152,2,182,469.7088680291815,0.0010161102738370112,0.0011377758920122047,15.44832974786309,485.15935166321043
05029-014 - McClaren,029,24,89,1,114,258.85959573339824,9.687396138784722,0.0,6.416685443071336,274.9636773152543
05029-012 - Lick Mountain,029,44,260,3,307,626.3803468595376,54.58101896979869,5.141182545483305,13.484764126591248,699.5873125014108
05029-004 - St Vincent,029,73,205,7,285,365.5058350693655,0.007535399691457915,0.007269217023073091,12.019436572939673,377.54007625901966
05029-027 - Nichols,029,65,185,9,259,584.1908986644866,29.770116188269608,4.693369548264429,9.806673308571593,628.4610577095922
05029-011 - Griffin,029,43,162,1,206,316.6401038164063,10.800907442887553,7.390125033412887,3.410973897000758,338.24211018970743
05029-025 - Catholic Point,029,39,148,8,195,392.5806568196774,53.135319336962645,9.66858799842366,10.246085350011068,465.63064950507476
05029-001 - Austin,029,14,111,1,126,364.6961685695636,35.496476668665274,4.26169053372062,8.203752155588973,412.65808792753853
05029-026 - Petit Jean,029,17,28,1,46,38.22723418547791,6.479656467481678,0.00011447998494149047,1.5874812709311268,46.29448640387565
05029-009 - Cedar Falls,029,56,88,3,147,92.73731701113023,15.72285694092438,0.00032331803617308374,3.850507279104053,112.31100454919483
05029-015 - Howard Rural,029,88,194,9,291,601.050655165729,304.50577940198013,13.855042987418287,35.568309856350446,954.9797874114778
05031-32,031,183,68,5,256,749.4651855279992,668.3716513241363,207.7065736009974,52.679754844671194,1678.2231652978044
05031-44,031,150,461,12,623,1000.5368996895476,22.02305645038115,6.769288226792417,33.746173431100964,1063.075417797822
05031-17,031,273,480,22,775,1114.4162208571256,21.986942548959657,0.15655593002662907,62.91863883346552,1199.4783581695774
05031-07,031,363,1077,25,1465,1819.9789533292521,1.5857175987651997,21.553160117805483,102.16242177740786,1945.2802528232307
05031-25,031,248,354,9,611,704.1714066345309,240.28271262092096,12.036906799054671,18.60945745101298,975.1004835055195
05031-16,031,243,429,17,689,959.0464128097756,256.9800130639671,0.0172961080649758,31.06770097523996,1247.1114229570476
05031-11,031,187,627,21,835,775.2139909545789,26.767821338313237,22.538920937048704,4.5806250994208995,829.1013583293616
05031-12,031,218,423,11,652,1273.8542190234912,361.0486682980516,145.32801889428495,58.73653655177261,1838.9674427676005
05031-08,031,246,801,35,1082,1167.460379107502,168.08047454457957,0.3699142215213059,120.94116423463896,1456.8519321082417
05031-13,031,304,451,19,774,1229.516768710701,599.262995500972,63.16525593618413,48.6056451214478,1940.550665269305
05031-14,031,239,129,16,384,1195.327360922546,157.96647276397587,82.06558840607121,9.857862211092504,1445.2172843036856
05031-48,031,142,614,25,781,128.1778398006936,1.4639746475587436,1.1157077504819508,0.24408580165504723,131.00160800038935
05031-21,031,320,420,10,750,1377.5327490885536,606.2310928964044,33.89116174727611,45.21803174252827,2062.873035474762
05031-50,031,89,433,17,539,1030.8223082763038,0.01915170950417678,31.380044953545706,16.97099391672497,1079.1924988560786
05031-10,031,221,459,16,696,656.1572349200238,73.87491140409865,21.87122441321884,8.246222690608366,760.1495934279496
05031-09,031,231,612,15,858,439.4114293263632,31.822647558938975,10.178131425131003,6.041778403489152,487.4539867139223
05031-15,031,240,370,24,634,1539.9451293472928,1070.5840179692175,28.158003306416706,40.50287467992644,2679.1900253028534
05031-18,031,269,390,30,689,973.0944126367016,160.3243979448987,33.541706443027394,31.080049371403625,1198.0405663960312
05031-01,031,252,205,19,476,1097.3490968406702,254.10371433628038,34.760373409483975,18.921927547057813,1405.1351121334922
05031-06,031,186,699,24,909,533.9780987389036,102.66073743914302,29.383282657967637,5.338453695441124,671.3605725314553
05031-20,031,251,408,24,683,914.4781043201015,29.828584423959278,0.018687487867463215,49.61402698552449,993.9394032174527
05031-19,031,169,110,8,287,818.6207941180546,468.0364339161038,75.65482746682146,102.13370776629162,1464.4457632672713
05031-26,031,246,177,9,432,967.088993210078,946.3814637453801,127.24810005054252,33.6838227804053,2074.4023797864056
05031-04,031,242,256,14,512,465.5905862618043,491.5536430878489,144.87925310276387,70.58994823962637,1172.6134306920435
05031-23,031,298,325,16,639,1282.0600479248146,24.597824146666188,10.171208042529525,7.1057997823802825,1323.9348798963906
05031-24,031,217,288,24,529,1082.354766687431,283.68395730734187,27.60752476223866,16.783041343608524,1410.4292901006202
05031-03,031,272,244,21,537,779.8555867401129,242.85750175470693,323.65779765981915,86.53930806145209,1432.9101942160912
05031-02,031,241,246,10,497,1167.814286340251,462.18474068498733,59.95389859444562,236.27692042608874,1926.229846045773
05031-22,031,405,473,19,897,1444.741689190125,508.45477925835996,279.17836329865884,133.06289272507513,2365.437724472219
05031-27,031,251,292,13,556,2468.6689245428997,459.076302908585,262.54200736488565,226.39818933435356,3416.6854241507244
05031-28,031,280,588,22,890,1650.5833951637997,277.2154199685587,22.423408690992368,60.04016954086574,2010.2623933642165
05031-05,031,174,347,29,550,1988.3286539645967,649.2065965317146,104.60347092609085,64.36465986655239,2806.5033812889546
05031-29,031,348,708,12,1068,772.2554546300718,197.15755345597975,6.574765497082524,11.018554134090278,987.0063277172244
05031-34,031,258,153,12,423,420.7321866418985,845.6436235406462,30.166274973020826,6.199420909071852,1302.7415060646374
05031-41,031,96,668,17,781,1122.5430267532804,6.08156643889916,11.778243542081773,4.053885546691081,1144.4567222809526
05031-35,031,278,295,12,585,1198.752846051469,305.34317013035803,9.006374389549853,191.18948324484634,1704.2918738162232
05031-45,031,242,524,18,784,1994.5360030425732,121.19384456806627,6.58933796769073,40.08039173318676,2162.399577311517
05031-46,031,242,823,8,1073,1158.872629709098,51.72403459814591,12.497023949488877,33.68844705504005,1256.7821353117727
05031-53,031,39,275,7,321,1810.0276443828652,43.12307875935559,25.056950227499236,26.90555754298748,1905.1132309127074
05031-33,031,234,279,22,535,1014.4351672357209,241.35568868682492,43.1152842245787,32.006661144963054,1330.9128012920876
05031-30,031,342,1072,42,1456,1684.3935462459626,8.890534316817602,32.530744660387185,111.02410384834316,1836.8389290715104
05031-39,031,168,604,12,784,499.077419411474,19.700315924429802,14.473987178759764,4.824665601263062,538.0763881159266
05031-40,031,146,654,16,816,1270.3732784506535,51.96046578483019,3.7828506511928737,5.664418121614296,1331.7810130082908
05031-31,031,135,792,14,941,2258.9556224447906,89.41425052159842,30.507128076744337,78.61003198113463,2457.4870330242675
05031-36,031,179,491,15,685,1136.5040529706612,276.04179297146186,0.44188970937199656,41.440301203873666,1454.4280368553686
05031-42,031,99,583,12,694,3144.77071168017,77.66080880713412,28.86298577702313,71.21327185126678,3322.5077781155937
05031-49,031,41,168,5,214,509.3077248093659,3.9387480122850547,34.18132869786287,6.76325401206645,554.1910555315803
05031-43,031,134,689,6,829,1653.8351296505161,21.37309844632406,42.046336668298984,62.327919521384445,1779.5824842865238
05031-37,031,160,911,23,1094,1622.8293679205833,0.0017919709389108626,0.25497663354899186,58.99665220362095,1682.0827887286923
05031-51,031,92,505,12,609,817.9191162538912,8.061693606687205,57.77559560756918,7.3903839635632025,891.1467894317109
05031-47,031,159,1028,15,1202,3016.144454787572,84.23500574528681,23.007179022493172,94.8822471015359,3218.268886656888
05031-52,031,20,99,1,120,565.1606616850513,1.4843771328479298,1.1559250322216443,0.0005697915865875566,567.8015336417075
05031-38,031,148,575,18,741,2174.653707738435,68.09277675469731,35.26416568110529,16.640821209925537,2294.651471384163
05033-6,033,256,759,26,1041,2673.5874354029,106.07688571174774,139.68934191866697,211.88701262961973,3131.240675662935
05033-5,033,470,1296,28,1794,2741.614073253067,107.50117775087028,220.61960528520444,253.13894547179572,3322.8738017609376
05033-9,033,350,1211,28,1589,3094.114061702156,31.611093817066124,114.11374791568058,258.8199952544402,3498.658898689343
05033-3,033,371,1273,27,1671,2334.9894268036624,97.05849958322841,281.5855723144721,268.2607497751094,2981.8942484764725
05033-11,033,362,1550,32,1944,2749.3751894086604,16.067962895183804,71.60151084086101,111.51986357627209,2948.564526720977
05033-10,033,369,1907,57,2333,3200.6646870103573,1.0731601228318577,64.38866921309656,317.7977567346934,3583.924273080979
05033-7,033,276,887,18,1181,2327.3143202828023,48.78944074287004,527.6418643570938,432.6714533938106,3336.4170787765765
05033-12,033,360,1472,51,1883,2671.254872607067,31.56366644222946,91.8066359294321,154.39869987531983,2949.0238748540482
05033-1,033,301,1898,35,2234,3961.8943193582786,0.0,86.22095634940406,225.65446886933276,4273.769744577015
05033-13,033,370,1581,40,1991,3657.687842695509,2.2990789706860983,17.97836412550356,132.41498171640276,3810.3802675081015
05033-8,033,310,1348,33,1691,3360.8294783693273,12.798221918996939,76.64749669568673,164.79454707216576,3615.069744056176
05033-2,033,455,1959,51,2465,4276.87399814829,28.207463509174808,266.0427125230555,352.4689354352346,4923.593109615756
05033-4,033,503,1474,40,2017,2249.871263842259,53.869160528577055,509.84926831821446,142.26479838973506,2955.8544910787855
05035-7TH STREET CHURCH WMPH,035,789,80,15,884,2497.87831349981,2853.7018550807616,92.07575308568826,269.9144492036173,5713.5703708698775
05035-HORSESHOE LAKE,035,45,227,6,278,1083.634633348,1818.1234527900842,34.15231912233106,172.76781176929248,3108.678217029708
05035-R. JACKSON NEIGHBORHOOD CENTER,035,640,26,11,677,86.99035521024601,853.6967083425268,3.054094242867601,44.43286458112244,988.1740223767629
05035-CIVIC CENTER,035,705,131,19,855,403.0127715498061,1769.6949406596939,6.979884716482156,80.02971809259203,2259.7173150185745
05035-WM HIGH SCHOOL,035,1122,1344,53,2519,1635.1326522897075,2301.5134188591974,15.160133266993215,341.8403539240669,4293.646558339965
05035-CALVARY  BAPTIST WMPH,035,138,201,9,348,1224.7825221529436,597.5073026621518,9.969566187255767,18.106696201667127,1850.3660872040184
05035-EARLE,035,417,167,9,593,652.06209084396,1061.5072289057239,32.41992683665494,180.4007817226653,1926.3900283090043
05035-LR JACKSON,035,300,74,12,386,1070.5122474077057,1138.841131742432,53.10575216981582,295.67673197196615,2558.1358632919196
05035-MARION SCHOOL,035,1517,2628,87,4232,162.6344132519426,29.705675223068784,13.712418723965541,19.135951051042557,225.1884582500195
05035-TABERNACLE OF GOD CHURCH,035,801,716,28,1545,4187.500201695602,2768.3071057186926,203.61256026563166,311.68889799645115,7471.1087656763775
05035-JERICHO CITY HALL,035,52,198,2,252,293.6854239660616,200.13448936024201,5.12555236604948,22.950339310453742,521.8958050028068
05035-TURRELL FIRE STATION,035,150,127,2,279,259.56519375681904,178.37652654589013,4.80558294058198,20.71846775640593,463.4657709996971
05035-WEST MPH 1ST BAPTIST CHURCH,035,300,610,20,930,183.16664245559954,335.8872422613268,9.440502293124343,119.87794972473861,648.3723367347892
05035-ANTHONYVILLE CITY HALL,035,42,2,1,45,6.540290570381653,13.957818639507686,0.0,0.0,20.49810920988934
05035-GILMORE,035,45,25,1,71,139.88693299011146,100.18899562860031,3.107226643574501,11.415408713404231,254.59856397569055
05035-CRAWFORDSVILLE,035,197,359,12,568,9.346431737176122,6.120996471013381,1.0262748574154172,0.8796641634989291,17.37336722910385
05035-EDMONDSON,035,102,113,4,219,819.0082468121755,602.7135897707269,42.069572453108556,110.48936385543591,1574.2807728914468
05037-L'Anguille,037,56,597,12,665,1566.6210301537524,44.003808881958065,0.00027999296171064836,174.1554086563559,1784.7805276850281
05037-Parkin,037,260,90,14,364,4.39917083318019,5.096773975011353,0.0,0.7260767394569246,10.222021547648469
05037-Mitchell,037,62,419,6,487,1257.1199437620037,18.29987704134349,19.85616024294685,83.70214532701112,1378.9781263733053
05037-Tyronza/Twist,037,71,337,12,420,1181.0245656981344,367.71118069083474,7.68714842537989,102.83526224716655,1659.2581570615157
05037-Wynne Township,037,51,268,3,322,789.159902617371,147.9449978710112,41.02009415070291,40.53620383795033,1018.6611984770354
05037-Hickory Ridge,037,6,85,1,92,2.9848496165261187,0.0,0.0,0.5289606915362742,3.513810308062393
05037-Cherry Valley,037,33,151,5,189,30.79776929111648,0.468407137507475,0.468407137507475,2.6347901484795466,34.36937371461098
05037-Wynne Ward 1,037,140,423,11,574,409.7143006788948,110.32956652343934,1.786232462434923,74.20044792427113,596.0305475890401
05037-Wynne Ward 3,037,187,213,17,417,323.8548631402358,262.73634594111314,5.811694996570706,50.155777043748344,642.558681121668
05037-Searcy,037,82,405,5,492,881.3932759509153,188.0904889168182,52.437730616041584,19.06817898273486,1140.98967446651
05037-Wynne Ward 5,037,144,605,24,773,594.7144270984337,85.98880775685802,20.1913878981016,62.568986017811866,763.4636087712053
05037-Smith,037,64,547,9,620,1037.3471635037354,108.07389629935732,5.599734884099455,87.66349351760809,1238.6842882048002
05037-Wynne Ward 4,037,350,136,9,495,444.31207392976495,612.2473872811759,10.672429303021119,70.6705392510872,1137.9024297650492
05037-Wynne Ward 2,037,136,477,11,624,569.2906450382687,95.05049724578896,76.46294720964153,46.53806415013343,787.3421536438327
05039-JP 001,039,122,25,4,151,48.556364386898125,176.97329031605062,0.14212465613994724,0.09044296299814823,225.7622223220868
05039-JP 009,039,43,363,7,413,558.5672896811507,290.33388830730723,0.602095741899125,22.32610788122569,871.8293816115827
05039-JP 007,039,104,177,5,286,310.40885840641886,119.11711707136291,2.2097506858296394,11.050885156286133,442.7866113198975
05039-JP 003,039,103,46,3,152,32.70861727083457,96.79120309090172,0.43954880572387856,1.9348837415673377,131.8742529090275
05039-JP 002,039,127,50,10,187,35.84217656021194,52.46077666288491,0.491738986855372,6.603427459211431,95.39811966916366
05039-JP 005,039,70,204,2,276,387.4123227210985,830.2046754322377,9.921799087810893,47.28845726948342,1274.8272545106306
05039-JP 004,039,76,168,6,250,116.28278033114017,111.13576006186113,0.0,3.401664826083253,230.82020521908458
05039-JP 006,039,124,153,5,282,591.9507295600372,281.4083629649471,1.521973643401925,35.738312313383155,910.6193784817694
05039-JP 008,039,29,296,2,327,629.2112979258472,144.04857237158646,4.672887854175193,16.508866444171296,794.4416245957801
05041-08 - Franklin,041,63,66,2,131,340.37553148775277,107.08601761348609,0.0003173761211314678,3.019824480130936,450.481690957491
05041-03 - Bowie W3,041,203,52,5,260,29.93462644436695,91.8953006965062,5.016256543799008,0.8881558491542472,127.7343395338264
05041-06 - Clayton Reed,041,41,5,4,50,1.9655712548054187,1.1581384081798567,0.26554299569094686,0.03628398560816093,3.4255366442843833
05041-15 - Rand W3,041,128,175,5,308,85.92003621878281,241.98316748055944,3.093693822909045,5.9995278717562375,336.9964253940076
05041-12 - Mitcheville,041,75,5,0,80,11.060605252471877,100.86644733490222,1.9907823314496493,1.9907823314496493,115.90861725027341
05041-02 - Bowie W2,041,180,277,4,461,99.56182032987104,333.89610259877594,5.8592733811320885,4.807176531760757,444.1243728415398
05041-01 - Bowie W1,041,108,341,9,458,74.63843926939573,67.09087114111377,11.795453159476688,1.4016083532614096,154.92637192324761
05041-05 - Clayton McArthur,041,47,72,2,121,526.2800014720042,275.44206070676614,33.49861669087727,10.326988991814716,845.5476678614623
05041-09 - Halley,041,16,59,1,76,343.6424677644027,64.16910693819001,0.00013600199386233186,2.4908428188032494,410.3025535233898
05041-07 - Clayton Tillar,041,3,7,0,10,7.212295755464364,4.153301071101966,1.0789793857507974,0.12130891540842653,12.565885127725553
05041-19 - Richland,041,13,94,0,107,77.01889749612779,26.282425002344844,0.0,0.7238919833328757,104.0252144818055
05041-16 - Rand W4,041,176,106,9,291,96.0553487912388,122.14840880189837,0.0,4.1731503842767355,222.3769079774139
05041-13 - Rand W1,041,183,104,9,296,23.58518024681223,35.032556477531976,0.286830438444472,0.9655412827085161,59.870108445497195
05041-14 - Rand W2,041,253,44,3,300,76.79219949905196,146.00139268285272,0.6105729576881166,4.176721399927679,227.58088653952046
05041-20 - Silver Lake,041,35,104,2,141,343.8991890377643,101.90120744414494,0.00015083286859470657,0.8671384744301788,446.667685789208
05041-17 - Rand Rural,041,10,23,1,34,197.30664340078823,775.6200958002755,7.311967424850305,12.964370655328079,993.203077281242
05041-04 - Bowie Rural,041,14,28,0,42,518.0735030160898,579.0830108486823,102.65322312188577,3.528962593080664,1203.3386995797387
05041-21 - Walnut Lake,041,12,44,0,56,96.8981036548231,283.9873426818657,22.70548581611162,1.076602451354051,404.66753460415447
05041-10 - Jefferson,041,14,65,0,79,230.14622339094012,259.8128403547576,0.8072923080472386,6.054708853980907,496.82106490772594
05041-18 - Redfork,041,63,130,5,198,273.36151429719797,126.22055317104144,0.0,3.220062525839429,402.8021299940789
05041-11 - Mississippi,041,1,4,1,6,243.80142657766737,76.8455788257823,0.0,2.1648379487119707,322.81184335216165
05043-17 - Winchester,043,65,17,1,83,128.4673636962015,51.815051007035336,2.413628908911158,4.64092398825763,187.33696760040561
05043-16 - Wilmar,043,191,331,7,529,594.242041134089,259.2010990314499,3.590507772511401,5.009496409812236,862.0431443478626
05043-10 - Mar N Box 2,043,80,330,4,414,975.4381475824333,112.84690138717434,1.4803234920288868,6.221910559302146e-06,1089.7653786835472
05043-15 - Tillar,043,14,51,2,67,79.47465427020974,30.947520042129444,1.298327043093815,3.46079831149563,115.18129966692861
05043-13 - Plantersville,043,45,206,1,252,499.1404478932876,31.81757002129203,10.430468116793909,0.0003099476330229361,541.3887959790065
05043-04 - Ward 4,043,224,360,20,604,698.2906747619525,267.81678674054785,7.982087854602324,4.8530399306894765,978.9425892877921
05043-07 - Jerome,043,2,10,0,12,76.74331423753006,0.05119280242005639,0.004368123222982337,0.0031092278725486718,76.80198439104565
05043-08 - Lacey,043,52,241,5,298,418.68185756576236,43.08277991886415,96.87991039359227,44.1862532863027,602.8308011645215
05043-05 - Collins,043,23,73,5,101,183.4789235041994,16.33477052272387,0.022589578109652054,4.949173766821046,204.785457371854
05043-14 - Selma,043,88,203,0,291,397.017612230024,189.41062027073392,4.817862625400161,39.44348346508906,630.6895785912471
05043-06 - enon,043,15,129,1,145,181.85775204667948,50.29398821355892,15.733893060631571,2.2052234961232116,250.09085681699315
05043-11 - Marion South,043,122,489,8,619,1409.2727335411041,642.084431106227,101.59062078026517,26.70261648343784,2179.650401911034
05043-03 - Ward 3,043,293,257,18,568,618.3309890702205,533.6756147237542,1.789777215993168,75.17789047524154,1228.9742714852093
05043-01 - Ward 1,043,382,283,11,676,535.1110948709762,427.69566760180265,3.583829432861647,15.198547541466876,981.5891394471073
05043-02 - Ward 2,043,243,503,16,762,797.0826929782118,185.5111949523399,0.0005836270259088171,32.48389068165686,1015.0783622392344
05043-12 - Ozment,043,15,109,1,125,333.0021590199534,19.82479207225845,33.75703295764735,16.997861373493176,403.5818454233524
05043-09 - Mar N Box 1,043,196,611,12,819,1002.8872380811267,593.1994060299807,20.663325691229424,42.70635150273604,1659.4563213050728
05045-Pct 23,045,291,686,15,992,2799.437083520359,324.0368166125415,24.091951090448216,187.05573901307676,3334.6215902364256
05045-Pct 9,045,633,619,49,1301,1817.953573464306,192.60558902069343,106.9481222045224,155.95107972519403,2273.458364414716
05045-Pct 46,045,459,683,42,1184,1119.109891424546,129.4842694396945,27.79939437767219,42.99094100744783,1319.3844962493608
05045-Pct 7,045,376,158,25,559,1267.543517487951,299.57870250649563,95.3978070124419,30.629297358429042,1693.1493243653176
05045-Pct 6,045,484,373,41,898,1448.3776258762193,449.07592611850447,229.0650184273613,217.02842629913317,2343.546996721218
05045-Pct 45,045,273,555,23,851,506.1431462428558,68.32880713842917,0.02992407343835629,7.502455483382487,582.0043329381057
05045-Pct 54,045,237,251,14,502,292.49020008548126,17.352788187555152,16.31246635363674,7.030219228279123,333.18567385495226
05045-Pct 49,045,624,430,21,1075,1762.493496728335,212.1404461833468,138.25102159881806,118.26426589645678,2231.1492304069566
05045-Pct 25,045,214,1019,32,1265,2530.1061989566206,91.77983141742038,65.81053178529962,43.03471892556349,2730.7312810849044
05045-Pct 30,045,54,317,4,375,413.5229750962112,0.15554584156370002,10.745341920038502,15.19967814908933,439.62354100690277
05045-Pct 26,045,263,1161,47,1471,1519.2764758577398,115.3348439025697,98.22233582679581,35.50009695270176,1768.333752539807
05045-Pct 55,045,170,686,18,874,443.7896460797971,1.7849758556222484,17.976879775231208,15.261392349831295,478.8128940604819
05045-Pct 29,045,267,1276,28,1571,976.1264549417596,10.77486571679639,40.75314639304215,7.174911664561727,1034.82937871616
05045-Pct 33,045,42,192,5,239,334.5599914873294,0.0,5.219796836795705,2.3578546599158283,342.13764298404095
05045-Pct 31,045,49,423,8,480,659.3282326134514,0.0,11.801143914509861,27.49998882913839,698.6293653570997
05045-Pct 32,045,16,125,4,145,436.0163788293541,0.0,8.688828075570175,2.369672953578527,447.0748798585028
05045-Pct 16,045,57,360,9,426,729.0099097195514,0.0,15.317777323824878,20.971171672782226,765.2988587161585
05045-Pct 24,045,291,703,21,1015,385.4654219344748,47.96309198322892,3.352461607996843,26.026685110424815,462.8076606361254
05045-Pct 12,045,568,1440,53,2061,2886.985194276575,415.7764085291731,128.65649393602624,47.99119692731106,3479.409293669085
05045-Pct 36,045,512,813,32,1357,1932.482533180638,227.05217172580564,21.541098129080527,83.7206306476494,2264.7964336831733
05045-Pct 39,045,328,1557,35,1920,3409.6206672219187,154.76017062600621,77.51169864943128,110.41365004566613,3752.306186543022
05045-Pct 17,045,26,123,1,150,460.22756447447694,0.0,2.044262303940495,3.7595356997709644,466.0313624781884
05045-Pct 1,045,618,632,37,1287,1420.577508610164,193.43590734365472,85.26400213325863,95.75061145170767,1795.028029538785
05045-Pct 3,045,733,825,48,1606,2089.8026569257895,660.6515619361219,247.77260493718597,141.40738865576455,3139.634212454862
05045-Pct 4,045,349,231,19,599,1416.0041249246601,636.9658714284683,214.7736415058329,132.88588609011666,2400.629523949078
05045-Pct 13,045,522,883,32,1437,2484.5351142911213,374.904424535447,37.13607399262629,78.77874215464111,2975.354354973836
05045-Pct 11,045,676,659,32,1367,1856.6998302202592,817.1267883601693,220.9816933407708,112.54938151214698,3007.357693433346
05045-Pct 2,045,364,305,21,690,1550.2537953896838,247.5798104740425,176.5184128211396,75.12556035526782,2049.4775790401336
05045-Pct 41,045,427,209,10,646,1958.577194415943,616.6707643677607,104.13205731777532,104.5067223538861,2783.886738455365
05045-Pct 43,045,789,949,54,1792,2863.063382500161,782.5219282140815,168.7240854216309,104.21355475432075,3918.522950890194
05045-Pct 21,045,343,1633,57,2033,1660.1771871479743,57.09949317087346,22.81067583539286,34.7981995676097,1774.8855557218506
05045-Pct 10,045,717,992,44,1753,2535.546059176782,648.6622440753133,45.07456959863051,87.99948136268895,3317.2823542134147
05045-Pct 40,045,696,716,27,1439,1588.0025642377511,695.6114784166482,137.56302651116152,64.30345427474471,2485.4805234403057
05045-Pct 34,045,70,350,5,425,425.1592019578765,1.768740280729676,0.657187587051833,5.9789176830465625,433.5640475087047
05045-Pct 28,045,246,1085,29,1360,2881.2380004084716,61.06512021235212,107.00664644322752,39.85032502812744,3089.1600920921787
05045-Pct 27,045,29,348,8,385,366.15193580594246,0.0,5.344669728094396,7.31615704154692,378.81276257558375
05045-Pct 18,045,172,856,19,1047,1454.4186862961592,10.479975805637705,25.94739054786971,61.2764081956234,1552.1224608452899
05045-Pct 22,045,208,1229,34,1471,2484.841773779407,14.589528314175878,28.900050124291496,23.278368531276993,2551.609720749151
05045-Pct 53,045,399,692,25,1116,1275.451101646586,5.922630684397638,0.005108893347624592,54.93318228564808,1336.3120235099793
05045-Pct 44,045,599,913,53,1565,1837.7075739545385,228.17503893388675,33.25659900438124,65.32104240138997,2164.4602542941966
05045-Pct 15,045,68,337,8,413,786.2721748144653,16.297210123802994,4.811226986473469,43.28302644158005,850.6636383663217
05045-Pct 35,045,142,672,11,825,1505.9514953742278,0.004456268207146976,4.1449079807377345,18.795589618917443,1528.8964492420905
05045-Pct 5,045,666,1146,42,1854,1824.4500821291726,226.34165203090862,44.5037899630559,57.039355224454496,2152.3348793475916
05045-Pct 38,045,117,368,7,492,914.0802471371471,103.66153045937097,6.49088529784553,48.783660218109965,1073.0163231124736
05045-Pct 14,045,106,111,1,218,1693.6066707908703,342.9336486171751,45.16946610493191,100.94389554454658,2182.653681057524
05045-Pct 42,045,705,824,47,1576,2043.5290083491273,482.2037439840593,190.70020758847582,194.58332047091147,2911.0162803925737
05045-Pct 50,045,609,924,55,1588,1573.8804914465136,483.2069471947975,0.008960273511079824,154.20505052896212,2211.301449443784
05045-Pct 48,045,438,624,35,1097,2105.6993262567657,261.7508387740958,38.23277627219043,101.74503818713654,2507.4279794901886
05045-Pct 19,045,357,1475,37,1869,2300.0486395077564,8.383107712124225,56.28306647145687,74.16100823477707,2438.8758219261144
05045-Pct 37,045,191,1134,16,1341,2287.5985522810747,43.07752510044199,2.8683626278909546,38.20764870592825,2371.7520887153355
05045-Pct 8,045,162,285,16,463,1178.6751900488048,137.92723415677247,82.39524932605066,49.27808698153836,1448.2757605131662
05047-8-B (Charleston Wd 1),047,62,235,8,305,100.57808963742661,0.3298379193253556,1.3266226918347221,10.527883673249836,112.76243392183653
05047-8-G (Donald Rural),047,4,2,0,6,19.91574513770277,0.0,0.547617448738002,0.8069783807818004,21.270340967222573
05047-9-B (Charleston Wd 3),047,64,169,6,239,34.844557323764924,0.7653789387170676,0.218702631197119,2.3692069710848216,38.197845864763934
05047-9-A (Charleston Wd 2),047,83,338,14,435,50.68477037328939,0.07597673333521977,0.7019104832561021,5.482440274080475,56.94509786396119
05047-8-A (Branch City),047,27,91,4,122,69.79331208585133,0.4296024520446929,1.593544993238228,2.991378955907108,74.80783848704135
05047-7-D (Donald Rural),047,44,215,9,268,592.4869267984554,0.00012197458275451044,19.41057608867898,27.01478520865051,638.9124100703676
05047-8-E (Donald Rural),047,5,18,0,23,43.91284852066219,0.0,1.2074485889384703,1.7793745816943574,46.89967169129501
05047-6-C (Denning),047,9,39,5,53,35.900320017742445,0.14623348276066167,0.5703105827665805,1.4769581758826829,38.09382225915237
05047-6-D (Weiderkehr Village),047,6,22,1,29,142.8672733115999,0.5819440868089608,2.269581938554947,5.877635276770505,151.59643461373432
05047-8-D (Vesta),047,35,180,5,220,301.33612736044284,0.0,8.285647669032778,12.210334849341193,321.83210987881677
05047-8-F (Cecil),047,3,14,0,17,40.756983706370704,0.0,1.1206695952175947,1.6515130846674093,43.5291663862557
05047-7-B (Webb City),047,18,109,0,127,283.30345176738183,0.0,14.064710371430305,28.966605884017174,326.33476802282934
05047-7-A (Cecil),047,26,136,2,164,432.7434193353901,0.0,18.002239233531597,33.25228723391697,483.9979458028387
05047-5-B (Oz Rural),047,1,31,1,33,195.8290557422198,0.0,5.408742428630548,0.2389295057595283,201.47672767660987
05047-2-B (Oz Rural),047,13,95,1,109,157.9209059451953,8.023135736955688e-06,3.86682875923427,3.7249279426389967,165.5126706702043
05047-1-A (Oz Wd 1),047,83,266,7,356,562.32327335282,0.11872049016158431,9.08952233642135,16.60892206858216,588.1404382479851
05047-5-C (Webb City),047,84,375,8,467,674.7779924891375,0.0009561447576220402,23.94513474439365,50.22922706911358,748.9533104474024
05047-1-B (Oz Wd 3),047,35,136,4,175,666.6620938811169,0.002744234593158333,11.586542584082816,29.410458274051805,707.6618389738446
05047-2-A (Oz Wd 2),047,75,303,8,386,500.71604755541324,0.0,10.07108954054506,4.444042790388085,515.2311798863464
05047-2-D (Wallace/Ivy),047,7,42,1,50,42.17502477070491,0.0,4.134055774230116,0.6449571070125938,46.954037651947615
05047-2-C (Lonelm/Cravens),047,4,42,0,46,27.853270959840405,0.0,0.000228414379542949,2.109456016094515,29.96295539031446
05047-4-B (Watalula),047,19,149,7,175,82.69333380707874,1.0948950851178143e-05,0.5763326863786324,0.9163045441443359,84.18598198655256
05047-3-D (Jethro),047,28,197,5,230,102.70964773516727,0.0,0.039036044462530034,7.417019375706367,110.16570315533616
05047-3-E (Watalula),047,6,26,0,32,22.885899968676146,0.0,0.1714287802594012,0.14286926890525986,23.20019801784081
05047-2-E(Oz Wd 3),047,44,106,3,153,259.76234498302495,0.0,3.2689239394616756,9.152294268851701,272.18356319133835
05047-1-C (Oz Wd 2),047,2,27,3,32,47.459227936541964,0.0,0.5972218280605113,1.6722211185694316,49.72867088317191
05047-9-C (Charleston Rural),047,19,121,1,141,346.90157925434426,3.64686927954921,4.679161501807177,25.822552887433357,381.050162923134
05047-7-C (Etna),047,34,257,3,294,637.1700923592284,0.00010201628071607373,31.56056828935277,64.91528706576501,733.6460497306269
05047-6-B (Altus City),047,44,174,7,225,65.91004138197336,0.2684726736536593,1.0470434272492712,2.711574003901959,69.93713148677824
05047-4-C (WV Rural),047,18,45,1,64,274.1769785778665,1.1167910630023494,4.35564703888385,11.279712775136492,290.9291294548893
05047-4-D (Oz Rural),047,70,299,8,377,385.15142709202206,1.1912118383605284,6.459161393000689,16.63661018935505,409.43841051273836
05047-8-C (Charleston Rural),047,28,133,2,163,1494.4536167383735,15.752716061046295,16.298472377971247,131.9744060695328,1658.4792112469238
05047-6-A (Altus Rural),047,43,204,10,257,817.3609867372346,3.328423176951467,12.989374251878205,33.622624132031895,867.3014082980961
05047-4-A (Philpot),047,31,211,6,248,833.2033563290798,3.2449671931982236,12.995833125363145,33.239654979261196,882.6838116269024
05047-5-A (Wallace/Ivy),047,65,341,9,415,649.1170984917572,6.434166448767097e-05,52.76151895328503,7.712631460197846,709.5913132469046
05047-3-A (Lonelm/Cravens),047,39,200,3,242,199.42903954792212,0.0001539241792310504,0.00220458688619716,15.090049097820335,214.5214471568079
05047-3-B (Fern),047,14,67,1,82,201.1448926770554,0.0020743136537708443,0.0028169486329378906,15.231438628884103,216.3812225682262
05047-3-F (Mountain),047,8,59,2,69,119.52454768168113,0.0,0.8953063902608935,0.7460972806362576,121.16595135257828
05047-3-C (Boston),047,32,108,2,142,818.9478842025261,0.0,3.891858732423455,25.921084091849085,848.7608270267988
05049-PR-SB,049,130,710,15,855,1502.2297592226948,0.004851882184343691,125.00820281554536,28.468843288513533,1655.711657208938
05049-Myatt,049,14,88,3,105,472.65774580205857,0.0,34.984276127811036,2.7876329836282627,510.42965491349787
05049-Fulton - Mt. Calm,049,69,466,15,550,740.0267626696124,0.0,0.9065186110526274,19.344917013951726,760.2781982946168
05049-Washington,049,28,142,2,172,409.06057476766244,0.0,0.0,17.702036568892993,426.76261133655544
05049-Southfork - Wilson,049,48,253,2,303,613.1416351549942,0.0,10.932041942481256,19.306560911590662,643.3802380090661
05049-MS - Afton,049,197,753,20,970,1883.5545877849677,0.0,7.6792098182577915,95.1761508512412,1986.4099484544668
05049-Cherokee Village,049,98,287,8,393,226.20603671532348,0.0,23.27841618983062,0.0041045408192475165,249.48855744597333
05049-Cleveland,049,26,143,2,171,368.92639934258364,0.0009619672067964476,1.6638183391900436,7.763481040960427,378.3546606899409
05049-Vidette - Big Creek,049,43,351,6,400,847.4670439265076,0.0,2.4287999750388884,13.432041375531215,863.3278852770777
05049-Benton - Union,049,253,847,24,1124,2068.382387332005,37.00001501869076,12.124148993441267,105.06952982095436,2222.576081165091
05051-092,051,721,1598,37,2356,1309.0128745745506,0.05125443338759962,13.631689219557286,3.448291642997275,1326.1441098704927
05051-023,051,44,140,5,189,126.13066193250829,26.382718154553846,3.82224622171378,5.972200381821364,162.30782669059727
05051-024,051,75,45,3,123,161.32442074686597,73.40762419533128,53.601021033103756,5.921620541962584,294.2546865172636
05051-032,051,416,574,24,1014,1685.4188128606147,78.30642186519316,105.06652790661076,36.94616420856269,1905.7379268409813
05051-073,051,312,792,23,1127,1650.2889357653037,38.978036555559704,32.87124488025724,52.40034452337402,1774.5385617244947
05051-074,051,361,1052,26,1439,2066.658618503832,25.876740158632394,36.27140826777227,33.149081774036,2161.9558487042727
05051-084,051,221,737,20,978,650.5959173073035,1.705922487626401,14.214609480979473,27.61007284597753,694.1265221218869
05051-071,051,299,808,25,1132,1972.360231876093,25.55266692277463,33.17205952766482,73.08594484552573,2104.170903172058
05051-083,051,143,476,15,634,1361.0502968842036,187.94807438584175,15.906944063719092,78.1296563705873,1643.0349717043518
05051-082,051,309,1134,27,1470,2627.927446488682,161.53767134632784,35.39211682559472,59.95315269646327,2884.8103873570676
05051-054,051,433,905,34,1372,1427.3293198920396,69.08999921680996,154.84631117043483,82.66291696562611,1733.9285472449105
05051-051,051,264,369,25,658,1016.4953247838704,191.94773403549644,53.03596010102396,33.91095506733271,1295.3899739877236
05051-043,051,53,80,4,137,830.6450866245899,27.313768749578596,14.227086524260624,70.17738617430034,942.3633280727295
05051-053,051,443,645,23,1111,1686.3145058345453,514.8981397749247,26.43538758273164,63.38688492335157,2291.034918115553
05051-044,051,515,805,32,1352,1820.8464441901172,175.6377874434817,84.90568784416524,198.14249880184298,2279.532418279607
05051-093,051,92,259,7,358,1665.0174351303701,100.86502886462151,60.96930474820836,64.37475953296205,1891.2265282761618
05051-064,051,18,27,0,45,1345.3262526670533,6.174137203472588,163.36533762851678,38.204230519536665,1553.0699580185794
05051-061,051,385,790,36,1211,732.7221158407629,15.191723859436108,22.79341484275984,59.74232171528861,830.4495762582474
05051-034,051,128,128,4,260,1173.1444383550886,444.03337875410193,189.4212622477912,33.4378861189013,1840.0369654758829
05051-021,051,460,323,27,810,1223.976558037862,442.41085650417,246.81560066363116,123.05470825434428,2036.2577234600076
05051-011,051,761,580,54,1395,2761.0013305879243,540.3548409981931,166.14385759194198,162.11143436719857,3629.6114635452577
05051-012,051,121,466,7,594,1436.9093137154327,173.70386888688483,116.4872415938752,86.10556177830522,1813.205985974498
05051-104,051,22,100,0,122,2003.6180124874593,204.41650216791948,11.483960273458962,49.11686482124704,2268.6353397500848
05051-031,051,420,379,25,824,105.16170263819482,4.613342550034666,4.62475696878655,4.552256184546177,118.9520583415622
05051-022,051,165,498,12,675,1085.7914347200947,897.9971860289133,142.42398997861423,57.70761669391234,2183.9202274215345
05051-102,051,119,508,12,639,631.3856150644827,15.499213273351085,76.87140574862113,20.073536752027472,743.8297708384824
05051-122,051,215,774,22,1011,3139.941540236787,142.58790418702603,266.1544262769909,96.68143487636306,3645.3653055771674
05051-134,051,109,399,12,520,1049.6655605562096,20.69007554771367,92.10578352949693,56.075761549849496,1218.5371811832697
05051-101,051,188,933,12,1133,1873.096778344492,10.536710264084187,84.58978031133009,37.63000358072239,2005.8532725006287
05051-121,051,206,781,18,1005,1291.3956054981447,96.4941331459651,53.01387952632932,38.65124347530925,1479.5548616457484
05051-123,051,89,184,1,274,962.373282524446,11.50261998526018,32.369607506448325,12.907235878747517,1019.1527458949021
05051-114,051,173,284,6,463,2290.158512542169,96.30217120228147,44.500414369318705,128.41192581322593,2559.3730239269944
05051-133,051,434,1286,35,1755,1752.7615704313969,9.74421199121269,35.33441305231242,82.0186582183681,1879.85885369329
05051-103,051,326,772,28,1126,699.3020130377208,7.064474459419194,8.162238622296806,25.997401706452656,740.5261278258894
05051-111,051,9,26,0,35,908.042578175864,0.002841057958063856,1.0436855776445837,49.19946323892845,958.2885680503952
05051-081,051,81,318,12,411,1128.822548116288,1.5100489177647523,57.09300790588756,11.462730572247775,1198.8883355121884
05051-091,051,328,889,22,1239,228.06744331807275,2.0276245680353018,6.027347256485589,3.802220093854941,239.92463523644858
05051-063,051,330,668,26,1024,172.3998918332072,8.54380731997807,4.465701865469735,11.749633475841698,197.1590344944967
05051-094,051,497,1266,42,1805,1244.3303246894334,41.34319263209553,18.70862401135377,28.20748439321144,1332.589625726094
05051-062,051,440,905,32,1377,2089.304731457302,134.05121644578026,18.990800205749263,295.5100457344446,2537.856793843276
05051-013,051,114,219,9,342,675.8326001733238,18.813815629356956,28.49930005064666,69.12071435816547,792.2664302114929
05051-014,051,75,243,9,327,389.1137523948617,19.68647589674106,8.99264137163944,26.734963689286676,444.5278333525289
05051-124,051,87,108,5,200,70.93819516792946,9.222119557972938,2.4748728053602402,2.9470217635889653,85.58220929485161
05051-131,051,214,852,26,1092,2081.0704529894656,12.338697928307019,65.07380019619502,33.28778278929843,2191.770733903266
05051-033,051,83,154,7,244,2141.6411615223005,339.3595448083838,225.35846736453408,113.63771298909202,2819.99688668431
05051-052,051,2,3,1,6,175.31946461009895,12.779042855605304,24.975215794102894,9.659826288990812,222.73354954879792
05051-042,051,281,557,18,856,1754.3089841026351,116.4291364605636,156.35692919828313,51.42624513918232,2078.5212949006636
05051-041,051,492,544,31,1067,1127.5348795908508,65.88786593816658,36.24779621601644,48.424276413381946,1278.0948181584158
05051-112,051,43,300,3,346,436.6144349967242,2.0723959065152253,16.93135978224816,46.18106148646262,501.79925217195023
05051-072,051,56,145,6,207,365.61195238009503,2.9857065310443027,10.603133571034647,12.415439310390964,391.616231792565
05051-132,051,470,631,35,1136,1462.7733301040303,8.498666016668581,55.18226480147898,32.93764396323676,1559.3919048854145
05051-113,051,373,900,28,1301,2266.3299663984403,25.629908823638523,27.922672870217994,62.54535075691165,2382.4278988492083
05053-01 - Calvert,053,73,587,9,669,997.3968555101366,2.8959664497921893,0.00316246512227217,12.162791485954813,1012.4587759110058
05053-12 - Merry Green 2,053,69,514,9,592,1540.6988444582487,53.07421903453393,31.87389014400847,46.56181931586729,1672.2087729526584
05053-21 - Ward 2,053,117,517,16,650,642.2475299153539,22.853517043222173,6.256368858255151,32.64752376081195,704.0049395776432
05053-04 - Dekalb 2,053,59,195,3,257,65.92456545437484,0.5430253937968185,1.3610895988280536,1.4018540152574879,69.23053446225721
05053-14 - Simpson 1,053,77,526,9,612,263.4118418290751,0.0030333595511262772,0.00018108340744335915,0.0004671229214416279,263.41552339495513
05053-02 - Davis,053,18,124,0,142,509.9819857459308,35.746860378787375,22.63524922768827,15.99068516764996,584.3547805200564
05053-19 - Washington,053,82,643,11,736,660.4313121890497,0.02221165131080755,124.00165711241578,8.270442460533523,792.7256234133097
05053-09 - Franklin,053,11,121,3,135,742.176819838846,34.81565474798257,0.0006221139814088422,0.0016131848687024617,776.9947098856787
05053-17 - Tennessee,053,21,187,5,213,777.8264365997493,58.81123621083261,34.774484741513525,24.54691384994832,895.9590714020438
05053-22 - Ward 3,053,129,390,13,532,270.8262191204586,8.651779187593489,6.009728128691041,8.957264158593249,294.4449905953364
05053-20 - Ward 1,053,168,729,15,912,1434.4356598583586,54.45044737267203,64.86033694578862,49.91953051391003,1603.6659746907292
05053-11 - Merry Green 1,053,87,560,7,654,851.7677714790052,32.18588215953828,0.0015136314520925779,16.751622062225554,900.7067893322211
05053-13 - River,053,93,426,12,531,433.12613153111346,9.881614072516804,11.857651399790074,10.43080077076119,465.29619777418156
05053-05 - Darysaw,053,65,217,2,284,898.1036536879064,28.03802069873662,100.99360093148803,10.238483921198501,1037.3737592393297
05053-08 - Fenter,053,30,321,2,353,678.0738247322304,18.773279638734337,14.466271222837074,14.783022286325407,726.0963978801273
05053-03 - Dekalb 1,053,13,115,4,132,553.4066378479054,2.3119612011141553,16.898289684986672,13.842619863431965,586.4595085974381
05053-15 - Simpson 2,053,52,363,10,425,940.9582258918315,0.2509576073078118,0.020861633232911746,0.037335386532067624,941.2673805189042
05053-10 - Madison,053,28,220,1,249,873.5545631875917,67.95892007663994,6.515379664758974e-05,8.495902574551117,950.0094509925794
05055-JP - DISTRICT 08,055,214,973,21,1208,4613.634996809643,126.70094754869886,146.95524405426886,115.91200554659278,5003.203193959203
05055-JP 2,055,264,610,22,896,2363.051964979754,135.90857585007228,81.12103531288173,54.01201088224381,2634.093587024952
05055-JP 6,055,332,1001,26,1359,2634.9345916333805,26.77267839821613,92.33437393219964,95.43700841424155,2849.4786523780376
05055-JP 3,055,392,1538,27,1957,3652.8216807968533,82.42690705276203,42.388050808453826,95.59365001015087,3873.2302886682196
05055-JP 5,055,322,1348,28,1698,2642.373853747475,20.352874586258455,35.96642724350087,21.777556651245213,2720.470712228479
05055-JP 4,055,268,1354,21,1643,2356.489644819469,17.052946979105677,68.03486392533398,57.33936512865475,2498.9168208525634
05055-JP - DISTRICT 11,055,240,1460,30,1730,3860.017060487356,10.73982151655307,27.889659191542247,15.804392095088652,3914.45093329054
05055-JP - DISTRICT 01,055,188,526,14,728,1388.7138481679801,83.32473699982425,132.5661846763446,46.39088319320892,1650.995653037358
05055-JP - DISTRICT 09,055,246,1384,28,1658,2419.5752803265646,0.0,48.2985289618412,66.40711136211176,2534.280920650517
05055-JP - DISTRICT 07,055,258,1161,25,1444,3557.3923814368104,44.720670364506994,283.6263223520069,100.53572127500887,3986.2750954283333
05055-JP - DISTRICT 10,055,211,1262,26,1499,3276.482747845173,0.00014654557131430333,8.827993614463574,54.80756514199372,3340.1184531472018
05057-13 Fulton,057,78,77,4,159,396.13812997083414,85.68399477688592,6.968145915547271,13.103659574929424,501.8939302381968
05057-23 Spring Hill,057,38,633,4,675,802.1246157325704,18.30441063100151,16.16915410116834,50.14418217650196,886.7423626412423
05057-06 Hope 6,057,34,191,5,230,207.86012252386385,171.8827344539968,34.507690466176086,13.678099984715388,427.92864742875213
05057-03 Hope 3,057,125,284,5,414,254.99266451142674,145.52413252998502,17.780531975180327,1.2980692431321808,419.5953982597243
05057-05 Hope 5,057,174,234,16,424,479.3307457176752,228.27436706535894,31.103362888773827,25.003822123971776,763.7122977957797
05057-04 Hope 4,057,156,65,7,228,78.54769442387312,653.2235501903826,62.31717552741171,29.14774938422885,823.2361695258962
05057-02 Hope 2,057,204,67,4,275,184.27913226734162,363.10338863400995,50.03633866252809,11.964014305404369,609.382873869284
05057-14 Guernsey,057,24,105,1,130,215.17528327818286,51.95670953826848,2.497915875523118,7.860920226165762,277.4908289181402
05057-20 Rocky Mound,057,35,153,5,193,764.1119408292475,579.1158803239568,37.51118525826433,5.54746125793925,1386.2864676694078
05057-01 Hope 1,057,303,194,12,509,284.73487627001316,350.2040162050129,137.65973557221815,37.03794976928298,809.6365778165273
05057-19 Perrytown,057,29,159,0,188,270.76181622056356,81.92596518730234,48.846041407498845,18.095167296312926,419.6289901116777
05057-16 McNab,057,15,27,0,42,142.83024391812464,43.67617821562288,0.0,3.9784942414987317,190.48491637524623
05057-22 Shover Springs,057,25,170,6,201,293.53716764317556,36.23620700313566,22.52841751205872,2.438207839559171,354.7399999979291
05057-18 Patmos,057,37,172,3,212,646.1806619722038,11.313178043280292,18.50643714523147,49.5095102307587,725.5097873914742
05057-07 Hope 7,057,90,370,8,468,859.8492444269772,469.2346092942645,64.51079713807607,42.536899051118795,1436.1315499104364
05057-11 Cross Roads,057,26,84,3,113,167.65709054355332,58.407003949262396,0.0,5.453654763180931,231.51774925599665
05057-12 Deann,057,32,166,7,205,272.0497476942075,217.62537121911706,81.20778761302032,11.678942305706178,582.5618488320512
05057-09 Blevins,057,45,249,6,300,411.38491488128824,208.1924020093665,75.49207009306211,21.228579804590755,716.2979667883076
05057-21 Saratoga,057,38,76,2,116,86.81924905455936,21.7868997794958,0.0,2.8414130107082975,111.44756184476347
05057-10 Columbus,057,33,40,1,74,94.1362240996679,58.32723778676755,0.0,0.001486281839115735,152.46494816827456
05057-24 Washington,057,61,86,1,148,192.37509124392136,100.05023909123098,16.509791650436636,6.718978241274561,315.65410022686353
05057-17 Ozan,057,99,124,7,230,206.2606000077857,136.4715666370128,37.8427162480949,9.096950919232203,389.67183381212567
05057-15 McCaskill,057,36,199,7,242,474.8207134828087,75.05299169082706,22.723519475065398,29.548882837079393,602.1461074857805
05057-08 Bingen,057,39,268,6,313,257.0830951537445,27.359371509201075,7.302208452050199,16.09106404730922,307.835739162305
05059-Antioch,059,19,157,1,177,357.7431853008866,0.0,0.0,5.97444396313152,363.7176292640181
05059-Big Creek,059,14,200,1,215,664.9269957690303,67.5798048330802,8.511631506358722,15.923628476509899,756.9420605849791
05059-Bismarck,059,220,871,19,1110,1628.331073879676,2.41913501106775,43.84265919104672,7.172075145895304,1681.7649432276858
05059-Brown Springs,059,9,83,1,93,314.8441295826484,0.0200281232085984,0.004975478454197428,7.467137099585232,322.3362702838964
05059-Butterfield,059,95,420,8,523,642.3951852901191,1.5055153751172783,63.316009580584634,6.452351355127684,713.6690616009487
05059-Central,059,61,312,5,378,1450.6931497013036,545.0141595169372,45.369146690258845,32.09551770406332,2073.171973612563
05059-Clear Creek,059,23,136,3,162,357.6757298408356,29.61651114278507,7.745923887858087,17.76981511295171,412.80797998443046
05059-Deroche,059,97,512,17,626,1173.6457607239608,0.0013760479508726467,10.21188331450738,14.116232613208354,1197.9752526996274
05059-Donaldson City,059,14,65,5,84,5.365118656939345,0.0,0.0,0.127164211959059,5.492282868898405
05059-Dover,059,50,292,5,347,700.1691212230551,199.378625157999,17.933123967122242,23.29876922388502,940.7796395720613
05059-Fenter A,059,105,378,3,486,1931.5660178439623,287.73471652875287,68.8391388082459,83.87864868074907,2372.0185218617103
05059-Fenter B,059,85,279,5,369,544.1913686258964,1.326718399693447,58.306060729921505,47.4791360100585,651.3032837655699
05059-Fenter C,059,56,27,1,84,332.7354045511567,376.67622973750326,48.58123811960138,24.22032243407404,782.2131948423354
05059-Friendship City,059,6,64,0,70,19.45831348928575,0.0,0.0,0.10152163559627349,19.559835124882024
05059-Gifford,059,61,425,5,491,879.1245989717771,4.77928452762013,47.76743615132153,28.76074417262348,960.4320638233424
05059-Glen Rose,059,131,678,13,822,1380.5822161086257,1.4203593561018844,95.02793447555693,5.352396324736119,1482.382906265021
05059-Harrison,059,15,106,4,125,421.18803589475004,9.75514783709946,2.55132607768145,13.043691813610009,446.538201623141
05059-Henderson,059,55,255,9,319,501.13008772470465,0.00012424343309419704,0.24987630652586945,35.98296881634028,537.3630570910038
05059-Lone Hill,059,63,271,5,339,690.3064535546623,0.009986280039276632,19.068465532081696,29.797999840456647,739.1829052072401
05059-MALVERN WARD 1,059,312,186,16,514,1034.4713156839132,372.5133195880658,39.69786188943268,11.674192382773201,1458.356689544185
05059-MIDWAY CITY,059,11,161,2,174,94.92973871693115,0.0,0.0,0.6588511309624929,95.58858984789364
05059-Magnet,059,216,1037,22,1275,1866.090900122785,9.175270440007381,162.22835302642753,30.499638178343233,2067.994161767563
05059-Malvern W-2,059,295,483,25,803,689.5615320650165,270.08998480109756,3.6401190845383007,18.331864875089018,981.6235008257414
05059-Malvern W-3,059,182,303,12,497,728.505516452263,254.38828541663082,0.0,18.027746297820464,1000.9215481667143
05059-Malvern W-4,059,363,307,20,690,726.0711514108235,494.4216575455128,76.5168022066935,24.520187790964144,1321.529798953994
05059-Montgomery,059,95,417,15,527,1181.3495796972993,1.5855479970148338,33.59440816364134,6.068791819377386,1222.598327677333
05059-Ouachita,059,13,128,3,144,215.5281556584979,0.0,0.0,4.938973030451624,220.46712868894954
05059-Perla City,059,36,14,0,50,267.2389991473742,78.95975941014134,0.6280950580019119,4.443110197003537,351.26996381252104
05059-Prairie,059,21,193,4,218,518.2404222226442,0.0003806142303959178,0.00016062618897442403,2.7101185082601065,520.9510819713236
05059-ROCKPORT W-1,059,33,94,2,129,199.07665101404257,46.962628600262704,1.0709826367428519,2.9795395976261374,250.08980184867426
05059-Rockport W-2,059,22,145,3,170,119.49545228849838,2.689878625388577,7.193658777868229,1.125829351285253,130.50481904304044
05059-Valley,059,40,227,5,272,454.59424885725866,2.0149888018117512e-05,0.10765801859762408,34.01790258124287,488.7198296069872
05061-9,061,240,294,8,542,832.9744275026056,614.4701129221744,73.32189475849013,34.214080554132146,1554.9805157374024
05061-1,061,55,544,6,605,1471.9857028711651,11.808763163221252,18.9704340517615,41.71616369444833,1544.4810637805963
05061-2,061,38,486,5,529,799.1046461521163,9.62367986188085,20.03307882377155,39.1719152961868,867.9333201339555
05061-3,061,83,527,10,620,632.1787629705069,49.37311067377067,16.52531155359557,10.17413350709381,708.251318704967
05061-6,061,163,285,14,462,288.1895843277387,108.90526919122553,46.38682531411676,0.18005236788730303,443.6617312009683
05061-8,061,204,205,7,416,369.82843753481586,383.4907435569814,104.65472236144072,19.622781131531795,877.5966845847697
05061-4,061,71,484,8,563,1016.8178119721214,310.2794721623697,146.31017321768257,21.512521249366593,1494.9199786015402
05061-5,061,107,265,5,377,281.6963657645647,138.63450911894844,36.98999111954998,7.443575532624628,464.7644415356877
05061-7,061,197,156,6,359,491.1973265599873,340.38525746875706,79.79806894647031,5.9714084588292025,917.3520614340439
05063-Ashley,063,75,357,13,445,911.1669608321722,21.098541765761077,22.41634014958647,47.183005272642056,1001.864848020162
05063-Barren,063,90,616,18,724,1136.431452747097,0.0004657722399717758,21.475805602371057,10.495647814051908,1168.4033719357597
05063-Big Bottom / Wycough / Logan,063,22,289,4,315,1741.5802846623346,22.806089919865723,78.47714635219313,36.14542106006242,1879.0089419944557
"05063-Big Bottom Wards 1,2,3",063,73,279,5,357,50.32213975880089,0.7591995723771581,2.6453557473385416,1.219502286737226,54.946197365253816
05063-Black River / Marshall,063,12,140,3,155,478.21512025698485,6.683912180296137e-05,5.915104481741718,1.8485207196178162,485.9788122974661
05063-Cushman / Union,063,73,476,16,565,795.1096390415969,5.211045108246301,34.923022491904476,85.43464000021577,920.6783466419635
05063-Departee,063,15,52,3,70,103.23587655441105,0.0,0.00027433360648931887,7.167441222902378,110.40359211091993
05063-Dota,063,58,320,8,386,828.6444600824036,3.4337533925629913,38.06145765016247,12.175779148275906,882.3154502734051
05063-Fairview,063,55,503,12,570,877.3538876337977,0.0,12.506112613892071,5.558057260848689,895.4180575085385
05063-Gainsboro,063,54,320,8,382,974.1620441374918,90.41608505242948,26.13337574059768,20.840572296622245,1111.5520772271411
05063-Greenbrier - Desha,063,67,282,4,353,932.5719711565272,0.0,0.0,1.8672566746528145,934.4392278311799
05063-Greenbrier - Jamestown,063,17,82,4,103,49.8244677244048,0.0,0.0,0.5844512343038686,50.40891895870867
05063-Greenbrier - Locust Grove,063,25,203,4,232,1017.7721937958295,0.0010587626479576148,0.005363155881135161,5.7133598690802945,1023.4919755834388
05063-Hill,063,8,104,1,113,355.4549513902225,0.0,0.74515620300105,1.8651483729520497,358.0652559661756
05063-Huff,063,43,230,5,278,502.6350848324229,1.4306206104236254,4.9049849500238585,15.142225083535292,524.1129154764056
05063-Jefferson,063,21,76,1,98,288.0402282902703,0.0,10.287999469914284,41.12169110587473,339.4499188660593
05063-Liberty,063,28,404,8,440,696.3415597483619,0.0,4.647647998847847,32.50063031153358,733.4898380587433
05063-Magness,063,31,168,1,200,621.2860892016153,6.986412802917637,14.409476406017626,8.733016003647046,651.4149944141975
05063-McHue,063,230,1046,24,1300,1467.6791896936338,5.652591884454422,25.83550184336221,53.01648023800294,1552.1837636594532
05063-McHue 3,063,56,209,4,269,265.85003513344014,0.006331497464172571,0.07646333670842688,0.5072231657562056,266.4400531333689
05063-Moorefield,063,111,467,9,587,1278.9218859658276,87.6083148046758,41.48612686217561,63.917860468580585,1471.9341881012597
05063-Moorefield Ward 1,063,235,504,18,757,652.7589498709838,28.67338562568599,43.73535751885802,15.327437644942119,740.49513066047
05063-Moorefield Ward 4,063,83,183,8,274,426.8714671686956,32.30263535377261,12.196867476001792,16.81077694798899,488.181746946459
05063-Oil Trough,063,45,186,5,236,459.8270967499923,0.0003701967950567247,0.10276459252413445,6.3451351416152155,466.2753666809267
05063-Relief,063,19,156,1,176,466.96650846199526,0.0,0.0,19.378931381349318,486.3454398433446
05063-Rosie,063,38,249,7,294,421.8507929366693,0.00021350292938739657,0.00044700621810962846,0.008101459636091329,421.85955490545285
05063-Ruddell Rural,063,117,414,7,538,2006.6761741904966,126.99776048074735,254.20942062143536,96.04673886385612,2483.9300941565352
05063-Ruddell Ward 1,063,151,320,15,486,756.5892024673666,32.187774006834395,103.01791763807275,13.808443463159554,905.6033375754333
05063-Ruddell Ward 2,063,261,455,23,739,942.9439863093653,68.06404170321497,68.46034003488076,19.72428075024561,1099.1926487977066
05063-Ruddell Ward 3,063,180,350,13,543,357.7343479722115,12.426681442348075,14.56967083211278,6.484271159745621,391.21497140641804
05063-Ruddell Ward 4,063,172,348,10,530,1094.444054976962,75.49914240913012,91.87549506351759,36.29746232333897,1298.1161547729487
05063-Salado,063,52,286,8,346,1011.5345216020321,0.9501311123835787,4.421191459607243,11.813400616490696,1028.7192447905136
05063-Washington,063,76,401,12,489,807.2588686541472,3.7429295652682053,11.265090549668749,0.1590252628495938,822.4259140319338
05063-White River,063,96,548,17,661,740.6789219306319,4.746875597334801,23.186011656544856,16.750141954307516,785.3619511388191
05065-Guion City,065,4,26,0,30,3.091349539843535,0.0,0.0,0.0,3.091349539843535
05065-Pineville City,065,18,54,0,72,46.450906081086785,8.757412061197153,1.8153119550654715,1.233917830865281,58.257547928214684
05065-Big Spring,065,18,88,1,107,229.73847579201012,0.0,4.236452614277502,3.7477316495418864,237.7226600558295
05065-Gid,065,10,106,4,120,457.2314306442772,0.0,6.210927034243005,6.101555187779939,469.54391286630016
05065-Melbourne Ward 1,065,41,156,2,199,49.516861981355405,0.0,0.657719229353867,0.689039192656432,50.86362040336571
05065-Sage,065,23,153,4,180,357.340534916931,0.07726604911881195,5.574521032016433,5.31253274125339,368.30485473931964
05065-Mt. Pleasant Rural,065,30,188,2,220,346.6018347945188,0.0,6.391292892040595,5.654149569304431,358.6472772558638
05065-Sylamore,065,25,125,3,153,120.17682403362295,0.0,0.0002949036473835958,0.0010650332566756542,120.17818397052702
05065-Lafferty,065,0,37,0,37,297.17433500087753,0.0,4.774444884863073,4.224127271769145,306.1729071575097
05065-Twin Creek,065,18,45,1,64,234.72384927982026,0.0,1.236807779649906,1.2957033882046634,237.2563604476748
05065-Mt. Pleasant City,065,16,138,3,157,53.45609388853436,0.0,0.9857152064552436,0.8719788364796386,55.31378793146925
05065-Melbourne Ward 3,065,20,74,7,101,17.959118340455216,0.06900369366192097,0.5662608304859651,0.3622022766006969,18.9565851412038
05065-Melbourne Ward 2,065,27,110,1,138,35.84739820201125,0.08166115102601375,0.8639792887631634,0.6317208225219347,37.42475946432236
05065-Melbourne Rural,065,28,192,4,224,611.3808339758953,1.7248605283843916,16.213542512389395,11.21080818901111,640.5300452056802
05065-Violet Hill,065,21,151,0,172,211.49606783391158,1.4826143694611238,8.478738340684144,9.134136357283303,230.59155690134014
05065-Boswell,065,26,109,3,138,151.55411123298188,0.028914945204403065,0.1646565792853351,0.07561782104395295,151.82330057851559
05065-Lacrosse,065,21,82,5,108,199.47844787361404,0.9478163791120743,7.15102033041431,4.318269758205337,211.89555434134576
05065-Horseshoe Bend Rural,065,9,16,0,25,256.33268755948706,2.4798970786161467,0.0001470229719670337,2.7053422675812513,261.5180739286564
05065-Knob Creek,065,2,11,0,13,83.98534167872087,1.1828612859764893,6.733210397096939,3.093637209476972,94.99505057127126
05065-Zion,065,36,156,0,192,337.9803303171066,0.5765472666822142,8.758727821857759,6.353061877334049,353.66866728298066
05065-Calico Rock Ward 1,065,9,29,2,40,6.677865364415354,0.04600853301224677,0.4206510414342828,0.09201706602449354,7.236542004886377
05065-Calico Rock Ward 3,065,12,84,4,100,30.199402605515957,0.20806560917536043,1.9023189118814368,0.41613121835072087,32.72591834492347
05065-Larkin,065,5,58,2,65,74.28556114271548,1.046156716811221,5.955157956338316,2.736219547059716,84.02309536292474
05065-Myron,065,8,42,1,51,326.41858667849334,8.814487783444969,9.25949527082757,0.458436090304718,344.95100582307055
05065-Claiborne,065,11,77,1,89,527.977771167695,4.3669996421819235,34.76147820997508,9.655217845936258,576.7614668657882
05065-Newburg,065,14,64,0,78,150.44791709307694,2.118961003464506,12.061802618657275,5.541988205160564,170.17066892035928
05065-Franklin City,065,9,71,0,80,19.795904695552988,0.3911045000641168,0.0,0.0,20.187009195617104
05065-Calico Rock Ward 4,065,19,68,3,90,30.31040612698236,0.2088315382764533,1.9093169213847156,0.4176630765529066,32.846217663196434
05065-Strawberry,065,19,92,0,111,222.79200280906932,4.389510470638344,0.16865207808182914,0.07756990265519113,227.42773526044468
05065-Wideman,065,2,40,0,42,409.7236946669368,27.612350227718796,8.404604319160356,18.921890096973588,464.66253931078955
05065-Brockwell,065,35,183,8,226,294.82218416939423,1.6219204608956934,11.85405345953219,13.854417347573577,322.15257543739574
05065-Dolph,065,27,139,3,169,631.2146476698385,140.66550650001707,21.568904237787248,18.486909549548237,811.9359679571911
05065-Calico Rock Ward 2,065,15,96,3,114,84.56279122394994,6.731846616021152,4.517281332295843,1.598035353365489,97.40995452563243
05065-Pineville Rural,065,8,84,2,94,328.60713538184854,66.69861830752497,10.655517976871227,10.336654543720694,416.29792620996545
05065-Franklin Rural,065,15,69,1,85,282.09718228756265,6.709129882103751,7.072563826240773,1.2365100167684464,297.1153860126756
05065-Horseshoe Bend Ward 4,065,56,277,9,342,201.04506936400378,2.0034472472607505,0.0008615688998383445,2.060966530922289,205.11034471108667
05065-Horseshoe Bend Ward 3,065,56,176,9,241,446.50330934440274,16.15895047395114,24.39298470594805,0.048218846874406765,487.10346337117636
05065-Horseshoe Bend Ward 2,065,60,277,10,347,603.1561558512668,6.7527110171736044,1.8892734336767372,6.0040309236324445,617.8021712257496
05065-Oxford City,065,25,181,7,213,74.63101821162822,0.0,1.0889739984343025,3.992904664902862,79.71289687496537
05065-Guion Rural,065,1,13,0,14,118.8300166779361,0.0,5.3968201192568406e-05,0.0003929615966437428,118.83046360773393
05065-Melbourne Ward 4,065,44,217,8,269,245.96298404124107,0.1024514491664868,3.7536263829051113,3.58936454568752,253.40842641900016
05065-Oxford Rural,065,18,108,4,130,255.01533975066013,0.0,3.7210405991092377,13.643816044889498,272.38019639465887
05065-Calico Rock Rural,065,44,233,3,280,710.7182011331156,54.41158293501185,38.53581075971842,13.630333548026256,817.2959283758721
05065-Wiseman,065,10,53,0,63,236.01010366320943,3.7114769352814463,3.5214082063840415,4.464560076021925,247.70754888089687
05065-Horseshoe Bend Ward 1,065,34,106,2,142,153.95905707897913,3.803500295550429,4.773046039695064,0.7149288802644966,163.2505322944891
05067-15 - Gourdneck - Citizenship,067,3,29,1,33,43.289973197781315,0.000307524707602886,0.0,1.674474803324023,44.96475552581295
05067-44 - Shoffner,067,2,5,0,7,38.92118655524837,4.329640190572126,0.0,3.4637121524577004,46.71453889827819
05067-08 - Blackville,067,3,2,0,5,78.6172469698496,8.74547829289896,0.0,6.9963826343191675,94.35910789706773
05067-03 - Algoa,067,2,7,0,9,9.884354859341087,0.28982328597417095,0.0,0.5133667635806295,10.687544908895887
05067-11 - Crossroads -37,067,14,173,2,189,266.3873989630925,0.0,2.0643180473061284,5.574804822132723,274.0265218325313
05067-24 - Liberty,067,5,42,0,47,71.78462543935508,0.0,0.5566657288612721,1.502356863061421,73.84364803127778
05067-19 - Horseshoe,067,4,6,0,10,57.624991525792865,6.410895515678151,0.0,5.128148287595484,69.1640353290665
05067-12 - Denmark,067,15,64,0,79,94.23593839524463,0.0,0.7314233137075615,1.9721937673452652,96.93955547629746
05067-20 - Ingleside,067,0,3,0,3,140.9795216384217,16.567366178972886,6.268530413778539e-05,12.4441825899192,169.9911330926179
05067-05 - Auvergne,067,11,26,0,37,48.41436277786813,5.385672674353011,0.0,4.308538139482409,58.108573591703546
05067-50 - Tupelo,067,6,37,0,43,150.5684750475063,16.748184158252972,0.0,13.398511254675418,180.71517046043468
05067-51 - Waters Store,067,5,41,0,46,82.27194784178184,0.0,0.0,0.0,82.27194784178184
05067-52 - Weldon,067,3,17,0,20,62.18982635272136,6.918052303068248,0.0,5.534438245370719,74.64231690116034
05067-07 - Beedeville,067,5,72,5,82,76.53787476802967,0.9120020211616717,0.0,3.372824733649436,80.82270152284077
05067-25 - Macks,067,3,6,1,10,315.58854227417453,0.12645104923515726,2.44623420001573,6.606366545966346,324.76759406939175
05067-04 - Amagon,067,4,24,0,28,42.29325765225202,6.027811055516473,0.5325966965968609,2.797707885171966,51.65137328953732
05067-48 - Tuckerman Ward 3,067,48,135,1,184,91.12495956903764,5.641414881990364,2.054327198899903,6.084610249035629,104.90531189896355
05067-43 - Remmel,067,14,62,2,78,163.84813285800413,18.10711423862432,0.0,14.527254603000447,196.48250169962893
05067-02 - Alcorn,067,49,32,1,82,234.45435927629643,23.1686667013418,47.04554230154948,14.049195606739652,318.71776388592735
05067-37 - Newport Ward 2-B,067,89,138,8,235,413.464922165984,101.0740177339513,0.1747493757371091,53.41701128267292,568.1307005583452
05067-30 - Newport Ward 1-B,067,100,36,1,137,46.49204013565652,12.538206439038985,0.002687521804965627,0.008734445866138288,59.04166854236661
05067-36 - Newport Ward 2-C,067,54,182,2,238,182.5869704613176,28.711801672719837,25.25886709483739,15.79323475454051,252.35087398341534
05067-47 - Tuckerman Ward 2,067,37,210,6,253,120.89881540233165,5.493885277716009,2.244521677182486,9.86512840667508,138.50235076390524
05067-21 - Island,067,9,41,0,50,583.7396781614004,282.07533809238384,67.67302798910055,16.81584674513247,950.3038909880173
05067-34 - Newport Ward 3-B,067,24,64,3,91,70.37052637004882,41.10686352121937,1.7611801637279664e-05,0.2796680740984417,111.75707557716828
05067-31 - Newport Ward 1-A,067,37,6,0,43,12.64567081331122,9.640936938541055,0.013933729102863552,0.037621164183518234,22.338162645138656
05067-33 - Newport Ward 3-A,067,20,32,1,53,99.26921299397375,81.93758773115043,3.0667194716435713,2.98434812268589,187.25786831945362
05067-39 - Newport Ward 4-B,067,95,246,8,349,151.48575253487235,132.3736570979863,7.151974121504658,6.068489084434518,297.0798728387978
05067-28 - Newport Ward 2-A,067,40,38,3,81,128.9131937126012,35.33293669722955,0.31048534092703134,1.325331522516191,165.881947273274
05067-35 - Newport Ward 3-C,067,44,33,2,79,314.6929185764743,262.82358958691435,0.003891334234323049,7.480761579868538,585.0011610774915
05067-46 - Tuckerman Ward 1,067,32,138,3,173,45.50299943347089,1.3419743614971928,0.6709708781962508,4.391652781251412,51.90759745441575
05067-22 - Jacksonport,067,21,48,0,69,226.7385009916729,49.61512822817136,1.6007678989316003,5.201749895982972,283.15614701475886
05067-38 - Newport Ward 4-A,067,63,285,13,361,474.17819973179536,75.75598974332898,16.313705339729548,18.054070023101517,584.3019648379554
05067-01 - Airbase,067,9,34,0,43,600.8594144154367,122.79053354757909,16.623021371320945,39.65957069890785,779.9325400332445
05067-14 - Diaz,067,122,273,5,400,468.4734460264605,101.43933747511942,1.384633538508688,28.42799236679549,599.7254094068842
05067-17 - Grubbs,067,23,132,3,158,873.1084203934205,309.7098229856656,31.679849763188948,80.7982254429882,1295.2963185852634
05067-09 - Campbell Station,067,16,71,2,89,251.14954474057737,52.791177130519415,0.23466204799410248,19.458170522518092,323.63355444160896
05067-16 - Greenhaw,067,0,11,0,11,375.73103039856574,133.80429178558003,13.722699678272722,34.71363137074298,557.9716532331614
05067-49 - Tuckerman Outside,067,29,82,3,114,1053.9329519117357,84.51435298670916,18.670347169609844,82.92495868141401,1240.0426107494688
05067-26 - New Glaise,067,27,264,5,296,397.6265294931675,0.00020476750879400398,3.0824616666928004,8.32262709258515,409.03182301995423
05067-40 - Old Glaise,067,3,24,0,27,79.4300468596609,0.00015017842620482913,0.6157250808017324,1.6625890700186363,81.70851118890748
05067-41 - Olyphant,067,1,0,0,1,62.08947542322993,0.00016037901339831145,0.4813025811393481,1.2996453232129013,63.870583706595575
05067-42 - Penninghton Balch,067,7,51,0,58,180.26758122688395,49.77573688779713,5.105167973003539,14.491560105345702,249.64004619303032
05067-18 - Hickory Grove,067,8,39,0,47,103.54455564932863,14.964251165588207,0.4831073385939575,1.5689989851295503,120.56091313864034
05067-45 - Swifton,067,77,248,2,327,871.8957197732474,14.99999999999999,0.0,15.000506475700826,901.8962262489482
05069-029,069,40,38,2,80,45.541241017360015,32.31783618061371,3.992702308318492,0.002809274432129901,81.85458878072434
05069-117,069,96,2,0,98,87.55863595716788,208.32707152081807,0.0016994261817719555,16.827155365192795,312.7145622693605
05069-201,069,117,6,2,125,103.11585953957758,369.84602302516487,1.6041617541642965,6.401412627692222,480.967456946599
05069-124,069,78,4,0,82,2.8475605007896316,185.955684547661,3.099127095004441,0.9100868990520107,192.81245904250707
05069-202,069,64,3,1,68,0.24444817781509764,162.40413326192282,3.896055878853214,4.871212113859028,171.41584943245016
05069-090,069,8,14,0,22,88.66758780859402,10.114124133209883,2.2476644463703677,1.3485553048051218,102.37793169297939
05069-119,069,35,3,0,38,5.567430242105848,4.805610667297328,0.4875200185616777,0.000900500596459234,10.861461428561315
05069-086,069,136,630,12,778,899.0144017578788,53.629588563771655,15.34267726284657,25.216327002235033,993.2029945867321
05069-125,069,2,5,0,7,4.344748386999768,5.331632352789465,0.37728038656596574,0.0015340433708834955,10.055195169726083
05069-307,069,4,0,0,4,10.871738235199194,12.326827510765437,0.9390548609210345,1.0940494184503364,25.231670025336
05069-306,069,11,0,0,11,10.685852224365048,15.446668287238847,0.9228107329409982,1.1852476554498539,28.240578899994745
05069-050,069,326,357,7,690,967.3132424878859,661.3359007963223,0.0015857859339478682,24.744008700119725,1653.3947377702618
05069-332,069,19,0,0,19,15.381512112822712,36.55860192157385,0.0,0.4646243722474269,52.40473840664399
05069-224,069,141,18,1,160,29.99296178594777,71.28434993474896,0.00013594978964913464,0.9059409742316922,102.18338864471806
05069-309,069,185,30,4,219,11.563605271225658,559.2964477110189,0.007180083878328002,8.73096639400953,579.5981994601324
05069-310,069,132,12,1,145,7.551321397311668,404.4536272176825,0.0,5.561213907761914,417.56616252275603
05069-064,069,1,5,0,6,87.33896109194885,99.004895342877,7.543970815600212,8.788337135699216,202.6761643861253
05069-311,069,29,1,3,33,4.615199879976966,72.4896073981742,0.0,3.574828732361916,80.67963601051308
05069-312,069,155,9,4,168,7.636892211000964,175.81139006978754,0.0,5.4560697457862215,188.9043520265747
05069-113,069,248,32,6,286,70.48453966174314,594.074269281814,0.0001210369483271081,0.0,664.5589299805055
05069-111,069,81,20,0,101,81.40089127020086,189.12420956387274,0.007760932655266806,0.017787089066231596,270.5506488557951
05069-112,069,191,9,9,209,77.15047618429827,456.98478354083375,3.5063586785108707,15.534185997181734,553.1758044008246
05069-031,069,41,23,1,65,40.79783412774929,29.322560482561087,3.5636036740643133,0.006951840803976686,73.69095012517867
05069-114,069,270,31,3,304,24.261389826545336,427.05043238894746,0.014372828573401933,0.0,451.3261950440662
05069-107,069,309,18,4,331,182.87496860852886,745.843172647313,0.00034088643273468244,8.346880990649941,937.0653631329244
05069-067,069,1,15,0,16,60.302735124436374,52.79569406214854,6.976576647411895,5.003781911667723,125.07878774566453
05069-412,069,1,0,0,1,20.56225406599242,23.281801632836974,1.7703644690588014,2.064411820165781,47.67883198805398
05069-066,069,35,30,2,67,57.198690875678636,19.53745084040685,9.44934186095528,2.750337494755156,88.93582107179591
05069-106,069,44,6,3,53,0.0193322025884845,119.7722566574546,0.0008832883188280075,0.003912474227297702,119.79638462258922
05069-074,069,57,68,2,127,156.93360749499539,97.22141523792814,0.002200698881387463,5.54526686679995,259.70249029860486
05069-222,069,496,123,7,626,103.30938148830938,245.52912089235002,0.0008138308315508196,3.1203533313075598,351.9596695427985
05069-223,069,5,3,0,8,3.0310202244109674,2.2718172826094425,0.2600697098077466,0.0021390857922530798,5.565046302620409
05069-221,069,2,1,0,3,41.05121632923704,97.57001163301972,2.6066504582987003e-06,1.240019946786978,139.8612505156942
05069-060,069,16,16,1,33,68.13707222696289,62.37027380412729,0.003745437691904002,1.787644736927359,132.29873620570945
05069-032,069,3,0,0,3,26.34986878036412,261.1573333514311,6.104664690159174,1.0823687797485018,294.69423560170287
05069-059,069,122,121,0,243,363.50185626227085,107.68942934127179,5.47781427437386,11.146409839448943,487.81550971736544
05069-331,069,290,54,5,349,94.67265584790704,225.00037549977557,0.0,2.859701252618395,322.532732600301
05069-219,069,54,60,1,115,175.28003401376236,297.28304754459873,0.00013352129253092982,61.79586155669604,534.3590766363496
05069-033,069,6,5,0,11,24.107588801557693,17.134540534955406,2.117704603817724,9.232695941161323e-05,43.359926267290234
05069-330,069,268,123,4,395,123.91071825349675,214.39652781581725,0.0014283202306765571,3.524618939262338,341.83329332880703
05069-058,069,122,232,9,363,414.8531391141246,123.00409496925872,6.253668832325441,12.740242591308464,556.8511455070172
05069-325,069,2,4,0,6,9.832047840817555,2.923155390527793,0.14826649658393523,0.3034185379301799,13.206888265859465
05069-326,069,45,30,1,76,59.95109193083189,17.839146731625764,0.9041608309886464,1.8529094964668602,80.54730898991316
05069-150,069,257,28,4,289,8.343619486529247,454.7638218203572,5.131381572445185,5.523859681820747,473.7626825611523
05069-034,069,0,2,0,2,23.569535277705793,366.8326846186658,7.543186436446378,1.5629881560610712,399.508394488879
05069-327,069,45,44,2,91,82.7445699207586,24.521215459411735,1.246544868725582,2.538046086581435,111.05037633547734
05069-328,069,272,21,3,296,52.79034304053313,354.5665762179909,0.01216802468335639,7.099356225512028,414.4684435087195
05069-126,069,183,6,4,193,2.9434650348219282,175.77090178931775,0.5600396479000275,3.9524412386564305,183.22684771069612
05069-322,069,1,0,0,1,21.231896126214327,7.964727267587596,0.316805718781374,0.682471286916315,30.19590039949961
05069-215,069,380,116,6,502,140.5324070528902,355.79990242509143,0.0,49.13543538018206,545.4677448581638
05069-216,069,161,61,3,225,72.96864948305416,289.0803480348806,0.0,21.435556110744084,383.4845536286789
05069-217,069,51,16,3,70,21.454313810504786,126.22697606436456,0.0,4.346920545547834,152.0282104204172
05069-323,069,40,3,1,44,25.69374770647838,207.99197832652257,0.0002460281318345616,4.3335660108501175,238.0195380719829
05069-218,069,416,42,7,465,60.00590650307288,551.2810184039306,0.3225198551180001,0.5132461581577173,612.1226909202791
05069-214,069,221,27,12,260,216.33007189218856,212.55297938662824,0.0023069357517555397,6.969236017890531,435.854594232459
05069-123,069,20,0,0,20,0.21790980190442374,15.048711057753177,0.24354624918729711,0.06409111820718345,15.574258227052082
05069-128,069,4,0,0,4,4.4783495471010495,3.2525942774422094,0.3945457228966015,0.00031388203656761474,8.125803429476427
05069-212,069,57,4,3,64,16.7187541875991,169.23094516558646,0.0,0.0,185.94969935318557
05069-213,069,49,7,0,56,17.63548964012203,178.8875341746278,0.0,0.0,196.52302381474982
05069-315,069,172,18,3,193,14.670601682024952,118.8318736244021,0.0,2.4756640338417104,135.97813934026877
05069-317,069,85,10,1,96,22.581101797841196,183.27667135229763,0.0,3.842494608469964,209.7002677586088
05069-320,069,36,10,3,49,13.615627499387646,312.22206927702496,3.660503121362898,0.05532260176652187,329.55352249954205
05069-211,069,194,10,4,208,44.630053541158645,368.78113717569283,3.985365891188724,0.020668872216503598,417.4172254802567
05069-210,069,16,0,2,18,6.6186578990410245,41.109078073839605,0.0,0.0,47.72773597288063
05069-122,069,230,9,1,240,0.08616878353529508,799.8909174718999,0.0017638729406888364,0.10037990062726733,800.0792300290032
05069-130,069,73,33,1,107,18.004336445286047,12.793779127787243,1.5817763285264228,0.0,32.37989190159971
05069-207,069,16,3,0,19,7.302496353305529,48.957631909267974,0.4412692042035389,0.0,56.70139746677704
05069-209,069,18,1,1,20,6.382125677092371,38.83089937509207,0.0,0.0,45.21302505218444
05069-324,069,209,174,8,391,154.8275382913768,136.8381384286693,4.493939855464824,19.61033881066992,315.76995538618087
05069-208,069,21,2,0,23,13.277242111887908,80.71165599595018,0.0,0.0,93.98889810783808
05069-314,069,160,43,5,208,109.2040312188762,721.5021782191119,0.8801962567694855,25.43868195388731,857.025087648645
05069-120,069,60,2,2,64,0.0882575901551646,112.6288543884033,0.0,3.300937946746973e-05,112.71714498793793
05069-121,069,38,3,1,42,0.0,134.14347618217113,0.0,18.954271828509775,153.0977480106809
05069-055,069,30,108,2,140,198.74233357021535,166.79097037008611,3.739645931792684,26.10174719627201,395.3746970683661
05069-203,069,106,12,0,118,22.0429224398428,261.6576699338159,16.173295557766814,0.5443792745691578,300.41826720599465
05069-204,069,2,0,0,2,7.969622053285301e-07,6.76947062707523,0.16312070433571207,0.20389913706481594,7.1364912654379635
05069-206,069,53,10,0,63,21.96619078856126,216.99102600109947,7.556053974474984,0.2347962727658674,246.7480670369016
05069-205,069,75,7,2,84,17.242435245689332,194.3230414695028,2.1567996411457653,2.6959995514322066,216.41827590777012
05069-316,069,222,25,9,256,49.028431559818614,690.5457929193175,0.0,33.59005500859151,773.1642794877278
05069-026,069,51,31,0,82,132.27358530330324,255.47376741673773,0.03826884588221383,3.9218715164987046,391.7074930824219
05069-053,069,8,34,2,44,49.720222083884146,14.725612645100922,0.7491344908743012,1.5248540360842462,66.71982325594362
05069-056,069,46,58,3,107,84.42515573107406,25.011610585609255,1.272520538566085,2.588921095703414,113.2982079509528
05069-057,069,29,68,0,97,175.70597873095124,52.016096945517546,2.5948247401508997,5.3661431692530694,235.68304358587275
05069-051,069,114,265,4,383,1384.8786025364966,300.15609307295813,5.686608353268503,43.053488073709744,1733.774792036433
05069-319,069,134,5,1,140,118.33414602009496,649.664394583429,3.806458831495271,3.0811941471477153,774.8861935821669
05069-318,069,2,1,0,3,35.92063845795452,184.96595808985992,1.192508436627323,0.031823359046164984,222.11092834348793
05069-030,069,6,2,0,8,15.378840388389877,10.901087020611957,1.3455261427677851,0.0015574128019245166,27.627010964571546
05069-308,069,7,3,0,10,49.82068124103433,56.933622320028974,4.297236405727019,5.021712101162467,116.0732520679528
05069-116,069,123,9,3,135,60.33616500075697,269.3300337022018,0.022997638050567162,2.0856531486275793,331.7748494896369
05069-061,069,20,51,0,71,627.0621223870581,639.5324520437861,39.859515841113556,69.50225423038073,1375.9563445023384
05069-414,069,1,1,0,2,89.22250442488253,101.13786424314902,7.706909850836536,8.977717835539766,207.04499635440786
05069-450,069,96,10,2,108,0.01774438768434944,363.94508944243944,0.0,0.1688765843819989,364.1317104145058
05069-451,069,17,0,0,17,1.3691914426007428,15.028767139765783,0.0,0.0,16.397958582366524
05069-452,069,4,0,0,4,5.624553467922074,61.5292061187839,0.0,0.0,67.15375958670597
05069-108,069,9,0,0,9,10.32071625212875,35.7990704874327,0.5049638262649847,0.3409499992823301,46.96570056510876
05069-453,069,72,8,3,83,6.1665703690762435,177.1805966524976,0.0008551572560748842,0.1549055353662285,183.50292771419615
05069-454,069,59,2,0,61,6.47009414856921,323.6431092783077,0.13695591775604338,18.819216924362365,349.06937626899526
05069-062,069,1,4,0,5,102.46870045600696,110.8127415407687,9.46033660774967,9.945533026716113,232.68731163124144
05069-455,069,125,5,1,131,78.58347494177605,315.55761689425543,0.5011845779651054,6.452838438783099,401.09511485277966
05069-036,069,4,10,0,14,26.793360164873093,19.042005444165113,2.353737761746113,6.749017576685389e-05,48.18917086096008
05069-416,069,209,5,5,219,113.71336595221533,229.1830887697929,9.819574601152617,13.487862250910354,366.20389157407124
05069-415,069,14,7,0,21,137.05757218775747,155.3616236124349,11.837853244199186,13.790702223919933,318.04775126831146
05069-054,069,177,552,6,735,733.8012872602392,184.20674527314912,45.853992348861496,28.454016173173947,992.3160410554237
05069-419,069,6,0,0,6,11.352157436510584,127.88658895229277,0.18380220386610713,0.10433422676299241,139.52688281943244
05069-104,069,77,14,3,94,62.68360404164093,284.01524922520457,4.713019455645519,3.13920406031771,354.5510767828087
05069-105,069,6,0,1,7,76.22400838630764,281.2938593856237,3.4984279810204355,15.423093921157193,376.43938967410895
05069-410,069,28,1,4,33,4.970581151714365,54.39524422646942,0.007081326574807372,0.002452956985927473,59.37535966174452
05069-409,069,75,8,0,83,0.30446691157817113,43.28574428530937,0.00867348770123865,1.4718095707132641,45.070694255302044
05069-420,069,65,5,1,71,14.038416460727685,98.93953315740556,11.718864247896626,1.0464250133072344,125.74323887933711
05069-421,069,34,0,2,36,5.752749086981913,40.765939347413045,4.805308751006784,0.433392500981091,51.75738968638284
05069-422,069,101,7,2,110,52.380616682913434,209.4431272825828,8.53500328576249,1.955464219880967,272.3142114711397
05069-408,069,196,32,3,231,107.52251680836521,607.6807885918529,0.006285313261839137,26.372575880485613,741.5821665939657
05069-713,069,57,211,3,271,47.90817078314563,34.78390177550229,0.0,1.4684496791768775,84.1605222378248
05069-073,069,58,89,2,149,181.35051012738916,129.59607742999123,2.4328185270677154,6.115874391484953,319.49528047593304
05069-407,069,82,45,1,128,302.0469062879446,300.2199428294164,3.3413386967455887,4.502223361505731,610.1104111756123
05069-027,069,12,31,0,43,61.568563598243195,118.90117762255238,0.022002083393751454,1.8147858358164364,182.30652914000578
05069-405,069,77,13,3,93,45.695974146150945,332.0386446699557,14.20889024642165,8.75841871146909,400.7019277739974
05069-404,069,14,33,0,47,34.419146306222956,33.76872743905913,5.8700836923037373e-05,0.7131629615042946,68.9010954076233
05069-406,069,123,227,8,358,458.866543421969,252.73965641236788,5.12118549980131,57.795662769035005,774.5230481031732
05069-423,069,265,11,3,279,99.5943857981729,385.8633783505101,9.854104932533863,6.221082037600928,501.5329511188178
05069-403,069,42,39,1,82,141.68763001783242,69.34752392704456,1.8838404967380393,20.87052606752154,233.78952050913657
05069-425,069,2,9,1,12,58.59646199065838,57.293525105416556,0.003608131728835766,1.2466055786377548,117.14020080644153
05069-712,069,54,165,3,222,318.9727610568594,160.49122047014862,3.98727451513879,44.789438438933296,528.2406944810801
05069-714,069,2,2,0,4,3.129475586225332,1.8861433938601326,0.13532867399893328,0.5666888223705331,5.717636476454931
05069-426,069,1,0,0,1,11.970898950321185,79.9603263783749,0.5931595678823738,3.309761938660925,95.8341468352394
05069-076,069,27,66,0,93,65.46228648847085,44.98362180162242,0.10543548715803946,1.942276051531182,112.49361982878249
05069-711,069,95,230,7,332,256.7241194981424,147.5758624627522,7.559433777220959,31.06000649276418,442.9194222308798
05069-115,069,67,2,2,71,45.01195088378249,69.35466821934894,1.5380975719628995,1.4024060663355582,117.3071227414299
05069-082,069,1,0,0,1,10.013523456339307,33.29809079877976,1.0363016709623425,2.118071687227712,46.465987613309125
05069-101,069,8,33,2,43,28.56045373744953,141.91195365316432,14.146375962612558,1.6122394780278075,186.23102283125422
05069-731,069,80,244,6,330,439.7819639132807,231.08974516435143,1.6690319067169255,4.2447525990459685,676.785493583395
05069-721,069,283,407,7,697,481.62491256163105,280.7079938032854,7.579765885141627,44.59491764428925,814.5075898943472
05069-093,069,4,41,1,46,167.99149073312515,18.611999589372882,0.0016501804538399745,2.2768913065118177,188.88203180946368
05069-045,069,6,25,0,31,11.259221066330474,21.775501814595057,0.0,0.3323139121461991,33.367036793071726
05069-733,069,35,110,6,151,81.36751952699365,19.13823134695411,0.0,4.808494729856548,105.3142456038043
05069-732,069,104,229,6,339,485.2370222079409,72.09222439268991,0.03174774082318944,6.004654060690184,563.3656484021442
05069-075,069,73,214,0,287,410.64128484412413,69.90733265884991,0.019426712210127414,22.593558424618767,503.161602639803
05069-081,069,3,10,0,13,42.55315616926617,9.93822101103616,6.869217241383629e-06,2.5253337813175523,55.01671783083712
05069-077,069,21,91,2,114,234.81508688852648,26.346877488311293,2.686144636431917,3.3567625841358404,267.20487159740554
05069-08,069,3,12,0,15,42.165940186230564,10.016349041942517,13.823440676606323,0.09662421029044063,66.10235411506984
05069-083,069,27,10,0,37,226.7460542909005,832.0752489463085,25.998540783788897,52.48233181767098,1137.302175838669
05069-078,069,33,135,0,168,159.31257642742779,18.1722770597179,4.0379115208992955,2.423734860243029,183.94649986828802
05069-092,069,7,26,0,33,156.07385330972662,3.272095773466248,1.4098562179967322,3.595517477342108,164.3513227785317
05069-079,069,5,19,0,24,190.5274633941492,21.732785434310674,4.8289576281758855,2.898836037553665,219.98804249418944
05069-084,069,4,52,1,57,616.0035199474528,120.72480494582175,4.396042480735341,33.25499405902288,774.3793614330327
05069-080,069,7,57,0,64,216.01011286473485,4.5182523857255035,1.9431532090667107,4.980984239863975,227.45250269939106
05069-620,069,127,20,1,148,1.2217643180799933,4.644761724804582,0.04723823836675957,2.703825041404326e-05,5.913791319501748
05069-610,069,93,6,2,101,0.5984126016335992,3.3713494651614297,0.14392525631048023,0.06450643876074091,4.17819376186625
05069-900,069,80,7,4,91,0.3026907426515505,1.8367824610900902,0.07911235319301888,0.03783634283144381,2.2564218997661034
05069-950,069,17,9,0,26,0.2050951083357807,0.3964754280189178,0.0,0.010543830924198985,0.6121143672788975
05069-04,069,30,20,0,50,58.99675034279037,50.66575426442348,0.01933973265244403,4.3880944046669885,114.06993874453327
05069-085,069,9,55,2,66,561.2098103125767,51.288215113531166,11.623628129371683,25.436676715423218,649.5583302709027
05069-089,069,43,129,2,174,167.571922459316,12.897496882558528,3.8214805577951196,7.356350073755605,191.64724997342523
05069-810,069,105,156,3,264,37.92551420475177,2.920287837370093,0.8633636491760428,1.66375034091242,43.37291603221033
05069-830,069,26,95,9,130,11.881205500225589,1.1409104619421921,0.0,0.31473392053577715,13.336849882703557
05069-820,069,52,166,3,221,81.44911000631717,7.56149213811617,0.3108302871319895,2.394883452810654,91.71631588437597
05069-094,069,5,33,0,38,79.40423813151897,6.110983660367029,1.8106618252939344,3.485524013690824,90.81140763087075
05069-02,069,67,15,4,86,777.2901468391997,927.1681863426338,58.35445810993873,99.00778508322826,1861.8205763750004
05069-010,069,5,15,0,20,46.31847068280021,5.766538507747792,15.42111281931062,0.002255187393886346,67.50837719725251
05069-087,069,56,356,2,414,1202.8920372042228,108.34120475360079,8.593536919087894,38.426014337554285,1358.252793214466
05069-510,069,38,22,2,62,0.1439637421538357,0.8728752110049043,0.03760256597473058,0.017981274617427035,1.0724227937508977
05069-03,069,0,16,0,16,32.25181598091897,195.5777405848984,8.425348665737076,4.0303018356825415,240.28520706723702
05069-028,069,122,70,2,194,161.4850852186497,141.23595971828772,12.27937656056567,0.6418242374533992,315.6422457349565
05069-09,069,2,12,0,14,29.232877561701805,3.604982211868504,9.742816665614079,1.8352894410389145e-05,42.580694792078795
05069-530,069,9,26,0,35,0.12869889939552934,0.7807129923891694,0.03362862269249756,0.01608234974808442,0.9591228642252807
05069-01,069,10,51,0,61,84.51668241485689,73.15300467248993,0.002594695664840845,6.304868343921499,163.97715012693314
05069-07,069,11,12,2,25,35.27462306224804,213.8216144446608,9.20267844435254,4.4007460190737655,262.69966197033517
05069-05,069,17,47,0,64,47.800165122639115,116.58377144331845,7.6382682143225,0.35991324834829325,172.38211802862835
05069-011,069,19,26,1,46,33.93566099488068,84.89355420107034,0.0,1.3226224439694168,120.15183763992044
05071-P2,071,190,913,21,1124,2594.952475088781,0.00042602000238952677,88.72475451520594,99.16322177251882,2782.8408773965075
05071-P4,071,161,720,19,900,2056.854053589953,0.3536956133420828,84.9015696526908,118.81795292624064,2260.9272717822264
05071-P10,071,205,747,15,967,1058.3852750019462,0.0,24.007389117790602,13.567711372203846,1095.9603754919408
05071-P8,071,245,452,17,714,1614.6464184411664,39.48004556782272,189.26862022653214,44.016524098465176,1887.4116083339868
05071-P9,071,206,343,10,559,530.2915583323752,23.615814646969376,191.85197462038005,57.818501030920864,803.5778486306456
05071-P3,071,157,696,21,874,1226.1794608670737,7.650984916622942,58.09557508319527,102.41404724735712,1394.340068114249
05071-P11,071,141,380,13,534,2054.544658385012,20.953073423777376,248.3849487493452,131.47249423917026,2455.3551747973047
05071-P6,071,247,561,20,828,1121.9120290735812,91.72806889841735,165.34733926657432,69.03061595165177,1448.0180531902247
05071-P7,071,168,633,11,812,1213.0595632464092,25.15158128756855,121.64320232920649,29.817902761345316,1389.6722496245297
05071-P1,071,212,694,19,925,1211.172915451288,34.9855675669709,133.2904122542388,109.74312950934423,1489.1920247818416
05071-P5,071,175,627,20,822,1190.7844603257786,3.0803508833923976,96.46684189862425,30.134362423156333,1320.4660155309514
05073-Precinct 01,073,65,238,5,308,666.0778350498213,480.7329497556345,7.639014604191138,17.059674648758314,1171.509474058405
05073-Precinct 02,073,74,212,4,290,427.35694655174694,413.275426689838,1.473873837782455,34.14986873843412,876.2561158178015
05073-Precinct 03,073,70,174,1,245,277.1932252516088,198.74677251335953,0.04676360419391912,10.01296927226335,485.99973064142563
05073-Precinct 04,073,63,262,8,333,328.5148591072951,225.66634599076906,1.7353636245443826,19.243211552829674,575.1597802754382
05073-Precinct 05,073,144,71,6,221,9.522942000600661,8.326172404066133,0.10444603332946226,0.3274905699992385,18.281051007995494
05073-Precinct 06,073,164,43,4,211,63.57459244690542,148.4979783623956,0.0,13.837575376144626,225.91014618544563
05073-Precinct 07,073,15,264,3,282,425.1105429659421,18.05429274023026,3.570158003614563e-05,13.110022709268103,456.27489411702055
05073-Precinct 08,073,62,151,3,216,255.93584056972978,28.402392966479777,0.0,2.874316447764278,287.2125499839738
05073-Precinct 09,073,41,174,4,219,614.6315703879673,301.81963560582244,0.0001740256765738819,6.370567958642413,922.8219479781086
05075-20 - Marion,075,11,53,2,66,276.3060255831353,0.0,0.00012818776007144777,1.387073086022597,277.69322685691805
05075-19 - Lawrence,075,14,51,1,66,156.97689034368855,0.0,0.0001464115115145904,0.788033662579706,157.76507041777975
05075-05 - Boas #1,075,55,238,5,298,360.2725624366048,0.000751574906487335,11.378464774993581,4.912719679616251,376.56449846612105
05075-16 - Eaton,075,12,100,1,113,150.31307662983872,0.0,4.683328387216872,0.12533089360675256,155.12173591066235
05075-24 - Reeds Creek Strawberry,075,23,158,2,183,284.4954142587632,6.052310076488639,0.0001563061574344733,4.917789674512418,295.4656703159217
05075-02 - Ashland,075,10,63,6,79,148.0496820349656,0.0,0.0,0.7432212953562529,148.79290333032185
05075-21 - Morgan,075,38,197,4,239,428.88806519668543,0.0011193079949750333,14.272690341832831,0.0009369412268434226,443.1628117877401
05075-06 - Boas #2,075,51,171,5,227,660.3166875234183,0.0,7.050219556716243,4.651186162056323,672.018093242191
05075-18 - Jesup,075,3,50,1,54,177.81405569394053,2.0733418008992475,0.9292663424047098,2.3691875714154293,183.18585140865991
05075-07 - Boas #3,075,36,176,4,216,562.0551098089365,1.5340156807302363,9.98430355278623,11.214197924424068,584.7876269668772
05075-11 - Campbell #3,075,75,245,9,329,1183.6662474073148,4.188958269404,21.299137958179926,38.11835129923607,1247.272694934135
05075-10 - Campbell #2,075,103,437,10,550,978.7995107818554,17.991046380641205,1.9758528807575413,30.0030465262174,1028.7694565694715
05075-03 - Black River,075,37,191,3,231,241.41076984091325,0.43024101349357347,3.344537394381513,3.2295595706771314,248.41510781946545
05075-28 - Thacker,075,22,107,1,130,37.822928309054305,0.0,0.42960450239322845,0.8597736180137512,39.11230642946128
05075-09 - Campbell #1,075,114,388,12,514,1181.6746967308843,16.069589943938382,1.5118106559286728,18.15295486986556,1217.409052200617
05075-15 - Duty,075,41,115,8,164,401.0399939160718,1.2425250107993895,21.199383817046844,3.457085880214205,426.9389886241322
05075-17 - Flat Creek,075,7,44,1,52,137.99341238864812,0.0,0.005409021603971679,2.3368236762321652,140.33564508648428
05075-27 - Strawberry,075,18,165,0,183,285.4713530872049,0.0,0.5896625800402834,3.5185602670116527,289.5795759342568
05075-04 - Black Rock,075,59,350,5,414,632.2445024295331,6.681627711021667,28.062045388528286,22.662063992981864,689.6502395220649
05075-25 - Richwoods,075,7,31,0,38,406.0683685498219,1.577591679404405,24.094186696706075,4.101629793217859,435.8417767191503
05075-12 - Campbell #4,075,100,437,22,559,978.0877893342515,23.269487283399798,14.334253737048835,43.8912621786456,1059.5827925333456
05075-01 - Annieville,075,17,136,2,155,224.67487459720277,0.0,0.3129084238150126,14.653219615029608,239.6410026360474
05075-13 - Dent,075,49,304,4,357,530.6545747765337,0.06822691930146717,0.2866242509480543,50.73001126617555,581.7394372129588
05075-14 - Dowell,075,8,37,0,45,174.8434604781296,0.0,0.0,0.8777899483298486,175.72125042645948
05075-22 - Promised Land,075,17,103,2,122,203.2499235190074,11.574604818883579,3.4520751214214185,5.350250258847408,223.6268537181598
05075-08 - Cache,075,3,44,1,48,237.25204315253558,25.36504887027669,7.565288555463004,10.680831809869197,280.86321238814446
05075-26 - Spring River,075,28,101,4,133,445.52023199324105,0.0,4.238735912062854,13.867649636471983,463.6266175417759
05075-23 - Reeds Creek Saffell,075,7,116,4,127,370.2045356750671,7.872023433719865,0.005975256923638914,6.398077030268105,384.48061139597877
05077-Precinct 2,077,156,161,7,324,314.32318748929407,188.09700475813005,29.67260005249977,0.00039139400432398826,532.0931836939283
05077-Precinct 4,077,105,181,8,294,1197.0962896566014,1682.0055209676138,15.04618619885715,46.346532626639174,2940.4945294497115
05077-Precinct 8,077,175,73,11,259,25.07968211526269,81.99691678526924,0.00035827720173892927,1.8345040632230907,108.91146124095675
05077-Precinct 5,077,51,179,6,236,370.96399655490313,861.9370625221082,13.708649349821092,46.47371576157609,1293.0834241884086
05077-Precinct 7,077,203,136,8,347,32.25604499722927,119.3485855806372,0.0,0.00040204061230322634,151.6050326184788
05077-Precinct 9,077,136,10,6,152,10.804608171462547,69.46454098964588,0.0,8.692699199601423,88.96184836070985
05077-Precinct 6,077,215,44,10,269,39.90945570559403,185.72371431264816,0.0,3.6296808633728257,229.262850881615
05077-Precinct 3,077,150,144,9,303,283.5836889237985,250.01635758318648,18.567108834968742,1.575207140262467,553.7423624822162
05077-Precinct 1,077,79,253,4,336,658.6076424212869,165.07699755591062,0.0015181072752099534,7.43075692225024,831.1169150067229
05079-016 -SE Lincoln Co FD,079,2,45,0,47,88.55288620089613,8.464652847969454,5.118364585190908e-05,1.9532589356780914,98.97084916818952
05079-009 - Lone Pine / Mt Home,079,19,115,1,135,164.40485943740006,0.0001300792455760399,3.478451662267004,6.1451892568901165,174.02863043580274
05079-022 - Grady City W1 & W2,079,91,28,3,122,1.9763857268695226,3.9057146507183425,0.0,0.0,5.882100377587865
05079-008 - Lone Pine / Garnett,079,8,108,0,116,143.11417746458548,9.006657271395276e-05,2.9530023840640247e-05,0.0,143.11429706118204
05079-019 -Gould City W1,079,60,12,1,73,2.631199979361952,6.002970866887301,0.16741237287209607,0.15546392241359475,8.957047141534945
05079-013 - Smith,079,4,73,2,79,471.9300822041136,3.6180913718166305,0.00042282129360804774,0.8337062050187886,476.38230260224265
05079-026 - Cane Creek 3,079,2,141,1,144,196.2305196658527,47.84626642082576,7.210471851094728,12.414902333121672,263.70216027089486
05079-004 - Cane Creek 1,079,46,494,9,549,949.0779185728779,132.3378654888823,47.51580841828722,38.410108307446016,1167.3417007874937
05079-011 - Owen / Glendale,079,16,176,4,196,167.96694086077503,5.303669387389371,2.107370950292776,8.364055357697989,183.74203655615517
05079-020 - Gould City W2,079,86,4,1,91,0.4743269444570904,1.0823278459884518,0.03018444191999666,0.028028410354282614,1.6148676427198214
05079-025 - Star City W3,079,38,244,1,283,147.83151890848333,17.8731344065896,11.875296880548083,1.8574838162914997,179.4374340119125
05079-023 - Star City W1,079,47,160,8,215,168.9512074667404,59.270769099486294,6.872607833935575,11.740406222904191,246.83499062306652
05079-024 - Star City W2,079,53,122,5,180,177.90607765709888,39.127118245627884,10.844381622213053,7.5524452657332715,235.43002279067306
05079-005 - Cane Creek 2,079,10,112,3,125,164.73835884653946,25.70531602539099,0.00802520786785797,54.48928555485889,244.9409856346572
05079-018 - Gould,079,15,33,1,49,79.59734489153611,127.61950132065327,3.4934656282960823,3.7885533154939606,214.49886515597942
05079-015 - Spring 2,079,38,24,2,64,287.41230855477454,14.745059653914815,0.0013169777249832796,13.620361845132216,315.7790470315466
05079-017 -Wells Bayou,079,7,68,3,78,118.5084682606005,38.33153438881226,0.7835903867047551,3.3992761691498594,161.02286920526734
05079-021 - Gould City W3,079,42,15,3,60,1.1960431674418557,2.604245975325966,0.07247606678508868,0.06855950369245599,3.9413247132453657
05079-003 - Yorktown,079,83,40,1,124,303.4043576475347,44.86642150252943,3.89609865865332e-05,92.96290845131844,441.23372656236916
05079-002 - Tarry,079,35,15,0,50,163.28907429046345,28.041025944472832,0.0,60.41040391559119,251.74050415052747
05079-006 - Choctaw,079,26,20,2,48,704.238537467024,1023.7103028513901,50.06029592359789,29.641291038280883,1807.650427280293
05079-010 - Mill Creek,079,16,82,0,98,390.6073561893194,0.001874151876552801,13.361178287257477,23.604531905845267,427.5749405342987
05079-007 - Kimbrough,079,14,9,0,23,24.468432875182973,48.34634452303441,0.0010327889009903346,0.000469549812274222,72.81627973693067
05079-012 - Owen / Palmyra,079,27,166,3,196,225.98359850297814,0.0,7.730492707887446,13.656291710021453,247.37038292088704
05079-014 - Spring 1,079,26,178,2,206,429.66515913936945,21.42048480304939,0.0005708953030446176,18.75182272031455,469.83803755803643
05079-001 - Auburn,079,2,18,1,21,1092.772922183912,1580.8038624897222,79.38326650505952,47.13201534376355,2800.0920665224576
05081-Foreman Ward 2,081,47,117,1,165,10.651287180290286,4.733899022302503,1.004840406001434,0.7145521521267845,17.104578760721008
05081-Foreman Ward 1,081,24,37,0,61,9.323483277482538,4.143714126961103,0.8795914230826264,0.6254782138086885,14.972267041334957
05081-Ashdown Ward 3,081,143,211,12,366,156.79376665439307,39.102149326546,2.169044867985193,4.31594482910884,202.3809056780331
05081-Foreman Ward 3,081,45,109,0,154,16.35386986208375,3.4197288048794436,2.7428311368063776,1.3329329428554526,23.849362746625026
05081-Ashdown Ward 2,081,205,178,10,393,289.0242280565099,238.77897384088962,7.4764860142526395,20.519746010627674,555.7994339222798
05081-Wallace / Richland,081,60,126,0,186,178.8969204939502,213.37532913184168,9.938547504610929,5.237951774920921,407.44874890532367
05081-Jefferson Township,081,43,271,4,318,1249.6173105694836,493.2953925611634,49.533944618313996,64.0465876996546,1856.4932354486157
05081-Franklin Township,081,45,403,3,451,1188.2793059771648,110.11591526497205,24.186861463797246,41.20688766369696,1363.7889703696312
05081-Arden Township,081,22,150,2,174,130.0153746341232,51.28993213822613,0.5085902272004836,6.108824543972783,187.92272154352258
05081-Red River Township,081,28,238,4,270,253.6903078840529,117.15749615108886,0.005561968779255042,1.7578754949950666,372.6112414989161
05081-Ashdown Ward 1,081,168,557,8,733,222.44479860357572,70.47707194348902,7.229546305408375,9.518424747914668,309.66984160038777
05081-Cleveland Township,081,82,252,3,337,724.1785825658328,54.5914600591263,0.1260797157541956,38.448015356368494,817.3441376970818
05081-Jewell Township,081,4,77,1,82,135.02437675972098,11.35890279389783,5.862659506527912,1.6488729862109752,153.89481204635769
05081-Burke Township,081,14,113,0,127,448.45333998674994,43.778307268475004,8.468093377254815,26.649734993444962,527.3494756259247
05081-Arkinda Township,081,6,12,2,20,186.11881528558268,50.896633520883185,13.061176165689961,7.639551016733665,257.7161759888895
05081-Johnson Township,081,72,124,6,202,177.10604575240765,23.251133276185023,15.40367001267753,16.715269252486,232.47611829375623
05081-Lick Creek Township,081,20,152,3,175,306.6886406330208,11.76229061920593,1.4475279807703523,18.4058461036503,338.3043053366474
05081-Jackson Township,081,29,300,5,334,635.3609070738918,198.1108009948351,84.51888153211557,47.03140198078288,965.0219915816255
05081-Caney Township,081,21,90,3,114,180.19780610374812,15.158716683090391,7.825549775629852,2.2005801466678183,205.38265270913618
05081-Little River Township,081,6,227,4,237,329.39045028165185,31.073942690311704,14.589265032512087,4.859441556989153,379.91309956146483
05083-134 - Boone WD 1,083,53,274,7,334,449.31106102904494,0.47664011998777234,0.27733691848401426,9.15537266874373,459.2204107362605
05083-106 - Ellsworth,083,37,270,6,313,260.24695237516784,1.3904426647888525e-05,8.31932577515223,8.427229193707758,276.9935212484545
05083-136 - Boone WD 3,083,93,346,7,446,380.62036146790314,82.04711007746691,52.179913737125325,0.45660305107232313,515.3039883335678
05083-109 - Mountain,083,11,63,0,74,728.4505856232845,0.0001842172254372029,11.89128659708065,35.93388492778173,776.2759413653723
05083-103 - Clark Rural,083,24,98,1,123,343.6334050727056,3.808397832818148,7.575272289590864,8.434705643178336,363.45178083829296
05083-122 - Morrison Bluff,083,11,30,0,41,32.402021186387394,0.0,1.2521459034739535,1.0764061275477845,34.73057321740913
05083-135 - Boone WD 2,083,79,310,10,399,497.7461261100739,37.88869620618914,42.75930773211985,2.341457187144167,580.735587235527
05083-140 - Reveille City,083,40,196,1,237,26.03982330250812,0.0,0.7346020803766434,1.9996079538185687,28.774033336703326
05083-105 - Driggs,083,19,196,4,219,412.1706429467571,0.0,5.530613398055512,15.227382551742021,432.9286388965546
05083-113 - Shoal Creek,083,68,277,7,352,386.2387766590484,0.0,14.985470155000653,14.090102915242849,415.3143497292919
05083-121 - Ratcliff Rural,083,21,45,3,69,198.86875064566814,0.0,4.995593439086128,13.559310195197389,217.42365427995165
05083-138 - Cauthron,083,19,119,3,141,439.02062612662263,4.533161315962929,14.994302814338921,38.70623573624641,497.2543259931709
05083-107 - Johnson,083,12,97,0,109,138.58455413377695,0.014944960163853903,0.7809555895060818,2.6306042147896136,142.0110588982365
05083-111 - River Rural,083,46,92,7,145,448.96278964918855,0.0012621520378702138,17.354301325943897,14.91357380696758,481.2319269341379
05083-144 - Sugar Creek,083,22,182,3,207,364.38033513279333,1.567611162766958,6.872149130994611,21.48296928809286,394.30306471464775
05083-120 - Ratcliff City,083,14,54,0,68,74.58956671097867,0.0,1.8736754803794973,5.085671881061515,81.54891407241969
05083-139 - Petit Jean,083,18,90,2,110,317.06647231450324,7.039025043104783e-05,2.5171879240089177,12.078938212644802,331.66266884140737
05083-141 - Reveille Rural,083,42,218,7,267,522.1908206006557,0.0,14.30354896209809,38.46871880236956,574.9630883651233
05083-116 - Sht Mtn WD 3,083,63,209,6,278,243.23751984024526,3.078609052698857,3.8741265045435975,8.862880198708162,259.05313559619583
05083-115 - Sht Mtn WD 2,083,84,314,7,405,345.8008209397659,10.841967684050148,6.377407730571451,41.03073572463029,404.0509320790178
05083-114 - Sht Mtn WD 1,083,120,360,13,493,400.15393549153123,0.4052917337308224,11.684513897989136,7.685496644942532,419.92923776819373
05083-102 - Clark City,083,39,124,6,169,25.35419946880222,0.03927220827931193,0.2051037959546996,0.40684140262831536,26.005416875664544
05083-119 - Caulksville Rural,083,29,150,8,187,543.2065508003061,0.00023142988130951152,12.377848843696562,33.200505706229414,588.7851367801134
05083-110 - River City,083,19,67,1,87,12.117779092837663,0.0,0.46828027680796397,0.40255672918579355,12.988616098831422
05083-101 - Clark Crossroads,083,29,128,5,162,238.26443972815753,6.352273239810977,6.5425670398033535,8.391292189803755,259.5505721975756
05083-117 - Sht Mtn WD 4,083,118,438,10,566,2327.7190288335837,51.457842486988405,44.35136186629001,123.9498614541841,2547.478094641046
05083-108 - Logan,083,35,164,3,202,441.0111118115404,0.0,17.042463303903595,14.65053862967151,472.7041137451155
05083-146 - Barber,083,19,144,1,164,183.69572174624014,1.8967538262337538,6.273963232876604,16.19561043764675,208.06204924299726
05083-118 - Caulksville City,083,17,85,3,105,55.4464660642292,0.0,1.3927940040057574,3.7804408680156274,60.61970093625059
05083-145 - Washburn,083,49,278,10,337,835.612378326361,0.0,6.136612531912833,20.807710718983575,862.5567015772574
05083-132 - Blue Mountain City,083,4,33,1,38,12.130319138032862,6.662647929108635e-06,0.269482119707579,0.7926897201799358,13.192497640568304
05083-133 - Blue Mountain Rural,083,4,24,0,28,183.10807230233186,0.0006135610349215645,5.132508342739313,13.997394314457718,202.2385885205638
05083-137 - Boone WD 4,083,100,588,17,705,1806.3471186558068,57.51513537032465,76.82314998728366,56.39387550733001,1997.0792795207449
05083-104 - Delaware,083,46,218,9,273,735.2721698225429,0.00010749202240886718,34.63586517808499,28.388252779758897,798.2963952724092
05083-100 - Cane Creek,083,41,176,5,222,458.82759186564533,0.0,20.04213427663263,16.714701666067732,495.58442780834565
05083-147 - Tomlinson,083,19,110,1,130,297.4671503094278,3.0715207193428897,10.15964545628802,26.22610244261505,336.92441892767374
05085-12 - Carlisle City Ward 3,085,63,192,3,258,23.802330676101384,1.6442112655654009,0.0,1.5078288998114007,26.954370841478188
05085-11 - Carlisle City Ward 2,085,52,73,1,126,18.69325114224747,1.7132866600126828,0.0,1.273652667420127,21.680190469680277
05085-37 - Lonoke City Ward 4,085,59,125,1,185,25.3132565248875,5.392414082732078,0.7099394013577163,0.10132515883446508,31.51693516781176
05085-53 - Lonoke City Ward 5,085,98,71,6,175,26.661208840357006,13.838130786641983,2.3305045539433857,0.1781190749023937,43.00796325584477
05085-36 - Lonoke City Ward 3,085,43,69,0,112,16.801666812636007,4.074032483771917,1.308448388948645,0.1189498535407859,22.303097538897354
05085-30 - Coy City,085,6,38,0,44,3.2213112592442696,0.5707663153515332,0.26583636605413874,0.281473799351441,4.339387740001382
05085-01 - Allport City,085,25,4,2,31,0.8662066419844427,0.49893190172198504,0.0006595116367268482,0.03801199829712202,1.4038100536402767
05085-28 - Humnoke City,085,6,102,0,108,1.290624812571841,0.7481882971430962,0.0,0.05611412228573221,2.094927232000669
05085-33 - Keo City,085,37,73,4,114,43.94978933096792,8.715089015633074,0.7523582365129252,1.4420106622553255,54.85924724536924
05085-41 - Pettus TWp,085,15,37,1,53,280.2799672848902,55.166201749122294,11.684391472511274,14.304438814265364,361.4349993207891
05085-46 - Walls TWP,085,6,19,0,25,87.99717879176117,30.65135224996625,7.294211886277559,2.4258834425836135,128.3686263705886
05085-35 - Lonoke City Ward 2,085,54,156,4,214,101.3321521907575,23.13179127617802,8.027798811667942,0.8974586026840475,133.3892008812875
05085-10 - Carlisle City Ward 1,085,88,349,11,448,357.2236771371859,28.819496614193977,0.0,26.752680075433844,412.7958538268137
05085-21 - Fletcher TWP,085,9,53,0,62,188.0657863201135,14.59675869881156,4.920808582889655,10.27789809581291,217.8612516976276
05085-44 - Richwood TWP,085,10,33,0,43,120.03365391250568,61.500620478441355,18.579929652719304,2.6205315439547325,202.73473558762106
05085-54 - Lonoke City Ward 6,085,127,44,1,172,0.8520312246802086,4.371168111173239,0.20983510000289463,1.9382196773021676e-05,5.433053818053115
05085-56 - Lonoke City Ward 8,085,82,195,3,280,17.024616300649505,3.6262432720383444,0.47668925641818616,0.06809846520259802,21.195647294308632
05085-55 - Lonoke City Ward 7,085,79,122,2,203,12.781983802459033,2.723149267131885,0.35792159057798534,0.05112746065543917,15.914182120824343
05085-34 - Lonoke City Ward 1,085,62,122,7,191,194.39618140196137,42.97311486848649,10.222350611521309,1.2147602228095544,248.8064071047787
05085-40 - Oak Grove TWP,085,361,1837,51,2249,4079.4916964301437,136.70515492053752,127.24511167422831,199.07670731942775,4542.518670344338
05085-22 - Furlow TWP,085,103,266,8,377,515.6221998948093,12.985749127799583,75.65760732518635,14.351774542981005,618.6173308907762
05085-08 - Cabot City Ward 4,085,567,1792,51,2410,4094.4607484795474,256.3044266263431,188.72658497415074,209.15438257332846,4748.64614265337
05085-24 - Gray TWP,085,284,796,19,1099,3118.2837393391937,179.2162814861645,133.99685236994685,49.112985115812585,3480.6098583111175
05085-49 - Ward City Ward 3,085,147,604,17,768,306.9749828866303,14.61892643166828,22.257005911579686,16.402514122381668,360.2534293522599
05085-14 - Cleveland TWP,085,27,80,0,107,391.43569066665157,11.008052229719198,35.37704702894456,14.012065578388695,451.832855503704
05085-42 - Prairie TWP,085,37,185,3,225,463.71164626244854,6.128942102471585,2.9326547107474585,14.372007209033825,487.1452502847014
05085-47 - Ward City Ward 1,085,140,544,13,697,277.9495059411094,20.013065932336332,15.782347948148637,24.102921685665393,337.8478415072598
05085-16 - Eagle TWP,085,153,980,19,1152,2352.5062418129537,12.309787334860626,10.362613376777695,39.12085288230682,2414.299495406899
05085-23 - Goodrum TWP,085,192,1037,20,1249,1684.5832340508916,44.05391602464121,27.22094174763673,27.089706344799524,1782.947798167969
05085-07 - Cabot City Ward 3,085,627,1944,56,2627,2738.3088241797977,160.140616146566,84.67005681969917,139.6855113470547,3122.805008493118
05085-05 - Cabot City Ward 1,085,509,1407,52,1968,2611.449822275272,73.86532160680933,132.8187359117926,130.33223370245,2948.466113496324
05085-48 - Ward City Ward 2,085,135,579,17,731,549.112621821352,56.80152104176363,27.019267864949846,56.08291703357857,689.0163277616441
05085-50 - Ward TWP,085,85,452,10,547,2371.41258801978,34.72839787238516,162.62109401346845,136.34507442588867,2705.107154331522
05085-29 - Indian Bayou TWP,085,9,35,1,45,174.58808707081496,32.47102310747681,14.094654227346345,15.08920674341631,236.24297114905443
05085-09 - York TWP,085,119,448,11,578,2164.7917319892804,44.683373993927944,69.75116432867392,84.10037090937863,2363.326641221261
05085-03 - Austin City,085,251,1064,33,1348,1033.3730839702444,55.371993639851354,50.715421455654116,46.51618140322779,1185.976680468978
05085-13 - Carlisle TWP,085,210,975,26,1211,1001.9522404104181,68.9347330968527,1.3510779536015907,56.46870286060694,1128.7067543214794
05085-38 - Lonoke TWP,085,100,294,6,400,2664.4893755682297,930.7225094313413,220.0784469446577,35.56759161993083,3850.8579235641596
05085-39 - Magness TWP,085,162,840,27,1029,2210.0595688484837,16.721567038734804,83.26945705066481,84.71598258034383,2394.766575518227
05085-02 - Caroline TWP,085,11,144,4,159,3828.9216225844048,184.23816959406977,204.36447466825456,165.62068454674537,4383.144951393475
05085-32 - Lafayette TWP,085,5,24,0,29,124.27058291514882,24.641643450507512,2.127336737277921,4.077319178130748,155.11688228106502
05085-45 - Totten TWP,085,26,153,9,188,589.4683800220428,20.134024603866386,3.4673980282773322,17.730226125731576,630.8000287799181
05085-25 - Gumwood TWP,085,14,45,0,59,1233.2474343851218,360.7899626590602,17.76942730024708,85.84092115826118,1697.6477455026902
05085-31 - Isbell TWP,085,2,57,1,60,225.95418579855308,45.86053365312293,0.8197972142411251,9.899170894675256,282.5336875605924
05085-26 - Hamilton TWP,085,1,33,0,34,219.42857253263037,4.669429123072851,0.2070180110112424,9.109937604398059,233.4149572711125
05085-51 - Williams TWP,085,107,174,3,284,157.87260419140014,31.346979716380336,2.703467200627079,5.180561711488174,197.10361281989572
05085-15 - Dortch TWP,085,23,52,1,76,109.63245779926696,30.49933039129493,5.704625525486572,3.291768406111012,149.12818212215947
05085-43 - Pulaski TWP,085,123,41,3,167,66.47294106661968,41.208518417600004,13.428146101863605,1.1951041848682438,122.30470977095155
05085-04 - Butler TWP,085,184,1081,18,1283,2100.0643225623503,11.971881982430219,71.66442486491479,71.53347040395971,2255.2340998136547
05085-06 - Cabot City Ward 2,085,807,2781,58,3646,3236.4982309039383,38.160321479986735,45.110547503718536,98.64747338692703,3418.4165732745705
05085-27 - Crooked Creek TWP,085,11,93,2,106,202.38358099896737,87.93190475377385,6.025118529441061,12.00219008914815,308.3427943713304
05085-17 - England City Ward 1,085,50,213,9,272,31.557204826493397,4.999775427295836,0.35814495746734226,1.7193551817590473,38.63448039301562
05085-18 - England City Ward 2,085,84,94,6,184,10.066233864809297,4.2414830659667935,0.011082828357152614,1.5680348872014642,15.886834646334705
05085-19 - England City Ward 3,085,162,33,2,197,7.838355446606629,6.065787642310748,0.19783435003035912,0.9718894665025628,15.073866905450299
05085-20 - England City Ward 4,085,41,171,3,215,45.206745331085784,2.083395943430881,0.7990451305338641,0.11698491384658857,48.20617131889711
05087-Huntsville Ward 2,087,45,80,5,130,26.116146834714158,0.16136112116440288,1.0834433250393714,1.3138572352267046,28.674808516144633
05087-Alabam,087,203,777,15,995,1458.4848361390375,0.06520965625686262,49.87307002541677,106.30270195714466,1614.7258177778558
05087-Huntsville Ward 3,087,82,255,8,345,258.93530208394907,2.145475492049316,15.669823108023106,11.82299383977978,288.57359452380126
05087-Lamar,087,245,949,16,1210,1657.5015392194643,0.0,0.002281371858578522,78.356321819691,1735.8601424110138
05087-Huntsville Ward 4,087,60,160,7,227,60.98846581250038,1.029460251678542,8.424834780991656,1.6293257344864156,72.072086579657
05087-Huntsville Ward 1,087,23,99,2,124,81.77985725492405,0.23595007880899005,1.5842785342239492,5.374922795324213,88.97500866328122
05087-Kings River,087,88,451,6,545,874.5820015941932,0.0,0.7976784686810019,77.60909449838131,952.9887745612556
05087-War Eagle,087,305,1380,34,1719,3691.2497528431154,19.036005886541417,172.68171705531512,223.3887846034395,4106.356260388412
05087-Hilburn,087,193,673,14,880,1708.8677215772593,0.0,44.605969280293124,35.6616030130826,1789.135293870635
05087-Prairie,087,247,1061,18,1326,2111.813970526679,0.3276488073105209,110.30167172835108,61.58972748478391,2284.0330185471244
05089-Precinct 23,089,39,168,7,214,289.4505393883711,0.0,1.5326624128390185,4.935180685134195,295.91838248634434
05089-Precinct 17,089,70,321,8,399,130.95869434916955,0.10233064073802793,4.430016009754914,3.5519211060521694,139.04296210571468
05089-Precinct 08,089,144,786,11,941,2110.4508892791087,3.304638014742579,78.06247871781524,52.214070309483446,2244.03207632115
05089-Precinct 13,089,10,26,1,37,144.66342325667046,0.0,1.3360375420401567,14.001417525275528,160.00087832398611
05089-Precinct 25,089,71,323,2,396,567.690847482077,0.5777381085904146,12.538005032520584,36.53547347085356,617.3420640940415
05089-Precinct 11,089,14,66,3,83,15.989941041361089,0.03479800556782941,0.36025014777348285,0.375260570597378,16.76024976529978
05089-Precinct 28,089,27,113,1,141,60.63719633864623,0.06078030611200962,1.6164139028827995,1.9914989573672792,64.30588950500831
05089-Precinct 26,089,59,378,9,446,1196.1368159942474,3.2663608360187815,0.929258398367479,46.76892399527364,1247.1013592239074
05089-Precinct 24,089,28,132,0,160,125.25221459100557,0.0,3.929160000942748,10.260347227584028,139.44172181953235
05089-Precinct 18,089,35,187,5,227,217.99245771154915,0.44963978323155634,6.274077186003133,4.125729305506563,228.8419039862904
05089-Precinct 16,089,135,595,12,742,1791.7912580235725,5.050989094438874,46.51425764005969,65.96048552441847,1909.3169902824895
05089-Precinct 22,089,3,13,0,16,99.34184925988271,0.0,1.7049321436530827e-05,0.3839722723514816,99.72583858155562
05089-Precinct 30,089,84,336,6,426,277.91654423227635,1.357993916202416,7.897126124088412,6.408671163071356,293.5803354356386
05089-Precinct 20,089,59,260,2,321,395.0243480313568,0.0,0.08403012471612026,1.5908211010231978,396.69919925709604
05089-Precinct 29,089,5,12,1,18,48.629585482271295,0.25860364173414035,1.4914831975541616,0.7890444026200565,51.16871672417966
05089-Precinct 14,089,4,22,1,27,11.998318188534226,0.0,0.5453780994788284,0.568102186957113,13.111798474970168
05089-Precinct 19,089,63,252,3,318,1279.0260888259436,0.4011319553418497,45.54713440563352,38.481097651795906,1363.4554528387146
05089-Precinct 15,089,19,75,1,95,103.99450466366942,0.0,4.727022939257701,4.923982228393439,113.64550983132057
05089-Precinct 12,089,5,12,1,18,48.91748937556536,0.0,2.2235222443438802,2.316169004524875,53.457180624434116
05089-Precinct 10,089,17,99,1,117,371.2426565747039,0.1210514698928703,15.599236271615052,16.250002346352392,403.21294666256426
05089-Precinct 07,089,17,56,0,73,37.54295416331262,0.0,3.1719062606579103,1.8936753794972598,42.60853580346779
05089-Precinct 06,089,250,712,24,986,1118.2146208255772,0.0,40.92853877641289,7.123609209059627,1166.2667688110498
05089-Precinct 09,089,76,451,7,534,750.4127888681353,1.7033458731402483e-08,20.79824772624237,31.896841111177714,803.1078777225888
05089-Precinct 01,089,43,81,2,126,306.64196902331616,7.121707798359066e-05,9.266062911511579,26.768567971676053,342.67667112358174
05089-Precinct 04,089,36,87,2,125,203.07714245645326,0.0,7.299623579916456,21.853288646563588,232.2300546829333
05089-Precinct 03,089,61,236,5,302,420.588708717531,0.0006949908738273076,5.809467476729085,16.782337916423675,443.1812091015576
05089-Precinct 02,089,92,326,3,421,596.6743263931804,0.0,0.0009552682296245889,0.0010754098618393482,596.6763570712718
05089-Precinct 21,089,6,44,1,51,190.79735279903156,0.0,0.00010153330881703749,0.7376081301887005,191.53506246252908
05089-Precinct 05,089,29,61,1,91,79.22369831350538,0.0,0.0021619828415915415,0.03764651911779751,79.26350681546478
05091-Hickory St South,091,299,446,10,755,665.9954022320911,716.1703271758458,1.529842136469217,28.039551331762922,1411.735122876169
05091-Sandflat,091,168,136,8,312,642.9174274302718,562.5065035863759,45.81981580361678,80.50162021224665,1331.7453670325112
05091-Central,091,38,682,7,727,756.5500009707214,10.895168945097792,32.364897632658185,32.305158761196196,832.1152263096737
05091-Genoa,091,80,936,7,1023,1706.7286075458794,104.6725167995548,33.76537199071625,126.52028341995494,1971.6867797561056
05091-Greenwich Village,091,116,984,10,1110,1244.5228796703543,66.9303862710865,26.585757300281088,61.135725612353454,1399.1747488540755
05091-Washington,091,271,55,7,333,251.97601149044573,958.3239320801109,0.012824720953978032,36.824464341080215,1247.137232632591
05091-Ozan Inghram,091,238,313,7,558,591.9790261188365,493.14927890441555,7.957130639385661,10.496563596259778,1103.5819992588974
05091-North Heights,091,492,760,21,1273,1430.75143238309,802.9129105256625,72.38511420929035,60.16298639398571,2366.212443512029
05091-Rondo,091,61,675,13,749,881.2284409267043,110.79503029590568,23.375577016310856,9.850013471408433,1025.2490617103292
05091-Garland,091,46,42,3,91,337.0885249675076,29.077076195540165,4.476429256182601,0.003455022076800941,370.64548544130724
05091-Sugar Hill,091,434,1264,23,1721,1267.5700025534788,294.4413633948261,69.18276738614244,12.552426388985147,1643.7465597234327
05091-Trice,091,329,551,13,893,1741.5789006717218,476.47023861876846,172.52199209151317,60.90410978205483,2451.4752411640584
05091-Mandeville,091,125,281,9,415,1245.0094075211541,133.24952048011698,39.74478386804865,22.12852659813183,1440.1322384674515
05091-Doddridge,091,71,360,2,433,809.8540540829272,77.35711398215486,7.421689030980435,21.24989141201535,915.8827485080777
05091-Hickory St,091,379,577,19,975,1391.5100889879382,1350.942906183086,56.7204994082983,150.25910490939867,2949.4325994887213
05091-Union,091,160,1653,10,1823,2862.7688167164315,164.29775250591948,122.09419599327508,116.5258315970959,3265.6865968127217
05091-Fouke,091,78,1320,5,1403,2299.8912421944483,18.809261694468976,59.69745324040137,35.82167557951445,2414.219632708833
05091-College Hill,091,350,457,17,824,1542.7227444661335,1291.5864597562388,194.90520911777708,150.3695324574642,3179.5839457976135
05091-Bright Star,091,34,350,1,385,762.3625498515787,97.58561214189749,4.561891639955572,26.214287574873424,890.7243412083052
05093-Joiner City Hall,093,117,176,4,297,518.0216908595079,283.8792140528864,1.1297357568600437,16.34425092424555,819.3748915934999
05093-Dyess City Hall,093,22,125,4,151,325.24895393086905,48.865487415187985,9.734988122419372,3.909902028104509,387.7593314965809
05093-Etowah Fire Station,093,27,226,7,260,1228.9984414717187,116.14335490350217,6.0130331499032454,6.7477704156208365,1357.902599940745
05093-Wilson Fire Station,093,46,285,8,339,147.56766916809647,35.260359503212506,6.822308722209363,14.773294064869965,204.42363145838831
05093-Keiser First Baptist Church,093,35,220,2,257,1948.4041004702501,2568.8170811228133,158.93661942235968,104.74555587344307,4780.903356888866
05093-Charles Strong Center,093,153,145,4,302,1.225674621656348,0.48571625873688096,0.129018381226984,0.2997780034391687,2.1401872650593816
05093-Birdsong Community Center,093,43,62,1,106,546.9055079682835,44.972848546851836,15.007450034605721,42.43071661228332,649.3165231620243
05093-Miss Co Election Center,093,682,1229,35,1946,1763.5488688440282,1837.2517348791391,84.83299124972353,136.06620364999685,3821.6997986228876
05093-Trinity Baptist Church,093,543,304,15,862,3457.2512139806186,3383.4057870654,163.58324521671253,126.65838828988632,7130.898634552617
05093-Richard B Harrison Multipurpos,093,573,115,19,707,64.7381192727149,6.429956893265505,0.7870817668137442,2.3591894180144464,74.3143473508086
05093-Armorel Planting Company,093,57,416,4,477,37.982633629002194,17.469473610210063,6.004295425257372,0.6609191252518035,62.11732178972144
05093-Leachville City Hall,093,58,600,12,670,967.2397923216155,13.999307489563957,56.76619898606959,21.80460114411009,1059.8098999413592
05093-Dell Community Center,093,37,307,4,348,2198.071165477148,357.4517136227669,136.32505604206503,62.136897738703496,2753.9848328806834
05093-Manila Police Dept,093,154,1352,15,1521,984.9115215583681,0.0,0.15440199432690183,28.285416962655724,1013.3513405153507
05093-Osc. Old Jr High Gym,093,834,734,36,1604,878.657263814408,748.138336265282,82.95660055887295,101.37411986411259,1811.1263205026755
05093-Gosnell Community Center,093,193,667,10,870,2334.15369326085,8.079607314219256,34.23923533740385,53.89611710488013,2430.3686530173536
05095-22 - Holly Grove Township,095,169,8,4,181,1.6255382316110492,1.5837926262029718,0.03748034732496999,0.03598113343197119,3.282792338570962
05095-31 - Roc-Roe Township/City,095,3,35,0,38,1.1021304452186613,0.34846771429707674,0.008103900332490156,0.027553261130466532,1.4862553209786946
05095-15 - Cleburne,095,15,12,1,28,25.19037191242965,51.447046230549816,6.129684712147776e-05,0.0003268297455001772,76.6378062695721
05095-18 - Duncan Township,095,25,31,1,57,222.25248473426262,165.38057371499735,1.637133937255348,16.18860137610167,405.458793762617
05095-03 - Brinkley Ward 3,095,151,124,6,281,49.05737837404895,48.5739760105926,0.0,0.08534406808514744,97.71669845272669
05095-28 - Raymond Township,095,1,23,0,24,53.477566436482334,4.359127710365948,2.263808416630458,2.17325607996524,62.273758643443976
05095-21 - Hindman Township,095,12,15,0,27,78.6384280650109,0.009122733166403416,3.4669690604185,3.328293992862919,85.44281385145872
05095-11 - Clarendon Ward 1,095,103,74,5,182,5.355392718409522,3.7013793061693328,0.0013767954690221216,0.4797476829861598,9.53789650303404
05095-12 - Clarendon Ward 2,095,54,113,1,168,3.343834898044854,1.6996147816434575,0.012431001138334653,0.1942325863957814,5.250113267222427
05095-13 - Clarendon Ward 3,095,52,88,3,143,2.744529673618546,0.8677557056293932,0.02018036524719519,0.06861324184046365,3.701078986335598
05095-27 - Pine Ridge Township,095,5,18,0,23,58.321380154456065,0.0,2.5714894247996503,2.468629847807664,63.36149942706338
05095-02 - Brinkley Ward 2,095,167,114,6,287,26.01129139460188,57.29257240139344,0.04767554222228575,2.960148445247678,86.31168778346529
05095-25 - Keevil Township,095,11,57,1,69,194.14862487037652,55.267635738784165,3.948010287239554,9.412547525944898,262.7768184223452
05095-01 - Brinkley Ward 1,095,111,177,9,297,23.702972100194224,24.817207531485977,0.0,0.5660084942975716,49.08618812597777
05095-19 - Fargo,095,22,7,0,29,6.405791478791782,7.219027068445154,0.0,0.024664953058317726,13.649483500295254
05095-26 - Montgomery/Smalley Townsh,095,6,31,1,38,79.90982302124547,163.16389046948552,0.0,0.00033302877100825526,243.07404651950205
05095-16 - Cypress Ridge,095,13,79,2,94,132.97131181753144,0.001980922409790294,5.862759736446199,5.628281603624889,144.46433408001235
05095-20 - Greenfield Township,095,8,56,0,64,246.29570303977258,266.3840422636137,0.0,3.749121679847398,516.4288669832338
05095-10 - Cache,095,6,40,4,50,480.5172221283841,171.89475300968266,4.661598609811158,18.96733167768189,676.0409054255598
05095-24 - Jackson Township,095,7,47,0,54,108.93971001162315,150.20471991850715,0.0,4.967391666700233,264.11182159683057
05095-29 - Richland Township,095,13,12,0,25,193.75153688678202,173.9818563774015,0.0,11.867181015602583,379.60057427978614
05095-30 - Roc-Roe Township,095,4,75,1,80,240.95917376761045,76.18577840903977,1.7716878596551384,6.02427182937668,324.94091186568204
05095-17 - Dixon Township,095,34,26,0,60,127.08409045540505,191.55767399315351,2.1950016469171296,12.187882038278557,333.0246481337542
05095-08 - Brinkley Township,095,10,123,1,134,470.9574313519043,387.84959117507685,1.4924034138742932,22.583405764068495,882.8828317049239
05097-03 - CADDO GAP,097,51,334,6,391,408.8119387104578,0.8427395896094645,12.848188396249757,26.7520332419474,449.25489993826443
05097-12 - ODEN - IN,097,16,76,1,93,6.090522750505503,0.0,0.2354747562891365,0.07637019122890913,6.402367698023549
05097-10 - NORMAN - IN,097,14,66,4,84,17.312604410828232,0.1740932287122392,1.179965216827399,0.9091535277194713,19.57581638408734
05097-01 - ALAMO,097,11,46,1,58,299.7412758106377,1.7134890284578425e-05,6.152998225200836,24.230461552272015,330.1247527230009
05097-02 - BLACK SPRINGS,097,45,213,9,267,551.2028646653566,2.463422870650636,23.496066920795087,13.831381024943157,590.9937354817456
05097-05 - CENTER,097,120,413,19,552,829.0003580176952,0.33159357519924165,2.4048242513367084,14.471155803626479,846.2079316478577
05097-09 - MOUNT IDA - OUT,097,92,337,4,433,1648.4032348999433,24.78706059907153,31.991397579025765,66.22037851930045,1771.402071597341
05097-11 - NORMAN - OUT,097,41,176,1,218,511.0507570322473,4.563095516665573,32.2299598461779,28.63253318379155,576.4763455788824
05097-08 - MOUNT IDA - IN,097,80,257,11,348,176.69055307116577,4.145445346923688,1.5118362919802675,6.505165933907919,188.85300064397765
05097-14 - PENCIL BLUFF,097,28,152,7,187,81.36734454551912,1.2640972616637969,4.694394048702263,0.5658920339956983,87.89172788988088
05097-16 - WASHITA,097,35,151,2,188,162.48882769975495,4.048918028102717,10.677656327147302,4.592811356894784,181.80821341189977
05097-15 - SIMS,097,26,103,1,130,103.89057632912848,3.6240896019364905,8.456208596039097,1.6553475236432235e-06,115.97087618245158
05097-07 - HOPPER,097,5,80,0,85,269.0874469197491,0.0,4.484618261404876,0.0006653206435518175,273.5727305017976
05097-06 - FANNIE,097,10,63,2,75,237.9451702139455,4.835919548304554e-06,6.305189984119211,23.540696740631773,267.791061774616
05097-13 - ODEN - OUT,097,35,245,6,286,763.4497233739005,3.7552711897132913,33.68843270587098,7.979782720393788,808.8732099898784
05097-04 - CANEY,097,36,275,1,312,238.65688073116894,0.000572121395826656,5.648253761861322,21.693364284989393,265.99907089941547
05099-BOD City & Rural St Rep 89,099,12,190,2,204,12.49405007826005,0.7186842965370825,0.3593421482685413,0.0,13.572076523065673
05099-Willisville City&RuralSt.Rep98,099,67,101,4,172,5.099106193285869,3.6879144423764956,0.18815890012124975,0.0,8.975179535783614
05099-Georgia,099,0,2,0,2,85.51206724688812,77.93544798504932,4.3093677188815365,3.112321130303332,170.86920408112232
05099-Emmet City Blvns S Dis,099,47,92,3,142,13.017163796585566,2.081385346771058,0.0008169482401724667,0.44611618193896324,15.545482273535761
05099-Ward 2 & 3 Prescott SZ 2,099,167,59,15,241,121.93075381883119,162.56303559621415,1.537619829312184,3.3479870316740143,289.37939627603157
05099-Laneburg,099,5,59,4,68,429.21024867788594,150.79005163970385,5.664254469690562,14.926497033259778,600.5910518205401
05099-Bluff City City & Rural,099,48,40,3,91,61.88158152544639,157.06066695377498,0.00047558190533311554,0.00040243357604044787,218.94312649470277
05099-Emmet Rural Nev School Dist,099,2,19,0,21,176.6544183361705,26.395899699083746,1.603153385108319,5.85741179847282,210.51088321883535
"05099-Ward 1, 2 & 3",099,115,289,6,410,199.81365612124853,136.27567302823772,6.81065050462921,0.001721740367274343,342.90170139448276
"05099-Ward 2, 3 & 4 Prescott SZ 1",099,105,53,3,161,73.194604188922,45.7708191054557,3.0658647220324773,0.11749390973747438,122.14878192614765
05099-Rosston Rural St Rep 98,099,12,12,0,24,136.11552526406422,106.83482299328305,4.852071980131339,3.2575613370922635e-05,247.80245281309197
05099-BOD Rural Nev SZ 3 & St Rep 89,099,7,20,0,27,158.05487357879053,9.25934312442928,4.547456390451575,0.0005803209558599703,171.86225341462725
05099-Georgia Nev School Dist Zone3,099,7,79,1,87,36.077803897857436,34.59691857129611,1.7649949132553313,1.2747185484621837,73.71443593087106
05099-Laneburg Nev SD Zone 3,099,12,95,1,108,68.6652691590116,10.136701727022082,0.23630001400785616,2.0709001798759163,81.10917107991746
05099-Rosston CitySalesTax & StRep89,099,55,26,3,84,18.063100147369305,16.16595005871106,0.9079245478580802,0.6610952576857576,35.798070011624205
05099-BOD Rural St Rep 98,099,19,94,0,113,291.71443254517976,22.17900116996568,6.9980980279954705,1.6915400769837314,322.5830718201247
05099-East & West Rural,099,111,651,8,770,1914.9752764967197,731.0296852900832,161.4075460672794,25.355763198880734,2832.7682710529634
05099-Rosston Rural St Rep 89,099,43,45,0,88,118.1123622757972,146.14959495275178,3.7468599690841735,2.82805073016907,270.8368679278022
05099-Willisville Rural St. Rep 89,099,6,36,0,42,166.4910778620663,110.40298881934534,5.991725283816972,0.3121700447964945,283.1979620100251
05101-Richland,101,12,134,0,146,221.4837771398834,0.0,0.00026454880556741646,12.791652151672736,234.27569384036173
05101-Hickory Grove,101,6,42,5,53,46.93507537681154,0.0,0.4946483622383972,1.7161247946563034,49.14584853370624
05101-Polk,101,7,79,1,87,328.7568852631365,0.0,0.00024152013526980543,31.768549109454202,360.525675892726
05101-Lincoln,101,13,96,0,109,122.48243939162944,0.0,10.838542448811854,4.214581981305489,137.5355638217468
05101-Big Creek,101,18,111,4,133,281.2906718522786,0.0,0.0,27.772818768295203,309.06349062057376
05101-Murray,101,31,19,3,53,78.8017043043638,0.0,4.665257867930927,2.775319741763893,86.24228191405862
05101-White,101,20,360,2,382,232.44984095065536,0.0,4.133139742781904,19.5913047243447,256.1742854177819
05101-Grove,101,48,407,3,458,551.3627980123015,4.857991075578491e-05,0.00027873057463771484,11.956642060929704,563.3197673837166
05101-Hasty,101,11,137,2,150,453.583157164847,0.0,0.0,10.20668639549529,463.78984356034226
05101-Hudson,101,62,184,6,252,208.81702724220597,0.0,19.044471368656122,7.169683338788188,235.0311819496503
05101-Van Buren,101,29,49,1,79,232.40845040829714,0.0,4.295618741444951,9.941701762355978,246.6457709120981
05101-Jackson,101,94,367,6,467,315.1640784694208,3.758393662289149,14.883401483724217,9.944569081480722,343.7504426969149
05101-Mt Sherman,101,32,127,2,161,311.9029521303064,5.200144986536485,11.750198481233568,7.213170749572363,336.06646634764877
05101-Low Gap,101,36,96,3,135,216.31878963261312,0.0,11.615830826616593,11.062207317612884,238.99682777684257
05101-Dogpatch,101,94,321,8,423,802.1170629400962,5.0461948316620875,5.7686077555937825,26.79280242329507,839.7246679506471
05101-Ponca,101,67,206,5,278,450.80797214349764,0.0,3.46920420644759,32.34422754095006,486.62140389089524
05101-Boston,101,7,50,1,58,106.25042692787171,0.0,0.000551713106381739,3.9159322162558534,110.16691085723394
05101-Jefferson,101,17,97,5,119,183.3412172165977,0.0,0.016494515520135932,6.756600192425231,190.11431192454307
05101-Pleasant Hill,101,40,181,6,227,267.1217907928637,0.0,10.031950093248687,10.099685130971329,287.2534260170837
05103-016-County 008,103,36,2,2,40,167.8044571467505,207.89331354911735,9.249935684782816,3.239080378062482,388.18678675871314
05103-017-County 010,103,0,26,0,26,94.06387438639734,26.07520131861117,1.1588978363827187,1.1588978363827187,122.45687137777395
05103-004-Camden,103,415,652,18,1085,919.3515946725421,609.4723984238784,80.377908101345,46.91377801890535,1656.115679216671
05103-013-County 004,103,183,365,8,556,799.5736998915904,616.3647696602876,0.9605165367734756,15.765032241871513,1432.664018330523
05103-008-Louann,103,17,32,1,50,2.4099574906072307,0.19986888279358211,0.0,0.038436323614150406,2.648262697014963
05103-009-Stephens,103,166,114,9,289,76.15818826904257,128.99416454186957,0.0,5.1965766637755735,210.34892947468768
05103-001-Camden,103,559,518,29,1106,729.9880164091572,743.0013448533333,27.69859429800358,24.29762604999013,1524.9855816104844
05103-003-Camden,103,274,63,7,344,287.20284880434946,867.4880063313207,24.796579561050894,23.188779618534316,1202.6762143152553
05103-002-Camden,103,438,118,8,564,245.16928665948313,1010.1283956267052,0.5805813664970612,13.515737378285314,1269.3940010309707
05103-015-County 007,103,104,372,5,481,917.7821137813585,432.8633097576449,22.674476397335155,15.529334372492848,1388.8492343088315
05103-007-East Camden,103,73,165,7,245,73.47143726025398,25.686098346315035,2.8256299244637937,4.863640897612866,106.84680642864566
05103-010-County 001,103,128,378,11,517,774.9327054103883,335.39253826463613,6.416472986985949,10.59285664724094,1127.3345733092513
05103-014-County 005,103,163,276,4,443,1670.8457786012282,802.012834733192,0.0002973367417240942,43.54538996419587,2516.4043006353577
05103-018-County 011,103,350,338,15,703,388.17885676914426,325.6064542217093,14.647074670755991,17.2536457166866,745.6860313782962
05103-006-Chidester,103,143,243,9,395,30.43603553779849,17.550351700158622,0.0,1.310972841617664,49.29736007957477
05103-005-Bearden,103,132,160,10,302,103.9488573319464,42.79200817392851,3.5796602301998037,2.1477961381198822,152.4683218741946
05103-012-County 003,103,163,721,10,894,1320.9546695270355,275.421600689112,2.8549445923129593,30.758037159457388,1629.9892519679177
05103-011-County 002,103,68,513,5,586,1151.3801118496683,300.9539239910732,26.169602186659525,70.67288647312661,1549.1765245005279
05105-09 - New Tennessee,105,16,78,0,94,151.7962479267315,5.074377496786495e-06,1.0306325282956756,2.0796033062812778,154.906488835686
05105-16 - Union Valley,105,49,130,3,182,99.93238181030213,0.00039394217720544735,0.0,1.4418465154803801,101.37462226795972
05105-06 - Kenney,105,12,43,1,56,259.5658402875032,12.643180285324027,0.37740836672609035,2.700125572081324,275.2865545116346
05105-11 - Petit Jean,105,27,125,4,156,296.1047236905141,0.0001297923455514629,16.809917323164015,11.949404199986565,324.8641750060102
05105-12 - Rankin,105,122,412,15,549,889.9224071604585,0.0019593215333628296,0.000812429988539408,19.531476655491176,909.4566555674716
05105-01 - Aplin,105,22,120,8,150,108.85127836262726,0.0,0.39198718184192655,1.0400631745675266,110.2833287190367
05105-03 - Cherry Hill,105,15,101,2,118,214.5822913738814,0.0,11.525322123350616,9.195443720379798,235.3030572176118
05105-02 - Casa,105,32,188,2,222,361.0737747551361,0.0,15.351412868169628,9.515756014688993,385.94094363799474
05105-04 - Fourche,105,122,478,13,613,867.749339508292,36.99832273998998,24.797622755769712,31.667013221719166,961.2122982257708
05105-07 - Lake,105,32,194,6,232,392.99520542384244,0.40033673001094777,30.866483047742012,24.55430237141641,448.81632757301185
05105-05 - Houston,105,63,332,2,397,1076.6568543126166,30.68988529817666,17.55862190641806,21.850941797272394,1146.7563033144838
05105-13 - Rose Creek,105,11,88,3,102,217.11333247850513,0.0008200693710118135,9.308535118226144,5.749557373587405,232.1722450396897
05105-14 - Tyler,105,21,95,1,117,362.54165616261133,3.653301652000987e-05,3.131401416000846e-05,3.6642985073218317,366.20602251696386
05105-10 - Perry,105,87,330,12,429,483.88366722051956,55.68995156073476,2.046447566043054,0.6949794006335939,542.315045747931
05105-15 - Union,105,111,323,10,444,679.4969816332248,45.43692072088469,5.7649818564965996,7.973534450454109,738.6724186610602
05105-08 - Maumelle,105,56,194,10,260,403.65606503632574,0.0008575505827401911,4.843250080109166e-05,6.60416459128479,410.26113561069405
05105-17 - Wye,105,125,328,10,463,412.930687166364,39.15307915898739,1.168611630466258,4.762291505532324,458.01466946134997
05107-1st Baptist Church P5,107,612,82,13,707,134.89811374630324,897.1912526913214,5.859563393473807,13.38035734138257,1051.3292871724811
05107-2nd Baptist Church P3,107,550,308,9,867,301.31656638502875,939.8392912282511,47.73173312900968,1.8713329058748094,1290.7589236481645
05107-Elaine Votech P16,107,128,187,6,321,214.23306765446583,516.6319743663208,5.000000000000001,3.394165057342471,739.2592070781291
05107-Lakeview School Cafeteria P15,107,136,23,3,162,76.199606532491,93.35031044418554,0.0,1.832883100424847,171.3828000771014
05107-Marvell Fire Station P11,107,343,417,13,773,792.9237979320433,884.9902404594657,0.000678266190753541,65.33268374486029,1743.24740040256
05107-Lexa Fire Station P10,107,50,250,4,304,292.3313017538642,100.04400971348443,3.895980242742941e-05,0.00015161297300163897,392.375502040124
05107-Barton Fire Station P9,107,122,92,6,220,413.60215873959885,124.26906203947858,0.0,4.552903279019851,542.4241240580973
05107-Spring Lake Church P8,107,116,117,6,239,328.1573890302795,120.73440704789007,1.6065067961923636,13.31108221814039,463.8093850925023
05107-West Helena City Hall P7,107,147,320,8,475,818.2710626918827,1140.07400765503,0.2791735242385883,11.854941099275244,1970.4791849704268
05107-Cherry St. Fire Station P1,107,550,302,18,870,796.9586395569568,1931.4927864184833,21.522741465440628,57.46141426996735,2807.435581710848
05109-04 - Glenwood North,109,80,360,7,447,692.9749818263381,12.439648862738078,45.23899745720483,6.6629334499438055,757.3165615962248
05109-02 - Daisy,109,23,267,2,292,294.3120412032287,0.0,0.0,17.99080492024984,312.30284612347856
05109-10 - Newhope,109,11,194,1,206,209.03169238308232,0.0,0.0,13.044677650012119,222.07637003309446
05109-01 - Antoine,109,51,55,2,108,215.83380252453807,60.373882597531164,0.14118127708102124,6.8675777768319115,283.21644417598213
05109-11 - Pisgah,109,15,206,2,223,366.1755387936701,21.891569751321185,10.949210318690666,22.006327091839054,421.02264595552106
05109-08 - Murfreesboro East,109,98,412,3,513,907.8058429817058,17.062156133187322,9.7835391812751,46.518878271824576,981.1704165679929
05109-09 - Murfreesboro West,109,106,622,10,738,1351.979179644014,71.77033685452503,49.48300880919144,32.96965958136917,1506.2021848890997
05109-03 - Delight,109,45,367,7,419,711.3901916091354,45.00875168747482,27.80399325743882,33.87264633015705,818.0755828842061
05109-05 - Glenwood South,109,71,553,11,635,818.4660017389314,16.307958609144265,55.50709271391037,4.391012592623319,894.6720656546092
05109-06 - Kirby,109,48,476,5,529,588.2578333709364,20.08850065056305,20.088959087723868,23.72274589062444,652.1580389998478
05109-07 - Langley/Lodi,109,12,234,2,248,646.4395097915643,9.825676743166722e-05,0.00014058900064964534,34.942418833049516,681.3821674703819
05111-Bolivar,111,225,1156,26,1407,3118.8550649681747,56.3261026188744,35.78019273244712,56.22858180085526,3267.1899421203516
05111-Owen Fisher,111,13,81,2,96,150.55849784947563,0.0,0.0,0.0009200133223535012,150.559417862798
05111-Tyronza,111,32,304,3,339,673.8187990330907,6.32171375800095,0.0005319952598325423,50.09632151133718,730.2373662976886
05111-Willis,111,412,1866,36,2314,4985.897454965218,382.0025770456375,68.34048936460792,375.2492219318139,5811.4897433072765
05111-Lunsford,111,11,52,0,63,196.04455460569633,0.0,4.300418555575094,10.392678175973145,210.73765133724456
05111-Dobson,111,4,38,0,42,200.3168966308403,2.500985749628763,0.00042152706030108627,21.085798275201093,223.90410218273044
05111-Scott VV and WH,111,53,275,2,330,676.4255861437863,0.009559601397893844,33.97299847690048,5.575338656744352,715.9834828788291
05111-Owen Waldenburg,111,11,43,0,54,115.847287691562,0.8468632391569639,0.0,7.151290840250087,123.84544177096907
05111-Little River Payneway,111,246,636,17,899,1836.1609053618217,149.72627996318082,95.00724509111876,118.45472495035825,2199.3491553664794
05111-West Prairie,111,40,252,5,297,396.88876816974084,4.948179814731437,0.0001294691623895017,41.774369006087525,443.6114464597223
05111-Greenfield,111,50,437,10,497,1012.656894117098,3.38036811810855,0.0013284904788115242,1.4200573983834552,1017.4586481240689
05111-Greenwood Rivervale,111,138,591,12,741,1556.091073644404,182.0020907283681,127.6046117582433,148.58135056818082,2014.2791266991962
05113-17 - GRANNIS,113,20,206,4,230,697.8207781872088,7.572766730014764,71.39795031475384,18.273486139877615,795.0649813718551
05113-02- MENA,113,131,563,18,712,482.036722799805,0.027188984158325512,12.41903354087129,33.53841406792955,528.0213593927641
05113-08 - BIG FORK,113,15,81,1,97,263.3907351634347,0.0,44.96987734013132,33.98526313759341,342.34587564115947
05113-13 - HATFIELD,113,52,412,17,481,769.6879583317012,15.750628179330507,28.46386889458026,57.75788143135967,871.6603368369716
05113-06 - BOARD CAMP,113,68,350,3,421,700.9538205658217,0.0,62.94358129171527,71.02163833789426,834.9190401954313
05113-03- MENA,113,158,576,15,749,368.67878016320435,0.0,12.836054430497391,15.684800917162343,397.1996355108641
05113-01- MENA,113,95,527,23,645,536.734947052692,1.4441035390884445,6.6842565795073225,13.433755267140057,558.2970624384278
05113-10 - SHADY GROVE,113,66,389,6,461,534.3233725617238,0.0,16.444573181765975,12.02978036545297,562.7977261089427
05113-05 - INK,113,27,145,5,177,191.53774011740018,0.0,5.813443962325525,12.288596214344713,209.63978029407042
05113-04 - ACORN,113,73,756,17,846,1838.727281688779,0.0001917310731450426,13.912651963162354,86.21804234252016,1938.8581677255347
05113-07 - CHERRY HILL,113,58,323,6,387,648.2913376935469,0.0,21.99643443634461,34.558424062954884,704.8461961928465
05113-09 - DALLAS VALLEY/ SHADY,113,126,833,13,972,2587.2248139798503,6.569958681648535,96.12181180409358,144.7370548428739,2834.653639308466
05113-12 - POTTER,113,108,579,10,697,1423.19409169662,0.5763733091446632,52.89257894512821,79.38302348336204,1556.046067434255
05113-14 - COVE,113,42,399,7,448,326.07092075208124,0.6311232483718598,22.20042615125844,23.6254884666712,372.52795861838274
05113-15 - VANDERVOORT,113,33,242,2,277,489.7085253355378,0.0,54.93415806289882,25.431277513394555,570.0739609118311
05113-11 - ROCKY,113,31,228,4,263,723.2288517191538,0.0,6.186773135267441,43.16765971367553,772.5832845680968
05113-16 - WICKES,113,42,378,5,425,711.2339863971674,0.42581207691464434,116.76064816191612,43.856776667488916,872.2772233034872
05115-031- Pottsville Out 1,115,171,831,23,1025,1331.2667379345469,0.0019851412269224987,102.26185720330095,46.56537987200326,1480.095960151078
05115-056- Scottsville 2,115,3,38,0,41,141.96983097035624,0.0,2.997278426924065,9.48062352393918,154.44773292121948
05115-032- Pottsville Out 2,115,7,12,0,19,148.4789932008166,0.0,4.091341002028677,16.151902802332256,168.72223700517756
05115-005- Atkins Out 2,115,9,82,0,91,132.49357983106032,0.0,0.0005599326444904399,0.854641142058237,133.34878090576302
05115-041- Russellville 3-A,115,252,385,22,659,1087.7864247682053,36.51896771355685,191.67696933553785,81.04116770837743,1397.0235295256773
05115-050- Russellville 4-H,115,213,345,22,580,896.0407952518702,113.9935858873446,186.34947297357414,72.2062758770434,1268.5901299898323
05115-049- Russellville 4-G,115,6,14,1,21,262.1521027351498,3.517487501982905,1.323455218734206,9.365065849025994,276.35811130489293
05115-030- Pottsville In 2,115,10,67,5,82,120.37355882007706,0.012161342142826104,3.3751630744155214,13.08678480251864,136.84766803915406
05115-045- Russellville 4-C,115,116,184,8,308,803.7773998163408,63.06710535451889,46.35693717318427,100.61260723261569,1013.8140495766596
05115-053- Russellville Out 3,115,15,52,1,68,1534.6779238436882,59.064181364847094,146.6606755191607,83.75721856331982,1824.1599992910158
05115-042- Russellville 3-B,115,370,717,35,1122,2274.5398661002982,122.79425687544557,594.1159591784237,144.36135127976164,3135.8114334339293
05115-003- Atkins In,115,171,851,16,1038,471.4381221907712,9.16010124529058,0.3976573767621522,15.912032301202766,496.90791311402666
05115-029- Pottsville In 1,115,172,1017,25,1214,608.9295780827938,2.4960965225372678,79.63631494181423,26.881658276570235,717.9436478237155
05115-040- Russellville 2-C,115,127,209,13,349,815.7021453072294,39.285622556774015,204.3239280307313,59.659517704398155,1118.9712135991329
05115-011- Crow Mountain East 1,115,30,187,2,219,459.46912386140906,0.00034130970014715426,0.03581715739962737,18.943774682311126,478.44905701081996
05115-048- Russellville 4-F,115,51,77,1,129,577.2419284848313,65.96543380825207,184.87593598845712,16.92367001899049,845.0069683005311
05115-046- Russellville 4-D,115,47,62,0,109,629.0853999884816,80.13628622406902,109.00260767282857,28.541149912488713,846.7654437978679
05115-039- Russellville 2-B,115,653,1224,50,1927,2222.6169653391125,38.97179002319077,279.7104965849021,86.73297314891664,2628.0322250961217
05115-034- Russellville 1-A,115,101,87,5,193,1163.4134482610107,147.56744591672543,174.143342396765,29.691489451232883,1514.8157260257337
05115-038- Russellville 2-A,115,328,695,31,1054,1604.158491016399,29.37535233512347,103.74462766736012,148.97473171384837,1886.2532027327309
05115-006- Atkins Out 3,115,19,117,2,138,457.7633769767154,2.3159058276997357,2.1676600466612,9.843769281861217,472.0907121329375
05115-047- Russellville 4-E,115,1,3,0,4,14.470099539201808,0.08407438476919932,0.041036125037515296,0.7362936212227575,15.331503670231278
05115-036- Russellville 1-C,115,116,159,5,280,278.84231436300814,29.455063470267593,37.11033108689078,2.5247060549168543,347.93241497508336
05115-051- Russellville Out 1,115,100,430,9,539,1003.0516536496572,5.369666131419622,5.513182403770544,14.157964923983863,1028.0924671088312
05115-054- Russellville Out 4,115,227,770,36,1033,925.5831299193633,13.314097477522798,5.870529226228446,50.41337964255908,995.1811362656738
05115-044- Russellville 4-B,115,15,51,0,66,72.0799466138916,9.005518781247818e-05,0.3047349407815845,0.24393093822732748,72.62870254808833
05115-035- Russellville 1-B,115,351,1018,40,1409,854.2440430068295,14.21441155362651,85.69749515660307,14.56747694614916,968.7234266632082
05115-026- Moreland 1,115,17,144,4,165,622.9537632904743,0.5070725939816966,9.356098126583348,14.629225972569182,647.4461599836086
05115-021- London In,115,60,321,11,392,406.67965238287746,7.88219184077892,18.69962408674281,12.906788823937166,446.1682571343364
05115-028- Pea Ridge,115,26,304,14,344,619.4236145632169,1.7651227986694167,8.97836665541395,17.05766566577202,647.2247696830723
05115-017- Economy,115,31,169,2,202,538.0963328195775,4.21765686188255,0.7158084455687693,20.366607751895234,563.396405878924
05115-027- Moreland 2,115,6,77,1,84,197.8860457881764,1.52847534779053e-05,3.0385202785623546,4.304726130395432,205.22930748188764
05115-052- Russellville Out 2,115,100,290,5,395,1606.4305869718264,86.64740866165192,104.59151460441343,57.91061481528036,1855.5801250531722
05115-043- Russellville 4-A,115,214,447,19,680,521.7866639255716,19.671070257254115,16.16382022369967,11.616787113418734,569.2383415199441
05115-014- Crow Mountain West 2,115,111,432,15,558,1019.8060567232562,12.084418536497225,22.903709161723352,65.4407540045961,1120.2349384260729
05115-013- Crow Mountain West 1,115,102,543,15,660,1399.9003649995334,10.675738976445029,39.05501788592839,53.7848758242485,1503.4159976861554
05115-010- Caglesville 2,115,5,31,1,37,64.95717033342044,0.6583321793672061,0.0,3.4381020142423657,69.05360452703002
05115-015- Dover In,115,94,371,18,483,286.16898778180257,6.129703250815412,8.450338253564619,14.646767667937054,315.39579695411965
05115-009- Caglesville 1,115,27,169,0,196,188.96899230457223,0.6664049364043334,0.0004736447438880322,13.819349197335425,203.45522008305585
05115-008- Buck Mountain,115,52,271,3,326,523.7318958986501,0.0006410978674859892,1.3467447010287552,38.50372979235758,563.5830114899039
05115-002- Appleton 2,115,29,193,2,224,224.6892603620186,2.1641772178674104,0.23286309365752306,11.788106023985836,238.87440669752934
05115-019- Hector In,115,22,141,3,166,15.201085872013882,0.0,0.30038345064960986,0.6949076427839221,16.196376965447417
05115-001- Appleton 1,115,24,103,2,129,151.05333068380705,0.4792912665804648,2.163791920815637,7.02723346343189,160.72364733463502
05115-055- Scottsville 1,115,38,254,8,300,376.652706575637,1.3766932593384544,2.8207247784565035,14.875261939649146,395.72538655308114
05115-016- Dover Out,115,260,1348,41,1649,2634.917306452822,52.660115174875145,85.17735652183144,138.19531967711345,2910.9500978266415
05115-020- Hector Out,115,46,255,3,304,654.4916376983281,2.1445945243215388e-05,9.580175918542283,27.282469202201646,691.3543042650172
05115-004- Atkins Out 1,115,64,405,7,476,2051.0127775278756,28.06920146249101,0.04234113281176871,49.00016504990485,2128.1244851730835
05115-022- London Out,115,241,970,21,1232,3073.0460935731157,64.96696566479868,195.8189092778244,107.19316422957377,3441.025132745313
05115-007- Bayliss,115,66,319,15,400,399.895340151109,0.0,15.846168176272279,5.298351695384984,421.0398600227663
05115-025- Martin 3,115,14,62,3,79,47.27223972059133,1.5574501530439193,1.4813961117924836,3.8256566252828854,54.13674261071062
05115-024- Martin 2,115,24,135,4,163,304.96987684647854,2.4898635157843176,11.629631038994468,9.152778557582915,328.2421499588403
05115-023- Martin 1,115,84,330,12,426,420.92319730019284,14.339124300349782,13.315018217764521,35.05915235219972,483.6364921705068
05115-057- Nogo,115,8,53,1,62,442.4201210353658,0.0,8.677943423148383,18.381862126704466,469.47992658521866
05115-018- Freeman,115,4,43,0,47,706.4548224702845,7.316679076240386,6.946111421929697,22.58075311254389,743.2983660809986
05115-012- Crow Mountain East 2,115,37,254,4,295,455.01691790157037,1.680283994260743e-06,11.98709119838392,6.219778309019525,473.22378908925776
05117-Belcher / Tyler,117,12,104,2,118,380.5216546834357,14.16512335452358,26.523140149556202,2.633097715418835,423.8430159029344
05117-Wattensaw City Ward 2,117,24,31,0,55,9.436953863862582,3.997787371722765,0.0,0.2991541570676899,13.733895392653038
05117-Lower Hill City,117,34,80,3,117,5.893202144868308,0.0,0.15014527757626261,0.0,6.043347422444571
05117-Hazen Ward 3,117,40,104,5,149,112.30308389132209,20.3797520369269,3.6415786175540052,2.1813676164209275,138.50578216222394
05117-Wattensaw City Ward 1,117,13,32,2,47,6.204194839234181,2.628290032759149,0.0,0.1966747643561268,9.029159636349457
05117-Wattensaw City Ward 3,117,11,29,1,41,3.4071174019139447,1.4433609742978384,0.0,0.10800660351888586,4.958484979730669
05117-White River Ward 2,117,30,169,4,203,55.01646895394839,8.281478658189828,0.0,2.7801265458216546,66.07807415795988
05117-Hazen Ward 1,117,37,147,1,185,27.83010581518282,8.65143828574259,0.33475642604150374,0.4256326139643973,37.241933140931316
05117-Hazen Ward 2,117,35,143,4,182,37.54456129255002,9.678413855500313,0.7633815754713366,0.6400110566509767,48.62636778017265
05117-White River Ward 3,117,26,164,3,193,173.34138579209952,27.564151974774916,0.0,9.261726723921798,210.1672644907962
05117-Wattensaw Country,117,38,228,5,271,529.7742321434464,151.90335389933472,5.715120345886009,10.843033855478696,698.2357402441459
05117-Hazen Country,117,26,111,2,139,1126.1304427380105,251.96357697442653,31.167647754263996,17.024296196040225,1426.2859636627413
05117-Union,117,2,44,2,48,68.19472904030442,2.3017375719536575,4.997516378353852,0.4932310946481774,75.9872140852601
05117-White River Ward 1,117,47,115,0,162,74.46367059201,2.9628172352609274,0.0,0.9496047208230479,78.376092548094
05117-Roc Roe City,117,11,45,2,58,1.0054309217243558,0.07751119440606266,0.008858422217835733,0.0,1.091800538348254
05117-Calhoun,117,9,98,1,108,166.45181810137933,0.09777901960561139,0.0,0.028966439301578193,166.5785635602865
05117-Bullard,117,12,49,0,61,341.744897546492,0.001995224642539848,15.549697186938785,0.0010608491274840164,357.2976508072008
05117-White River Country,117,44,221,2,267,1053.5939314748036,125.0986551787499,1.352217650649761,41.979509018271834,1222.024313322475
05117-Des Arc,117,8,95,0,103,105.47631758827598,0.000800634792990177,0.0003682488051821056,0.0004672401334068517,105.47795371200756
05117-Roc Roe Country,117,6,94,1,101,290.8897296335443,21.362529293831575,4.232951014562375,0.19120024015526083,316.6764101820935
05117-Lower Hill Country,117,17,72,0,89,170.03403446240685,0.004627949180599714,3.8495769449038946,0.0003443398444696801,173.88858369633581
05117-Upper Hill,117,5,13,0,18,51.53296851986937,0.0021646877481379567,0.0,0.00015278489021801347,51.53528599250773
05117-Center,117,11,183,3,197,130.85870782181954,4.507429292529032,9.657321999578492,0.9657638607874193,145.9892229747145
05117-Hickory Plains,117,26,257,5,288,564.0098958858134,0.002928596024272285,27.02433706127443,0.006128030603057175,591.0432895737151
05119-Precinct 001,119,605,645,24,1274,1701.5772793173076,691.1047551957228,43.65726551752451,146.9126646141296,2583.2519646446844
05119-Precinct 087,119,464,206,24,694,882.0211626112061,0.09757810456512775,8.997713222238197,41.00497372849663,932.1214276665061
05119-Precinct 092,119,662,421,31,1114,1205.88993077847,50.917873398520065,8.800610631359556,30.74474960726943,1296.353164415619
05119-Precinct 031,119,762,933,47,1742,2293.507441374764,792.2795423892918,118.39796010915411,57.62427215939316,3261.809216032603
05119-Precinct 102,119,887,95,26,1008,450.2155234174892,1236.9971577686044,22.884273483832178,29.528107439101262,1739.625062109027
05119-Precinct 118,119,514,36,15,565,153.12831873659178,1203.564507384183,9.021706471441545,12.306360643487633,1378.0208932357039
05119-Precinct 117,119,723,64,24,811,396.1131819310118,1486.5789728888444,86.80451195883866,220.00142474928384,2189.498091527979
05119-Precinct 127,119,322,11,5,338,42.97484228034869,438.3230749573933,0.0,1.215047101306268,482.5129643390483
05119-Precinct 088,119,663,273,36,972,916.9344594389827,309.04198809617293,1.8501835838620135,30.018865208656855,1257.8454963276745
05119-Precinct 095,119,508,118,25,651,1002.3513897132159,150.78060408357678,36.00288502774007,86.53415875784351,1275.6690375823762
05119-Precinct 025,119,587,565,29,1181,1237.7383727437627,415.41601290294625,83.21779632241339,79.84687147882408,1816.2190534479466
05119-Precinct 113,119,436,72,15,523,119.4379120587312,912.3287322543579,214.9772512076442,13.888357643618937,1260.6322531643523
05119-Precinct 121,119,914,110,24,1048,1005.6547893987723,835.6353188480853,144.69272234223922,67.56674731539778,2053.5495779044945
05119-Precinct 119,119,666,46,12,724,354.84470041647086,1486.678338466246,13.664631181266905,62.96568613267851,1918.1533561966623
05119-Precinct 093,119,664,402,25,1091,1153.2133455338583,138.13386426789114,0.005830584983241124,53.93562433819173,1345.2886647249243
05119-Precinct 112,119,645,111,16,772,570.0825174624168,2267.89015862418,331.1785431660841,138.98219768339038,3308.133416936071
05119-Precinct 126,119,221,12,2,235,104.23719427960303,324.67786414106456,7.529093894432654e-08,6.366903923202487,435.28196241916106
05119-Precinct 098,119,938,135,29,1102,1152.4957647279186,333.8460419130907,48.66022295143874,79.45142909414655,1614.4534586865948
05119-Precinct 110,119,1140,159,16,1315,439.7321930491796,1801.4866264148598,350.9764050888616,33.02897724069484,2625.224201793596
05119-Precinct 111,119,697,82,14,793,121.01505905056487,1704.0740200635908,49.02357881101446,0.008395070361158408,1874.1210529955313
05119-Precinct 116,119,718,69,17,804,364.7418834296635,1960.0186718242865,95.6434745341527,77.54642432382533,2497.950454111928
05119-Precinct 131,119,356,44,4,404,742.0027955364269,831.2426376564667,51.71538712680173,92.2787219858192,1717.2395423055145
05119-Precinct 129,119,387,80,3,470,353.1186567546232,873.013745847274,30.374746353626797,25.607243984984414,1282.1143929405084
05119-Precinct 106,119,1357,183,23,1563,797.1289713514329,1861.878123644326,160.36292350919297,31.871597345662114,2851.241615850614
05119-Precinct 077,119,771,244,28,1043,1043.4348389176394,1102.3519891498252,147.92090353231734,184.81258251893746,2478.520314118719
05119-Precinct 123,119,350,229,14,593,888.4979128733701,915.0811698711825,70.60429049278021,33.762433400964156,1907.945806638297
05119-Precinct 107,119,627,139,25,791,365.16326031242625,1349.177048722784,526.9147175226392,12.594971114859696,2253.849997672709
05119-Precinct 074,119,959,317,23,1299,920.0683586098662,2007.3330311849577,80.67606357474864,53.39916713926863,3061.4766205088417
05119-Precinct 104,119,940,169,27,1136,762.1434141224482,1652.5164512814742,434.83548697554875,71.34497732451732,2920.8403297039886
05119-Precinct 115,119,647,109,19,775,1181.4298166988572,1907.976780385318,169.8598015205894,121.18807446073596,3380.4544730655007
05119-Precinct 114,119,572,27,13,612,188.4343815742182,1790.9065597768765,118.2345850891607,111.06225446973377,2208.637780909989
05119-Precinct 120,119,711,58,17,786,267.9100432662575,1237.4335804872549,25.67874326573747,130.4384412790985,1661.4608082983484
05119-Precinct 122,119,1050,62,20,1132,362.8619688976902,1734.604635968701,34.55900267763485,90.80356876049504,2222.829176304521
05119-Precinct 103,119,1238,122,23,1383,311.5685297831295,1423.5275406204025,437.8313080840537,28.867057004040518,2201.7944354916262
05119-Precinct 105,119,574,116,12,702,523.9474824691669,484.96862463307076,89.04145451154464,82.50424698215897,1180.4618085959412
05119-Precinct 101,119,1131,149,23,1303,868.3196470117808,2105.013812861951,8.164501531282033,184.10498925639064,3165.602950661404
05119-Precinct 073,119,989,624,58,1671,1479.1300799126977,577.2416300160947,61.93891823290849,260.1669467354319,2378.477574897133
05119-Precinct 072,119,1165,769,71,2005,1893.491610351278,438.937998346254,126.51138199052622,265.38313495248974,2724.3241256405477
05119-Precinct 128,119,282,131,10,423,174.45071068133063,559.6816905557293,0.00048325823033128256,37.12919733973537,771.2620818350257
05119-Precinct  100,119,539,111,8,658,917.8843010349249,1321.8233652637598,161.4379625923132,102.28787393324802,2503.433502824246
05119-Precinct 125,119,443,48,7,498,263.9839145511752,746.018095194294,14.242974733886129,34.57844495695604,1058.8234294363115
05119-Precinct 086,119,661,168,17,846,708.0506896856889,524.2094038971161,31.07898464008958,86.29256128226653,1349.631639505161
05119-Precinct 099,119,804,191,40,1035,1549.2982102610717,428.3285522110791,184.87001168844478,30.355754196306663,2192.8525283569024
05119-Precinct 071,119,674,406,42,1122,1716.4835454074325,937.8367340029201,183.99909652400578,118.17844290170707,2956.4978188360656
05119-Precinct 060,119,729,727,24,1480,1396.3585341452579,610.8153649121824,39.56764265706828,176.5255062174761,2223.2670479319845
05119-Precinct 070,119,509,310,22,841,731.574974058686,439.9527239938245,67.67493316891306,14.011140068882566,1253.213771290306
05119-Precinct 054,119,294,652,23,969,621.0465203090222,0.017676736674380054,16.384514943723183,15.301271782444593,652.7499837718643
05119-Precinct 094,119,1228,397,48,1673,2573.8620041609265,504.3713684222156,145.2846478199517,137.49451512739165,3361.0125355304854
05119-Precinct 081,119,854,509,46,1409,1480.1303428484478,370.35975540909396,116.05329394181724,117.4020455426818,2083.9454377420407
05119-Precinct 096,119,1700,363,45,2108,2788.70391661933,89.07251976571027,39.703842946917625,63.044516711621746,2980.5247960435795
05119-Precinct 085,119,954,399,39,1392,1712.1919881122847,608.2325224307868,0.9243054130335159,128.2050043244647,2449.5538202805697
05119-Precinct 083,119,735,317,31,1083,1091.3167246095338,691.8291371179395,80.42793649514617,96.36780263189203,1959.9416008545115
05119-Precinct 078,119,437,212,22,671,730.3521829520475,636.9452685569864,41.428946851996166,30.723014169985674,1439.449412531016
05119-Precinct 050,119,709,208,25,942,613.9766969327708,1528.8787472546728,14.240819976688442,74.18163297588708,2231.2778971400194
05119-Precinct 069,119,876,617,52,1545,1725.3057245869456,430.15844710185183,32.69794600542873,202.65513980204696,2390.817257496273
05119-Precinct 097,119,347,186,13,546,1066.8563134504907,478.680218109882,0.002604233763215128,111.69246746000296,1657.231603254139
05119-Precinct 089,119,704,327,31,1062,1446.0697934036202,190.65371880654016,15.704040061399615,45.01550302785072,1697.4430552994106
05119-Precinct 084,119,757,336,19,1112,1186.8350595537745,315.48609302801066,19.003694993022506,16.856861215120418,1538.181708789928
05119-Precinct 082,119,604,302,33,939,965.2484807460168,814.705178708742,47.19375084379983,29.10766284243858,1856.255073140997
05119-Precinct 068,119,1182,919,80,2181,1943.0567573645528,69.74763811245856,20.617911609589942,101.1670443925891,2134.5893514791906
05119-Precinct 066,119,960,431,34,1425,1549.3784514192314,432.47035107686077,185.96338532016236,123.26560966142114,2291.077797477675
05119-Precinct 016,119,831,205,23,1059,971.4527126809296,1696.516929288078,88.63370143755101,44.04290633992359,2800.646249746482
05119-Precinct 067,119,751,763,48,1562,1756.8596520967017,744.7667222819889,0.020956565717591618,34.000497978136025,2535.6478289225442
05119-Precinct 024,119,325,313,22,660,708.8753908196803,176.72776395892222,16.029163045349055,64.44671365104158,966.0790314749933
05119-Precinct 061,119,893,704,66,1663,1844.403143584138,300.0799960065624,11.264756997315107,264.851069908037,2420.598966496052
05119-Precinct 062,119,584,950,51,1585,1495.5432164917988,19.78754116979247,0.0029429657445506187,101.4501212738327,1616.7838219011685
05119-Precinct 091,119,726,414,48,1188,1634.5508168577226,168.16386130941532,4.200911656132784,52.592267821173955,1859.5078576444448
05119-Precinct 017,119,1011,515,42,1568,1984.8089680925573,754.0802834378067,208.90522908034893,148.11107686109963,3095.9055574718122
05119-Precinct 015,119,1030,270,48,1348,1531.5139667196156,2279.1255976663037,98.54652638995081,92.19699279221248,4001.3830835680824
05119-Precinct 090,119,760,451,37,1248,1581.7212735656387,16.965736231147826,16.716918431509853,35.567667552290274,1650.9715957805868
05119-Precinct 079,119,505,454,21,980,1374.4473114021523,362.1604709413729,0.013621783246789728,80.6906941968249,1817.3120983235967
05119-Precinct 019,119,866,581,52,1499,1960.4486161461114,34.181794461542296,26.00205161470628,45.99919651661393,2066.631658738974
05119-Precinct 026,119,464,405,25,894,927.6448657682026,553.3340685044282,35.336358338477844,16.355564253104514,1532.6708568642132
05119-Precinct 021,119,980,847,65,1892,2818.3162653559316,348.6743499657302,21.460203342504588,46.440844749409315,3234.8916634135753
05119-Precinct 080,119,848,438,35,1321,1189.879700998318,6.218076878709108,7.056409099015063,66.15594995646174,1269.3101369325038
05119-Precinct 020,119,426,274,28,728,1068.067803540853,186.7174351965458,0.6836805445232159,11.685325554803473,1267.1542448367254
05119-Precinct 023,119,499,507,30,1036,1082.1103639041191,282.5049228681781,26.340107806768636,168.60755153663456,1559.5629461157005
05119-Precinct 049,119,594,78,14,686,666.0307851049715,2514.817044674315,83.93376033431315,77.11370982199502,3341.8952999355947
05119-Precinct 065,119,686,593,43,1322,1616.0488512561153,540.0332135394152,104.39292647297384,46.23213913831991,2306.707130406824
05119-Precinct 064,119,1025,1187,62,2274,2389.114539353497,702.354856536982,66.06458496527013,229.61296556372204,3387.146946419471
05119-Precinct 063,119,828,1061,57,1946,2162.492098034165,173.5440729425336,19.548146869909477,159.75244031170047,2515.3367581583084
05119-Precinct 027,119,596,731,34,1361,1708.7835844051558,383.90786788903506,115.99191941969349,12.907970168371126,2221.5913418822556
05119-Precinct 022,119,891,531,46,1468,1486.5753584430556,1201.787593515261,146.79189001908532,154.93506742705057,2990.0899094044526
05119-Precinct 014,119,650,359,38,1047,1183.2060136317496,1844.6514966673817,285.15102648189423,165.17594294591953,3478.184479726945
05119-Precinct 055,119,661,792,44,1497,1301.049255241416,160.99482174102005,66.9966238578225,79.01072200969142,1608.0514228499499
05119-Precinct 012,119,537,358,22,917,1335.765158479621,985.091530237377,46.895944617923405,80.86989363610684,2448.6225269710285
05119-Precinct 009,119,532,228,17,777,256.02393037436474,364.4463864782556,48.04604919664825,74.8594677768234,743.375833826092
05119-Precinct 018,119,815,302,27,1144,847.8175929811823,1417.8581706557234,226.3811331089002,23.996466172613317,2516.053362918419
05119-Precinct 028,119,824,990,48,1862,2052.980839751899,501.448811698873,114.96260706607369,21.30422424721478,2690.696482764061
05119-Precinct 029,119,584,724,38,1346,1455.9000098274296,437.818682738629,36.35367492790967,76.79407306084997,2006.8664405548182
05119-Precinct 048,119,1042,238,25,1305,1034.362997382507,1022.2322519809096,137.16158784424317,71.69685400208971,2265.4536912097496
05119-Precinct 056,119,833,841,55,1729,866.5641377043073,394.5420024874272,55.9872985579713,219.83923477361444,1536.9326735233203
05119-Precinct 030,119,739,648,33,1420,2167.425847502381,718.1726181151489,46.54374993373638,31.660618559238095,2963.802834110505
05119-Precinct  010,119,638,307,27,972,1330.9747615568645,2311.6482305498917,223.4560751370417,343.4194605752148,4209.498527819012
05119-Precinct 005,119,872,1116,52,2040,1620.1250857136315,187.39348228494282,39.66755132649199,136.8582979777763,1984.0444173028427
05119-Precinct  032,119,1084,1026,40,2150,1882.0740953182674,1169.911005590149,225.82846822742897,221.11140222676454,3498.92497136261
05119-Precinct 036,119,938,938,31,1907,2047.1063958824607,1061.2398845696102,8.07406278490003,117.85600029399252,3234.2763435309635
05119-Precinct 006,119,846,944,60,1850,2229.798700863874,669.6670460391417,4.230076000629764,157.05300052862165,3060.748823432267
05119-Precinct 046,119,552,194,15,761,432.29078290659396,800.4937298831888,73.02837877892424,47.40953980576967,1353.2224313744769
05119-Precinct 045,119,299,155,20,474,687.02987781656,882.776503982494,14.182813694975684,83.96290553373657,1667.9521010277663
05119-Precinct 042,119,426,518,25,969,1123.919378463972,553.1946090976418,10.119172955416538,67.64231399084396,1754.8754745078745
05119-Precinct 011,119,228,561,15,804,765.156989213069,198.6561091869215,0.001149482252850875,50.158484182369236,1013.9727320646126
05119-Precinct 004,119,930,1298,45,2273,1690.477123201903,261.4956600831014,67.6267606400372,108.44564344610308,2128.045187371145
05119-Precinct 003,119,437,395,24,856,1121.5138264690252,235.0110984668035,30.453726501957053,87.41016842691384,1474.3888198646996
05119-Precinct 037,119,826,763,51,1640,1683.537769752778,768.7155177929087,46.459220496523464,140.04876203579215,2638.761270078003
05119-Precinct 044,119,743,445,22,1210,635.9762693984596,1612.9565703939522,86.70559448303737,116.95304249057038,2452.5914767660197
05119-Precinct 033,119,971,1322,46,2339,2392.9197402465506,816.571225310363,89.98941296730801,145.76801993747966,3445.2483984617015
05119-Precinct 002,119,655,623,20,1298,1230.8566153780625,416.6408686660171,42.82356932823816,65.6281753193441,1755.949228691662
05119-Precinct 039,119,380,323,16,719,906.9007625438209,1645.601032819638,21.96253454169736,404.85248763732375,2979.3168175424803
05119-Precinct 008,119,629,575,27,1231,1504.7132716526248,319.8834057963404,56.80711549996575,63.87414244396295,1945.277935392894
05119-Precinct 043,119,324,264,24,612,1032.867117425806,1420.1997368373407,188.37908495751248,87.15663304884106,2728.6025722695003
05119-Precinct 038,119,584,518,23,1125,740.4858491346665,594.8356903198721,7.832235340835162,110.08257810173473,1453.2363528971086
05119-Precinct 040,119,121,157,9,287,1355.6664313411625,377.8424892256822,238.75444884627183,105.04668816238346,2077.3100575754997
05119-Precinct 034,119,581,1125,38,1744,3032.0469225863694,316.015414539775,140.1398315549239,232.50216839056628,3720.7043370716347
05119-Precinct 051,119,1278,773,24,2075,1566.1706325925466,2089.190800516648,26.19770415346739,47.865860907772515,3729.4249981704343
05119-Precinct 109,119,885,169,21,1075,648.4509617032935,2611.364416647887,358.9629018558876,47.236345468048086,3666.0146256751163
05119-Precinct 059,119,260,483,16,759,920.2504262754748,25.05827920744324,19.028369070510767,34.00664443747406,998.3437189909027
05119-Precinct 076,119,755,422,28,1205,1931.8788468025202,1833.8641212718728,147.5840099428643,52.676906483362,3966.0038845006193
05119-Precinct 108,119,732,185,21,938,415.62148445559023,1866.3318399687114,149.69295394554769,63.5123605581807,2495.15863892803
05119-Precinct 075,119,1607,285,38,1930,584.6599788324627,1690.0447771539875,33.71822133079611,100.55024453917214,2408.9732218564186
05119-Precinct 130,119,291,138,7,436,697.0466388733807,746.6294497136186,43.45030103076256,91.32248062576772,1578.4488702435299
05119-Precinct 124,119,656,895,27,1578,3056.7877341867024,541.2131267869598,261.4428345829058,164.53379469863103,4023.977490255199
05119-Precinct 058,119,661,1108,40,1809,1972.7033912331979,121.98242423910109,221.95042065431787,81.99221951556086,2398.628455642178
05119-Precinct 047,119,581,297,17,895,1154.2560216886498,1255.7861217340273,115.33221755990486,107.49779030272447,2632.8721512853067
05119-Precinct 052,119,294,551,19,864,1587.4325968685519,74.84483624460262,29.642017996781394,33.49441329370516,1725.4138644036411
05119-Precinct 057,119,590,424,33,1047,1474.87183930833,652.6391812384147,111.02278253900508,141.51691230798463,2380.050715393734
05119-Precinct 041,119,560,1373,48,1981,3108.7031243111646,623.462262941892,166.02451104335992,32.18583834275642,3930.3757366391733
05119-Precinct 053,119,257,594,25,876,1626.6835530497092,55.105098936952146,0.0020779728665480577,52.08567010270674,1733.8764000622346
05119-Precinct 013,119,542,784,32,1358,1709.8185826027916,523.5875696506371,131.89458918249366,68.08695499762109,2433.3876964335436
05119-Precinct 007,119,386,659,29,1074,1838.5464929920156,588.2520032572584,98.23184156035448,34.92903140147986,2559.9593692111084
05119-Precinct 035,119,271,1172,33,1476,2456.6081510388804,0.0037761499329452865,13.007731210367007,144.41247738049685,2614.032135779677
05119-Precinct 132,119,490,73,7,570,218.59442164255043,1099.8130031229937,24.82046860978714,28.54363805197215,1371.7715314273034
05121-03 - Butler,121,0,29,0,29,111.59025051756251,0.0003481052401387909,1.2383918188556833,7.0168625880594115,119.84585302971773
05121-28 - Ward Three,121,213,615,17,845,453.0485843393334,11.257873921576493,5.147961608743818,16.185933375509812,485.64035324516345
05121-25 - Wiley,121,4,17,2,23,177.87419743157628,0.005502425020994768,43.403258239290416,6.306097565524663,227.58905566141235
05121-27 - Ward Two,121,110,446,10,566,771.6747816105486,74.00292729085474,8.083806859652944,158.43562736285926,1012.1971431239156
05121-02 - Bristow,121,11,42,2,55,164.53740061497746,0.0038882869169353735,28.84310572419859,3.2086052584486118,196.5929998845416
05121-21 - Spring River,121,15,107,0,122,224.12198184810592,0.0,2.4871173384330794,14.094153281046477,240.7032524675855
05121-16 - East Roanoke,121,39,177,5,221,681.6597875736427,21.21030868549867,0.017456865146227026,3.2341195605476436,706.1216726848351
05121-17 - West Roanoke,121,74,331,5,410,448.71834071426156,9.082010418426416,1.7434790265255438,11.261759547318333,470.80558970653186
05121-26 - Ward One,121,154,466,20,640,861.3586792333859,17.76953659020017,20.51939217687269,22.58659346831106,922.2342014687699
05121-29 - Demun Rural,121,115,625,16,756,3586.524821824838,44.76942329173668,61.122553640162266,104.56187319914481,3796.978671955882
05121-07 - Elevenpoint,121,25,97,4,126,291.27329783828776,0.0,4.727729126612975,2.5164221598453,298.51744912474607
05121-19 - Shiloh,121,66,371,5,442,607.0923378713818,15.843073601224805,3.2905875417774464,5.468206341151975,631.694205355536
05121-18 - Running Lake,121,8,76,4,88,364.86817730993073,9.933152111428855e-05,7.297152409265756,5.1387277468731805,377.3041567975908
05121-24 - Water Valley,121,6,88,2,96,231.99303605199822,0.06021346828847666,2.1765940509832804,13.594012324160287,247.82385589543028
05121-05 - Current River,121,15,100,4,119,238.04215846153426,0.0,23.988294236078776,16.186556044992084,278.2170087426051
05121-11 - Janes Creek,121,31,187,3,221,340.96064387761874,0.0,1.3491854791369486,15.736958921471409,358.04678827822715
05121-08 - Foster,121,50,285,4,339,320.8942177975017,0.00015440626882352559,6.006788458303721,2.747316489953107,329.64847715202734
05121-10 - Jackson,121,5,53,0,58,160.15427595172292,0.0,0.7780113051956349,1.4405184159008229,162.3728056728194
05121-04 - Columbia,121,30,238,2,270,334.4671985947731,0.0,3.8502203583922285,2.6906287447026656,341.008047697868
05121-15 - Richardson,121,30,248,9,287,328.85724942197265,0.0,2.4794577436459244,1.7710412454613744,333.10774841107997
05121-09 - Ingram,121,9,67,1,77,138.33419404948495,0.0,0.3176014099272521,0.8661217777867966,139.517917237199
05121-22 - Union,121,6,43,1,50,263.39354837619186,0.0,0.0,9.715129561637854,273.1086779378297
05121-06 - Dalton,121,20,107,1,128,242.60343015916732,0.0,0.0,8.191088492847005,250.79451865201435
05121-01 - Baker,121,3,17,0,20,124.0222555676876,0.0,0.0,1.1344190905776772,125.15667465826526
05121-20 - Siloam,121,20,105,3,128,337.97229682235064,0.0,0.0,0.2544464551548549,338.2267432775055
05121-12 - Little Black,121,22,181,3,206,504.52976148341213,0.0,0.00013819372808142292,0.00026759556677460574,504.530167272707
05121-14 - Reyno,121,23,120,4,147,278.8776594832013,0.0,6.721157746574999,4.556556683507889,290.15537391328417
05121-13 - Okean,121,19,54,4,77,213.5104153269911,0.00016217901803154783,40.39686009618129,12.132747229178744,266.0401848313692
05121-23 - Warm Springs,121,15,75,0,90,215.04510699767127,0.0,0.0,1.9668759786372374,217.0119829763085
05123-FC Ward 1,123,469,33,9,511,628.9261387486104,1897.5760027829951,177.30816769592246,73.41691036160003,2777.2272195891283
05123-FC Ward 3,123,421,264,21,706,504.7199641661705,887.5998300615735,1.6188642998611493,7.41297814419032,1401.3516366717954
05123-FC Ward 4,123,377,242,10,629,398.2421836560074,430.646827486399,8.085191926142947,0.04419001619421288,837.0183930847436
05123-Hughes,123,212,114,15,341,505.3200906912558,573.5642009793696,25.49490906181166,24.23513328416878,1128.6143340166059
05123-Palestine,123,153,427,8,588,674.4404225159174,195.62889069278344,6.996723326144025,5.239266519358165,882.3053030542029
05123-Bonair,123,69,258,2,329,925.8760532512233,1818.9910231579865,95.17089963130188,40.22232281785877,2880.260298858371
05123-FC Ward 2,123,495,54,18,567,123.82297874178121,1117.6694574615567,0.7239325002562932,2.935468149059278,1245.1518368526533
05123-Widener,123,64,67,2,133,148.655121948558,185.6832882232379,13.73164082865349,28.585499373681365,376.6555503741307
05123-Madison,123,173,36,5,214,78.46731995048363,348.37491133654623,1.2166894212391208,0.03813620574519544,428.09705691401416
05123-Heth Blackfish,123,57,98,1,156,189.5221482156616,80.77458396783021,42.589580812267464,25.81900808446364,338.7053210802229
05123-Forrest City Country West,123,82,50,5,137,306.1371394275475,251.11240579323103,5.506393215039586,2.542386537097095,565.2983249729152
05123-Newcastle Parrott,123,131,664,9,804,1516.6843828757076,632.6217844052561,24.625182820044472,88.32597381086032,2262.2573239118683
05123-Caldwell,123,43,193,5,241,196.0504428376094,296.7153616085388,3.0275737743604365,4.282102803466295,500.075481023975
05123-Colt,123,156,288,5,449,933.2728201298461,222.0931719294319,24.903527031898808,32.75710537555738,1213.0266244667341
05123-Wheatley,123,51,121,2,174,236.2403719060923,195.11351554648095,0.002800568876609722,2.159869640616924,433.51655766206676
05125-18,125,130,89,3,222,203.81159037135654,191.1290706113185,5.656489484867091,5.029875346729547,405.6270258142717
05125-39,125,389,409,20,818,812.171678107436,159.79058553618216,11.258958571555604,33.12171312584184,1016.3429353410156
05125-10,125,208,1174,17,1399,1730.9314968100466,80.03915456324327,0.012458499451708866,67.27477984363551,1878.2578897163771
05125-28,125,93,600,13,706,1085.7880496816451,189.45188451489636,13.596474834056998,23.846202108787132,1312.6826111393855
05125-16,125,367,1389,41,1797,2324.3504443524607,193.39414862789516,26.100066176647744,53.502811153130835,2597.3474703101347
05125-32,125,259,907,31,1197,1564.4695218632082,4.340153127709991,1.7682519498558882,98.77077330429199,1669.348700245066
05125-31,125,532,1163,51,1746,687.1616371002823,103.23863682082875,24.910355627249174,34.66125605209332,849.9718856004534
05125-14,125,522,894,33,1449,3231.74510106502,555.9092433855607,116.37892383382645,94.66293863678955,3998.696206921197
05125-11,125,481,985,34,1500,3062.615623615153,351.6120780664986,200.35879166492933,112.9396330849629,3727.5261264315436
05125-12,125,234,462,14,710,1105.4230198829082,38.74325053707328,20.93254435387633,23.98106085175292,1189.0798756256106
05125-41,125,308,727,27,1062,1939.6979191293794,201.7824668390882,22.70268256880774,31.636669257836857,2195.819737795112
05125-15,125,641,1195,45,1881,1920.1313205884992,264.88447985223854,59.4700644664745,58.77163194839573,2303.257496855608
05125-17,125,474,945,46,1465,3035.328318637148,141.1226584550874,164.06768150694936,33.95213368250595,3374.4707922816906
05125-40,125,699,1142,38,1879,1837.5147344232228,115.73270466786042,312.49546519310667,142.1494716010965,2407.892375885286
05125-42,125,324,1185,35,1544,2674.673823696376,201.32353049624817,105.70615063879674,110.60550914675028,3092.309013978171
05125-05,125,433,1146,45,1624,2224.3457241476785,14.15072656513089,55.60108427122957,77.06232308702792,2371.1598580710665
05125-20,125,355,986,24,1365,1367.3014634607962,3.4524349337076366e-05,6.567123780014862,10.21757112369111,1384.0861928888517
05125-02,125,666,1654,53,2373,1910.8214226940408,50.36093943603542,51.29115137470465,23.91268904381664,2036.3862025485976
05125-27,125,743,1654,58,2455,2651.2548690265953,393.3405305601266,246.12083991321245,92.55504127212114,3383.2712807720554
05125-36,125,372,562,25,959,2128.098400382784,104.50206044345389,61.38239707336218,91.62803636433631,2385.610894263936
05125-24,125,586,1402,42,2030,2807.844468689571,248.68878226374449,196.9337470932175,131.56951242531574,3385.0365104718485
05125-33,125,208,681,21,910,2376.2393926089367,887.538262757645,23.064012176381084,66.3617270023131,3353.203394545276
05125-04,125,590,795,36,1421,2060.037247959001,104.79709657032912,107.86778308926665,107.4745230929413,2380.176650711538
05125-21,125,58,248,3,309,448.08058798489924,1.0829868717774884,8.725091050050342,8.00519932312143,465.89386522984853
05125-08,125,115,500,9,624,1261.053496409645,1.7011012669911285,10.687743570262324,12.782793376870517,1286.225134623769
05125-07,125,262,804,29,1095,1388.0919693566184,113.40847501644174,57.07384430573652,33.98159683627944,1592.5558855150762
05125-19,125,82,583,9,674,585.0854018785099,0.05259269623552802,13.52889090396414,11.073248490788663,609.7401339694982
05125-09,125,287,1376,38,1701,2177.241302370746,262.62390038841295,20.817365661760043,178.45241864547916,2639.134987066398
05125-03,125,237,1298,23,1558,4012.269752060921,442.0827464712456,96.52922130799365,131.38253892562463,4682.264258765785
05125-30,125,42,264,4,310,1022.9831774544999,35.621852797788904,26.35902991573626,50.00492241360234,1134.9689825816274
05125-22,125,425,817,26,1268,2343.0786319348517,202.42268520599373,188.22767464973944,101.3170296127027,2835.0460214032873
05125-34,125,400,318,26,744,593.0781722011293,286.9007965472603,26.923694655231117,20.612672794337627,927.5153361979584
05125-29,125,74,409,6,489,938.6364214758567,0.00016451181377257192,0.0026482236829834986,30.074203224583318,968.7134374359367
05125-25,125,313,1225,31,1569,2422.877716123466,162.16525778997806,69.26328753710337,77.06522992636242,2731.37149137691
05125-37,125,365,1181,31,1577,1790.9817368121928,313.2807620198325,113.14673264532773,48.47749554927619,2265.886727026629
05125-26,125,896,587,45,1528,1296.6355186169303,565.7543286722351,13.110837056174299,18.211547726397708,1893.7122320717374
05125-06,125,643,1273,35,1951,2771.2713116338155,592.291630606651,233.81559965884236,102.1387874075118,3699.517329306821
05125-13,125,965,1568,59,2592,2586.0005086775,325.96028015371013,211.0764354347975,124.757404986068,3247.7946292520755
05125-35,125,649,1273,32,1954,2007.442024995439,5.935788030142388,0.6434824835905365,34.20297567861579,2048.2242711877875
05125-38,125,486,1100,38,1624,2833.765443221815,243.02295099389622,437.2829313890617,144.20121937554623,3658.272544980319
05125-01,125,622,2418,56,3096,3472.8377309340067,30.305132641626805,271.9905317955189,44.762805005326385,3819.896200376479
05125-23,125,74,348,12,434,1855.9503794961802,3.849065609513593,1.5758985852914424,14.769654856723747,1876.144998547709
05127-22 - Mill Creek,127,9,121,0,130,227.28808890049373,3.632409371071117,3.062054770801393,21.449577034418503,255.43213007678472
05127-17 - Keener,127,10,45,0,55,26.278884634958082,0.1224453713058654,0.6076705496454243,2.8610715291633415,29.870072085072714
05127-23 - Mountain,127,19,123,1,143,80.94409131782855,2.054561853700099,0.44151154161209566,6.665145620703875,90.10531033384461
05127-25 - Parks,127,12,43,1,56,185.12887948723082,0.049722823969608865,4.973999518906748,21.196303597962448,211.34890542806963
05127-16 - Jones/Little Texas,127,0,48,2,50,98.99072439371645,5.9847716022576894e-05,2.682367109715467,11.36778366527655,113.0409350164245
05127-03 - Brawley,127,3,26,0,29,99.71120843876429,0.0,0.0,9.543787093424582,109.25499553218887
05127-10 - Hickman Ward 3,127,41,151,4,196,111.4107437719923,0.4531518796166681,29.751242110995694,5.1451885494513885,146.76032631205607
05127-09 - Hickman Ward 2,127,45,256,4,305,183.0913210793325,0.09446684028478787,20.919847498254192,26.820367673799108,230.92600309167057
05127-19 - Lafave,127,3,40,1,44,52.66175031641337,0.0,1.4269635569608783,6.047607455691342,60.13632132906559
05127-18 - Lamb,127,15,122,6,143,248.30368382242114,0.020854654966906975,13.749869872640634,33.1880050401178,295.2624133901465
05127-02 - Blansett,127,1,77,0,78,275.19995565252657,6.984289800481252,0.0,21.60185981232362,303.78610526533146
05127-01 - Blackfork,127,0,26,1,27,135.1432601974433,1.4698379955206957,0.0,11.937845088239822,148.5509432812038
05127-07 - Denton,127,20,104,1,125,91.89950431883535,0.2345401394864895,0.0010844375982391598,8.636682729918416,100.77181162583851
05127-05 - Cedar Creek,127,10,31,3,44,159.24814515117043,1.427001571036389e-07,4.315111252023916,18.287851037907743,181.85110758380225
05127-08 - Hickman Ward 1,127,51,230,4,285,507.31966176674234,2.831401131535669,90.18625955826688,13.861612433715084,614.19893489026
05127-14 - Hunt,127,7,84,0,91,162.4410194914086,3.242005983428225e-06,1.1832254244048008,7.2409256502706025,170.86517380809
05127-15 - James,127,4,47,0,51,108.31039468705126,0.0,1.0499507174819274,9.394419755692047,118.75476516022522
05127-04 - Cauthron/Oliver,127,9,48,0,57,139.0385611277948,9.043385687473538e-05,0.0008723980526099937,13.30829159776282,152.34781555746707
05127-24 - Mt. Pleasant,127,11,145,2,158,387.8346099495397,0.0,0.0,44.595485426315996,432.4300953758557
05127-11 - Hickman Rural East,127,30,295,3,328,1484.1228699658998,4.897986966641761,145.85419345620403,114.77631404775198,1749.6513644364975
05127-12 - Hickman Rural West,127,22,155,5,182,414.6685408416464,2.1542209149564577,101.28900445198671,12.078402293712879,530.1901685023024
05127-13 - Hon,127,12,88,0,100,178.08146422133248,2.7822411930283896e-06,2.7767827620397743,17.7991074138925,198.65735717950594
05127-06 - Coal/Lafayette,127,6,102,0,108,106.64934462435859,0.00027193456225073836,0.002610571797607088,10.208809688634958,116.86103681935342
05127-21 - Lewis 2,127,20,172,3,195,166.79845758430417,8.383635178092323e-07,4.022361585152591,17.035152677307828,187.8559726851281
05127-20 - Lewis 1,127,40,222,2,264,406.865943778269,0.0002631832130370745,8.996106204372875,38.74342002488209,454.605733190737
05127-26 - Tomlinson/Tate,127,25,112,3,140,390.0868783028204,0.0026303599588900196,0.7190620615882156,18.232580117314086,409.04115084168166
05129-Wiley's Cove,129,72,351,8,431,500.28619431769755,2.2623278320453893e-05,1.633480227000216e-05,9.30360152937791,509.58983480515604
05129-Bear Creek #5,129,44,348,6,398,190.92580295225596,0.0,5.646700093772712,5.9405562167457795,202.51305926277445
05129-Red River,129,17,117,0,134,299.06982336932026,0.0,5.187982515281032,12.258379261722041,316.5161851463233
05129-Bear Creek #6,129,28,268,5,301,378.9531151052847,0.0,9.140679962401235,14.035043039383172,402.1288381070691
05129-Bear Creek #4,129,53,407,3,463,992.4788668286811,0.0,2.23078505004679,20.54723904167353,1015.2568909204015
05129-Long Creek,129,14,240,2,256,418.77476996647033,0.0,4.563711747048586,26.52275568104083,449.86123739455985
05129-Spring,129,56,235,2,293,527.9151210024359,0.0,18.039075910371345,24.020320679236757,569.974517592044
05129-St. Joe,129,23,187,2,212,238.59714206596766,0.0,0.0002522700675696704,3.21818910414212,241.8155834401774
05129-Tomahawk,129,46,200,4,250,336.2928683677631,1.571861305933184e-05,0.0005065027665275827,62.947254957742885,399.2406455468856
05129-Shady Grove,129,18,81,2,101,190.65046688095208,0.0,0.0,9.39816084057933,200.04862772153137
05129-Oxley,129,30,187,6,223,209.76745762833696,0.0008592860309448241,0.0,16.987068249508297,226.75538516387618
05129-Prairie,129,30,209,3,242,300.0388232251035,1.063615660557825e-05,1.5045034647646698e-05,2.8187997718727407,302.8576486781675
05129-Mt. Pleasant,129,20,183,6,209,440.64194512566195,0.0,18.346738592797905,31.956950721445892,490.94563443990575
05129-Calf Creek,129,32,114,3,149,286.56889568212046,0.0,20.094128248172204,25.336234738144178,331.9992586684368
05129-Rock Creek,129,28,178,1,207,537.3235667595139,0.0,8.747739391379703,31.686242789043284,577.7575489399369
05131-12-F1-14,131,54,22,1,77,267.19602204067803,5.140630776378832,3.458746402153703,26.20606292114255,302.0014621403531
05131-4-SC-57,131,26,69,1,96,222.24118378396363,2.760702733413315,6.46659298299863,44.313294439910244,275.7817739402858
05131-4-F3-69,131,56,134,4,194,27.155654836389207,0.9302310973490701,1.9764757553090324,3.0737756687936164,33.13613735784092
05131-4-SC-58,131,51,119,2,172,452.6898924403283,3.362811967936907,3.782397194824084,28.70018775386378,488.5352893569531
05131-3-BZ-81,131,20,61,0,81,112.8492439697361,6.157012531474299,13.017683637974233,13.193598281730642,145.21753842091528
05131-7-F4-32,131,55,97,2,154,336.9176497704137,61.40167386153059,17.948483196834925,7.871938967034357,424.1397457958135
05131-13-B2-8,131,85,175,6,266,524.5955566600531,33.57901894457383,26.69857379001736,79.71991566096071,664.593065055605
05131-1-SC-102,131,226,1422,32,1680,4449.140343201796,38.79027945108979,103.15081195909538,255.47894036815467,4846.560374980136
05131-3-HF-77,131,29,151,2,182,30.376229359688516,0.0,2.321240188223892,3.0016036916688256,35.69907323958123
05131-3-HG-76,131,24,119,5,148,15.24097734496263,0.02803122880312721,0.26909979651002125,0.85487910077913,16.39298747105491
05131-3-BZ-80,131,18,43,1,62,54.85206421724691,2.9927081022660045,6.327439987648124,6.412945933427153,70.5851582405882
05131-8-F2-29,131,314,159,13,486,370.6682745504759,239.69701772042606,142.5340325833278,211.47779470047408,964.3771195547039
05131-11-F2-17,131,72,62,4,138,100.08089803100705,29.117685816013136,24.30063731995004,30.478137373830513,183.97735854080076
05131-13-F4-3,131,37,65,1,103,83.43946889755995,7.012574121719411,3.658734324375345,12.805570135313708,106.91634747896842
05131-1-SC-100,131,19,111,2,132,35.50117793914308,0.3988635166438939,0.9833040779931549,6.784674671413014,43.668020205193145
05131-10-F2-23,131,110,64,4,178,403.26773386418483,225.5302505374927,160.4561691904279,34.60658558225723,823.8607391743627
05131-10-F2-22,131,112,114,8,234,144.3282591462361,69.82559159020826,130.12086080892956,60.48832749098398,404.7630390363579
05131-7-F3-36,131,139,185,4,328,1197.2317462641604,211.39190069375286,197.2101317576133,207.5471835373571,1813.3809622528838
05131-9-F2-26,131,467,337,25,829,1734.303647831492,294.8229986773348,934.9825904413397,711.696943226761,3675.8061801769277
05131-12-F4-11,131,222,392,30,644,1045.816712764048,375.6785763392978,203.43782921926183,26.50905573432448,1651.442174056932
05131-13-F4-5,131,3,3,0,6,265.02047363105044,37.23415273985769,7.522019934150447,6.575883798034442,316.35253010309304
05131-9-F1-27,131,9,46,0,55,11.1188640227351,0.43400770348966006,0.5373428709871981,1.4466923449655333,13.536906942177492
05131-5-F3-52,131,170,311,12,493,1605.5313327725562,23.88520578371545,60.29987865028102,144.5992124045666,1834.315629611119
05131-7-F3-34,131,73,136,9,218,413.28954806115934,67.88211107005039,25.675211428365852,12.294284981413167,519.1411555409887
05131-12-F1-15,131,51,105,7,163,161.18735719239328,2.240613659269252,8.964362023856054,11.645514081150255,184.03784695666886
05131-1-C3-106,131,12,71,3,86,120.09421307730591,1.7258775686612673,4.397234631435605,8.559229808710286,134.77655508611306
05131-6-F3-45,131,321,595,30,946,1907.192204671139,51.02252632976833,187.3051711205432,297.18791145381823,2442.707813575269
05131-6-F3-44,131,201,440,23,664,777.6453495236119,53.28713266787861,43.33237890721516,42.74709165833001,917.0119527570357
05131-4-F3-67,131,61,190,15,266,119.4190674418579,0.4867002995697671,0.0336376232535834,7.069477865411907,127.00888323009316
05131-2-SC-84,131,9,82,3,94,125.68630929927319,0.0,0.5739756663185441,3.405328833682305,129.665613799274
05131-2-SC-87,131,51,271,5,327,144.24278122994068,1.2226867441141028e-05,4.4204197203716795,13.317385355828542,161.98059853300833
05131-3-HC-78,131,47,223,3,273,129.74479538382144,0.0,0.0,20.782350760267505,150.52714614408896
05131-3-MD-75,131,10,64,2,76,5.44159660393729,0.016989910237380553,0.27876150811967615,0.5844999389400751,6.321847961234422
05131-4-F3-68,131,41,117,8,166,181.05456536165627,2.3272634857073484,5.360362736722924,36.646520849583446,225.38871243366998
05131-2-GW-85,131,20,109,2,131,127.45608743158755,0.5351049963464835,11.884298815961605,6.543611706697906,146.41910295059353
05131-2-SC-86,131,12,93,0,105,82.95460317303927,0.0006268038745520441,3.9818778123553704,6.901572591899798,93.838680381169
05131-2-GW-92,131,273,1215,27,1515,1071.7393943563154,4.213367209371896,71.19364140339125,53.4213535627446,1200.567756531823
05131-1-LV-103,131,147,877,12,1036,550.1515349880186,8.447798807324896,19.48362739891029,40.23409880209065,618.3170599963445
05131-13-B3-1,131,24,32,1,57,166.46408067924415,0.3528318810158698,41.385618711199285,23.18024171931861,231.38277299077794
05131-2-SC-83,131,23,156,0,179,447.1154131406049,5.079100381256735e-05,0.011942668793367809,7.039119120254804,454.16652572065686
05131-MERGED-1-B1-95+1-B2-97+1-B3-99,131,0,10,0,10,957.4625923921334,19.588872373977868,121.30402510647663,129.93686762376618,1228.292357496354
05131-7-F1-37,131,206,294,13,513,1069.218842361499,18.557868228245564,74.60904789885718,108.4366197356203,1270.822378224222
05131-2-GW-93,131,45,181,1,227,96.806464909467,0.47258490555967436,2.9931700854486833,4.883401866753192,105.15562176722855
05131-3-SC-73,131,77,766,17,860,2115.425829595535,4.615992990412093,120.30025322311018,198.72916467891844,2439.071240487976
05131-7-F4-33,131,536,880,31,1447,1919.7801119796031,54.321472425053095,92.43273425007122,134.70940525130106,2201.2437239060287
05131-4-SC-54,131,17,102,2,121,568.6329609891213,7.21999034567627,23.064704981747223,121.35219167675523,720.2698479933
05131-5-F4-49,131,131,238,5,374,646.7142181067446,102.15327129421665,147.96604659912094,148.95433453686582,1045.787870536948
05131-3-MN-74,131,33,211,3,247,105.54314339530768,0.0027842574537301967,10.501313879207927,7.907756709740013,123.95499824170936
05131-7-F3-35,131,261,436,26,723,1153.7809439647262,199.6790307410872,97.41293253583784,96.42943930058075,1547.3023465422323
05131-5-F3-50,131,70,144,5,219,243.96197585260092,54.794193226431844,17.52122726568214,64.38626864246316,380.6636649871781
05131-5-F3-51,131,585,1073,48,1706,1779.3554246890974,56.103097209746764,151.35367453062798,402.0759549105007,2388.888151339973
05131-5-SC-47,131,5,18,0,23,737.3593067612475,41.41868621898251,117.42191132952779,132.1951081568494,1028.395012466607
05131-13-F4-2,131,269,506,22,797,695.4316081202503,48.72058896499752,50.484455674951825,24.595464833687476,819.2321175938871
05131-12-F1-16,131,479,794,31,1304,2300.557792454778,294.4739866999171,164.49693681417594,144.44081714305378,2903.9695331119246
05131-6-F4-41,131,164,294,10,468,646.2924328549921,24.020299066994895,99.56565296949108,216.3697136555699,986.248098547048
05131-9-F2-25,131,250,193,11,454,1024.293207080716,267.25192776947335,418.38373744678984,417.6676490465364,2127.5965213435156
05131-10-F1-31,131,444,427,24,895,1188.8500889939319,141.67183294705777,309.7973293741525,216.0493260791478,1856.3685773942898
05131-11-F1-21,131,229,219,11,459,1016.1080324167888,162.67747915603914,45.768536595673915,179.49989724664255,1404.0539454151444
05131-8-F2-28,131,184,191,7,382,693.6489825941366,120.37539558008592,394.77862621840893,273.76733211603386,1482.5703365086652
05131-11-F1-20,131,376,414,16,806,1483.0411334521336,140.86807716115538,236.90388656116295,252.0916580377428,2112.9047552121947
05131-4-SC-55,131,85,349,6,440,1078.7754091638203,2.835684230135233,36.01613800705404,51.51784889218109,1169.1450802931909
05131-11-F1-18,131,307,363,21,691,1172.5907694175255,54.90141013641541,80.56693865615918,130.98488208320185,1439.044000293302
05131-8-F2-30,131,297,223,15,535,1039.113198626803,345.3077696544357,704.3984805071916,482.7689338551121,2571.5883826435424
05131-11-F1-19,131,230,234,17,481,1048.311898226639,241.3884442170818,372.7846580469509,196.11107537695568,1858.5960758676274
05131-12-F4-13,131,342,556,19,917,1222.6214164342773,252.40836547471346,52.554734635340466,60.20471067432597,1587.789227218657
05131-13-F4-4,131,583,1132,56,1771,2204.945435066169,76.01832417200481,143.11848106333912,352.0753659919964,2776.1576062935096
05131-13-B4-7,131,146,332,14,492,591.1858568216041,18.03499696917,60.362179403863145,156.18656251524916,825.7695957098864
05131-13-F4-6,131,346,708,29,1083,1504.3579160043728,0.036842814552575015,0.032725731524509805,114.91957169465034,1619.3470562451002
05131-12-F4-12,131,279,509,20,808,1150.1328565210497,162.48799952193897,220.47055225370738,442.70223071211365,1975.7936390088096
05131-1-C1-108,131,11,33,1,45,6.079293760888459,0.0,0.1454298639579667,0.18690975898547207,6.411633383831897
05131-6-F3-42,131,3,2,0,5,319.53668040062473,13.167227567582199,35.075150846159445,70.66268011655686,438.44173893092324
05131-3-SC-72,131,68,339,7,414,474.2164841669193,0.0003662444950215093,21.495401528909607,7.461027203305553,503.1732791436295
05131-1-C2-107,131,18,64,2,84,58.67349863262786,0.8842371261462649,2.927282780264017,4.507943495864149,66.99296203490229
05131-1-F4-105,131,106,185,7,298,464.91298978051606,37.71404769827763,19.911918846385028,70.70236054315791,593.2413168683366
05131-13-B2-9,131,24,70,3,97,368.78093882606504,34.57635399206572,4.033712827501985,25.33804395193576,432.7290495975685
05131-5-F4-48,131,0,2,0,2,157.1428908228402,14.227818599729847,32.71680435344917,80.18330130085586,284.2708150768751
05131-6-SC-38,131,2,1,0,3,386.6096695565729,23.61876797897479,29.84652245730317,71.88490253373752,511.9598625265883
05131-4-F4-65,131,45,105,4,154,59.9946886251744,5.034765514023789,2.629302330074725,9.213206326967043,76.87196279623996
05131-4-SC-59,131,305,1476,40,1821,2581.229428304543,48.34468212358858,127.93126698087652,160.69301969763626,2918.1983971066443
05131-4-F3-66,131,177,540,14,731,776.9645625465816,19.37893614295107,25.54790224128291,147.625103398373,969.5165043291886
05131-3-BZ-79,131,12,84,1,97,181.34516274429475,5.521907861881641,11.674890907978327,12.583101657919245,211.12506317207396
05131-1-SC-101,131,30,229,7,266,135.09556243762677,0.0004146406815276836,5.26747199705391,15.292251116917381,155.65570019227957
05131-2-GW-91,131,269,1243,39,1551,1372.6135589484004,9.578274360720718,154.3463357091525,39.24943195522183,1575.7876009734955
05131-4-SC-56,131,49,183,4,236,232.6116469404019,0.0011060893278811957,7.140504435412965,8.964913837190993,248.71817130233376
05131-4-GW-62,131,131,536,12,679,1096.6791433300912,0.6167813760840443,47.55744399593549,12.750041973631117,1157.6034106757418
05131-6-F3-43,131,442,992,40,1474,1195.6981243720074,20.943210227950786,71.4399622624301,106.61651828875715,1394.6978151511455
05131-6-F4-40,131,320,590,17,927,362.8753422933439,30.438550433388023,15.881990741006835,55.64050967718736,464.83639314492615
05131-2-SC-88,131,68,349,11,428,1122.4280673018764,3.2407333568205487,137.79022582761138,48.01410210065716,1311.4731285869655
05131-3-SC-71,131,343,1718,46,2107,3590.880001334699,6.542653239363882,68.66250925330542,329.1430162751576,3995.228180102526
05131-2-SC-89,131,22,207,2,231,943.4197457227815,1.8034301867883533,52.69224919137108,38.033473422990326,1035.9488985239311
05131-10-F1-24,131,348,315,13,676,1241.0716363306442,218.20534368741426,336.7632243603516,175.7634982331667,1971.8037026115767
05133-Red Colony,133,66,629,13,708,1313.1852688192112,52.3882437292902,47.229307159013885,56.82322413325481,1469.6260438407699
05133-De Queen South,133,109,129,5,243,122.75172421477932,24.695704353814588,191.9433943491322,21.928854947952665,361.3196778656788
05133-De Queen North,133,114,264,9,387,238.43092477774655,60.12424507604429,295.03904945923654,46.97101288400224,640.5652321970297
05133-Clear Creek,133,73,464,17,554,648.2693433100837,21.067791880879827,172.08825120175734,58.27474686452641,899.7001332572473
05133-Paraclifta,133,112,659,5,776,1068.2118221152339,109.67478500549005,95.91555312887567,76.70074215115856,1350.502902400758
05133-Monroe,133,90,452,13,555,1016.6352156344617,103.73865770142808,362.57712611780886,71.86319021330071,1554.8141896669993
05133-De Queen East,133,89,142,4,235,371.9422970166188,82.64637497492295,525.1497371811103,19.496843881287383,999.2352530539393
05133-Mineral,133,119,576,10,705,1278.7397641754437,45.10584501295283,193.8936134304158,32.66675857626142,1550.4059811950738
05133-Bear Creek,133,90,457,4,551,615.6706398839883,50.55210867318182,218.13467602942234,21.271346537339216,905.6287711239316
05135-East Sullivan,135,12,152,4,168,325.37873954366296,0.0,6.5840467894008095,9.566262288550663,341.52904862161444
05135-Davidson,135,13,82,1,96,184.9083617486878,0.24517744192609045,0.9058659259400662,12.061533187115273,198.12093830366922
05135-Cave,135,139,746,17,902,1426.4187726326782,14.999534227760208,22.96694372634707,63.45913853120922,1527.8443891179945
05135-West Sullivan,135,21,155,1,177,321.32222684147035,0.0,9.073781622278691,10.22123052663145,340.61723899038054
05135-South Big Rock,135,16,62,1,79,132.59162028643948,0.0,0.0,3.354252298912903,135.94587258535236
05135-Big Creek,135,18,151,3,172,302.5443614975173,0.0004323571361726245,0.0,3.669113038006716,306.2139068926602
05135-Richwood,135,121,637,25,783,1339.5189910956494,28.516738166843965,22.73328713520194,47.777529193852025,1438.5465455915473
05135-Washington,135,14,80,5,99,236.71771049446295,0.0,1.900760670786096,4.819658160989768,243.43812932623882
05135-Jackson,135,29,96,3,128,384.2323006072594,4.178082198031182e-05,2.467848141088528,29.468063276054036,416.16825380522397
05135-Highland,135,100,461,4,565,913.8402675703617,11.548739703265708,27.32180795297999,41.846306452161635,994.5571216787689
05135-Ozark,135,64,214,9,287,311.09738424316635,2.1869455093583725,3.124873735435569e-05,19.68282506697831,332.9671860682404
05135-Upper North,135,18,90,3,111,224.59444532926304,0.0,0.0,2.9008066920480755,227.4952520213111
05135-North Big Rock,135,9,83,1,93,144.73318286369917,0.0,0.0,3.6062210826204666,148.33940394631963
05135-Strawberry,135,18,66,1,85,182.1056907378315,0.0,0.0,1.6972067284090486,183.80289746624058
05135-Piney Fork,135,53,377,7,437,682.5849821060583,0.0002552974725825624,18.47437107964641,7.152738155555261,708.2123466387326
05135-South Lebanon,135,8,55,0,63,111.17302862183311,0.0,0.00013677697036080323,5.469926704759959,116.64309210356342
05135-Morgan,135,13,85,1,99,137.20132476794208,0.0,0.00016731829715102507,6.751179360979376,143.95267144721862
05135-Lave Creek,135,24,146,1,171,197.3586921317972,2.403060132353161,1.8936606301830226,8.084693503538228,209.7401063978716
05135-North Lebanon,135,1,23,0,24,81.43675486073386,0.0,9.622874560408448e-06,4.007410151439157,85.44417463504757
05135-Hardy,135,125,436,13,574,1481.524366897641,0.49851362506549024,13.11458855357072,35.31693570550588,1530.454404781783
05135-Cherokee,135,423,1272,36,1731,2631.326471485489,5.289019968316072,75.3649509651508,196.2867033483901,2908.267145767346
05135-Lower North,135,31,191,3,225,503.51218562450146,0.21264775603519143,1.3036778317431519,7.80103880637038,512.8295500186503
05135-North Union,135,4,39,1,44,178.0070259270046,0.025989611275255165,0.0,2.4844689941104066,180.51748453239028
05135-South Union,135,20,119,0,139,439.9663234545236,1.076000890943555,0.8869010455882284,21.994053256534773,463.9232786475902
05135-Scott,135,22,160,3,185,353.6193066926179,0.000706184639304021,0.0004139186693709158,3.4541189188065298,357.07454571473306
05137-Angora Mtn,137,14,27,0,41,120.1679788906652,5.122805413209602e-06,0.0,1.4105028567171791,121.57848687018779
05137-Arbanna,137,54,272,8,334,317.1141908799413,0.0,0.0,33.46991781317221,350.58410869311354
05137-Ben,137,7,108,1,116,234.27471852369194,0.0,0.00019280894618569627,26.524941279549417,260.7998526121875
05137-Bethany,137,40,236,7,283,872.1671646793543,0.0,0.7077332260585251,13.912728726127646,886.7876266315404
05137-Dodd Mtn,137,91,351,16,458,1004.3949690924039,0.0,8.2375479226394,34.220646385451126,1046.8531634004946
05137-East Out,137,36,186,7,229,963.4734114661428,5.123225962287867,33.942279962453384,14.215221155693014,1016.7541385465773
05137-Foothills,137,132,587,9,728,757.4487102409427,0.00015027661626689545,8.777531786136205,8.721596961351704,774.9479892650468
05137-Fox,137,110,443,15,568,1194.6851242583116,0.0,3.9372348460337765,46.13770309969842,1244.760062204044
05137-Liberty,137,19,99,0,118,211.59244703690894,0.0,8.627182013374323,14.381079957375162,234.60070900765842
05137-NORTHWEST/FIFTY SIX,137,35,270,5,310,499.8963542662329,0.0,20.4079524351562,15.06573561392415,535.3700423153133
05137-Northeast,137,31,175,5,211,491.2559497284387,0.7414306523628762,10.724698718058345,26.847881162348344,529.5699602612083
05137-Old Lexington,137,11,48,0,59,73.96225943101459,0.000101441719649713,3.8015817691117014e-05,0.8680219749840742,74.83042086353599
05137-Pleasant Grove,137,65,373,10,448,712.3613003480983,3.31777981437668e-05,0.06497924049273131,49.513323747545044,761.9396365139344
05137-Red Doors,137,117,413,8,538,1080.4079485037223,0.0,25.34752457164911,39.86787022147464,1145.623343296846
05137-Ward 1,137,90,390,13,493,171.78091678930687,0.6470939773292053,5.446990311992703,2.8398012704572264,180.71480234908603
05137-Ward 2,137,112,378,14,504,234.6906905439817,1.4882135472729179,9.876032859458874,0.9924720666391331,247.0474090173526
05137-Ward 3,137,83,276,13,372,129.63904490025928,3.5860747154801426e-05,7.318673671209052,8.106691627419433,145.06444605963492
05137-West Out,137,42,176,2,220,462.86605691285945,0.0,25.58360978054746,29.90567279531561,518.3553394887225
05139-Huttig,139,135,131,4,270,306.3645211348777,362.1233374319952,15.686045972755544,10.276014776412296,694.4499193160407
05139-Felsenthal,139,9,43,1,53,6.607180409422681,6.825342026714939,0.0,0.21816161729225833,13.650684053429877
05139-Junction City,139,94,224,3,321,217.06221342994564,60.480534595546615,23.859277600302587,0.07379707880933843,301.4758227046042
05139-Caledonia,139,36,362,8,406,558.769474189417,24.510747416408403,14.414585772216975,1.109945652359905,598.8047530304023
05139-Strong,139,211,160,5,376,250.25969915915377,317.0572075087482,27.831297661398793,7.902521758205453,603.0507260875063
05139-Aurelle,139,83,115,4,202,135.18950612141884,27.194367710276932,0.00045401107920018085,0.7606637193676253,163.14499156214262
05139-Wesson,139,40,181,1,222,123.69134873294081,107.1386459221668,3.098683090508658,2.44205886866094,236.3707366142772
05139-Ward 2,139,732,873,36,1641,1383.8123538312338,1111.2243269727799,22.639904182211012,30.21426412929412,2547.890849115519
05139-Country Box # 2,139,39,330,2,371,538.0875144681517,53.18233769374304,0.0,0.12479978295796534,591.3946519448527
05139-Country Box # 6,139,157,584,12,753,1252.0061090171466,278.8610852836446,1.2452950013868318,26.56750781681206,1558.67999711899
05139-New London,139,46,219,2,267,426.5977202732099,200.03594938659367,12.907364254326744,6.875421993674568,646.4164559078049
05139-Hibanks,139,54,254,2,310,564.6880845091677,125.55830084766241,1.801392745349156,3.3875334526868257,695.435311554866
05139-Country Box # 7,139,36,129,3,168,264.68688591526177,67.37211751060487,55.10039978257545,0.2987313877348997,387.45813459617693
05139-Three Creeks,139,59,291,5,355,639.3221377843298,293.5563697754413,56.96943514587359,3.649614106838593,993.4975568124834
05139-Country Box # 3,139,113,1084,11,1208,1721.7205125500432,370.42858148700753,63.118822640594345,25.490111322201855,2180.758027999847
05139-Country Box # 4,139,117,498,12,627,732.8452057811324,119.04571433027937,22.418719835117038,3.6936816262323577,878.0033215727611
05139-Ward 3,139,849,197,29,1075,423.14348148773786,1890.997484937966,185.75841569841464,99.98858206773315,2599.8879641918516
05139-Woolleys Store,139,14,152,2,168,234.0047412571549,252.08392659756748,1.027118797039258,5.811524522709079,492.92731117447073
05139-Ward 1,139,787,695,24,1506,1196.0881570934318,1193.759626391963,28.85460958126801,207.76007699094572,2626.4624700576087
05139-Ward 4,139,649,670,28,1347,1485.4604719471777,955.4679880797689,13.329407941540817,86.11248333360727,2540.3703513020946
05139-Country Box # 1,139,83,169,2,254,1009.2393773640233,272.1173676949662,23.9288658083673,23.708836100175134,1328.994446967532
05139-Lawson,139,77,332,6,415,233.9766133595336,94.81528257764565,6.343160321278115,3.3437169210413717,338.4787731794987
05139-Lisbon,139,42,292,3,337,640.0288904437441,145.06326897919453,1.5379559328185148,0.5490163394776888,787.1791316952349
05139-Mt Holly,139,39,146,0,185,99.07894849486755,53.45026307076177,0.0,0.0001930982126029447,152.52940466384192
05139-Union,139,120,571,8,699,635.0319084632723,248.87969916471954,9.186296967661283,25.26497159631468,918.3628761919678
05139-Norphlet,139,111,639,6,756,925.1250889515811,83.23654861090765,42.380489076346876,14.556016866053678,1065.2981435048894
05139-Smackover,139,223,627,11,861,1621.008190559299,432.4757031947682,50.997201919806436,34.99829711351079,2139.4793927873843
05139-Calion,139,64,228,3,295,182.8325935962057,56.89579183252387,2.547897543770889,2.8190141056347606,245.0952970781352
05141-02 BARNETT,141,39,280,3,322,416.71169817898084,14.794864557433229,0.0002990070599968581,29.5471709799693,461.05403272344336
05141-24 SOUTH GRIGGS,141,134,490,18,642,600.3195808011411,1.2221300373970327,2.0020964603846094,51.05560688964689,654.5994141885697
05141-09 CARGILE,141,19,157,5,181,239.68445996368374,6.451916745961339e-05,0.0012843316633568956,42.57698178088078,282.2627905953953
05141-08 CRAIG,141,33,299,7,339,721.480703088054,1.1063061189181813,32.06400776340636,12.987632391104073,767.6386493614825
05141-06 CHOCTAW,141,87,234,7,328,418.74783779516247,0.008668086183262567,1.911151433523521,20.81945054761541,441.48710786248466
05141-10 DAVIS,141,73,409,11,493,985.310160958346,0.0,11.560804457070304,51.45662898042177,1048.327594395838
05141-04 CULPEPPER,141,17,155,3,175,517.9752498373955,6.309260728174632,10.324722371335712,2.3785309393153686,536.9877638762213
05141-17 LINN CREEK,141,66,205,6,277,302.7569748171212,5.091598228837839,0.03319413928164003,0.036167416618046976,307.9179346018587
05141-25 INDIAN HILLS,141,88,264,11,363,757.9439201613136,4.542091906749081,64.18824845516568,17.03396357426875,843.7082240974971
05141-19 RED RIVER,141,101,288,9,398,612.075083490189,2.5712071071709506e-05,19.684411023819216,26.746179820006816,658.5057000460861
05141-26 LAKEWOOD,141,71,187,5,263,462.4360622067875,0.044775868862140515,7.12055571471654,18.358146445181564,487.9595402355478
05141-23 MOUNTAIN RANCH,141,118,315,9,442,573.2671275925012,5.385335816719012,64.08549621895625,5.0016495470347,647.7396091752112
05141-12 EAST GRIGGS,141,91,386,11,488,657.6630784703291,0.017522201585947306,1.3897368216592614,2.305518432661635,661.375855926236
05141-22 WHEELER,141,60,105,5,170,516.5824751331091,0.0,15.613353696388101,8.591591659408955,540.7874204889062
05141-07 WEST GRIGGS,141,92,402,12,506,248.2039273540973,0.17484430455769778,0.28597536838251575,2.2745551562651904,250.9393021833027
05141-15 MOUNTAIN,141,21,118,1,140,403.6388092930474,0.0,0.0005666833046471804,3.4943949728167274,407.1337709491688
05141-20 UNION,141,88,423,8,519,927.7404863994512,0.027641540845199715,3.870871748081618,3.749851289629833,935.3888509780079
05141-05 HOLLY MOUNTAIN,141,52,214,3,269,925.874897169683,0.009375126931237373,8.123680531204267,8.748611530382682,942.7565643582012
05141-11 FORMOSA,141,37,208,7,252,322.9303031760592,2.163145272314576,6.405116068321781,4.388205560484603,335.88677007718013
05141-03 BRADLEY,141,83,501,11,595,785.3425052158663,19.207959115543503,2.3343338460208747,42.254300593846914,849.1390987712775
05141-21 WASHINGTON,141,67,383,9,459,642.3397128680534,1.8978905834215405,0.00013342721786510446,6.184838353821903,650.4225752325146
05143-Boston,143,37,118,1,156,293.17588414824263,0.0,23.373906271442046,42.74085336381229,359.29064378349693
05143-Brush Creek,143,393,916,40,1349,1377.5559642763271,0.0594751129297688,69.84381734742986,202.70373612433912,1650.1629928610257
05143-Cane Hill-1,143,128,352,12,492,1224.0475656006424,0.0,32.37283885506477,82.44887019905485,1338.869274654762
05143-Cane Hill-2,143,46,217,7,270,215.65415244501264,0.0,4.966847730515639,5.608698224534951,226.22969840006323
05143-Center-1,143,228,549,24,801,1176.4355238604478,10.6681296420359,90.71637347648141,22.435430555848402,1300.2554575348136
05143-Center-2,143,27,44,1,72,238.0191087743265,0.0005480932367231819,3.6513223159153996,5.649581595046477,247.3205607785251
05143-Center-3,143,0,5,0,5,44.712847306724136,0.0,0.5570537455156661,1.1141074910313322,46.384008543271136
05143-Center-4,143,9,15,0,24,35.868546499268476,6.943814060388825e-05,3.644990011915587,0.5832486498700582,40.09685459919473
05143-Center-5,143,39,41,4,84,355.36940481438415,5.4964643405992755,0.01026827415563955,43.596643014621414,404.4727804437605
05143-Cove Creek-1,143,105,275,8,388,889.3701130818691,0.0,28.37735857362835,54.475786787233716,972.2232584427313
05143-Cove Creek-3,143,7,11,1,19,14.44927364152732,0.0,0.0007093797272532772,0.49708001206030306,14.947063033314878
05143-Crawford,143,139,308,8,455,695.9050088750513,0.0,47.0485291417619,13.029543370652174,755.9830813874653
05143-Durham,143,111,273,18,402,621.7096162286861,0.0,12.751617706611992,26.14599706207735,660.6072309973754
05143-Dutch Mills,143,22,131,0,153,169.48578720170948,0.0,12.552562898330514,61.454635714129275,243.4929858141693
05143-Elkins-1,143,532,911,54,1497,1592.3551561549002,7.237474159340211,197.29154327511856,63.777114068372946,1860.6612876577321
05143-Elkins-2,143,53,108,6,167,129.3171379757164,0.504313830291505,13.742551875443512,5.298463635029606,148.86246731648103
05143-Elm Springs City-1,143,158,466,13,637,868.7627597316732,0.0001745086227395231,58.22749426817451,63.85737511888216,990.8478036273526
05143-Elm Springs City-2,143,132,447,18,597,804.4023666169039,0.011426768902870655,35.32593540427633,48.88465948924373,888.6243882793268
05143-Elm Springs Twp,143,42,198,5,245,684.3106153090755,6.27962666613312,53.43817528111366,63.777006034532306,807.8054232908546
05143-Farmington-1,143,418,563,40,1021,866.7619070049523,25.516408989789532,143.5379586982563,17.515061238741925,1053.33133593174
05143-Farmington-2,143,596,1052,46,1694,2171.136704414304,51.96959902640075,42.595337812115076,96.97087070738462,2362.6725119602047
05143-Farmington-3,143,272,528,20,820,643.0520651355336,65.31505834731324,0.8292153532793903,25.326268437911764,734.5226072740379
05143-Farmington-4,143,235,361,19,615,655.4398713240108,5.359404914482044,52.449999854834815,12.210721033203358,725.4599971265311
05143-Farmington-5,143,19,24,4,47,95.61862508360898,1.5013247507997325,5.665079855049675,1.9926185535252317,104.77764824298362
05143-Farmington-6,143,19,96,8,123,62.00600128348,3.9525046871623033,1.356844579437532,2.9386465850074757,70.2539971350873
05143-Fay 01,143,345,241,21,607,1662.923229238511,152.7010151747767,386.42559980998385,86.09892934872857,2288.148773572
05143-Fay 02,143,235,87,13,335,571.1159817062763,25.118478244820768,45.06749482015662,49.97318061035538,691.2751353816091
05143-Fay 03,143,691,333,48,1072,2145.2335574268327,106.28583484341422,118.36790192005407,217.46430962609384,2587.351603816395
05143-Fay 04,143,367,147,25,539,3600.4347362230133,373.76167747416076,194.3503465230191,542.6039119911788,4711.150672211373
05143-Fay 05,143,728,241,25,994,1679.378871994846,113.51590836700105,115.55990803144414,101.49654320360159,2009.9512315968925
05143-Fay 06,143,1023,510,47,1580,2434.1257658746154,0.05213787361631575,42.46305596007324,50.06431612861338,2526.705275836918
05143-Fay 07,143,585,155,25,765,832.1166191665683,0.001790507631176828,111.00358392180806,141.47175792651439,1084.5937515225219
05143-Fay 08,143,1015,317,49,1381,2410.295914025693,35.78004945724015,191.4412347704897,129.48157298316553,2766.9987712365887
05143-Fay 09a,143,294,112,22,428,1839.7184076172925,188.754803942997,176.01863640947974,74.24675371910881,2278.7386016888777
05143-Fay 09b,143,647,273,38,958,695.8400458666737,172.1530963329462,71.50188574797481,29.787018920721085,969.2820468683158
05143-Fay 10,143,339,187,20,546,1056.217400274989,119.25908639360284,77.03840219073639,31.10980434325634,1283.6246932025845
05143-Fay 11,143,704,653,51,1408,390.81625312483453,3.554533643866677,11.271458780620703,12.69254420158957,418.33478975091145
05143-Fay 12,143,771,518,55,1344,892.5981469946774,15.68771663084898,111.01689910733639,54.11339492051338,1073.4161576533763
05143-Fay 13,143,547,151,31,729,1984.9867454893808,328.17422930894696,196.38125726944185,278.85231349789285,2788.3945455656626
05143-Fay 14,143,231,61,9,301,498.978937498309,26.90363358333963,22.167114674554455,35.33738993664688,583.3870756928499
05143-Fay 15,143,244,162,8,414,1080.7778737450476,154.11190663681452,167.62933421127124,121.06259018343398,1523.5817047765672
05143-Fay 16,143,36,44,2,82,333.45101289201824,12.23862788533262,5.329040493188565,14.27626023533223,365.2949415058717
05143-Fay 17,143,721,353,35,1109,1549.51144722089,0.006861120517453169,116.77250776874521,143.2351632726061,1809.5259793827586
05143-Fay 18,143,346,144,28,518,377.5671901838318,45.177107844964524,12.591663051798257,33.74494227507877,469.08090335567334
05143-Fay 19,143,943,443,46,1432,1414.7499195524272,49.30069276860967,101.61882628606212,87.54492165920045,1653.2143602662995
05143-Fay 20,143,981,732,59,1772,2588.0376314960336,82.66704414280352,333.59315643194384,227.8640976278906,3232.161929698672
05143-Fay 21,143,186,93,12,291,496.8592360607352,43.07895258420264,22.253850921879952,8.961161538063156,571.153201104881
05143-Fay 22,143,700,353,39,1092,2368.4560551304808,228.67174950975235,334.59976264281323,107.98951639645394,3039.7170836795003
05143-Fay 23,143,579,330,45,954,2206.378329234029,139.84010410069308,56.63642210268672,146.5645184000864,2549.419373837495
05143-Fay 24,143,222,38,11,271,904.8971252694628,35.6314437148395,45.59132513792983,27.374760407498915,1013.494654529731
05143-Fay 25,143,571,82,21,674,1041.0429701204453,0.7953809030528617,32.625527275732146,1.7180154324127697,1076.1818937316432
05143-Fay 26,143,624,427,40,1091,2049.93539411431,37.55773060882893,154.35818587543312,138.04859357125022,2379.899904169822
05143-Fay 27,143,566,407,30,1003,794.4050663298191,9.2836050466831,4.215841616499042,70.49662236009533,878.4011353530965
05143-Fay 28,143,626,454,38,1118,755.058123254515,42.31716548095201,18.2999310016793,16.211750306992887,831.8869700441392
05143-Fay 29,143,475,271,28,774,678.9190788769032,0.00605100272555231,140.8648535861217,4.354956812744261,824.1449402784948
05143-Fay 30,143,720,586,42,1348,2097.0534917305513,50.80771540826373,215.46813226642368,81.76565183564624,2445.094991240885
05143-Fay 31,143,524,403,36,963,1095.772576231102,6.278360578673035,60.45592563100656,122.55526437352357,1285.0621268143052
05143-Fay 32,143,499,467,33,999,1150.3388279514668,27.36249630769211,129.02171043320047,210.45224701295555,1517.175281705315
05143-Fay 33,143,100,126,7,233,121.40643043999107,0.7822947816597444,3.275522980913264,9.318495557852748,134.78274376041682
05143-Fay 34,143,403,107,26,536,1095.417126701528,145.88815169120642,119.90377930513316,156.02261895179532,1517.2316766496629
05143-Fay 35,143,384,261,16,661,1283.1074010010063,46.00203521508848,127.51934647082197,34.2270654943265,1490.8558481812433
05143-Fay 36,143,320,121,17,458,1981.1578685745233,63.21704866894848,135.72613789405165,116.1133781123685,2296.214433249892
05143-Fay 37,143,80,36,4,120,53.687384204394405,3.9757989353044176,4.003996090873953,2.6505326235362783,64.31771185410905
05143-Fay 38,143,209,106,7,322,359.4881584999048,23.606159347032165,25.711758863797304,17.545739734690198,426.3518164454245
05143-Fay 39,143,140,135,13,288,118.8157862625449,0.5347245106325154,5.24030020419865,0.6416694127590183,125.2324803901351
05143-Fay 40,143,1015,761,67,1843,1981.1112408431156,148.48613355788484,115.17418699731846,156.36490848587317,2401.136469884192
05143-Fay 41,143,55,69,6,130,44.01527610514878,3.2567526709677996,3.283005327185031,2.176342817024252,52.731376920325864
05143-Fay 42,143,229,87,16,332,766.2636360450949,17.3183502256875,33.97731274052858,36.98243779180807,854.541736803119
05143-Fay 43,143,28,52,1,81,61.69671761548458,0.6207041370120047,7.152254757763611,1.9262918620907228,71.39596837235092
05143-Fay 44,143,177,72,8,257,439.6915646183397,0.001154485751495374,18.18530446803236,49.681846822441294,507.5598703945648
05143-Fay 45,143,14,23,0,37,14.394068634598067,0.06477978683437474,0.6348419109768725,0.07773574420124968,15.171426076610564
05143-Fay 46,143,117,256,9,382,258.72850633023234,7.472619096742871,6.120581341015964,6.387064448642732,278.7087712166339
05143-Fay 48,143,0,1,0,1,2.4501139905083607,0.07077535161657554,0.05790710586810727,0.060480755017800925,2.6392772030108445
05143-Fay 49,143,223,142,17,382,375.43214625440106,56.402954601625574,57.29883494209423,14.85195047729839,503.9858862754193
05143-Fay 50,143,224,67,8,299,282.55617266122294,33.805300871903874,9.425392116946954,25.254519654873903,351.04138530494765
05143-Fay 51,143,6,14,0,20,115.4776300332779,2.693994534416262,0.0005339818663638046,17.51107511859693,135.68323366815747
05143-Fay 52,143,3,0,0,3,38.08681550508198,0.0,0.47603318565343955,0.9483800289940387,39.51122871972945
05143-Fay 53,143,43,87,5,135,24.017556007549384,0.6937428043395102,0.5674647143102359,0.5938216994661882,25.87258522566532
05143-Fay 55,143,38,22,3,63,40.05629485390469,0.8894833154938628,1.4139138398678557,1.9046155014994937,44.2643075107659
05143-Fay 56,143,369,363,32,764,421.0411371508365,19.487272425123074,10.737884805680062,6.039203091333047,457.30549747297266
05143-Fay 57,143,7,3,1,11,54.76636767240582,4.5967394456312425,2.352613665943243,1.0882334914059328,62.80395427538623
05143-Fay 58,143,298,183,18,499,277.9210822788263,1.5394775023781624,15.026266121488016,30.41611669478727,324.90294259747975
05143-Fay 59,143,150,124,7,281,770.461131327191,0.7140707144218665,66.0419711715372,106.881820137934,944.0989933510839
05143-Fay 60,143,0,2,0,2,2.717780917776119,0.0,0.23300124263787753,0.37756405741320304,3.3283462178271996
05143-Fay 63,143,50,46,1,97,1466.8095405138986,285.75350361591273,89.66849482800666,272.2344924646874,2114.4660314225052
05143-Fay 64,143,24,9,2,35,549.1004212971487,5.588312212641367,24.776758817771917,25.740821688529877,605.2063140160918
05143-Fay 65,143,21,6,0,27,27.600633055084845,3.156198412366762,1.739129737426583,0.0,32.49596120487819
05143-Fay 66,143,4,0,0,4,39.184135006884524,0.0,0.0,1.7455298236553782,40.929664830539906
05143-Goshen City-1,143,450,936,38,1424,1172.9987462736826,14.47072241251215,57.817975009456674,59.04824519503674,1304.3356888906883
05143-Goshen City-2,143,0,2,0,2,0.19665905134761014,0.0,0.006041752729573276,0.016463776188087177,0.21916458026527058
05143-Goshen Twp-1,143,68,199,8,275,391.7407717492267,0.311266529681333,7.678869295371957,24.694365820806908,424.42527339508695
05143-Goshen Twp-2,143,85,155,5,245,394.63108647720117,0.0011220421527244693,12.125956590182033,33.0355939968895,439.7937591064255
05143-Greenland City-1,143,275,413,22,710,392.63966894254503,8.537873064833724,10.036025169517707,17.0588731408712,428.27244031776763
05143-Greenland City-2,143,34,32,3,69,68.03109818655045,0.0,1.3831690698659427,1.9489553669805169,71.36322262339692
05143-Greenland Twp-1,143,104,209,14,327,1045.863178124754,56.82057323622113,44.457942055852115,62.62789038894809,1209.7695838057753
05143-Greenland Twp-2,143,82,117,8,207,449.29518505651083,0.0,11.116834993524812,13.964809203785123,474.3768292538207
05143-Greenland Twp-3,143,34,24,1,59,59.947916125642536,10.39853086729035,7.568331462670681,4.4652968416961425,82.38007529729971
05143-Harmon-1,143,188,553,23,764,1273.436359537687,28.615183857137446,72.13136529220004,175.12084153351552,1549.30375022054
05143-Harmon-2,143,7,24,1,32,145.95800939229858,1.4052390395608363,6.625363674856509,26.09881491465026,180.0874270213662
05143-Harmon-3,143,22,36,1,59,63.42245646262359,0.2698534144503941,1.269038115780144,5.941730087875433,70.90307808072956
05143-Harmon-4,143,7,20,1,28,67.62346297335287,1.6920351039884687,4.079339666330332,9.84389622927679,83.23873397294847
05143-Harmon-5,143,22,19,1,42,64.12915823246904,0.0,1.3040618300860929,1.841028466003896,67.27424852855903
05143-Harmon-6,143,1,0,0,1,8.556716571641763,0.08238929298692207,0.3884066669383469,1.5300868697571242,10.557599401324156
05143-Illinois,143,52,331,5,388,602.4428308914444,0.0,21.3971916791943,60.31588666359697,684.1559092342357
05143-Johnson City-1,143,392,463,29,884,499.5782016251826,39.26148226347139,53.61799341434735,57.16449498819279,649.6221722911941
05143-Johnson City-2,143,83,170,4,257,439.62943545503776,28.74562607384245,42.1561906717595,21.98129380477386,532.5125460054136
05143-Johnson City-3,143,219,163,14,396,1308.7036265196466,77.67215270835784,97.41071244617397,96.53502229399392,1580.3215139681722
05143-Johnson City-4,143,2,7,0,9,61.50782372802725,0.0038156246192834935,3.8577651480988426,2.9618056404500814,68.33121014119546
05143-Johnson Twp-1,143,89,81,4,174,600.068100089685,15.166207776197387,24.838843763308514,42.70711238774229,682.7802640169333
05143-Johnson Twp-2,143,5,1,0,6,20.337365623948322,0.7641467452257455,3.3238896298021845,1.056106977638218,25.481508976614467
05143-Johnson Twp-3,143,23,43,1,67,25.458044418048647,0.009603818314341454,0.5288611351558268,0.7911157609408372,26.787625132459652
05143-Johnson Twp-4,143,4,8,0,12,36.62815516588327,0.22527660502807062,0.9556207439895086,1.751242393547674,39.560294908448526
05143-Lees Creek,143,126,184,9,319,846.2106529675675,0.0,39.93201885118135,36.45539282053198,922.598064639281
05143-Lincoln,143,235,569,20,824,759.6004841137114,0.0,85.82983555211591,59.41318364694561,904.843503312773
05143-Litteral-1,143,36,73,3,112,356.6756055071821,7.879119727135954,20.239831292576135,9.788707845305755,394.5832643721999
05143-Litteral-2,143,1,7,0,8,2.2398577099549684,0.02156671797755815,0.10167167046563129,0.4005247624403657,2.7636208608385235
05143-Litteral-3,143,310,538,38,886,1501.580375843976,12.322692228173642,93.70503741279637,91.5797267217516,1699.1878322066977
05143-Litteral-4,143,14,2,0,16,33.82574493443387,0.5635520060269712,0.0,3.923005357185935,38.31230229764678
05143-Marrs Hill-1,143,128,322,12,462,463.06517878057184,7.126700637269417,18.9397035851342,56.30395274731692,545.4355357502924
05143-Marrs Hill-2,143,41,120,5,166,621.1816709489487,12.605313968708767,28.809623549605956,15.283472546967143,677.8800810142307
05143-Morrow-1,143,45,140,4,189,132.31238253062048,0.0,10.10457570623219,36.294282933547855,178.71124117040054
05143-Morrow-2,143,0,1,0,1,1.0811446318590383,0.0,0.08619604126438803,0.1576156183120238,1.3249562914354502
05143-Prairie Gr City-1,143,470,1155,47,1672,1685.811700761415,0.0,17.275572282334213,203.3642093933006,1906.45148243705
05143-Prairie Gr City-2,143,412,1016,42,1470,1024.7978115359208,0.0,49.02364733825256,92.47464802086243,1166.2961068950358
05143-Prairie Gr City-3,143,39,122,1,162,99.90344938436944,0.0,5.6352657714584105,6.096349956061486,111.63506511188935
05143-Prairie Gr City-4,143,171,294,9,474,375.6471216884445,1.571273404797005,31.393634874986038,11.643087421333608,420.2551173895611
05143-Prairie Gr City-5,143,0,2,0,2,2.0469773932409017,0.0,0.049206187337521676,0.05248659982668979,2.148670180405113
05143-Prairie Gr Twp-1,143,20,124,4,148,697.1151034071087,0.000766768848335126,8.425311799901738,85.44892665415449,790.9901086300133
05143-Prairie Gr Twp-2,143,107,269,15,391,754.8012557892263,0.0,34.27540078980273,37.43415515142479,826.5108117304537
05143-Prairie Gr Twp-3,143,83,166,7,256,948.7434853622743,0.016259086200373123,44.131884415295794,50.06881406202617,1042.9604429257965
05143-Prairie Twp 1,143,650,873,51,1574,1859.0490376417165,55.93104682133142,85.21554712395208,66.84433267466164,2067.0399642616617
05143-Prairie Twp 2,143,182,272,12,466,1709.515420551158,67.33650403576371,43.41607410625405,46.024244279483035,1866.2922429726589
05143-Prairie Twp 3,143,11,6,0,17,103.03596288415939,0.0,2.8735129091199827,1.9156752727466553,107.82515106602602
05143-Prairie Twp 4,143,39,61,5,105,269.90881264627114,2.6946060146648696,8.623634396112912,24.656908774209903,305.88396183125883
05143-Prairie Twp 5,143,175,214,15,404,1610.422882725346,30.260049924634888,171.3789319183648,90.1491589924519,1902.2110235607975
05143-Prairie Twp 6,143,3,3,0,6,16.8547152988339,0.2867786096553126,2.158168075473589,1.0423627325701275,20.34202471653293
05143-Prairie Twp 7,143,9,8,0,17,17.990496079194163,0.006973861272489654,0.005087488961078518,0.43552384523521326,18.43808127466294
05143-Prairie Twp 8,143,147,282,12,441,996.4530377742349,5.037866646981469,42.97571613858436,19.4580864316518,1063.9247069914525
05143-Reed-1,143,40,139,4,183,411.66152546459483,0.0,5.534241784589929,8.46111183355048,425.6568790827352
05143-Reed-2,143,6,35,0,41,231.0265390097813,0.0,0.6178114598181302,5.0962638565792915,236.74061432617873
05143-Rheas Mill,143,48,250,5,303,468.73102870933906,0.6159129546393154,14.29858457244807,45.65060844812557,529.296134684552
05143-Richland-1,143,5,7,1,13,67.09057343252135,0.0,0.0,3.1024542627755536,70.1930276952969
05143-Richland-2,143,17,38,0,55,91.04532329864475,0.05206409503560474,0.0417188755747694,4.218490246505296,95.35759651576042
05143-Richland-3,143,118,395,14,527,691.151524239894,0.0,20.33665508363791,46.26238768944294,757.7505670129748
05143-Spg 01,143,74,90,6,170,351.7902277017883,23.868917455441522,209.97826566751456,61.8468347503747,647.4842455751191
05143-Spg 02,143,204,194,17,415,741.536156615405,229.82025046592628,669.9985304973102,304.7937323922974,1946.1486699709387
05143-Spg 03,143,517,443,35,995,1298.5879596076672,0.053008704439190854,1137.2666426348574,198.8314469619674,2634.739057908931
05143-Spg 04,143,428,706,25,1159,1881.9458661850263,63.07783203834824,537.8917140708122,218.6962919031415,2701.611704197328
05143-Spg 05,143,152,234,18,404,592.8192266062055,6.551489048641137,255.84109263079677,82.00883065665647,937.2206389422998
05143-Spg 06,143,306,317,27,650,874.347795351141,17.981205601005456,640.6991414593474,70.25795980016734,1603.2861022116613
05143-Spg 07,143,203,368,16,587,235.4561957647343,3.5796095438001725,56.713587105867624,47.10145096757276,342.8508433819749
05143-Spg 08,143,171,281,20,472,438.84903936863054,13.808119473335498,78.67654722468485,23.03094540360395,554.3646514702549
05143-Spg 09,143,295,222,20,537,540.2846008869357,43.67248229452458,663.9230193898492,105.81744984809019,1353.6975524193997
05143-Spg 10,143,147,200,19,366,283.87637372367413,4.3947070803817585e-06,17.801103542724253,13.669322407453677,315.3468040685591
05143-Spg 11,143,395,563,28,986,1136.7365029938794,15.700403383033098,90.8628761907026,57.940524577717284,1301.2403071453323
05143-Spg 12,143,701,935,52,1688,1801.7611941540927,114.35583434944982,526.0907891254571,375.23344048063086,2817.4412581096303
05143-Spg 13,143,443,327,24,794,748.1949181433317,118.94229931212935,606.1355529290498,200.14281001790147,1673.4155804024126
05143-Spg 14,143,452,616,31,1099,1373.4320728890666,0.501288777063128,491.88294401233577,174.78858020104246,2040.6048858795082
05143-Spg 15,143,442,457,39,938,753.4809601541273,72.15712239756905,1064.165433900449,506.07470239665406,2395.8782188487994
05143-Spg 16,143,177,223,16,416,685.1981765261686,0.0,419.98963830838085,157.60802571305823,1262.7958405476077
05143-Spg 17,143,429,544,25,998,1149.970415272637,21.876305395574324,325.6515792166376,87.52978066316038,1585.0280805480093
05143-Spg 18,143,401,469,23,893,1383.2229123401912,0.4499158347146473,299.03876507212755,50.13161211270846,1732.843205359742
05143-Spg 19,143,165,212,15,392,552.9233812703168,31.945250857681,60.24078752482443,53.4947248315033,698.6041444843255
05143-Spg 20,143,40,32,2,74,43.98644082630808,0.0,5.253504240032555,5.875220718142917,55.11516578448355
05143-Spg 21,143,74,95,7,176,89.55629601781017,0.002803962846036568,3.9239267805256337,5.428985294217689,98.91201205539953
05143-Spg 22,143,45,105,3,153,235.4115919822738,0.012346046047444903,28.074070049860815,31.36323507035814,294.86124314854015
05143-Spg 23,143,4,6,0,10,89.91240080813554,0.8239395263059386,7.312463295965205,1.3903979506412714,99.43920158104797
05143-Spg 24,143,92,49,5,146,126.46070699173447,26.205533461425443,188.44271364440104,47.829224141675624,388.9381782392366
05143-Spg 25,143,137,251,14,402,393.4516081725776,1.5508593990626491,74.44619754263456,8.156917769844592,477.60558288411937
05143-Spg 26,143,168,451,28,647,934.8765831924959,0.008601510336865657,104.9957002944899,118.42447983639474,1158.3053648337175
05143-Spg 27,143,119,278,10,407,552.6838413901023,5.812802679586979,99.44632812762973,86.70699668075325,744.6499688780723
05143-Spg 28,143,107,185,3,295,307.8006445623352,14.38836668306904,108.068485279499,57.027387137844016,487.2848836627473
05143-Spg 29,143,233,182,17,432,698.6076440462824,34.957289307914756,335.6238221014048,32.991834110310165,1102.1805895659122
05143-Spg 30,143,14,28,2,44,53.9261524367623,0.009738812874180137,201.41752343602033,19.35560486935841,274.70901955501523
05143-Spg 31,143,161,163,16,340,533.3650434789074,19.013242068856147,235.7089811158577,54.22189237238624,842.3091590360075
05143-Spg 32,143,37,20,4,61,31.555887898358353,0.36744540433609385,12.719372286479192,9.059552806197273,53.70225839537091
05143-Spg 33,143,49,48,2,99,172.65039375583885,2.8328649167820616,44.28673071788181,36.39067167248888,256.1606610629916
05143-Spg 34,143,44,37,4,85,85.65049502470907,0.9564972161783094,37.07551587174258,11.837835457287376,135.52034356991734
05143-Spg 35,143,173,281,12,466,790.2893219513594,0.001708288867940169,183.35995325962756,119.78612459217054,1093.4371080920255
05143-Spg 36,143,70,90,4,164,209.13722709179515,3.1969301308114924,67.18986176654344,5.127292764534735,284.6513117536848
05143-Spg 37,143,48,76,1,125,34.028311135438315,0.05013185136504641,10.790432467762988,2.8455965048397562,47.714471959406104
05143-Spg 38,143,0,4,0,4,0.18265120953767258,0.0,0.0,0.006395350474008144,0.18904656001168074
05143-Spg 39,143,178,175,18,371,159.02473377341988,0.4790814825221795,59.22475864244073,6.329726955316323,225.05830085369914
05143-Spg 40,143,164,157,11,332,344.42330051770057,42.39174597652665,220.7796852271973,72.01884393380864,679.6135756552331
05143-Spg 41,143,96,86,8,190,167.3433375871454,1.1795506107010623,13.614105877151944,3.764110408981809,185.9011044839802
05143-Spg Twp-1,143,125,338,12,475,1041.5517191163087,2.846231623426942,162.9681825863734,48.08985194946154,1255.4559852755706
05143-Spg Twp-2,143,209,510,12,731,1318.9182601192442,7.223652056078109,150.36338994889235,42.06096529093465,1518.5662674151495
05143-Spg Twp-3,143,2,8,0,10,68.47725717862849,0.6275120932749461,5.569169827815147,1.0589266574014715,75.73286575712005
05143-Starr Hill,143,124,536,14,674,1365.1839057305972,0.0,52.705931219457966,169.62987505597474,1587.51971200603
05143-Tontitown City-1,143,343,778,29,1150,667.3336198579412,0.5607847328265475,62.30149512676246,53.34888139747356,783.5447811150037
05143-Tontitown City-2,143,192,426,21,639,1511.1612207831017,3.1402762592837705,35.78257025080717,57.97663499992335,1608.0607022931163
05143-Tontitown City-3,143,10,51,4,65,51.64432738038619,1.309137288738397,3.1448346718048086,7.597097703622922,63.69539704455231
05143-Tontitown City-4,143,3,0,0,3,12.326478732734785,2.23559192916916,5.478322277584273,3.2848357485372137,23.32522868802543
05143-Tontitown City-6,143,464,1150,47,1661,574.0834213827303,13.071146614723306,36.853102835370926,58.90824908884206,682.9159199216667
05143-Tontitown Twp,143,11,20,1,32,54.20147435067359,1.3777700648366444,3.3066481556079466,7.991066376052538,66.87695894717072
05143-Valley-1,143,114,324,13,451,623.5371296236972,0.0,0.05465467178868838,21.456815950195853,645.0486002456818
05143-Valley-2,143,3,13,0,16,19.284365311839323,0.0,1.0279094871021037,0.7533754093099915,21.06565020825142
05143-Valley-3,143,63,172,11,246,879.8998661854209,0.0,45.534071336694645,44.660022264192314,970.0939597863079
05143-Vineyard,143,18,104,1,123,209.78872198606234,0.0,16.725679425175095,30.58408850418925,257.09848991542674
05143-War Eagle,143,20,62,4,86,73.5092204872792,0.0,1.8206535046800054,7.385182319875825,82.71505631183503
05143-Wedington,143,46,163,5,214,400.51818030061713,0.9980576140513053,16.26858156187185,35.156657924894326,452.94147740143467
05143-West Fork City-1,143,321,556,33,910,220.38463679430708,3.977881954270757,7.696970528184384,11.708015986224659,243.7675052629869
05143-West Fork City-2,143,54,138,8,200,159.63321590741373,4.926189586706422,4.409236908887012,9.5966244673466,178.56526687035378
05143-West Fork City-3,143,13,3,1,17,24.978723669474533,0.9534739378598768,0.7496617086966421,1.4833985921552097,28.165257908186263
05143-West Fork Twp-1,143,144,269,8,421,912.7300022840561,5.913740544987931,30.621208906569414,46.037144530843875,995.3020962664573
05143-West Fork Twp-2,143,89,141,9,239,798.5216651033958,11.804224245053437,24.679804564277283,44.3762162677398,879.3819101804663
05143-West Fork Twp-3,143,21,32,1,54,60.25356639763862,1.4651438082419768,5.138735887857478,1.2241697297139091,68.08161582345198
05143-Wheeler-1,143,155,275,15,445,867.9154692230941,0.0012543944701863094,1.5973175980607457,23.252929973840672,892.7669711894657
05143-Wheeler-2,143,77,126,6,209,670.8917137063897,1.0128337618631544,11.934097299426778,25.39459428053209,709.2332390482118
05143-Wheeler-3,143,12,28,0,40,49.68817469003644,0.00850810567486516,0.04010941856874192,1.4611159472140245,51.19790816149408
05143-Wheeler-5,143,33,55,7,95,212.95249083426205,1.2237212070647094,5.753651897282886,13.79212656535973,233.72199050396938
05143-White River-1,143,68,148,4,220,536.688632463181,39.57691808791786,49.36865333237078,22.002716662744334,647.6369205462139
05143-White River-2,143,22,63,0,85,158.97590998851686,0.0017299190140510354,0.4280570359530714,3.507423072248521,162.9131200157325
05143-White River-3,143,13,65,1,79,240.129365062241,0.04622863968263514,0.03372417157175842,11.111809038421855,251.32112691191728
05143-White River-4,143,0,3,0,3,0.18408992507408514,0.0,0.0004964862902936764,0.0040602107898186504,0.18864662215419745
05143-White River-5,143,14,51,2,67,172.48849647601222,4.206047537983776,6.613264662318288,7.092661447271251,190.40047012358554
05143-Winslow City,143,68,97,11,176,30.408089247097323,0.0,0.8185751068845005,1.1998851914900537,32.42654954547188
05143-Winslow Twp,143,129,324,14,467,830.0515054325842,0.0,19.191689126880938,26.89608321720044,876.1392777766657
05143-Wyman,143,125,256,17,398,495.729432368008,0.13023532355964304,8.55274159435922,32.44812683277128,536.8605361186982
05145-71 - Searcy Ward 2 B,145,85,230,8,323,608.4685148867527,101.17679642898202,0.8029615985311686,21.0428654251492,731.4911383394152
05145-29 - Garner City,145,11,65,4,80,16.326651241065818,0.0,1.0974282084206977,0.23103751756225216,17.65511696704877
05145-86 - Georgetown City,145,3,36,0,39,1.6627026249864931,0.0,0.028325428023619984,0.031157970825981984,1.722186023836095
05145-92 - Searcy Ward 1 E,145,82,248,4,334,83.9358504448297,17.0805981815394,8.191775768222831,0.8783745656979649,110.08659896028989
05145-18 - Cleveland,145,11,60,2,73,225.67293159999542,0.0,13.762261876010767,5.669241295060368,245.10443477106656
05145-96 - Higginson Ward 3,145,14,63,1,78,7.642869640574556,0.2955426209934406,0.9965972103267182,0.501735147267934,9.43674461916265
05145-40 - Jackson,145,17,155,4,176,672.9601955812204,0.0,4.753460274712195e-05,11.688926037853797,684.649169153677
05145-09 - Beebe Ward 3,145,180,506,23,709,1270.0420341532529,8.000000000000009,24.19570732344721,58.030105885339076,1360.2678473620392
05145-72 - Searcy Ward 2 C,145,326,1084,34,1444,1493.6116970686658,83.57599291038832,0.03262320309155265,46.60451883253718,1623.8248320146827
05145-68 - Searcy Ward 1 C,145,84,187,16,287,194.31121238311044,80.12913228576645,25.115378675875593,9.527590219112628,309.0833135638651
05145-07 - Beebe Ward 1,145,180,427,17,624,349.91923878094946,6.156567987641655,0.8811946913123199,12.042750352203495,368.9997518121069
05145-08 - Beebe Ward 2,145,110,366,15,491,669.6925437178058,0.0035035977370478874,1.8940581623509838,35.894220662474616,707.4843261403685
05145-80 - Searcy Ward 4 C,145,143,312,22,477,842.7877752694055,122.92517006910226,92.26960556935984,44.74746827135822,1102.730019179226
05145-48 - Kensett Ward 3,145,20,52,4,76,33.269171504077114,6.6473805333073575,2.77512002846812,3.9690670174602185,46.66073908331281
05145-74 - Searcy Ward 3 A,145,89,184,13,286,363.00145126683026,45.337650508591665,2.969416748397225,16.39114815593645,427.6996666797555
05145-66 - Searcy Ward 1 A,145,91,184,7,282,339.73397619602656,89.02056868473151,29.78620402038288,17.509662679119806,476.05041158026074
05145-79 - Searcy Ward 4 B,145,67,150,10,227,233.55551264858218,24.919843207797776,20.258946565279803,11.029102430107733,289.7634048517675
05145-03 - Bald Knob Ward 1,145,79,235,4,318,122.98048115911902,2.023039967636988,3.2090678716822527,11.359267806756911,139.57185680519518
05145-90 - Beebe Ward 3 C,145,190,765,17,972,1112.9447291741878,0.0,6.881967239720956,19.304919074155883,1139.1316154880647
05145-04 - Bald Knob Ward 2,145,38,140,2,180,98.47741037143604,6.307078122652861,10.052031557743993,8.115511503989076,122.95203155582196
05145-55 - McRae Ward 1,145,16,74,1,91,5.1042184767516074,0.0,0.3430901570458038,0.07222950674648501,5.519538140543896
05145-56 - McRae Ward 2,145,16,79,4,99,8.105675429096301,0.0,0.5448390323802939,0.11470295418532502,8.76521741566192
05145-33 - Griffithville City,145,11,49,5,65,3.1549736252235676,0.0,0.05374742121334868,0.05912216333468355,3.2678432097716
05145-57 - McRae TWP,145,39,200,5,244,385.4678096199798,0.0017045565307943723,21.258321852457367,8.394582076568947,415.12241810553695
05145-39 - Higginson  Ward 1,145,13,57,3,73,11.680652640130178,0.45167991324244394,1.5231066841896366,0.7668054341092653,14.422244671671523
05145-95 - Higginson Ward 2,145,10,52,1,63,13.711455650917674,0.530209166357428,1.7879146307401643,0.9001225382347035,16.92970198624997
05145-20 - Coldwell,145,19,198,3,220,448.8860753911101,0.0,28.030029251213293,12.390526606503267,489.30663124882665
05145-02 - Antioch,145,60,321,6,387,436.58233515097146,0.0,22.079928687647588,14.536976179476095,473.19924001809517
05145-16 - Chrisp,145,117,534,14,665,393.8229695005554,0.00024145887035028572,4.5488377736436965,20.20845247942503,418.5805012124945
05145-41 - Jefferson,145,45,278,5,328,622.5154656697372,0.0,8.241173398684365,16.698637574638177,647.4552766430598
05145-85 - West Point,145,4,31,0,35,10.944238128650644,3.2989808713157442,0.41891820588136436,0.28800626654343797,14.95014347239119
05145-22 - Cypert,145,8,77,1,86,780.7543650302674,7.132842605697496,22.349187994616585,17.868658846483278,828.1050544770649
05145-54 - Marshall,145,50,410,6,466,806.5579897695078,0.0,27.176953215597273,14.695855426685121,848.4307984117902
05145-15 - Cane,145,94,549,11,654,1174.7671621588381,0.0,6.16882267076668,47.95792913076316,1228.893913960368
05145-46 - Kensett Ward 1,145,47,47,2,96,20.0866055174183,5.635068077897756,0.9552870302312162,0.9126416987278443,27.589602324275113
05145-91 - Harrison East,145,41,241,3,285,575.8335109742449,2.1466289224909274,9.422956090219996,13.37497851848109,600.7780745054368
05145-19 - Coffey,145,86,518,15,619,1089.579085292843,0.0,18.68804895404037,30.9377242618203,1139.204858508704
05145-93 - Searcy Ward 3 E,145,177,525,19,721,779.917792356221,13.106576221092196,0.05039523511429599,5.096425027970897,798.1711888403983
05145-77 - Searcy Ward 3 D,145,81,99,3,183,454.16454228705175,152.70451904737473,86.03557594818072,9.068826537745046,701.9734638203522
05145-61 - Red River,145,21,88,1,110,335.5368473590163,64.28143891302352,13.271687276410843,9.15972184237867,422.24969539082934
05145-81 - Searcy Ward 2 E,145,205,706,34,945,530.1807577315057,0.014451042606449211,0.0027423293298763,19.85102260046989,550.0489737039119
05145-76 - Searcy Ward 3 C,145,121,320,10,451,843.0560777840461,188.04478430839342,36.45509616185978,45.297375825857664,1112.8533340801569
05145-47 - Kensett Ward 2,145,68,167,5,240,187.43198175735972,37.45003709215917,15.634481504493634,22.360944477357176,262.8774448313697
05145-75 - Searcy Ward 3 B,145,143,308,10,461,342.29825793560985,135.9605473091148,2.0715926971805385,50.973417356365815,531.3038152982709
05145-78 - Searcy Ward 4 A,145,73,199,12,284,2667.2011822437053,335.5761029953558,170.14922341958533,101.06996356708025,3273.9964722257264
05145-49 - Kensett TWP,145,27,138,6,171,782.7978698407012,154.0667270710653,62.87700210683111,69.47715277131971,1069.2187517899174
05145-50 - Kentucky,145,58,276,4,338,771.1600233111612,0.005775889736528567,33.84386633644264,5.721127190020674,810.7307927273611
05145-69 - Searcy Ward 1 D,145,237,865,40,1142,1796.8439306190157,144.73181663680518,78.23375562363091,129.15302348345165,2148.9625263629036
05145-30 - Gravel Hill,145,24,153,2,179,407.7904244089877,0.0,29.316863068430646,3.177332529904519,440.28462000732287
05145-45 - Judsonia Ward 3,145,25,117,4,146,181.92457837275245,1.985682869505212,8.49125997241477,0.6749595047931793,193.07648071946562
05145-36 - Harrison,145,129,1117,24,1270,3458.1155152920337,10.189467807533257,60.630185391293104,49.71000359793339,3578.6451720887935
05145-21 - Crosby,145,28,235,3,266,568.172783383131,0.0,3.0327145835002387,10.359477699625291,581.5649756662565
05145-05 - Bald knob Ward 3,145,44,265,7,316,17.900147772969625,0.001240341370622601,0.2937326829021435,0.3225754765286809,18.517696273771072
05145-24 - Des Arc,145,63,447,8,518,581.0381106365741,0.0,29.51930100025452,7.294115365359179,617.8515270021878
05145-42 - Joy,145,36,214,7,257,397.9572924707554,0.0,18.466142839569514,5.390862819210047,421.814298129535
05145-31 - Gray A,145,88,519,19,626,1637.6320590895934,250.4879410575002,152.1847637931409,55.191998690792666,2095.496762631027
05145-58 - Mt. Pisgah,145,9,63,1,73,383.0737905910083,0.0,1.8552964746410132,7.040938985575227,391.9700260512245
05145-62 - Rose Bud City,145,36,172,2,210,158.52074706269207,0.0,6.208890949823924,1.1641670530919856,165.89380506560795
05145-65 - Russell TWP,145,19,87,2,108,250.97213486707125,2.61819151281167,5.8702457661080425,7.626240633722751,267.08681277971374
05145-06 - Bald Knob TWP,145,42,251,4,297,883.958269214058,19.15373513931772,35.41732380182797,43.9085323482412,982.4378605034449
05145-14 - Cadron,145,17,165,3,185,318.62038161387346,0.0,0.29898521486853663,7.586380237449232,326.50574706619125
05145-51 - Letona,145,12,87,4,103,19.47109440276574,0.0,0.08124239667357054,0.4332927822590429,19.985629581698355
05145-64 - Russell City,145,17,40,1,58,4.370115884122646,0.014233739331888064,0.03416097439653136,0.08134967162388992,4.499860269474955
05145-53 - Marion,145,12,83,1,96,324.6381612403039,0.0,1.07489216782922,7.3428869359917055,333.05594034412485
05145-01 - Albion,145,19,115,7,141,446.4723366076073,0.0044401576634598774,1.8649270749663072,9.935068455510278,458.2767722957473
05145-87 - Bald Knob North,145,36,168,0,204,389.485218358764,10.792681702304236,18.604677624196746,34.86096103852198,453.7435387237869
05145-52 - Liberty,145,40,257,3,300,587.8462002813344,3.943820559883658,9.464129297671036,14.374085161918515,615.6282353008077
05145-17 - Clay,145,35,326,6,367,589.3791261507455,0.0024194223928277175,0.3459640408253443,10.64037534477055,600.3678849587342
05145-94 - Pangburn Ward 3,145,15,60,2,77,6.162096827848791,0.0,0.02571111332899357,0.13712593775463236,6.324933878932417
05145-11 - Bradford Ward 1,145,4,38,3,45,1.8836404933978141,0.030529019341941882,0.07326964642066053,0.0763225483548547,2.063761707515271
05145-60 - Pangburn Ward 2,145,14,41,2,57,11.930809633303143,0.0,0.04968264850438684,0.2653828807022292,12.24587516250976
05145-59 - Pangburn Ward 1,145,19,77,4,100,9.190400138293045,0.0,0.03803083651664826,0.20414547966853572,9.432576454478228
05145-13 - Bradford Ward 3,145,17,88,1,106,4.337084199716289,0.07029309886087988,0.1687034372661117,0.1757327471521997,4.7518134829954795
05145-12 - Bradford Ward 2,145,9,65,3,77,2.0970970753057285,0.0339886073793473,0.08157265771043352,0.08497151844836826,2.2976298588438775
05145-10 - Big Creek,145,53,388,2,443,793.4318715100319,7.038932765522859e-05,1.9872112481638984,16.109339041477938,811.5284921890014
05145-35 - Guthrie,145,33,363,3,399,377.6005095274113,0.0,8.630551006125094,19.840726379537077,406.0717869130734
05145-23 - Denmark,145,36,184,1,221,496.51448522531143,0.0,43.38642660824737,2.7455522262349827,542.6464640597937
05145-37 - Hartsell,145,25,245,2,272,543.441812698028,0.0,0.005729583853869411,39.92120182152403,583.3687441034059
05145-34 - Gum Springs,145,96,638,22,756,1435.1632312569047,62.15549440739105,19.388771051338193,15.165571571496425,1531.8730682871303
05145-32 - Gray B,145,286,1584,31,1901,3478.823463543056,11.580901340335329,38.230899712702275,68.8360403493237,3597.471304945417
05145-25 - Dogwood TWP,145,9,70,0,79,289.99292401634574,1.0778511271906466,8.100006032681543,6.741488682846685,305.9122698590646
05145-44 - Judsonia Ward 2,145,27,158,6,191,125.7769142799176,3.6846072718056506,5.8904765959672485,1.8625667127093846,137.2145648603999
05145-82 - Union,145,138,893,13,1044,4026.664354263599,49.8497822799053,79.1375374069624,119.81463529907754,4275.466309249544
05145-84 - Walker,145,4,78,2,84,529.1823065575234,19.932430966321235,67.83802863584987,34.06007019369878,651.0128363533933
05145-28 - Garner TWP,145,11,87,3,101,619.5854435183414,0.18385768706457625,33.324038876712535,14.388609575561,667.4819496576796
05145-63 - Royal,145,56,271,5,332,777.5503715748546,0.0,23.082205526951256,18.654791212576978,819.2873683143828
05145-83 - Velvet Ridge,145,48,336,5,389,394.23270712582075,0.0,12.647135555234502,4.069064736533269,410.94890741758854
05145-26 - El Paso,145,58,272,5,335,460.8857466781746,0.0,12.050408085216281,11.506616091137833,484.4427708545287
05145-27 - Francure,145,9,23,0,32,215.67672339999584,0.0011717757098529409,3.6741760826833665,4.041643011327942,223.39371426971698
05145-38 - Higginson TWP,145,33,148,2,183,493.5444387879257,37.26572309598292,55.2904619765984,35.59195364177771,621.6925775022847
05145-73 - Searcy Ward 2 D,145,160,441,20,621,820.8986513821404,114.45078191337059,23.79935389232615,28.714252641949926,987.8630398297872
05145-43 - Judsonia Ward 1,145,43,230,1,274,277.19595023779345,2.7774422865554973,13.640510225915774,0.9093673483943849,294.5232700986591
05147-Cotton Plant - 09,147,54,7,3,64,0.8371386976087856,2.245417873110717,0.0,0.0,3.0825565707195026
05147-Cotton Plant - 08,147,57,18,2,77,1.5635238196983594,1.404317604288293,0.0,0.0,2.9678414239866524
05147-Hunter - 11,147,1,32,0,33,1.6373419690818674,0.4312812179632891,0.0,0.0,2.0686231870451564
05147-Augusta - 02,147,147,127,11,285,187.90430075055326,339.8373434357881,17.40129385481087,18.23205454235974,563.374992583512
05147-Gregory - 06,147,8,23,0,31,117.95392606724162,87.47758233897929,0.000127753616510705,3.969992220072078,209.4016283799095
05147-Augusta - 01,147,133,108,10,251,35.38741731808077,60.0933368178376,3.0670520696032857,3.213102501740178,101.76090870726183
05147-Fakes Chapel - 20,147,2,18,1,21,83.2649910826217,15.586670979240974,0.0,2.845477624735919,101.6971396865986
05147-Howell - 12,147,9,46,0,55,174.27137754581753,14.076046355595267,0.0,11.696667531523532,200.0440914329363
05147-South Rural Augusta - 05,147,10,44,0,54,125.13706122730633,64.99648259208199,0.037021552260771154,2.7906754847861706,192.96124085643524
05147-McCrory - 18,147,30,153,1,184,60.165622718481636,17.808566847854024,0.0016706525700039762,4.453391546078301,82.42925176498396
05147-Morton - 14,147,10,86,2,98,56.944214533243525,14.998340833918132,0.0,0.0004073702462547563,71.94296273740791
05147-McCrory Rural - 15,147,20,121,4,145,1061.0513758474815,174.06436502535408,16.38941823336021,43.777475356564956,1295.2826344627606
05147-McCrory - 17,147,95,262,4,361,228.8763578922719,12.439919795675886,8.608908729743375,1.9151245376921118,251.84031095538327
05147-Patterson - 16,147,26,90,2,118,60.57784742103189,15.272456253653871,0.0,0.7903381358202621,76.64064181050604
05147-Augusta - 03,147,110,54,3,167,6.086545670290479,9.756113251772106,0.4539195383640381,0.5161654201864784,16.8127438806131
05147-North Rural Augusta - 04,147,14,86,1,101,558.4839980045834,50.68693430741139,0.043202458232726774,0.04603214214732146,609.260166912375
05147-Pumkin Bend - 19,147,19,145,1,165,189.7324406742496,16.064819133103967,2.3843263482303557e-06,12.462057830825504,218.25932002250545
05147-Cotton Plant/ Freeman - 07,147,5,16,0,21,196.4043629338887,236.22936560528785,0.0,0.30127547706309965,432.93500401623965
05147-Rural Hunter - 10,147,3,29,0,32,131.66173665984374,34.68184549249637,0.0,0.00016876570318519386,166.3437509180433
05147-Hilleman - 13,147,7,48,0,55,83.0505976971105,21.875535942174206,0.0,0.00017355486868649546,104.9263071941534
05149-05 - Crawford,149,4,18,1,23,87.28294488477948,1.6554445677637066,1.4189563982321733,8.514088856577118,98.87143470735249
05149-16 - Herring,149,3,81,0,84,151.37627555806523,0.48148009598001895,9.571454978791234,4.667629949766781,166.09684058260325
05149-12 - Ferguson,149,52,359,5,416,887.2147109739489,5.816691773764202,45.96170207402305,51.348135916120775,990.3412407378569
05149-09 - Dardanelle Ward 2,149,88,165,8,261,523.0692503044135,68.92078639918834,56.773804532956596,35.19920793574999,683.9630491723084
05149-17 - Lamar,149,38,300,8,346,988.6749831454171,7.539648562032224,147.64626875095496,6.387603155510323,1150.2485036139146
05149-02 - Briggsville,149,5,30,2,37,53.30589288043441,0.3713160980273292,1.5868334368441923,2.255597236728032,57.51963965203397
05149-01 - Bluffton,149,6,59,1,66,112.37475229938512,0.4171183957715584,3.756686272622703,3.0722229263211145,119.62077989410051
05149-15 - Gravelly,149,12,50,1,63,125.01843348425098,0.2754337792270747,4.391588474982033,2.550047858681135,132.23550359714122
05149-11 - Dutch Creek,149,11,26,1,38,276.6874297200927,1.641744436432113,23.63073185598809,13.459503142228886,315.41940915474186
05149-04 - Compton,149,4,30,1,35,72.46222819808044,0.25467129234216795,2.4385000799491277,1.915250002393132,77.07064957276486
05149-26 - Rover,149,18,108,0,126,74.49552697528082,0.27213782795755015,2.5005757677563905,2.017559654626358,79.28580022562113
05149-14 - Gilkey,149,12,61,1,74,266.0336528513365,13.623788425036059,269.65139413014583,1.608138445208029,550.9169738517263
05149-23 - Richland,149,6,101,2,109,181.61516631344762,1.6478893250848523,20.08958788839054,12.52219231474133,215.87483584166435
05149-28 - Ward,149,70,292,4,366,506.12624624435745,2.6215476816869945,36.218737701390054,7.094691904367889,552.0612235318023
05149-06 - Danville,149,138,339,10,487,490.9222024875497,8.506352570388568,143.04556966652177,19.248409055468674,661.7225337799287
05149-20 - Mason,149,11,112,3,126,502.57041303910785,0.0,13.120834084477654,3.190155808374036,518.8814029319597
05149-19 - Magazine 2,149,15,80,1,96,178.23734489360027,0.07268805271345594,0.7850309693053241,11.746098679213551,190.84116259483258
05149-22 - Prairie,149,40,272,4,316,361.82406482537715,0.8427724226621829,9.81309734688266,21.858021173488886,394.3379557684109
05149-13 - Galla Rock,149,12,81,4,97,323.46471265585495,0.0011246863581153331,13.412668702148792,12.273285764529636,349.1517918088916
05149-03 - Centerville,149,65,309,5,379,517.9049393503827,0.00022346175739396639,11.650502044135417,34.80339462381272,564.3590594800883
05149-25 - Riley,149,34,223,1,258,401.80775567013694,9.926978788819392,9.034530408591916,17.179408597868928,437.94867346541713
05149-08 - Dardanelle Ward 1,149,159,316,14,489,295.31719734053274,9.371107717239779,68.45673603610753,2.3824850128575705,375.5275261067376
05149-21 - Mountain,149,8,60,1,69,601.2821544853849,0.7714078852398634,82.7781308186761,19.28309189874036,704.1147850880412
05149-10 - Dardanelle Ward 3,149,59,93,5,157,242.266509229483,33.76264119435685,53.156669631576285,23.50142788377637,352.6872479391925
05149-18 - Magazine 1,149,79,354,7,440,763.775521309982,0.0,69.26507902463013,45.22974108325487,878.270341417867
05149-29 - Ions Creek,149,0,19,0,19,141.62723285116655,2.686699534416832,2.3031320365786723,13.816983800657676,160.43404822281974
05149-24 - Waveland,149,18,69,1,88,253.97878869074762,7.573110101337416,4.458375226584759,9.804387815310843,275.81466183398067
05149-07 - Dardanelle Outside,149,246,1140,26,1412,2373.7134580022635,47.94160549862918,713.9977616721608,138.13740494051368,3273.790230113567
